Date,Datetime,Close,Volume,Open,High,Low,Symbol,Type,IsMock
2025-04-16,2025-04-16 05:30:00,83656.49248858042,25084671427.622566,83656.49248858042,83656.49248858042,83656.49248858042,BTC-USD,crypto,
2025-04-17,2025-04-17 05:30:00,84105.77942167096,26948109141.803364,84105.77942167096,84105.77942167096,84105.77942167096,BTC-USD,crypto,
2025-04-18,2025-04-18 05:30:00,84930.90857600998,19323821375.14309,84930.90857600998,84930.90857600998,84930.90857600998,BTC-USD,crypto,
2025-04-19,2025-04-19 05:30:00,84433.75017215389,9550691272.782005,84433.75017215389,84433.75017215389,84433.75017215389,BTC-USD,crypto,
2025-04-20,2025-04-20 05:30:00,85126.66244301842,12635983530.804455,85126.66244301842,85126.66244301842,85126.66244301842,BTC-USD,crypto,
2025-04-21,2025-04-21 05:30:00,85073.16544858096,12625843856.313684,85073.16544858096,85073.16544858096,85073.16544858096,BTC-USD,crypto,
2025-04-22,2025-04-22 05:30:00,87452.04699068287,40070025414.28289,87452.04699068287,87452.04699068287,87452.04699068287,BTC-USD,crypto,
2025-04-23,2025-04-23 05:30:00,93576.16588573981,53841992235.36636,93576.16588573981,93576.16588573981,93576.16588573981,BTC-USD,crypto,
2025-04-24,2025-04-24 05:30:00,93605.45230873208,39901515879.65954,93605.45230873208,93605.45230873208,93605.45230873208,BTC-USD,crypto,
2025-04-25,2025-04-25 05:30:00,93872.81422867288,30031246761.093452,93872.81422867288,93872.81422867288,93872.81422867288,BTC-USD,crypto,
2025-04-26,2025-04-26 05:30:00,94773.11200643536,39336184715.04292,94773.11200643536,94773.11200643536,94773.11200643536,BTC-USD,crypto,
2025-04-27,2025-04-27 05:30:00,94644.06637120107,15445392739.787264,94644.06637120107,94644.06637120107,94644.06637120107,BTC-USD,crypto,
2025-04-28,2025-04-28 05:30:00,93809.33781968223,15926259371.057959,93809.33781968223,93809.33781968223,93809.33781968223,BTC-USD,crypto,
2025-04-29,2025-04-29 05:30:00,95030.60645474444,31913814736.53902,95030.60645474444,95030.60645474444,95030.60645474444,BTC-USD,crypto,
2025-04-30,2025-04-30 05:30:00,94256.35946318062,25882629766.278946,94256.35946318062,94256.35946318062,94256.35946318062,BTC-USD,crypto,
2025-05-01,2025-05-01 05:30:00,94235.75331048167,26541700309.366146,94235.75331048167,94235.75331048167,94235.75331048167,BTC-USD,crypto,
2025-05-02,2025-05-02 05:30:00,96426.94522273027,30207566405.468834,96426.94522273027,96426.94522273027,96426.94522273027,BTC-USD,crypto,
2025-05-03,2025-05-03 05:30:00,96855.5681343944,23276376191.483967,96855.5681343944,96855.5681343944,96855.5681343944,BTC-USD,crypto,
2025-05-04,2025-05-04 05:30:00,95922.86842404422,13797554863.642815,95922.86842404422,95922.86842404422,95922.86842404422,BTC-USD,crypto,
2025-05-05,2025-05-05 05:30:00,94326.62048529249,14903122945.616686,94326.62048529249,94326.62048529249,94326.62048529249,BTC-USD,crypto,
2025-05-06,2025-05-06 05:30:00,94758.8237105546,24086456278.203846,94758.8237105546,94758.8237105546,94758.8237105546,BTC-USD,crypto,
2025-05-07,2025-05-07 05:30:00,96854.53198815876,23348052607.071873,96854.53198815876,96854.53198815876,96854.53198815876,BTC-USD,crypto,
2025-05-08,2025-05-08 05:30:00,97026.49376966801,64376174032.08048,97026.49376966801,97026.49376966801,97026.49376966801,BTC-USD,crypto,
2025-05-09,2025-05-09 05:30:00,103076.27555512934,50020047720.65604,103076.27555512934,103076.27555512934,103076.27555512934,BTC-USD,crypto,
2025-05-10,2025-05-10 05:30:00,102962.54045692299,40800894903.23446,102962.54045692299,102962.54045692299,102962.54045692299,BTC-USD,crypto,
2025-05-11,2025-05-11 05:30:00,104630.8792994166,21558992540.042442,104630.8792994166,104630.8792994166,104630.8792994166,BTC-USD,crypto,
2025-05-12,2025-05-12 05:30:00,103994.061616746,27389436049.454792,103994.061616746,103994.061616746,103994.061616746,BTC-USD,crypto,
2025-05-13,2025-05-13 05:30:00,102876.8304286011,43090605819.36596,102876.8304286011,102876.8304286011,102876.8304286011,BTC-USD,crypto,
2025-05-14,2025-05-14 05:30:00,104184.49039270742,33861432519.50822,104184.49039270742,104184.49039270742,104184.49039270742,BTC-USD,crypto,
2025-05-15,2025-05-15 05:30:00,103594.42575090709,28398245846.798244,103594.42575090709,103594.42575090709,103594.42575090709,BTC-USD,crypto,
2025-05-16,2025-05-16 05:30:00,103708.85136423641,31823340473.339912,103708.85136423641,103708.85136423641,103708.85136423641,BTC-USD,crypto,
2025-05-17,2025-05-17 05:30:00,103556.03493982446,25887953182.14765,103556.03493982446,103556.03493982446,103556.03493982446,BTC-USD,crypto,
2025-05-18,2025-05-18 05:30:00,103212.36483885496,18950056010.479057,103212.36483885496,103212.36483885496,103212.36483885496,BTC-USD,crypto,
2025-05-19,2025-05-19 05:30:00,106030.6376831359,30744060179.802963,106030.6376831359,106030.6376831359,106030.6376831359,BTC-USD,crypto,
2025-05-20,2025-05-20 05:30:00,105629.41580436694,43339734153.75087,105629.41580436694,105629.41580436694,105629.41580436694,BTC-USD,crypto,
2025-05-21,2025-05-21 05:30:00,106786.71995834043,36393687094.25122,106786.71995834043,106786.71995834043,106786.71995834043,BTC-USD,crypto,
2025-05-22,2025-05-22 05:30:00,109665.86371625263,60722883113.84,109665.86371625263,109665.86371625263,109665.86371625263,BTC-USD,crypto,
2025-05-23,2025-05-23 05:30:00,111560.356938144,52218408239.45193,111560.356938144,111560.356938144,111560.356938144,BTC-USD,crypto,
2025-05-24,2025-05-24 05:30:00,107216.66856870624,49251745837.96465,107216.66856870624,107216.66856870624,107216.66856870624,BTC-USD,crypto,
2025-05-25,2025-05-25 05:30:00,107831.36374380375,27128230116.517162,107831.36374380375,107831.36374380375,107831.36374380375,BTC-USD,crypto,
2025-05-26,2025-05-26 05:30:00,108861.81037744327,29652659665.048733,108861.81037744327,108861.81037744327,108861.81037744327,BTC-USD,crypto,
2025-05-27,2025-05-27 05:30:00,109377.71513263129,27950577137.918888,109377.71513263129,109377.71513263129,109377.71513263129,BTC-USD,crypto,
2025-05-28,2025-05-28 05:30:00,109068.45694901445,38978783508.88622,109068.45694901445,109068.45694901445,109068.45694901445,BTC-USD,crypto,
2025-05-29,2025-05-29 05:30:00,107838.18431100152,29794278037.284946,107838.18431100152,107838.18431100152,107838.18431100152,BTC-USD,crypto,
2025-05-30,2025-05-30 05:30:00,105745.41660358038,38279231892.56757,105745.41660358038,105745.41660358038,105745.41660358038,BTC-USD,crypto,
2025-05-31,2025-05-31 05:30:00,104010.91956242644,39680060337.610214,104010.91956242644,104010.91956242644,104010.91956242644,BTC-USD,crypto,
2025-06-01,2025-06-01 05:30:00,104687.50742934884,20432694555.09522,104687.50742934884,104687.50742934884,104687.50742934884,BTC-USD,crypto,
2025-06-02,2025-06-02 05:30:00,105710.00593822816,17721500507.53389,105710.00593822816,105710.00593822816,105710.00593822816,BTC-USD,crypto,
2025-06-03,2025-06-03 05:30:00,105884.74263221149,26313843058.73954,105884.74263221149,105884.74263221149,105884.74263221149,BTC-USD,crypto,
2025-06-04,2025-06-04 05:30:00,105434.47745144971,25925661121.080395,105434.47745144971,105434.47745144971,105434.47745144971,BTC-USD,crypto,
2025-06-05,2025-06-05 05:30:00,104812.9182188067,25812143562.797962,104812.9182188067,104812.9182188067,104812.9182188067,BTC-USD,crypto,
2025-06-06,2025-06-06 05:30:00,101650.7387545425,39711941132.0234,101650.7387545425,101650.7387545425,101650.7387545425,BTC-USD,crypto,
2025-06-07,2025-06-07 05:30:00,104409.74967959142,29897390978.090103,104409.74967959142,104409.74967959142,104409.74967959142,BTC-USD,crypto,
2025-06-08,2025-06-08 05:30:00,105681.4546141758,17749731308.73042,105681.4546141758,105681.4546141758,105681.4546141758,BTC-USD,crypto,
2025-06-09,2025-06-09 05:30:00,105692.24740699006,16044679696.270103,105692.24740699006,105692.24740699006,105692.24740699006,BTC-USD,crypto,
2025-06-10,2025-06-10 05:30:00,110261.57485948496,38222993297.50514,110261.57485948496,110261.57485948496,110261.57485948496,BTC-USD,crypto,
2025-06-11,2025-06-11 05:30:00,110212.73252109604,36303839182.734825,110212.73252109604,110212.73252109604,110212.73252109604,BTC-USD,crypto,
2025-06-12,2025-06-12 05:30:00,108679.9760916168,30338936631.626648,108679.9760916168,108679.9760916168,108679.9760916168,BTC-USD,crypto,
2025-06-13,2025-06-13 05:30:00,105979.22902375912,35865159511.38857,105979.22902375912,105979.22902375912,105979.22902375912,BTC-USD,crypto,
2025-06-14,2025-06-14 05:30:00,106045.56440819203,49471015505.74361,106045.56440819203,106045.56440819203,106045.56440819203,BTC-USD,crypto,
2025-06-15,2025-06-15 05:30:00,105482.90611628917,17916412455.866283,105482.90611628917,105482.90611628917,105482.90611628917,BTC-USD,crypto,
2025-06-16,2025-06-16 05:30:00,105554.49383061715,16568441852.649668,105554.49383061715,105554.49383061715,105554.49383061715,BTC-USD,crypto,
2025-06-17,2025-06-17 05:30:00,106951.2720181497,32095957011.724205,106951.2720181497,106951.2720181497,106951.2720181497,BTC-USD,crypto,
2025-06-18,2025-06-18 05:30:00,104683.42479835715,38603212010.889435,104683.42479835715,104683.42479835715,104683.42479835715,BTC-USD,crypto,
2025-06-19,2025-06-19 05:30:00,104722.695052907,30339326410.154945,104722.695052907,104722.695052907,104722.695052907,BTC-USD,crypto,
2025-06-20,2025-06-20 05:30:00,104690.65002458123,18063282658.152298,104690.65002458123,104690.65002458123,104690.65002458123,BTC-USD,crypto,
2025-06-21,2025-06-21 05:30:00,103290.105144757,30632751225.407444,103290.105144757,103290.105144757,103290.105144757,BTC-USD,crypto,
2025-06-22,2025-06-22 05:30:00,101532.5683847329,21644463198.719532,101532.5683847329,101532.5683847329,101532.5683847329,BTC-USD,crypto,
2025-06-23,2025-06-23 05:30:00,100852.58264648831,51287142390.02526,100852.58264648831,100852.58264648831,100852.58264648831,BTC-USD,crypto,
2025-06-24,2025-06-24 05:30:00,105511.62437933135,50011797128.6837,105511.62437933135,105511.62437933135,105511.62437933135,BTC-USD,crypto,
2025-06-25,2025-06-25 05:30:00,105976.06929808448,31704641076.941063,105976.06929808448,105976.06929808448,105976.06929808448,BTC-USD,crypto,
2025-06-26,2025-06-26 05:30:00,107238.53045016268,30468274982.034847,107238.53045016268,107238.53045016268,107238.53045016268,BTC-USD,crypto,
2025-06-27,2025-06-27 05:30:00,106984.01253775663,24320699663.15122,106984.01253775663,106984.01253775663,106984.01253775663,BTC-USD,crypto,
2025-06-28,2025-06-28 05:30:00,107078.91560644074,25194306261.888832,107078.91560644074,107078.91560644074,107078.91560644074,BTC-USD,crypto,
2025-06-29,2025-06-29 05:30:00,107331.58548463577,8960877693.57604,107331.58548463577,107331.58548463577,107331.58548463577,BTC-USD,crypto,
2025-06-30,2025-06-30 05:30:00,108396.61631317894,14881078675.366829,108396.61631317894,108396.61631317894,108396.61631317894,BTC-USD,crypto,
2025-07-01,2025-07-01 05:30:00,107132.79910701896,22489515582.41552,107132.79910701896,107132.79910701896,107132.79910701896,BTC-USD,crypto,
2025-07-02,2025-07-02 05:30:00,105613.39974163055,25033160828.30909,105613.39974163055,105613.39974163055,105613.39974163055,BTC-USD,crypto,
2025-07-03,2025-07-03 05:30:00,108824.44423167943,36395184773.06136,108824.44423167943,108824.44423167943,108824.44423167943,BTC-USD,crypto,
2025-07-04,2025-07-04 05:30:00,109602.20483914016,29892049537.628605,109602.20483914016,109602.20483914016,109602.20483914016,BTC-USD,crypto,
2025-07-05,2025-07-05 05:30:00,108040.8919400104,24248906784.57383,108040.8919400104,108040.8919400104,108040.8919400104,BTC-USD,crypto,
2025-07-06,2025-07-06 05:30:00,108217.46849992426,10042942280.966904,108217.46849992426,108217.46849992426,108217.46849992426,BTC-USD,crypto,
2025-07-07,2025-07-07 05:30:00,109215.19771840284,14638669497.351297,109215.19771840284,109215.19771840284,109215.19771840284,BTC-USD,crypto,
2025-07-08,2025-07-08 05:30:00,108300.71675785031,25493246475.80407,108300.71675785031,108300.71675785031,108300.71675785031,BTC-USD,crypto,
2025-07-09,2025-07-09 05:30:00,108953.19187727802,20488865138.27645,108953.19187727802,108953.19187727802,108953.19187727802,BTC-USD,crypto,
2025-07-10,2025-07-10 05:30:00,111327.53054245669,37078460440.66385,111327.53054245669,111327.53054245669,111327.53054245669,BTC-USD,crypto,
2025-07-11,2025-07-11 05:30:00,115879.65030112496,56204086624.04028,115879.65030112496,115879.65030112496,115879.65030112496,BTC-USD,crypto,
2025-07-12,2025-07-12 05:30:00,117571.02510036016,64185145923.88688,117571.02510036016,117571.02510036016,117571.02510036016,BTC-USD,crypto,
2025-07-13,2025-07-13 05:30:00,117418.95745007684,24351256098.393543,117418.95745007684,117418.95745007684,117418.95745007684,BTC-USD,crypto,
2025-07-14,2025-07-14 05:30:00,119117.55666327637,27310851454.97692,119117.55666327637,119117.55666327637,119117.55666327637,BTC-USD,crypto,
2025-07-15,2025-07-15 01:57:32,119851.72616008777,69328070142.74496,119851.72616008777,119851.72616008777,119851.72616008777,BTC-USD,crypto,
2025-04-16,2025-04-16 05:30:00,1587.8222244021401,11786525215.180002,1587.8222244021401,1587.8222244021401,1587.8222244021401,ETH-USD,crypto,
2025-04-17,2025-04-17 05:30:00,1577.7073516760117,13120084885.866234,1577.7073516760117,1577.7073516760117,1577.7073516760117,ETH-USD,crypto,
2025-04-18,2025-04-18 05:30:00,1583.4764497002345,9437178720.867388,1583.4764497002345,1583.4764497002345,1583.4764497002345,ETH-USD,crypto,
2025-04-19,2025-04-19 05:30:00,1589.1516208270755,5254078676.877919,1589.1516208270755,1589.1516208270755,1589.1516208270755,ETH-USD,crypto,
2025-04-20,2025-04-20 05:30:00,1615.0502549158562,5148626529.402773,1615.0502549158562,1615.0502549158562,1615.0502549158562,ETH-USD,crypto,
2025-04-21,2025-04-21 05:30:00,1585.4600253443446,6695768150.024456,1585.4600253443446,1585.4600253443446,1585.4600253443446,ETH-USD,crypto,
2025-04-22,2025-04-22 05:30:00,1577.4465595922347,15275062279.387148,1577.4465595922347,1577.4465595922347,1577.4465595922347,ETH-USD,crypto,
2025-04-23,2025-04-23 05:30:00,1759.7064599311093,24271980430.95098,1759.7064599311093,1759.7064599311093,1759.7064599311093,ETH-USD,crypto,
2025-04-24,2025-04-24 05:30:00,1793.969849485534,22099177230.61867,1793.969849485534,1793.969849485534,1793.969849485534,ETH-USD,crypto,
2025-04-25,2025-04-25 05:30:00,1769.3925107354407,12923295609.972548,1769.3925107354407,1769.3925107354407,1769.3925107354407,ETH-USD,crypto,
2025-04-26,2025-04-26 05:30:00,1788.7981804331257,15656748328.784924,1788.7981804331257,1788.7981804331257,1788.7981804331257,ETH-USD,crypto,
2025-04-27,2025-04-27 05:30:00,1821.2695303291391,10293614895.776522,1821.2695303291391,1821.2695303291391,1821.2695303291391,ETH-USD,crypto,
2025-04-28,2025-04-28 05:30:00,1793.6918440730135,9632458065.106846,1793.6918440730135,1793.6918440730135,1793.6918440730135,ETH-USD,crypto,
2025-04-29,2025-04-29 05:30:00,1799.50191449199,16777384305.88931,1799.50191449199,1799.50191449199,1799.50191449199,ETH-USD,crypto,
2025-04-30,2025-04-30 05:30:00,1796.9720456768928,13994558644.11867,1796.9720456768928,1796.9720456768928,1796.9720456768928,ETH-USD,crypto,
2025-05-01,2025-05-01 05:30:00,1794.0495408617828,13644627083.285889,1794.0495408617828,1794.0495408617828,1794.0495408617828,ETH-USD,crypto,
2025-05-02,2025-05-02 05:30:00,1838.8543285925753,14310565589.052694,1838.8543285925753,1838.8543285925753,1838.8543285925753,ETH-USD,crypto,
2025-05-03,2025-05-03 05:30:00,1841.427590836958,11686301446.49476,1841.427590836958,1841.427590836958,1841.427590836958,ETH-USD,crypto,
2025-05-04,2025-05-04 05:30:00,1834.501911876416,6704990478.824657,1834.501911876416,1834.501911876416,1834.501911876416,ETH-USD,crypto,
2025-05-05,2025-05-05 05:30:00,1808.156093844096,7479845748.828526,1808.156093844096,1808.156093844096,1808.156093844096,ETH-USD,crypto,
2025-05-06,2025-05-06 05:30:00,1820.0044598893596,10545233503.347864,1820.0044598893596,1820.0044598893596,1820.0044598893596,ETH-USD,crypto,
2025-05-07,2025-05-07 05:30:00,1816.1686943818438,11950393736.527246,1816.1686943818438,1816.1686943818438,1816.1686943818438,ETH-USD,crypto,
2025-05-08,2025-05-08 05:30:00,1810.3169269284476,47111217119.49919,1810.3169269284476,1810.3169269284476,1810.3169269284476,ETH-USD,crypto,
2025-05-09,2025-05-09 05:30:00,2197.5611893238784,35992825075.05399,2197.5611893238784,2197.5611893238784,2197.5611893238784,ETH-USD,crypto,
2025-05-10,2025-05-10 05:30:00,2341.407963002621,44566779461.54657,2341.407963002621,2341.407963002621,2341.407963002621,ETH-USD,crypto,
2025-05-11,2025-05-11 05:30:00,2583.6829051429513,29947910159.02891,2583.6829051429513,2583.6829051429513,2583.6829051429513,ETH-USD,crypto,
2025-05-12,2025-05-12 05:30:00,2507.4693107597423,26138286410.23315,2507.4693107597423,2507.4693107597423,2507.4693107597423,ETH-USD,crypto,
2025-05-13,2025-05-13 05:30:00,2492.426391077375,31524626114.978752,2492.426391077375,2492.426391077375,2492.426391077375,ETH-USD,crypto,
2025-05-14,2025-05-14 05:30:00,2676.639163127913,32279895881.637806,2676.639163127913,2676.639163127913,2676.639163127913,ETH-USD,crypto,
2025-05-15,2025-05-15 05:30:00,2603.7180887199615,28150234190.931705,2603.7180887199615,2603.7180887199615,2603.7180887199615,ETH-USD,crypto,
2025-05-16,2025-05-16 05:30:00,2542.296692466797,26211434557.7159,2542.296692466797,2542.296692466797,2542.296692466797,ETH-USD,crypto,
2025-05-17,2025-05-17 05:30:00,2544.3870377235667,21130441534.96637,2544.3870377235667,2544.3870377235667,2544.3870377235667,ETH-USD,crypto,
2025-05-18,2025-05-18 05:30:00,2475.0543933696913,17185510890.702347,2475.0543933696913,2475.0543933696913,2475.0543933696913,ETH-USD,crypto,
2025-05-19,2025-05-19 05:30:00,2465.3409856139087,24797434472.364086,2465.3409856139087,2465.3409856139087,2465.3409856139087,ETH-USD,crypto,
2025-05-20,2025-05-20 05:30:00,2526.989643891319,25363871274.82505,2526.989643891319,2526.989643891319,2526.989643891319,ETH-USD,crypto,
2025-05-21,2025-05-21 05:30:00,2524.2743433146065,22871462735.416794,2524.2743433146065,2524.2743433146065,2524.2743433146065,ETH-USD,crypto,
2025-05-22,2025-05-22 05:30:00,2558.9502343769486,32697477527.54695,2558.9502343769486,2558.9502343769486,2558.9502343769486,ETH-USD,crypto,
2025-05-23,2025-05-23 05:30:00,2657.1674447566115,29592612076.505535,2657.1674447566115,2657.1674447566115,2657.1674447566115,ETH-USD,crypto,
2025-05-24,2025-05-24 05:30:00,2519.813809045145,30047329191.503662,2519.813809045145,2519.813809045145,2519.813809045145,ETH-USD,crypto,
2025-05-25,2025-05-25 05:30:00,2529.4429842284353,10744994421.192684,2529.4429842284353,2529.4429842284353,2529.4429842284353,ETH-USD,crypto,
2025-05-26,2025-05-26 05:30:00,2546.6201163370915,13814697849.726278,2546.6201163370915,2546.6201163370915,2546.6201163370915,ETH-USD,crypto,
2025-05-27,2025-05-27 05:30:00,2562.1729286392238,13350148034.293623,2562.1729286392238,2562.1729286392238,2562.1729286392238,ETH-USD,crypto,
2025-05-28,2025-05-28 05:30:00,2662.0940568241435,26434151855.253853,2662.0940568241435,2662.0940568241435,2662.0940568241435,ETH-USD,crypto,
2025-05-29,2025-05-29 05:30:00,2676.2674124507,18008588586.284103,2676.2674124507,2676.2674124507,2676.2674124507,ETH-USD,crypto,
2025-05-30,2025-05-30 05:30:00,2633.1392065286695,27021441335.5195,2633.1392065286695,2633.1392065286695,2633.1392065286695,ETH-USD,crypto,
2025-05-31,2025-05-31 05:30:00,2524.4762348050726,22927149330.30469,2524.4762348050726,2524.4762348050726,2524.4762348050726,ETH-USD,crypto,
2025-06-01,2025-06-01 05:30:00,2532.3627853090866,13006751258.18768,2532.3627853090866,2532.3627853090866,2532.3627853090866,ETH-USD,crypto,
2025-06-02,2025-06-02 05:30:00,2538.3300584367485,11338340571.11249,2538.3300584367485,2538.3300584367485,2538.3300584367485,ETH-USD,crypto,
2025-06-03,2025-06-03 05:30:00,2609.737253959435,15623967732.418657,2609.737253959435,2609.737253959435,2609.737253959435,ETH-USD,crypto,
2025-06-04,2025-06-04 05:30:00,2595.4689570062997,15955008730.338179,2595.4689570062997,2595.4689570062997,2595.4689570062997,ETH-USD,crypto,
2025-06-05,2025-06-05 05:30:00,2610.343189828259,16809606446.176416,2610.343189828259,2610.343189828259,2610.343189828259,ETH-USD,crypto,
2025-06-06,2025-06-06 05:30:00,2421.601103763502,25849573159.64817,2421.601103763502,2421.601103763502,2421.601103763502,ETH-USD,crypto,
2025-06-07,2025-06-07 05:30:00,2481.4039836690267,18395107930.47655,2481.4039836690267,2481.4039836690267,2481.4039836690267,ETH-USD,crypto,
2025-06-08,2025-06-08 05:30:00,2526.291995889778,9535426814.691927,2526.291995889778,2526.291995889778,2526.291995889778,ETH-USD,crypto,
2025-06-09,2025-06-09 05:30:00,2508.784123584585,10206893115.537256,2508.784123584585,2508.784123584585,2508.784123584585,ETH-USD,crypto,
2025-06-10,2025-06-10 05:30:00,2685.0001850413178,19485734665.28548,2685.0001850413178,2685.0001850413178,2685.0001850413178,ETH-USD,crypto,
2025-06-11,2025-06-11 05:30:00,2808.503208314919,38281210143.95115,2808.503208314919,2808.503208314919,2808.503208314919,ETH-USD,crypto,
2025-06-12,2025-06-12 05:30:00,2776.1371915822333,27369030837.548595,2776.1371915822333,2776.1371915822333,2776.1371915822333,ETH-USD,crypto,
2025-06-13,2025-06-13 05:30:00,2653.158968452672,26068993569.969894,2653.158968452672,2653.158968452672,2653.158968452672,ETH-USD,crypto,
2025-06-14,2025-06-14 05:30:00,2577.04861752583,38576471746.00814,2577.04861752583,2577.04861752583,2577.04861752583,ETH-USD,crypto,
2025-06-15,2025-06-15 05:30:00,2534.0702195359518,12077031034.291521,2534.0702195359518,2534.0702195359518,2534.0702195359518,ETH-USD,crypto,
2025-06-16,2025-06-16 05:30:00,2547.8456040920437,11678912429.510712,2547.8456040920437,2547.8456040920437,2547.8456040920437,ETH-USD,crypto,
2025-06-17,2025-06-17 05:30:00,2561.329843569428,24222149649.172424,2561.329843569428,2561.329843569428,2561.329843569428,ETH-USD,crypto,
2025-06-18,2025-06-18 05:30:00,2514.986700576147,25926506708.040215,2514.986700576147,2514.986700576147,2514.986700576147,ETH-USD,crypto,
2025-06-19,2025-06-19 05:30:00,2521.3334233964915,17800721253.243202,2521.3334233964915,2521.3334233964915,2521.3334233964915,ETH-USD,crypto,
2025-06-20,2025-06-20 05:30:00,2522.1791903642184,10392473841.155851,2522.1791903642184,2522.1791903642184,2522.1791903642184,ETH-USD,crypto,
2025-06-21,2025-06-21 05:30:00,2405.695434213183,20482816663.29469,2405.695434213183,2405.695434213183,2405.695434213183,ETH-USD,crypto,
2025-06-22,2025-06-22 05:30:00,2270.581996055585,16155611764.84833,2270.581996055585,2270.581996055585,2270.581996055585,ETH-USD,crypto,
2025-06-23,2025-06-23 05:30:00,2227.4287266371684,28181442532.315876,2227.4287266371684,2227.4287266371684,2227.4287266371684,ETH-USD,crypto,
2025-06-24,2025-06-24 05:30:00,2423.899644268608,25494295400.420887,2423.899644268608,2423.899644268608,2423.899644268608,ETH-USD,crypto,
2025-06-25,2025-06-25 05:30:00,2446.539301545049,19669025068.963604,2446.539301545049,2446.539301545049,2446.539301545049,ETH-USD,crypto,
2025-06-26,2025-06-26 05:30:00,2417.2267855277296,15513055665.262428,2417.2267855277296,2417.2267855277296,2417.2267855277296,ETH-USD,crypto,
2025-06-27,2025-06-27 05:30:00,2415.031864876594,16271811388.723804,2415.031864876594,2415.031864876594,2415.031864876594,ETH-USD,crypto,
2025-06-28,2025-06-28 05:30:00,2423.0302896731746,13100825617.816572,2423.0302896731746,2423.0302896731746,2423.0302896731746,ETH-USD,crypto,
2025-06-29,2025-06-29 05:30:00,2437.133001780241,5787313890.541637,2437.133001780241,2437.133001780241,2437.133001780241,ETH-USD,crypto,
2025-06-30,2025-06-30 05:30:00,2502.6672721177083,10236257918.833096,2502.6672721177083,2502.6672721177083,2502.6672721177083,ETH-USD,crypto,
2025-07-01,2025-07-01 05:30:00,2488.190781689803,16306915984.938057,2488.190781689803,2488.190781689803,2488.190781689803,ETH-USD,crypto,
2025-07-02,2025-07-02 05:30:00,2405.1045592800183,12933967031.524443,2405.1045592800183,2405.1045592800183,2405.1045592800183,ETH-USD,crypto,
2025-07-03,2025-07-03 05:30:00,2574.067718495133,21862573614.17975,2574.067718495133,2574.067718495133,2574.067718495133,ETH-USD,crypto,
2025-07-04,2025-07-04 05:30:00,2590.132231590221,19823369642.62606,2590.132231590221,2590.132231590221,2590.132231590221,ETH-USD,crypto,
2025-07-05,2025-07-05 05:30:00,2509.236345783362,16377116416.187033,2509.236345783362,2509.236345783362,2509.236345783362,ETH-USD,crypto,
2025-07-06,2025-07-06 05:30:00,2517.37917835065,6801276942.284494,2517.37917835065,2517.37917835065,2517.37917835065,ETH-USD,crypto,
2025-07-07,2025-07-07 05:30:00,2571.358192115984,9051659015.949968,2571.358192115984,2571.358192115984,2571.358192115984,ETH-USD,crypto,
2025-07-08,2025-07-08 05:30:00,2543.6317028067488,15947822897.049152,2543.6317028067488,2543.6317028067488,2543.6317028067488,ETH-USD,crypto,
2025-07-09,2025-07-09 05:30:00,2615.7759888945047,14750377128.581295,2615.7759888945047,2615.7759888945047,2615.7759888945047,ETH-USD,crypto,
2025-07-10,2025-07-10 05:30:00,2772.5795626609174,26626246774.244656,2772.5795626609174,2772.5795626609174,2772.5795626609174,ETH-USD,crypto,
2025-07-11,2025-07-11 05:30:00,2948.4462027029053,39308824585.23128,2948.4462027029053,2948.4462027029053,2948.4462027029053,ETH-USD,crypto,
2025-07-12,2025-07-12 05:30:00,2958.8514450990992,42455550664.554665,2958.8514450990992,2958.8514450990992,2958.8514450990992,ETH-USD,crypto,
2025-07-13,2025-07-13 05:30:00,2942.9616055388096,17472135946.60354,2942.9616055388096,2942.9616055388096,2942.9616055388096,ETH-USD,crypto,
2025-07-14,2025-07-14 05:30:00,2974.2654952333387,18605172049.087772,2974.2654952333387,2974.2654952333387,2974.2654952333387,ETH-USD,crypto,
2025-07-15,2025-07-15 01:57:44,2994.100343402795,41696133814.692924,2994.100343402795,2994.100343402795,2994.100343402795,ETH-USD,crypto,
2025-04-16,2025-04-16 05:30:00,2.087166740701441,2529137788.826132,2.087166740701441,2.087166740701441,2.087166740701441,XRP-USD,crypto,
2025-04-17,2025-04-17 05:30:00,2.0835198434155506,2975625490.375688,2.0835198434155506,2.0835198434155506,2.0835198434155506,XRP-USD,crypto,
2025-04-18,2025-04-18 05:30:00,2.0677436115822867,2069087395.311297,2.0677436115822867,2.0677436115822867,2.0677436115822867,XRP-USD,crypto,
2025-04-19,2025-04-19 05:30:00,2.062691684044618,1528702114.8309712,2.062691684044618,2.062691684044618,2.062691684044618,XRP-USD,crypto,
2025-04-20,2025-04-20 05:30:00,2.0855273823856817,1198082570.278999,2.0855273823856817,2.0855273823856817,2.0855273823856817,XRP-USD,crypto,
2025-04-21,2025-04-21 05:30:00,2.0747196454629124,1454273605.4356875,2.0747196454629124,2.0747196454629124,2.0747196454629124,XRP-USD,crypto,
2025-04-22,2025-04-22 05:30:00,2.0806696781556395,2357222891.83461,2.0806696781556395,2.0806696781556395,2.0806696781556395,XRP-USD,crypto,
2025-04-23,2025-04-23 05:30:00,2.221159426695198,4117163104.17999,2.221159426695198,2.221159426695198,2.221159426695198,XRP-USD,crypto,
2025-04-24,2025-04-24 05:30:00,2.217823599038466,4996062046.359891,2.217823599038466,2.217823599038466,2.217823599038466,XRP-USD,crypto,
2025-04-25,2025-04-25 05:30:00,2.206600349886956,4208930304.223753,2.206600349886956,2.206600349886956,2.206600349886956,XRP-USD,crypto,
2025-04-26,2025-04-26 05:30:00,2.1852873809524738,3234722208.502314,2.1852873809524738,2.1852873809524738,2.1852873809524738,XRP-USD,crypto,
2025-04-27,2025-04-27 05:30:00,2.1932493737799863,2459783783.285445,2.1932493737799863,2.1932493737799863,2.1932493737799863,XRP-USD,crypto,
2025-04-28,2025-04-28 05:30:00,2.2566771719971905,3751692488.2109566,2.2566771719971905,2.2566771719971905,2.2566771719971905,XRP-USD,crypto,
2025-04-29,2025-04-29 05:30:00,2.2959679622378415,4072974943.4389,2.2959679622378415,2.2959679622378415,2.2959679622378415,XRP-USD,crypto,
2025-04-30,2025-04-30 05:30:00,2.2399407863578777,2489793878.0180745,2.2399407863578777,2.2399407863578777,2.2399407863578777,XRP-USD,crypto,
2025-05-01,2025-05-01 05:30:00,2.1934727928877984,3252726421.623423,2.1934727928877984,2.1934727928877984,2.1934727928877984,XRP-USD,crypto,
2025-05-02,2025-05-02 05:30:00,2.2143085222346612,2155611895.0543213,2.2143085222346612,2.2143085222346612,2.2143085222346612,XRP-USD,crypto,
2025-05-03,2025-05-03 05:30:00,2.2089170454344824,1739910937.9821632,2.2089170454344824,2.2089170454344824,2.2089170454344824,XRP-USD,crypto,
2025-05-04,2025-05-04 05:30:00,2.188707355411367,1214767487.7877498,2.188707355411367,2.188707355411367,2.188707355411367,XRP-USD,crypto,
2025-05-05,2025-05-05 05:30:00,2.1580623583353407,1372805879.5778592,2.1580623583353407,2.1580623583353407,2.1580623583353407,XRP-USD,crypto,
2025-05-06,2025-05-06 05:30:00,2.1371617409153263,2194829695.4970164,2.1371617409153263,2.1371617409153263,2.1371617409153263,XRP-USD,crypto,
2025-05-07,2025-05-07 05:30:00,2.1553467775958843,2048616981.3491316,2.1553467775958843,2.1553467775958843,2.1553467775958843,XRP-USD,crypto,
2025-05-08,2025-05-08 05:30:00,2.1289110212370352,3559099566.438218,2.1289110212370352,2.1289110212370352,2.1289110212370352,XRP-USD,crypto,
2025-05-09,2025-05-09 05:30:00,2.318857034757937,4731256282.308641,2.318857034757937,2.318857034757937,2.318857034757937,XRP-USD,crypto,
2025-05-10,2025-05-10 05:30:00,2.34260418658349,6008731144.741504,2.34260418658349,2.34260418658349,2.34260418658349,XRP-USD,crypto,
2025-05-11,2025-05-11 05:30:00,2.465515991652043,4343182682.254746,2.465515991652043,2.465515991652043,2.465515991652043,XRP-USD,crypto,
2025-05-12,2025-05-12 05:30:00,2.3665185406774456,3957902320.317386,2.3665185406774456,2.3665185406774456,2.3665185406774456,XRP-USD,crypto,
2025-05-13,2025-05-13 05:30:00,2.5407166812994824,10787624520.70423,2.5407166812994824,2.5407166812994824,2.5407166812994824,XRP-USD,crypto,
2025-05-14,2025-05-14 05:30:00,2.5882656119238727,6137110174.707251,2.5882656119238727,2.5882656119238727,2.5882656119238727,XRP-USD,crypto,
2025-05-15,2025-05-15 05:30:00,2.552660064054796,4956660171.954109,2.552660064054796,2.552660064054796,2.552660064054796,XRP-USD,crypto,
2025-05-16,2025-05-16 05:30:00,2.3780203600308965,5285627666.563696,2.3780203600308965,2.3780203600308965,2.3780203600308965,XRP-USD,crypto,
2025-05-17,2025-05-17 05:30:00,2.387491166631724,3668091279.885704,2.387491166631724,2.387491166631724,2.387491166631724,XRP-USD,crypto,
2025-05-18,2025-05-18 05:30:00,2.352615765613394,2378581122.524433,2.352615765613394,2.352615765613394,2.352615765613394,XRP-USD,crypto,
2025-05-19,2025-05-19 05:30:00,2.4178990437197814,2871045382.6763167,2.4178990437197814,2.4178990437197814,2.4178990437197814,XRP-USD,crypto,
2025-05-20,2025-05-20 05:30:00,2.3808727609208282,3326769717.093891,2.3808727609208282,2.3808727609208282,2.3808727609208282,XRP-USD,crypto,
2025-05-21,2025-05-21 05:30:00,2.356578233921423,2736702822.998838,2.356578233921423,2.356578233921423,2.356578233921423,XRP-USD,crypto,
2025-05-22,2025-05-22 05:30:00,2.4028996266349396,3857208347.067667,2.4028996266349396,2.4028996266349396,2.4028996266349396,XRP-USD,crypto,
2025-05-23,2025-05-23 05:30:00,2.4284164339274192,3423292472.9337497,2.4284164339274192,2.4284164339274192,2.4284164339274192,XRP-USD,crypto,
2025-05-24,2025-05-24 05:30:00,2.2991928362328755,3803614983.5157166,2.2991928362328755,2.2991928362328755,2.2991928362328755,XRP-USD,crypto,
2025-05-25,2025-05-25 05:30:00,2.3319094660057416,1372961335.2188973,2.3319094660057416,2.3319094660057416,2.3319094660057416,XRP-USD,crypto,
2025-05-26,2025-05-26 05:30:00,2.3405861862412927,1905275005.1451297,2.3405861862412927,2.3405861862412927,2.3405861862412927,XRP-USD,crypto,
2025-05-27,2025-05-27 05:30:00,2.3082922649115565,1661784737.5361876,2.3082922649115565,2.3082922649115565,2.3082922649115565,XRP-USD,crypto,
2025-05-28,2025-05-28 05:30:00,2.3186677687774426,2048276738.5749948,2.3186677687774426,2.3186677687774426,2.3186677687774426,XRP-USD,crypto,
2025-05-29,2025-05-29 05:30:00,2.2746048552552507,2074053702.379202,2.2746048552552507,2.2746048552552507,2.2746048552552507,XRP-USD,crypto,
2025-05-30,2025-05-30 05:30:00,2.2505538163676135,2179459280.652964,2.2505538163676135,2.2505538163676135,2.2505538163676135,XRP-USD,crypto,
2025-05-31,2025-05-31 05:30:00,2.1423194738068942,3372833929.9944954,2.1423194738068942,2.1423194738068942,2.1423194738068942,XRP-USD,crypto,
2025-06-01,2025-06-01 05:30:00,2.177000081626197,2268132685.3159456,2.177000081626197,2.177000081626197,2.177000081626197,XRP-USD,crypto,
2025-06-02,2025-06-02 05:30:00,2.1802830722675224,1521954083.381058,2.1802830722675224,2.1802830722675224,2.1802830722675224,XRP-USD,crypto,
2025-06-03,2025-06-03 05:30:00,2.2004265864927537,1856646284.2520795,2.2004265864927537,2.2004265864927537,2.2004265864927537,XRP-USD,crypto,
2025-06-04,2025-06-04 05:30:00,2.2486280245071963,2193921747.996483,2.2486280245071963,2.2486280245071963,2.2486280245071963,XRP-USD,crypto,
2025-06-05,2025-06-05 05:30:00,2.202322198067478,1714810311.215842,2.202322198067478,2.202322198067478,2.202322198067478,XRP-USD,crypto,
2025-06-06,2025-06-06 05:30:00,2.0970164299223453,2893388349.562232,2.0970164299223453,2.0970164299223453,2.0970164299223453,XRP-USD,crypto,
2025-06-07,2025-06-07 05:30:00,2.163852346114403,1854390911.9791367,2.163852346114403,2.163852346114403,2.163852346114403,XRP-USD,crypto,
2025-06-08,2025-06-08 05:30:00,2.1779065492597427,953843043.4304752,2.1779065492597427,2.1779065492597427,2.1779065492597427,XRP-USD,crypto,
2025-06-09,2025-06-09 05:30:00,2.2629632981656744,2297445951.3852534,2.2629632981656744,2.2629632981656744,2.2629632981656744,XRP-USD,crypto,
2025-06-10,2025-06-10 05:30:00,2.321075765224377,2774696976.06667,2.321075765224377,2.321075765224377,2.321075765224377,XRP-USD,crypto,
2025-06-11,2025-06-11 05:30:00,2.305016386019404,2612062557.9833493,2.305016386019404,2.305016386019404,2.305016386019404,XRP-USD,crypto,
2025-06-12,2025-06-12 05:30:00,2.2701428874939213,2624047756.9494534,2.2701428874939213,2.2701428874939213,2.2701428874939213,XRP-USD,crypto,
2025-06-13,2025-06-13 05:30:00,2.1954298391805,2202653947.4050665,2.1954298391805,2.1954298391805,2.1954298391805,XRP-USD,crypto,
2025-06-14,2025-06-14 05:30:00,2.148866270593598,3949716840.388356,2.148866270593598,2.148866270593598,2.148866270593598,XRP-USD,crypto,
2025-06-15,2025-06-15 05:30:00,2.141891800480294,1687489656.576244,2.141891800480294,2.141891800480294,2.141891800480294,XRP-USD,crypto,
2025-06-16,2025-06-16 05:30:00,2.166318490313782,1231293467.1767986,2.166318490313782,2.166318490313782,2.166318490313782,XRP-USD,crypto,
2025-06-17,2025-06-17 05:30:00,2.255537416572947,4466552529.620607,2.255537416572947,2.255537416572947,2.255537416572947,XRP-USD,crypto,
2025-06-18,2025-06-18 05:30:00,2.1632317759396993,3466660612.110638,2.1632317759396993,2.1632317759396993,2.1632317759396993,XRP-USD,crypto,
2025-06-19,2025-06-19 05:30:00,2.1686830671349613,2350823381.424604,2.1686830671349613,2.1686830671349613,2.1686830671349613,XRP-USD,crypto,
2025-06-20,2025-06-20 05:30:00,2.166239439916603,1450568729.9521883,2.166239439916603,2.166239439916603,2.166239439916603,XRP-USD,crypto,
2025-06-21,2025-06-21 05:30:00,2.1201128146436803,2098115334.487172,2.1201128146436803,2.1201128146436803,2.1201128146436803,XRP-USD,crypto,
2025-06-22,2025-06-22 05:30:00,2.044379922195215,2305504805.382443,2.044379922195215,2.044379922195215,2.044379922195215,XRP-USD,crypto,
2025-06-23,2025-06-23 05:30:00,2.013512764553698,4449887424.63551,2.013512764553698,2.013512764553698,2.013512764553698,XRP-USD,crypto,
2025-06-24,2025-06-24 05:30:00,2.1640075102022664,4004307867.6364536,2.1640075102022664,2.1640075102022664,2.1640075102022664,XRP-USD,crypto,
2025-06-25,2025-06-25 05:30:00,2.1890368617248566,3119419439.9970093,2.1890368617248566,2.1890368617248566,2.1890368617248566,XRP-USD,crypto,
2025-06-26,2025-06-26 05:30:00,2.1839169388853152,2234760744.378113,2.1839169388853152,2.1839169388853152,2.1839169388853152,XRP-USD,crypto,
2025-06-27,2025-06-27 05:30:00,2.105597069865388,2569634191.4677787,2.105597069865388,2.105597069865388,2.105597069865388,XRP-USD,crypto,
2025-06-28,2025-06-28 05:30:00,2.140945561649059,2600100605.537264,2.140945561649059,2.140945561649059,2.140945561649059,XRP-USD,crypto,
2025-06-29,2025-06-29 05:30:00,2.185743305637095,1909072124.1732078,2.185743305637095,2.185743305637095,2.185743305637095,XRP-USD,crypto,
2025-06-30,2025-06-30 05:30:00,2.2080779439640237,1320178860.3618104,2.2080779439640237,2.2080779439640237,2.2080779439640237,XRP-USD,crypto,
2025-07-01,2025-07-01 05:30:00,2.2397868943055363,3688723731.503887,2.2397868943055363,2.2397868943055363,2.2397868943055363,XRP-USD,crypto,
2025-07-02,2025-07-02 05:30:00,2.171453605552325,2782662990.9534025,2.171453605552325,2.171453605552325,2.171453605552325,XRP-USD,crypto,
2025-07-03,2025-07-03 05:30:00,2.234339504341481,3660413082.1301646,2.234339504341481,2.234339504341481,2.234339504341481,XRP-USD,crypto,
2025-07-04,2025-07-04 05:30:00,2.2565985381225446,3456952710.4009995,2.2565985381225446,2.2565985381225446,2.2565985381225446,XRP-USD,crypto,
2025-07-05,2025-07-05 05:30:00,2.220660517934634,1759263909.260319,2.220660517934634,2.220660517934634,2.220660517934634,XRP-USD,crypto,
2025-07-06,2025-07-06 05:30:00,2.2177115630108464,898181111.5827129,2.2177115630108464,2.2177115630108464,2.2177115630108464,XRP-USD,crypto,
2025-07-07,2025-07-07 05:30:00,2.2711234551626793,2334073292.9256063,2.2711234551626793,2.2711234551626793,2.2711234551626793,XRP-USD,crypto,
2025-07-08,2025-07-08 05:30:00,2.275084085302051,3876739211.500435,2.275084085302051,2.275084085302051,2.275084085302051,XRP-USD,crypto,
2025-07-09,2025-07-09 05:30:00,2.3106154308712163,2680689161.887867,2.3106154308712163,2.3106154308712163,2.3106154308712163,XRP-USD,crypto,
2025-07-10,2025-07-10 05:30:00,2.405267395272407,4432186610.184976,2.405267395272407,2.405267395272407,2.405267395272407,XRP-USD,crypto,
2025-07-11,2025-07-11 05:30:00,2.5456780481070833,5263609598.373313,2.5456780481070833,2.5456780481070833,2.5456780481070833,XRP-USD,crypto,
2025-07-12,2025-07-12 05:30:00,2.735777793849028,14004307576.909258,2.735777793849028,2.735777793849028,2.735777793849028,XRP-USD,crypto,
2025-07-13,2025-07-13 05:30:00,2.7403085663356155,7635333692.640345,2.7403085663356155,2.7403085663356155,2.7403085663356155,XRP-USD,crypto,
2025-07-14,2025-07-14 05:30:00,2.836943449825265,6320439963.46504,2.836943449825265,2.836943449825265,2.836943449825265,XRP-USD,crypto,
2025-07-15,2025-07-15 01:57:51,2.891075400968339,12409551711.287294,2.891075400968339,2.891075400968339,2.891075400968339,XRP-USD,crypto,
2025-04-16,2025-04-16 05:30:00,0.6080639244271904,709020814.1750429,0.6080639244271904,0.6080639244271904,0.6080639244271904,ADA-USD,crypto,
2025-04-17,2025-04-17 05:30:00,0.6106653469788688,591359664.0730368,0.6106653469788688,0.6106653469788688,0.6106653469788688,ADA-USD,crypto,
2025-04-18,2025-04-18 05:30:00,0.6168950161106203,448807472.6198462,0.6168950161106203,0.6168950161106203,0.6168950161106203,ADA-USD,crypto,
2025-04-19,2025-04-19 05:30:00,0.6273043794612541,374649872.12397456,0.6273043794612541,0.6273043794612541,0.6273043794612541,ADA-USD,crypto,
2025-04-20,2025-04-20 05:30:00,0.6280852975713835,331430508.4467672,0.6280852975713835,0.6280852975713835,0.6280852975713835,ADA-USD,crypto,
2025-04-21,2025-04-21 05:30:00,0.6202087731824584,354987761.1249453,0.6202087731824584,0.6202087731824584,0.6202087731824584,ADA-USD,crypto,
2025-04-22,2025-04-22 05:30:00,0.6226371412727918,632027422.0139718,0.6226371412727918,0.6226371412727918,0.6226371412727918,ADA-USD,crypto,
2025-04-23,2025-04-23 05:30:00,0.6821362911471233,834269402.8814627,0.6821362911471233,0.6821362911471233,0.6821362911471233,ADA-USD,crypto,
2025-04-24,2025-04-24 05:30:00,0.6972646472481486,967029539.1144488,0.6972646472481486,0.6972646472481486,0.6972646472481486,ADA-USD,crypto,
2025-04-25,2025-04-25 05:30:00,0.7220676397924738,1035019627.1012883,0.7220676397924738,0.7220676397924738,0.7220676397924738,ADA-USD,crypto,
2025-04-26,2025-04-26 05:30:00,0.7138859038055668,949069153.9271946,0.7138859038055668,0.7138859038055668,0.7138859038055668,ADA-USD,crypto,
2025-04-27,2025-04-27 05:30:00,0.7075935331519487,659341778.5746859,0.7075935331519487,0.7075935331519487,0.7075935331519487,ADA-USD,crypto,
2025-04-28,2025-04-28 05:30:00,0.704070171794187,567359217.6728809,0.704070171794187,0.704070171794187,0.704070171794187,ADA-USD,crypto,
2025-04-29,2025-04-29 05:30:00,0.7052906740354157,889987578.2822492,0.7052906740354157,0.7052906740354157,0.7052906740354157,ADA-USD,crypto,
2025-04-30,2025-04-30 05:30:00,0.6957354792970168,817939169.992459,0.6957354792970168,0.6957354792970168,0.6957354792970168,ADA-USD,crypto,
2025-05-01,2025-05-01 05:30:00,0.6820275063998128,592053391.6761067,0.6820275063998128,0.6820275063998128,0.6820275063998128,ADA-USD,crypto,
2025-05-02,2025-05-02 05:30:00,0.7048540559063339,586072580.7401356,0.7048540559063339,0.7048540559063339,0.7048540559063339,ADA-USD,crypto,
2025-05-03,2025-05-03 05:30:00,0.6974986414291682,606872856.4955413,0.6974986414291682,0.6974986414291682,0.6974986414291682,ADA-USD,crypto,
2025-05-04,2025-05-04 05:30:00,0.7013467253059199,752443709.4776694,0.7013467253059199,0.7013467253059199,0.7013467253059199,ADA-USD,crypto,
2025-05-05,2025-05-05 05:30:00,0.6763756494805502,661246645.056914,0.6763756494805502,0.6763756494805502,0.6763756494805502,ADA-USD,crypto,
2025-05-06,2025-05-06 05:30:00,0.6631639151504879,664925434.1708654,0.6631639151504879,0.6631639151504879,0.6631639151504879,ADA-USD,crypto,
2025-05-07,2025-05-07 05:30:00,0.6787761903074216,552471849.9156157,0.6787761903074216,0.6787761903074216,0.6787761903074216,ADA-USD,crypto,
2025-05-08,2025-05-08 05:30:00,0.671376495581957,582536184.2563542,0.671376495581957,0.671376495581957,0.671376495581957,ADA-USD,crypto,
2025-05-09,2025-05-09 05:30:00,0.7651537464755499,1355272025.0992892,0.7651537464755499,0.7651537464755499,0.7651537464755499,ADA-USD,crypto,
2025-05-10,2025-05-10 05:30:00,0.7773024778174161,1491055749.585572,0.7773024778174161,0.7773024778174161,0.7773024778174161,ADA-USD,crypto,
2025-05-11,2025-05-11 05:30:00,0.8400596557571808,1390682398.3795056,0.8400596557571808,0.8400596557571808,0.8400596557571808,ADA-USD,crypto,
2025-05-12,2025-05-12 05:30:00,0.8048629924679394,1096359924.9786,0.8048629924679394,0.8048629924679394,0.8048629924679394,ADA-USD,crypto,
2025-05-13,2025-05-13 05:30:00,0.8191103769126542,1891364013.690922,0.8191103769126542,0.8191103769126542,0.8191103769126542,ADA-USD,crypto,
2025-05-14,2025-05-14 05:30:00,0.8312541090164433,1249623977.9694462,0.8312541090164433,0.8312541090164433,0.8312541090164433,ADA-USD,crypto,
2025-05-15,2025-05-15 05:30:00,0.7985815955519888,1166899569.1134908,0.7985815955519888,0.7985815955519888,0.7985815955519888,ADA-USD,crypto,
2025-05-16,2025-05-16 05:30:00,0.760909266948887,1032947704.5832616,0.760909266948887,0.760909266948887,0.760909266948887,ADA-USD,crypto,
2025-05-17,2025-05-17 05:30:00,0.7605802350885046,777814627.6177915,0.7605802350885046,0.7605802350885046,0.7605802350885046,ADA-USD,crypto,
2025-05-18,2025-05-18 05:30:00,0.7424784161936966,906498912.2572886,0.7424784161936966,0.7424784161936966,0.7424784161936966,ADA-USD,crypto,
2025-05-19,2025-05-19 05:30:00,0.7518394820880364,949005467.3644464,0.7518394820880364,0.7518394820880364,0.7518394820880364,ADA-USD,crypto,
2025-05-20,2025-05-20 05:30:00,0.7426046048097757,855716668.7541951,0.7426046048097757,0.7426046048097757,0.7426046048097757,ADA-USD,crypto,
2025-05-21,2025-05-21 05:30:00,0.7456441858290309,690998975.7792397,0.7456441858290309,0.7456441858290309,0.7456441858290309,ADA-USD,crypto,
2025-05-22,2025-05-22 05:30:00,0.772065003489696,1077168981.202006,0.772065003489696,0.772065003489696,0.772065003489696,ADA-USD,crypto,
2025-05-23,2025-05-23 05:30:00,0.8077548195843751,1069425848.6042526,0.8077548195843751,0.8077548195843751,0.8077548195843751,ADA-USD,crypto,
2025-05-24,2025-05-24 05:30:00,0.748254247966839,1417851508.940276,0.748254247966839,0.748254247966839,0.748254247966839,ADA-USD,crypto,
2025-05-25,2025-05-25 05:30:00,0.7460261925160765,630031485.6921482,0.7460261925160765,0.7460261925160765,0.7460261925160765,ADA-USD,crypto,
2025-05-26,2025-05-26 05:30:00,0.7589761692612583,673782320.823423,0.7589761692612583,0.7589761692612583,0.7589761692612583,ADA-USD,crypto,
2025-05-27,2025-05-27 05:30:00,0.7582470752465925,588809796.8894885,0.7582470752465925,0.7582470752465925,0.7582470752465925,ADA-USD,crypto,
2025-05-28,2025-05-28 05:30:00,0.7578018172885506,652902725.7086877,0.7578018172885506,0.7578018172885506,0.7578018172885506,ADA-USD,crypto,
2025-05-29,2025-05-29 05:30:00,0.7465205662397495,546997351.279757,0.7465205662397495,0.7465205662397495,0.7465205662397495,ADA-USD,crypto,
2025-05-30,2025-05-30 05:30:00,0.724272085506191,649806532.9053063,0.724272085506191,0.724272085506191,0.724272085506191,ADA-USD,crypto,
2025-05-31,2025-05-31 05:30:00,0.6912614352706643,935627012.618067,0.6912614352706643,0.6912614352706643,0.6912614352706643,ADA-USD,crypto,
2025-06-01,2025-06-01 05:30:00,0.6863035406713839,721005660.5061203,0.6863035406713839,0.6863035406713839,0.6863035406713839,ADA-USD,crypto,
2025-06-02,2025-06-02 05:30:00,0.6853559510305921,524853161.2361533,0.6853559510305921,0.6853559510305921,0.6853559510305921,ADA-USD,crypto,
2025-06-03,2025-06-03 05:30:00,0.6900620402912112,570636794.5706515,0.6900620402912112,0.6900620402912112,0.6900620402912112,ADA-USD,crypto,
2025-06-04,2025-06-04 05:30:00,0.684833771475063,494639383.16412145,0.684833771475063,0.684833771475063,0.684833771475063,ADA-USD,crypto,
2025-06-05,2025-06-05 05:30:00,0.6662352525151268,400096118.0279466,0.6662352525151268,0.6662352525151268,0.6662352525151268,ADA-USD,crypto,
2025-06-06,2025-06-06 05:30:00,0.6279989717216173,759754191.8443644,0.6279989717216173,0.6279989717216173,0.6279989717216173,ADA-USD,crypto,
2025-06-07,2025-06-07 05:30:00,0.6564156318236438,579132039.6493936,0.6564156318236438,0.6564156318236438,0.6564156318236438,ADA-USD,crypto,
2025-06-08,2025-06-08 05:30:00,0.665097118031322,345182718.07783103,0.665097118031322,0.665097118031322,0.665097118031322,ADA-USD,crypto,
2025-06-09,2025-06-09 05:30:00,0.6696475032429187,445907844.38359064,0.6696475032429187,0.6696475032429187,0.6696475032429187,ADA-USD,crypto,
2025-06-10,2025-06-10 05:30:00,0.7051927875959849,556699781.999879,0.7051927875959849,0.7051927875959849,0.7051927875959849,ADA-USD,crypto,
2025-06-11,2025-06-11 05:30:00,0.7161084051691045,816441834.7804779,0.7161084051691045,0.7161084051691045,0.7161084051691045,ADA-USD,crypto,
2025-06-12,2025-06-12 05:30:00,0.6978609557770317,650490779.2528718,0.6978609557770317,0.6978609557770317,0.6978609557770317,ADA-USD,crypto,
2025-06-13,2025-06-13 05:30:00,0.6645616396607636,644736788.8081536,0.6645616396607636,0.6645616396607636,0.6645616396607636,ADA-USD,crypto,
2025-06-14,2025-06-14 05:30:00,0.6415287116259395,967144196.2984973,0.6415287116259395,0.6415287116259395,0.6415287116259395,ADA-USD,crypto,
2025-06-15,2025-06-15 05:30:00,0.6249531411165467,377703624.01002413,0.6249531411165467,0.6249531411165467,0.6249531411165467,ADA-USD,crypto,
2025-06-16,2025-06-16 05:30:00,0.6338091675682362,306474152.5964094,0.6338091675682362,0.6338091675682362,0.6338091675682362,ADA-USD,crypto,
2025-06-17,2025-06-17 05:30:00,0.6348092267777333,634345979.704381,0.6348092267777333,0.6348092267777333,0.6348092267777333,ADA-USD,crypto,
2025-06-18,2025-06-18 05:30:00,0.6114224843190872,668780456.8391515,0.6114224843190872,0.6114224843190872,0.6114224843190872,ADA-USD,crypto,
2025-06-19,2025-06-19 05:30:00,0.6031520541269734,649432905.7020996,0.6031520541269734,0.6031520541269734,0.6031520541269734,ADA-USD,crypto,
2025-06-20,2025-06-20 05:30:00,0.6022517506298001,411526119.6336923,0.6022517506298001,0.6022517506298001,0.6022517506298001,ADA-USD,crypto,
2025-06-21,2025-06-21 05:30:00,0.5768480561772417,655089381.7343858,0.5768480561772417,0.5768480561772417,0.5768480561772417,ADA-USD,crypto,
2025-06-22,2025-06-22 05:30:00,0.5507083653541873,616320411.8508501,0.5507083653541873,0.5507083653541873,0.5507083653541873,ADA-USD,crypto,
2025-06-23,2025-06-23 05:30:00,0.5411301510006504,1046673222.5903796,0.5411301510006504,0.5411301510006504,0.5411301510006504,ADA-USD,crypto,
2025-06-24,2025-06-24 05:30:00,0.5832401178415064,923344856.19398,0.5832401178415064,0.5832401178415064,0.5832401178415064,ADA-USD,crypto,
2025-06-25,2025-06-25 05:30:00,0.5872194649270592,716773448.9598132,0.5872194649270592,0.5872194649270592,0.5872194649270592,ADA-USD,crypto,
2025-06-26,2025-06-26 05:30:00,0.5667721482568538,549499472.3311824,0.5667721482568538,0.5667721482568538,0.5667721482568538,ADA-USD,crypto,
2025-06-27,2025-06-27 05:30:00,0.5541621947716998,546164591.2662042,0.5541621947716998,0.5541621947716998,0.5541621947716998,ADA-USD,crypto,
2025-06-28,2025-06-28 05:30:00,0.5586998411211989,461343367.5389696,0.5586998411211989,0.5586998411211989,0.5586998411211989,ADA-USD,crypto,
2025-06-29,2025-06-29 05:30:00,0.5655976009022613,328696976.3556034,0.5655976009022613,0.5655976009022613,0.5655976009022613,ADA-USD,crypto,
2025-06-30,2025-06-30 05:30:00,0.5775074724180472,546299719.7888314,0.5775074724180472,0.5775074724180472,0.5775074724180472,ADA-USD,crypto,
2025-07-01,2025-07-01 05:30:00,0.5720180140652412,685730060.096957,0.5720180140652412,0.5720180140652412,0.5720180140652412,ADA-USD,crypto,
2025-07-02,2025-07-02 05:30:00,0.5421512626893101,631715565.0969181,0.5421512626893101,0.5421512626893101,0.5421512626893101,ADA-USD,crypto,
2025-07-03,2025-07-03 05:30:00,0.5846952591552708,934344132.0381689,0.5846952591552708,0.5846952591552708,0.5846952591552708,ADA-USD,crypto,
2025-07-04,2025-07-04 05:30:00,0.5987839336899987,723259758.2613916,0.5987839336899987,0.5987839336899987,0.5987839336899987,ADA-USD,crypto,
2025-07-05,2025-07-05 05:30:00,0.5728146380802783,539620249.5139698,0.5728146380802783,0.5728146380802783,0.5728146380802783,ADA-USD,crypto,
2025-07-06,2025-07-06 05:30:00,0.5760131698614164,287359327.05554503,0.5760131698614164,0.5760131698614164,0.5760131698614164,ADA-USD,crypto,
2025-07-07,2025-07-07 05:30:00,0.5857056935866781,379742988.53059584,0.5857056935866781,0.5857056935866781,0.5857056935866781,ADA-USD,crypto,
2025-07-08,2025-07-08 05:30:00,0.5798100944867142,559194866.5817564,0.5798100944867142,0.5798100944867142,0.5798100944867142,ADA-USD,crypto,
2025-07-09,2025-07-09 05:30:00,0.5882961516358525,487674618.9568239,0.5882961516358525,0.5882961516358525,0.5882961516358525,ADA-USD,crypto,
2025-07-10,2025-07-10 05:30:00,0.6236218758822067,921412284.2952383,0.6236218758822067,0.6236218758822067,0.6236218758822067,ADA-USD,crypto,
2025-07-11,2025-07-11 05:30:00,0.6771328310749256,1062017291.4508075,0.6771328310749256,0.6771328310749256,0.6771328310749256,ADA-USD,crypto,
2025-07-12,2025-07-12 05:30:00,0.7108207334882014,2545650162.8728247,0.7108207334882014,0.7108207334882014,0.7108207334882014,ADA-USD,crypto,
2025-07-13,2025-07-13 05:30:00,0.7087303921384289,1194202622.657187,0.7087303921384289,0.7087303921384289,0.7087303921384289,ADA-USD,crypto,
2025-07-14,2025-07-14 05:30:00,0.7378983923650405,1350750371.5082395,0.7378983923650405,0.7378983923650405,0.7378983923650405,ADA-USD,crypto,
2025-07-15,2025-07-15 01:58:03,0.7263593012623727,1582812416.31463,0.7263593012623727,0.7263593012623727,0.7263593012623727,ADA-USD,crypto,
2025-04-16,2025-04-16 05:30:00,126.3038818388089,3719787998.9004683,126.3038818388089,126.3038818388089,126.3038818388089,SOL-USD,crypto,
2025-04-17,2025-04-17 05:30:00,131.4761427933663,5101503918.076568,131.4761427933663,131.4761427933663,131.4761427933663,SOL-USD,crypto,
2025-04-18,2025-04-18 05:30:00,134.6151648808524,4018737660.8549724,134.6151648808524,134.6151648808524,134.6151648808524,SOL-USD,crypto,
2025-04-19,2025-04-19 05:30:00,133.9760882871713,2480801560.1936097,133.9760882871713,133.9760882871713,133.9760882871713,SOL-USD,crypto,
2025-04-20,2025-04-20 05:30:00,139.64248014652355,2834667466.059489,139.64248014652355,139.64248014652355,139.64248014652355,SOL-USD,crypto,
2025-04-21,2025-04-21 05:30:00,137.6315829179827,3092429798.991093,137.6315829179827,137.6315829179827,137.6315829179827,SOL-USD,crypto,
2025-04-22,2025-04-22 05:30:00,136.3303974884886,4783795038.828256,136.3303974884886,136.3303974884886,136.3303974884886,SOL-USD,crypto,
2025-04-23,2025-04-23 05:30:00,148.80397504642707,5472749483.478719,148.80397504642707,148.80397504642707,148.80397504642707,SOL-USD,crypto,
2025-04-24,2025-04-24 05:30:00,150.9999108899842,5423865832.324091,150.9999108899842,150.9999108899842,150.9999108899842,SOL-USD,crypto,
2025-04-25,2025-04-25 05:30:00,152.3299363576059,4515150018.575274,152.3299363576059,152.3299363576059,152.3299363576059,SOL-USD,crypto,
2025-04-26,2025-04-26 05:30:00,150.92008896105446,5066838746.453711,150.92008896105446,150.92008896105446,150.92008896105446,SOL-USD,crypto,
2025-04-27,2025-04-27 05:30:00,149.14633083954075,2422656520.389346,149.14633083954075,149.14633083954075,149.14633083954075,SOL-USD,crypto,
2025-04-28,2025-04-28 05:30:00,148.2466719511348,2296538427.6507287,148.2466719511348,148.2466719511348,148.2466719511348,SOL-USD,crypto,
2025-04-29,2025-04-29 05:30:00,147.99083303267335,4344220983.973297,147.99083303267335,147.99083303267335,147.99083303267335,SOL-USD,crypto,
2025-04-30,2025-04-30 05:30:00,146.49305755147196,3236163761.820636,146.49305755147196,146.49305755147196,146.49305755147196,SOL-USD,crypto,
2025-05-01,2025-05-01 05:30:00,147.73348327834748,3339352715.472854,147.73348327834748,147.73348327834748,147.73348327834748,SOL-USD,crypto,
2025-05-02,2025-05-02 05:30:00,150.76046702861854,3739901458.503681,150.76046702861854,150.76046702861854,150.76046702861854,SOL-USD,crypto,
2025-05-03,2025-05-03 05:30:00,147.97213909446802,3193090564.1996865,147.97213909446802,147.97213909446802,147.97213909446802,SOL-USD,crypto,
2025-05-04,2025-05-04 05:30:00,146.79754814764868,1777312803.7801025,146.79754814764868,146.79754814764868,146.79754814764868,SOL-USD,crypto,
2025-05-05,2025-05-05 05:30:00,143.9823040324787,1839075329.597307,143.9823040324787,143.9823040324787,143.9823040324787,SOL-USD,crypto,
2025-05-06,2025-05-06 05:30:00,146.81070557078957,2594552533.4757075,146.81070557078957,146.81070557078957,146.81070557078957,SOL-USD,crypto,
2025-05-07,2025-05-07 05:30:00,146.90938773866714,3138354742.93678,146.90938773866714,146.90938773866714,146.90938773866714,SOL-USD,crypto,
2025-05-08,2025-05-08 05:30:00,147.20059726659957,4811988060.661323,147.20059726659957,147.20059726659957,147.20059726659957,SOL-USD,crypto,
2025-05-09,2025-05-09 05:30:00,163.41627317514832,7618036777.599004,163.41627317514832,163.41627317514832,163.41627317514832,SOL-USD,crypto,
2025-05-10,2025-05-10 05:30:00,172.6970765026263,8703440319.327112,172.6970765026263,172.6970765026263,172.6970765026263,SOL-USD,crypto,
2025-05-11,2025-05-11 05:30:00,177.3428319704922,4641291512.67865,177.3428319704922,177.3428319704922,177.3428319704922,SOL-USD,crypto,
2025-05-12,2025-05-12 05:30:00,172.85779222329435,4733142340.016698,172.85779222329435,172.85779222329435,172.85779222329435,SOL-USD,crypto,
2025-05-13,2025-05-13 05:30:00,174.41950190990173,8002629811.569619,174.41950190990173,174.41950190990173,174.41950190990173,SOL-USD,crypto,
2025-05-14,2025-05-14 05:30:00,184.05379777179434,6287498118.264789,184.05379777179434,184.05379777179434,184.05379777179434,SOL-USD,crypto,
2025-05-15,2025-05-15 05:30:00,176.45507175799847,5807895946.602451,176.45507175799847,176.45507175799847,176.45507175799847,SOL-USD,crypto,
2025-05-16,2025-05-16 05:30:00,168.75269732863256,5419257075.786196,168.75269732863256,168.75269732863256,168.75269732863256,SOL-USD,crypto,
2025-05-17,2025-05-17 05:30:00,167.76812404954248,4389549581.69855,167.76812404954248,167.76812404954248,167.76812404954248,SOL-USD,crypto,
2025-05-18,2025-05-18 05:30:00,165.9394166641985,3269429713.7712717,165.9394166641985,165.9394166641985,165.9394166641985,SOL-USD,crypto,
2025-05-19,2025-05-19 05:30:00,171.54067495745267,4719647862.73409,171.54067495745267,171.54067495745267,171.54067495745267,SOL-USD,crypto,
2025-05-20,2025-05-20 05:30:00,166.7148813421899,4917489419.353307,166.7148813421899,166.7148813421899,166.7148813421899,SOL-USD,crypto,
2025-05-21,2025-05-21 05:30:00,168.38572912424627,4723025924.7160635,168.38572912424627,168.38572912424627,168.38572912424627,SOL-USD,crypto,
2025-05-22,2025-05-22 05:30:00,173.96771434765478,6215139156.977671,173.96771434765478,173.96771434765478,173.96771434765478,SOL-USD,crypto,
2025-05-23,2025-05-23 05:30:00,179.57884486750282,5820960214.759074,179.57884486750282,179.57884486750282,179.57884486750282,SOL-USD,crypto,
2025-05-24,2025-05-24 05:30:00,174.43566967519817,8631193319.547667,174.43566967519817,174.43566967519817,174.43566967519817,SOL-USD,crypto,
2025-05-25,2025-05-25 05:30:00,175.9976176396849,3543822748.1900992,175.9976176396849,175.9976176396849,175.9976176396849,SOL-USD,crypto,
2025-05-26,2025-05-26 05:30:00,175.13203918726265,3915382381.155895,175.13203918726265,175.13203918726265,175.13203918726265,SOL-USD,crypto,
2025-05-27,2025-05-27 05:30:00,174.71672204451494,3202505989.7881603,174.71672204451494,174.71672204451494,174.71672204451494,SOL-USD,crypto,
2025-05-28,2025-05-28 05:30:00,176.57784495904014,4151034839.0818906,176.57784495904014,176.57784495904014,176.57784495904014,SOL-USD,crypto,
2025-05-29,2025-05-29 05:30:00,172.12073410994773,3798038676.2862353,172.12073410994773,172.12073410994773,172.12073410994773,SOL-USD,crypto,
2025-05-30,2025-05-30 05:30:00,166.83894593726552,3849498974.469161,166.83894593726552,166.83894593726552,166.83894593726552,SOL-USD,crypto,
2025-05-31,2025-05-31 05:30:00,156.51262963204462,4811893138.165595,156.51262963204462,156.51262963204462,156.51262963204462,SOL-USD,crypto,
2025-06-01,2025-06-01 05:30:00,156.86968538083693,3067057498.6570454,156.86968538083693,156.86968538083693,156.86968538083693,SOL-USD,crypto,
2025-06-02,2025-06-02 05:30:00,157.63092185153255,2744309615.2839994,157.63092185153255,157.63092185153255,157.63092185153255,SOL-USD,crypto,
2025-06-03,2025-06-03 05:30:00,156.97126157615844,3295032805.67504,156.97126157615844,156.97126157615844,156.97126157615844,SOL-USD,crypto,
2025-06-04,2025-06-04 05:30:00,155.57609294535118,4001215457.270695,155.57609294535118,155.57609294535118,155.57609294535118,SOL-USD,crypto,
2025-06-05,2025-06-05 05:30:00,153.52933334658826,2894328554.847466,153.52933334658826,153.52933334658826,153.52933334658826,SOL-USD,crypto,
2025-06-06,2025-06-06 05:30:00,144.54778524030908,5147783563.002369,144.54778524030908,144.54778524030908,144.54778524030908,SOL-USD,crypto,
2025-06-07,2025-06-07 05:30:00,148.27289869882955,3081994292.815606,148.27289869882955,148.27289869882955,148.27289869882955,SOL-USD,crypto,
2025-06-08,2025-06-08 05:30:00,150.07536034230216,2061571442.4994385,150.07536034230216,150.07536034230216,150.07536034230216,SOL-USD,crypto,
2025-06-09,2025-06-09 05:30:00,152.50446458828966,2132215310.9007103,152.50446458828966,152.50446458828966,152.50446458828966,SOL-USD,crypto,
2025-06-10,2025-06-10 05:30:00,161.15980951265985,4008837628.698958,161.15980951265985,161.15980951265985,161.15980951265985,SOL-USD,crypto,
2025-06-11,2025-06-11 05:30:00,164.9644225697288,5347282400.770432,164.9644225697288,164.9644225697288,164.9644225697288,SOL-USD,crypto,
2025-06-12,2025-06-12 05:30:00,161.01986639557893,5796688364.492554,161.01986639557893,161.01986639557893,161.01986639557893,SOL-USD,crypto,
2025-06-13,2025-06-13 05:30:00,152.6604566097001,3971540185.958896,152.6604566097001,152.6604566097001,152.6604566097001,SOL-USD,crypto,
2025-06-14,2025-06-14 05:30:00,148.53042859104298,6899166919.424324,148.53042859104298,148.53042859104298,148.53042859104298,SOL-USD,crypto,
2025-06-15,2025-06-15 05:30:00,144.75154594223267,2347896839.3558106,144.75154594223267,144.75154594223267,144.75154594223267,SOL-USD,crypto,
2025-06-16,2025-06-16 05:30:00,152.684889859998,3899774764.538459,152.684889859998,152.684889859998,152.684889859998,SOL-USD,crypto,
2025-06-17,2025-06-17 05:30:00,151.43554856186984,5091508004.197791,151.43554856186984,151.43554856186984,151.43554856186984,SOL-USD,crypto,
2025-06-18,2025-06-18 05:30:00,147.99188434299543,5049196750.599356,147.99188434299543,147.99188434299543,147.99188434299543,SOL-USD,crypto,
2025-06-19,2025-06-19 05:30:00,146.27697674399295,4140075680.6693616,146.27697674399295,146.27697674399295,146.27697674399295,SOL-USD,crypto,
2025-06-20,2025-06-20 05:30:00,147.09924520457085,3317445622.022612,147.09924520457085,147.09924520457085,147.09924520457085,SOL-USD,crypto,
2025-06-21,2025-06-21 05:30:00,140.04009054961782,4927733598.47951,140.04009054961782,140.04009054961782,140.04009054961782,SOL-USD,crypto,
2025-06-22,2025-06-22 05:30:00,133.71000196412658,3965117683.287045,133.71000196412658,133.71000196412658,133.71000196412658,SOL-USD,crypto,
2025-06-23,2025-06-23 05:30:00,131.8134744866569,6034851129.188091,131.8134744866569,131.8134744866569,131.8134744866569,SOL-USD,crypto,
2025-06-24,2025-06-24 05:30:00,144.7815680115998,6803245546.166264,144.7815680115998,144.7815680115998,144.7815680115998,SOL-USD,crypto,
2025-06-25,2025-06-25 05:30:00,145.8019507474219,4365577695.258674,145.8019507474219,145.8019507474219,145.8019507474219,SOL-USD,crypto,
2025-06-26,2025-06-26 05:30:00,143.37011953879949,3632253966.777613,143.37011953879949,143.37011953879949,143.37011953879949,SOL-USD,crypto,
2025-06-27,2025-06-27 05:30:00,138.97799072607012,4094443190.4828176,138.97799072607012,138.97799072607012,138.97799072607012,SOL-USD,crypto,
2025-06-28,2025-06-28 05:30:00,142.12675809713753,3884472749.8418827,142.12675809713753,142.12675809713753,142.12675809713753,SOL-USD,crypto,
2025-06-29,2025-06-29 05:30:00,150.7812372563586,3480663753.86231,150.7812372563586,150.7812372563586,150.7812372563586,SOL-USD,crypto,
2025-06-30,2025-06-30 05:30:00,153.31879559308874,3034669713.0257177,153.31879559308874,153.31879559308874,153.31879559308874,SOL-USD,crypto,
2025-07-01,2025-07-01 05:30:00,154.9374500694811,5839631136.997528,154.9374500694811,154.9374500694811,154.9374500694811,SOL-USD,crypto,
2025-07-02,2025-07-02 05:30:00,146.84115991278014,4180937195.699031,146.84115991278014,146.84115991278014,146.84115991278014,SOL-USD,crypto,
2025-07-03,2025-07-03 05:30:00,152.1680329188485,4586707670.749116,152.1680329188485,152.1680329188485,152.1680329188485,SOL-USD,crypto,
2025-07-04,2025-07-04 05:30:00,152.28063806980848,4481298325.462197,152.28063806980848,152.28063806980848,152.28063806980848,SOL-USD,crypto,
2025-07-05,2025-07-05 05:30:00,147.76302956048175,4122205670.4260592,147.76302956048175,147.76302956048175,147.76302956048175,SOL-USD,crypto,
2025-07-06,2025-07-06 05:30:00,147.60067170952217,1854457228.577465,147.60067170952217,147.60067170952217,147.60067170952217,SOL-USD,crypto,
2025-07-07,2025-07-07 05:30:00,151.92103968743746,3555730137.1277676,151.92103968743746,151.92103968743746,151.92103968743746,SOL-USD,crypto,
2025-07-08,2025-07-08 05:30:00,148.79005045485957,4159999387.584406,148.79005045485957,148.79005045485957,148.79005045485957,SOL-USD,crypto,
2025-07-09,2025-07-09 05:30:00,151.83083400485827,4528768718.257452,151.83083400485827,151.83083400485827,151.83083400485827,SOL-USD,crypto,
2025-07-10,2025-07-10 05:30:00,157.20772193763892,5340601044.883773,157.20772193763892,157.20772193763892,157.20772193763892,SOL-USD,crypto,
2025-07-11,2025-07-11 05:30:00,163.85821380442644,10873010259.89518,163.85821380442644,163.85821380442644,163.85821380442644,SOL-USD,crypto,
2025-07-12,2025-07-12 05:30:00,162.75319398002793,15000208185.36994,162.75319398002793,162.75319398002793,162.75319398002793,SOL-USD,crypto,
2025-07-13,2025-07-13 05:30:00,160.46917812212587,7427115213.712982,160.46917812212587,160.46917812212587,160.46917812212587,SOL-USD,crypto,
2025-07-14,2025-07-14 05:30:00,161.2426294578984,7216327088.3555765,161.2426294578984,161.2426294578984,161.2426294578984,SOL-USD,crypto,
2025-07-15,2025-07-15 01:57:47,162.94179682333845,14590369293.383081,162.94179682333845,162.94179682333845,162.94179682333845,SOL-USD,crypto,
2024-11-06,2024-11-06 00:00:00,433.99443344358025,2253939.0,432.13284459598424,436.45529530240384,429.6768852503973,AAPL,stock,True
2024-11-07,2024-11-07 00:00:00,432.24517690961017,4416243.0,434.304954617837,436.81574995076636,428.8917032367611,AAPL,stock,True
2024-11-08,2024-11-08 00:00:00,434.44779463807583,4937459.0,440.7604411562475,444.0675108138373,432.06413399904454,AAPL,stock,True
2024-11-11,2024-11-11 00:00:00,440.76634333011833,3710730.0,437.64540045879676,445.0596486314928,435.534696369434,AAPL,stock,True
2024-11-12,2024-11-12 00:00:00,437.78326320650854,2975418.0,444.1573128794125,446.0124501447099,435.9491946794695,AAPL,stock,True
2024-11-13,2024-11-13 00:00:00,444.1896819737525,553054.0,450.28893465540426,454.57138372853893,441.93232949598973,AAPL,stock,True
2024-11-14,2024-11-14 00:00:00,450.488845568495,3263576.0,455.65786462212145,456.39786293615646,450.26241133362976,AAPL,stock,True
2024-11-15,2024-11-15 00:00:00,455.4156560153175,3001043.0,458.97894618926347,461.47573689506737,451.90893074033704,AAPL,stock,True
2024-11-18,2024-11-18 00:00:00,458.9162339575558,2065100.0,460.2354885144139,462.2346627425319,458.70503745398537,AAPL,stock,True
2024-11-19,2024-11-19 00:00:00,460.44259183206066,2609594.0,459.71343474674467,462.6850200441765,456.2169549854253,AAPL,stock,True
2024-11-20,2024-11-20 00:00:00,459.7218111645349,3094408.0,453.38765005224485,461.5770102652791,450.03130689726186,AAPL,stock,True
2024-11-21,2024-11-21 00:00:00,453.5695767056165,3355445.0,448.49738784701583,454.8984118999332,447.7722537374238,AAPL,stock,True
2024-11-22,2024-11-22 00:00:00,448.55799730272605,1979802.0,443.9102774184038,452.99298904514694,440.7021640029898,AAPL,stock,True
2024-11-25,2024-11-25 00:00:00,443.8031306547194,2154653.0,450.1019121145354,453.45242914421743,442.35857690748713,AAPL,stock,True
2024-11-26,2024-11-26 00:00:00,450.0615476535736,4053139.0,446.97294812150454,451.218843511603,446.48407444876597,AAPL,stock,True
2024-11-27,2024-11-27 00:00:00,447.0975489471648,1457854.0,446.05887401470005,450.8164557934807,445.9557641999122,AAPL,stock,True
2024-11-28,2024-11-28 00:00:00,445.92495301520086,4254055.0,451.4414656885426,453.1382913311408,444.5029686877984,AAPL,stock,True
2024-11-29,2024-11-29 00:00:00,451.2003254505718,3391163.0,450.3546280430749,453.3803085915992,447.9305001106935,AAPL,stock,True
2024-12-02,2024-12-02 00:00:00,450.4394031968251,4376623.0,453.5039489475896,457.26392141322776,446.09132270007774,AAPL,stock,True
2024-12-03,2024-12-03 00:00:00,453.36634808335293,2767213.0,446.7705868194256,456.5170151534701,442.78687820651527,AAPL,stock,True
2024-12-04,2024-12-04 00:00:00,446.84836289637184,3388388.0,443.5043113796285,448.2268281541095,442.3094547760879,AAPL,stock,True
2024-12-05,2024-12-05 00:00:00,443.28066730339583,848060.0,449.7798918344555,451.88204835030245,440.8271131069667,AAPL,stock,True
2024-12-06,2024-12-06 00:00:00,449.9268824533253,1567424.0,448.32462647422693,451.30215012590463,446.7760894235882,AAPL,stock,True
2024-12-09,2024-12-09 00:00:00,448.28084719975044,568907.0,446.9920389832723,450.24063585311666,444.3104830681174,AAPL,stock,True
2024-12-10,2024-12-10 00:00:00,446.77146955796866,2109197.0,443.25246433225016,448.3742485780622,440.30634366755385,AAPL,stock,True
2024-12-11,2024-12-11 00:00:00,443.29412135314425,2095207.0,437.6051119647515,445.82625473159175,436.45040405435947,AAPL,stock,True
2024-12-12,2024-12-12 00:00:00,437.4867404660599,3170248.0,434.4951619781617,441.17464167692805,434.37536943121444,AAPL,stock,True
2024-12-13,2024-12-13 00:00:00,434.51456429315664,510032.0,433.95568567503966,435.16505752368465,433.7433108716814,AAPL,stock,True
2024-12-16,2024-12-16 00:00:00,433.8550050441616,1667499.0,438.70122395638504,438.78247409266015,433.0738064712309,AAPL,stock,True
2024-12-17,2024-12-17 00:00:00,438.7768913508091,4296478.0,442.3240244332537,446.32992865924314,434.76729638672884,AAPL,stock,True
2024-12-18,2024-12-18 00:00:00,442.26356512588904,4801070.0,436.6493566933206,442.7932159633805,433.23423530140286,AAPL,stock,True
2024-12-19,2024-12-19 00:00:00,436.6461087216995,1914381.0,440.01044852409683,443.95251679481044,433.83796113116483,AAPL,stock,True
2024-12-20,2024-12-20 00:00:00,440.03859800710444,3918368.0,443.9157289959907,447.8969027949785,437.20865078130447,AAPL,stock,True
2024-12-23,2024-12-23 00:00:00,443.88191524745747,1960485.0,444.8489516203559,445.14073389048013,440.72895403481715,AAPL,stock,True
2024-12-24,2024-12-24 00:00:00,444.8208033809924,2207383.0,440.89308080517515,446.0370774742877,440.11136495055547,AAPL,stock,True
2024-12-25,2024-12-25 00:00:00,441.0380739917494,2243263.0,447.36532878556073,451.58255051290126,440.82547825595503,AAPL,stock,True
2024-12-26,2024-12-26 00:00:00,447.28712409762903,1251595.0,444.65013903125913,451.30057863660056,441.21639832948506,AAPL,stock,True
2024-12-27,2024-12-27 00:00:00,444.8026193788067,2508563.0,438.91857376349384,446.49294958971075,434.9557993298746,AAPL,stock,True
2024-12-30,2024-12-30 00:00:00,438.87250335081643,2161414.0,437.3153549406159,438.98014523004935,436.82780617301387,AAPL,stock,True
2024-12-31,2024-12-31 00:00:00,437.2286110235837,919872.0,443.2476018835706,443.3202168391501,436.60183120323165,AAPL,stock,True
2025-01-01,2025-01-01 00:00:00,443.169062297164,4440063.0,440.4177718643146,445.5106936747236,437.41814726882194,AAPL,stock,True
2025-01-02,2025-01-02 00:00:00,440.3179865539387,2598623.0,438.4277073751353,443.63417044475807,436.98208223859564,AAPL,stock,True
2025-01-03,2025-01-03 00:00:00,438.34392976616897,3745123.0,433.5870935922263,439.305641673694,432.6494674212701,AAPL,stock,True
2025-01-06,2025-01-06 00:00:00,433.5565838252345,1347936.0,437.0482557748732,438.67087313703996,431.30653383553425,AAPL,stock,True
2025-01-07,2025-01-07 00:00:00,436.9068839502648,3304390.0,432.7042733353066,441.03966214296054,429.36866466704635,AAPL,stock,True
2025-01-08,2025-01-08 00:00:00,432.571412905077,2422810.0,427.5468516013907,434.32260069107934,424.30999556238635,AAPL,stock,True
2025-01-09,2025-01-09 00:00:00,427.6064125651666,3402918.0,423.46774666318294,430.00033827083087,419.6026069920129,AAPL,stock,True
2025-01-10,2025-01-10 00:00:00,423.34503422360496,1633055.0,424.4748705713389,425.02814665188777,422.3136081764404,AAPL,stock,True
2025-01-13,2025-01-13 00:00:00,424.6320371644396,4774370.0,418.6516874070377,426.2483475294142,416.6592839020913,AAPL,stock,True
2025-01-14,2025-01-14 00:00:00,418.76604905310757,1828279.0,415.8207590221992,420.19330647281254,415.4627830949776,AAPL,stock,True
2025-01-15,2025-01-15 00:00:00,415.8600073464587,1807886.0,421.6851606719221,422.9413768248753,415.2519330379958,AAPL,stock,True
2025-01-16,2025-01-16 00:00:00,421.6590359729507,3731555.0,417.1159051059635,423.40304579117634,414.30384285768775,AAPL,stock,True
2025-01-17,2025-01-17 00:00:00,417.13017841876234,2695366.0,421.2943315917278,422.02624153534265,416.76460866300914,AAPL,stock,True
2025-01-20,2025-01-20 00:00:00,421.2299453480933,3669591.0,425.33724846419005,426.34958474371655,419.42067591386143,AAPL,stock,True
2025-01-21,2025-01-21 00:00:00,425.2553769061323,1296848.0,419.27493040028133,428.39752386903785,417.4667700862215,AAPL,stock,True
2025-01-22,2025-01-22 00:00:00,419.3372228466509,4640817.0,418.930373419874,419.91810298826397,417.5479930022247,AAPL,stock,True
2025-01-23,2025-01-23 00:00:00,418.76940607994675,1179626.0,416.74171001243263,422.0723948669164,413.4843167079269,AAPL,stock,True
2025-01-24,2025-01-24 00:00:00,416.6118891751331,4000591.0,411.5906516323596,417.64111558310714,408.1306963405548,AAPL,stock,True
2025-01-27,2025-01-27 00:00:00,411.5352300854285,3609646.0,412.3332508833333,413.9461701670229,410.6619869524487,AAPL,stock,True
2025-01-28,2025-01-28 00:00:00,412.3368249663809,1347393.0,407.30121278461456,412.5557996312285,403.7010302841929,AAPL,stock,True
2025-01-29,2025-01-29 00:00:00,407.3988723248782,3973618.0,409.6723601352912,410.5978469043295,405.08294808933067,AAPL,stock,True
2025-01-30,2025-01-30 00:00:00,409.52922640039037,3131498.0,405.3571306915845,410.9585834929982,403.9976300370693,AAPL,stock,True
2025-01-31,2025-01-31 00:00:00,405.30697976589175,4425457.0,404.5372259032961,407.70592770353926,404.0646598314976,AAPL,stock,True
2025-02-03,2025-02-03 00:00:00,404.40967478990405,4397338.0,406.11073574005223,407.94928665682687,401.26714830053226,AAPL,stock,True
2025-02-04,2025-02-04 00:00:00,406.0834609273122,1825053.0,408.003123415535,409.0786970994334,403.326132209918,AAPL,stock,True
2025-02-05,2025-02-05 00:00:00,408.0266513658303,1800876.0,410.21293147740374,413.9099433332666,406.8854425885425,AAPL,stock,True
2025-02-06,2025-02-06 00:00:00,410.0966050914944,1013621.0,414.5598253183657,418.40528781557464,408.7089188966488,AAPL,stock,True
2025-02-07,2025-02-07 00:00:00,414.55382642070884,769284.0,418.51459515610554,422.4976383139095,411.86634799591184,AAPL,stock,True
2025-02-10,2025-02-10 00:00:00,418.34715477248295,1035841.0,420.2583694290925,420.7513024282604,417.4383928129711,AAPL,stock,True
2025-02-11,2025-02-11 00:00:00,420.2976011302873,2668475.0,422.8458877494324,424.4467516579795,419.83592581863786,AAPL,stock,True
2025-02-12,2025-02-12 00:00:00,422.7621863075182,617677.0,427.07796469092904,427.51112548951994,420.26718350992934,AAPL,stock,True
2025-02-13,2025-02-13 00:00:00,427.01372948680887,2215282.0,422.2127567558835,427.46609406385465,419.77196507313334,AAPL,stock,True
2025-02-14,2025-02-14 00:00:00,422.0915242514386,1418987.0,421.6893019609125,422.5499759911943,421.29774832996645,AAPL,stock,True
2025-02-17,2025-02-17 00:00:00,421.8484631556082,4866525.0,415.67916123110416,424.8915145632865,415.15534777782347,AAPL,stock,True
2025-02-18,2025-02-18 00:00:00,415.7341319815269,2195327.0,414.9901892778657,417.73323099429854,411.09506427154366,AAPL,stock,True
2025-02-19,2025-02-19 00:00:00,414.928416887846,3527801.0,410.99363522851604,417.5825597623974,408.94951544133374,AAPL,stock,True
2025-02-20,2025-02-20 00:00:00,411.1549205877782,1116130.0,413.17311701076204,415.1104574128042,408.647686776808,AAPL,stock,True
2025-02-21,2025-02-21 00:00:00,413.10042485159613,969057.0,412.3803200923,414.4833675006804,411.25260119181155,AAPL,stock,True
2025-02-24,2025-02-24 00:00:00,412.3079350104814,3570743.0,406.96506167387554,415.09275943569884,405.53589687861046,AAPL,stock,True
2025-02-25,2025-02-25 00:00:00,406.8661344222195,2421703.0,402.7861160231622,408.8835538602542,399.9627894183256,AAPL,stock,True
2025-02-26,2025-02-26 00:00:00,402.8863617555943,1801520.0,397.8900098864974,404.7446216535488,394.82278801774316,AAPL,stock,True
2025-02-27,2025-02-27 00:00:00,397.96689120304376,1472265.0,400.71633506825145,401.45536661591024,395.7435373804245,AAPL,stock,True
2025-02-28,2025-02-28 00:00:00,400.8593389408414,2293933.0,397.26356669639483,402.18616058327905,397.005998197186,AAPL,stock,True
2025-03-03,2025-03-03 00:00:00,397.3122085197927,4064235.0,393.4945574368227,401.1962085172701,390.6966080107399,AAPL,stock,True
2025-03-04,2025-03-04 00:00:00,393.319325186582,1143696.0,392.474344418552,394.324838933732,388.5899094698755,AAPL,stock,True
2025-03-05,2025-03-05 00:00:00,392.2906938618382,929750.0,396.8955813332149,397.31538764675815,390.7093770178525,AAPL,stock,True
2025-03-06,2025-03-06 00:00:00,396.81501793270706,2132697.0,400.7797840704485,402.2309324671375,396.76839110398254,AAPL,stock,True
2025-03-07,2025-03-07 00:00:00,400.81851572681285,2010239.0,403.48188964194463,405.8205670014978,398.83988418349486,AAPL,stock,True
2025-03-10,2025-03-10 00:00:00,403.62971242111024,3535866.0,400.33605460683367,404.75165668821506,397.65581940060935,AAPL,stock,True
2025-03-11,2025-03-11 00:00:00,400.3206472784466,2797798.0,399.42407742943976,403.80451435396066,398.67729012199925,AAPL,stock,True
2025-03-12,2025-03-12 00:00:00,399.24129384408707,877894.0,397.2775582911739,401.88650482825614,394.88152696684625,AAPL,stock,True
2025-03-13,2025-03-13 00:00:00,397.3563133293578,728227.0,398.35903444771776,400.97878464040525,394.8440740036466,AAPL,stock,True
2025-03-14,2025-03-14 00:00:00,398.37692756044396,2590722.0,401.21507439009315,401.5274195746986,394.747310657505,AAPL,stock,True
2025-03-17,2025-03-17 00:00:00,401.019170111059,2939621.0,395.8031328958494,402.7684502488129,395.7590370355684,AAPL,stock,True
2025-03-18,2025-03-18 00:00:00,395.89411205545565,4925458.0,391.3789376045939,398.7149249112045,389.9395269500905,AAPL,stock,True
2025-03-19,2025-03-19 00:00:00,391.26998677454293,2308446.0,396.5933598783139,399.9036957587475,390.84104933052043,AAPL,stock,True
2025-03-20,2025-03-20 00:00:00,396.76567057782313,2969201.0,392.2808667742299,400.2094241814914,390.32136182716795,AAPL,stock,True
2025-03-21,2025-03-21 00:00:00,392.4034163740954,3622529.0,390.6372668226729,396.24460600754304,389.5123539449537,AAPL,stock,True
2025-03-24,2025-03-24 00:00:00,390.5079123039992,4831608.0,389.4853942561294,391.6772850484444,388.81251329303825,AAPL,stock,True
2025-03-25,2025-03-25 00:00:00,389.47482275797074,4217598.0,388.3156189533991,390.0645399236177,387.1512936876524,AAPL,stock,True
2025-03-26,2025-03-26 00:00:00,388.3075578726236,580068.0,388.2461755327726,389.4579813050315,385.4286127890732,AAPL,stock,True
2025-03-27,2025-03-27 00:00:00,388.0605555136149,2027424.0,387.982517290337,390.78486376758326,386.28862932713935,AAPL,stock,True
2025-03-28,2025-03-28 00:00:00,387.99455727718623,1784011.0,390.10610478673993,390.82561918158626,385.0994554172344,AAPL,stock,True
2025-03-31,2025-03-31 00:00:00,389.9391243804853,4787833.0,385.31542321598295,391.879097954055,382.525277223266,AAPL,stock,True
2025-04-01,2025-04-01 00:00:00,385.1848088745965,502752.0,385.1845082229527,385.1954839374645,383.4499343170515,AAPL,stock,True
2025-04-02,2025-04-02 00:00:00,385.2019576486724,1508079.0,387.88382614798945,388.20187843208606,382.58106381394913,AAPL,stock,True
2025-04-03,2025-04-03 00:00:00,387.8941478738454,3936177.0,386.80478177806935,390.4416031367236,386.13172398728415,AAPL,stock,True
2025-04-04,2025-04-04 00:00:00,386.7242945625217,3779406.0,391.4708529318986,394.9374020572681,386.18070473463973,AAPL,stock,True
2025-04-07,2025-04-07 00:00:00,391.4536601887309,1606358.0,391.3141906005052,392.5704356039182,389.86826361149417,AAPL,stock,True
2025-04-08,2025-04-08 00:00:00,391.3060173923752,2781165.0,391.6286499735416,393.8029587279056,390.08588735997574,AAPL,stock,True
2025-04-09,2025-04-09 00:00:00,391.74623632016255,4167764.0,388.46270778114007,392.244661844336,385.4040283219887,AAPL,stock,True
2025-04-10,2025-04-10 00:00:00,388.27938011718896,3035134.0,390.0335765671744,392.20551982769183,387.4434255942257,AAPL,stock,True
2025-04-11,2025-04-11 00:00:00,390.0059134620195,3901389.0,392.1712646416276,395.8028207313107,388.91197601838496,AAPL,stock,True
2025-04-14,2025-04-14 00:00:00,391.97557090182045,3152218.0,393.7658888844213,395.2764812060284,390.3894370401517,AAPL,stock,True
2025-04-15,2025-04-15 00:00:00,393.6052950833919,1534140.0,388.72791578908965,396.79904426987576,386.44176897790584,AAPL,stock,True
2025-04-16,2025-04-16 00:00:00,388.89873686595377,1253439.0,386.2854186493127,390.9211133164287,384.48215450091584,AAPL,stock,True
2025-04-17,2025-04-17 00:00:00,386.07839416872326,1760084.0,381.14222495946916,387.14451996412015,380.79684957326464,AAPL,stock,True
2025-04-18,2025-04-18 00:00:00,380.9853706589326,3791001.0,379.98719311428886,383.27644097627916,377.94662482758355,AAPL,stock,True
2025-04-21,2025-04-21 00:00:00,379.9013921672284,3416475.0,379.60555762918295,382.0974988432506,377.2224179577775,AAPL,stock,True
2025-04-22,2025-04-22 00:00:00,379.5352474212902,4284001.0,381.9778315058165,382.3534766118541,378.60757006459505,AAPL,stock,True
2025-04-23,2025-04-23 00:00:00,381.99025697140604,3865667.0,378.94543615349164,384.7876713117029,377.6490954999403,AAPL,stock,True
2025-04-24,2025-04-24 00:00:00,379.10939711495587,4303696.0,374.6814546234157,380.6712408514935,372.4581483993787,AAPL,stock,True
2025-04-25,2025-04-25 00:00:00,374.5689504074248,2665653.0,372.87216358296564,377.79788374891825,370.2935761392633,AAPL,stock,True
2025-04-28,2025-04-28 00:00:00,372.7755107347125,2983593.0,368.23555344579825,374.30785169157554,365.9467102963019,AAPL,stock,True
2025-04-29,2025-04-29 00:00:00,368.2870794667496,3080900.0,369.7716067306717,372.9633022448482,364.66762658195756,AAPL,stock,True
2025-04-30,2025-04-30 00:00:00,369.7668498516878,748666.0,369.23149169213025,370.4343301820508,368.3769961551939,AAPL,stock,True
2025-05-01,2025-05-01 00:00:00,369.31707898114126,4572182.0,365.1501975610901,369.35779801853585,361.81395661530905,AAPL,stock,True
2025-05-02,2025-05-02 00:00:00,365.25018537076016,3935334.0,362.9697730091325,368.12794875407,361.2404909313116,AAPL,stock,True
2025-05-05,2025-05-05 00:00:00,363.0940933536994,2308887.0,358.6085521490725,365.1561702326748,358.12280505739113,AAPL,stock,True
2025-05-06,2025-05-06 00:00:00,358.6066365496104,2217178.0,358.43380269866924,359.81722737702114,357.2096517862588,AAPL,stock,True
2025-05-07,2025-05-07 00:00:00,358.26291910775603,4993194.0,357.31149858209227,360.92730964931997,353.81308340966376,AAPL,stock,True
2025-05-08,2025-05-08 00:00:00,357.3318966658002,4339713.0,357.9059412461713,358.91762432830166,356.2368993090062,AAPL,stock,True
2025-05-09,2025-05-09 00:00:00,357.8536045834625,2079432.0,358.3027190613574,360.55135132275626,355.5642442455435,AAPL,stock,True
2025-05-12,2025-05-12 00:00:00,358.2644634312171,2153413.0,360.5305762441701,362.1080496794298,355.3164489890979,AAPL,stock,True
2025-05-13,2025-05-13 00:00:00,360.5900560210578,3814123.0,360.09444206986797,362.54595233076327,359.1204643654341,AAPL,stock,True
2025-05-14,2025-05-14 00:00:00,360.2306492403221,3681390.0,356.24731293294633,360.8365814850436,353.63349714261847,AAPL,stock,True
2025-05-15,2025-05-15 00:00:00,356.3854758765183,3988674.0,352.4211952613489,357.0260421461837,349.9214404399213,AAPL,stock,True
2025-05-16,2025-05-16 00:00:00,352.35906756623547,899561.0,350.73243779863895,354.06740476908203,347.3444364439231,AAPL,stock,True
2025-05-19,2025-05-19 00:00:00,350.8459875926306,1732600.0,346.320749393099,352.1274280328096,344.7140433331476,AAPL,stock,True
2025-05-20,2025-05-20 00:00:00,346.2397860574768,580982.0,341.9180505679485,346.66187302709164,341.5632530437918,AAPL,stock,True
2025-05-21,2025-05-21 00:00:00,341.8374860528606,4739897.0,344.620088165179,345.8745552252484,339.39022159291113,AAPL,stock,True
2025-05-22,2025-05-22 00:00:00,344.7183879445769,2909875.0,348.44582681723983,348.69520313223575,342.454254640665,AAPL,stock,True
2025-05-23,2025-05-23 00:00:00,348.3685196154972,709999.0,349.99519971049835,352.9776283719459,346.87792306864156,AAPL,stock,True
2025-05-26,2025-05-26 00:00:00,350.03446133963394,3080045.0,352.2070697178802,354.68205439380307,346.689465794829,AAPL,stock,True
2025-05-27,2025-05-27 00:00:00,352.0652658762076,3542088.0,348.536988494119,352.8642490707751,347.6761895906606,AAPL,stock,True
2025-05-28,2025-05-28 00:00:00,348.67191019101386,540640.0,350.8870897840965,354.34314339836675,347.52678993344153,AAPL,stock,True
2025-05-29,2025-05-29 00:00:00,350.93051497038107,2967586.0,345.79160940892126,352.01465743258035,344.2395916676749,AAPL,stock,True
2025-05-30,2025-05-30 00:00:00,345.7304328663686,2415422.0,343.56384743441157,347.2038926231402,341.55892689764573,AAPL,stock,True
2025-06-02,2025-06-02 00:00:00,343.3848457200922,3577446.0,348.22522337727924,349.27342072246233,343.2041514672871,AAPL,stock,True
2025-06-03,2025-06-03 00:00:00,348.1122248580793,4245649.0,352.66119603120313,353.90228400371694,346.15358699957244,AAPL,stock,True
2025-06-04,2025-06-04 00:00:00,352.62201510088573,2781645.0,354.06638958325203,354.97298468763097,350.7918283652719,AAPL,stock,True
2025-06-05,2025-06-05 00:00:00,354.2181796479818,1644753.0,349.0358809976677,357.3279151005279,347.0565337348239,AAPL,stock,True
2025-06-06,2025-06-06 00:00:00,349.11047212366435,1743180.0,349.6258232768762,351.6393562184963,348.43388026316865,AAPL,stock,True
2025-06-09,2025-06-09 00:00:00,349.4595679115243,3901466.0,351.4564323278722,354.89010122067873,348.7827258416251,AAPL,stock,True
2025-06-10,2025-06-10 00:00:00,351.4209717340424,769733.0,346.84777682256424,352.61612268229055,345.745451153041,AAPL,stock,True
2025-06-11,2025-06-11 00:00:00,346.71478519000635,851072.0,345.09315637330934,346.7850076647341,344.5540404137655,AAPL,stock,True
2025-06-12,2025-06-12 00:00:00,345.1378484625519,2992473.0,340.2347772799871,346.5897228349047,339.0105799547432,AAPL,stock,True
2025-06-13,2025-06-13 00:00:00,340.0938671341633,740496.0,338.05404975074106,341.9656598793876,336.47369357704287,AAPL,stock,True
2025-06-16,2025-06-16 00:00:00,337.9596013641952,668910.0,341.85088040631615,343.17228688919533,336.30365368070557,AAPL,stock,True
2025-06-17,2025-06-17 00:00:00,341.6688107252483,4377375.0,340.40283490583926,344.4533907511822,339.03752472941017,AAPL,stock,True
2025-06-18,2025-06-18 00:00:00,340.23259307221963,1969311.0,344.11070535260683,346.5103816705819,337.2278301522401,AAPL,stock,True
2025-06-19,2025-06-19 00:00:00,344.18347003973184,925569.0,347.49438276536404,348.6013283001134,343.87170255062034,AAPL,stock,True
2025-06-20,2025-06-20 00:00:00,347.5340430836707,4104892.0,352.5597158019775,355.2855720412629,345.80874860068826,AAPL,stock,True
2025-06-23,2025-06-23 00:00:00,352.38929396924163,4394648.0,350.5656056942712,354.03356080234886,349.8852505736114,AAPL,stock,True
2025-06-24,2025-06-24 00:00:00,350.424764188951,4064300.0,345.9275708377039,351.80241383162735,343.7575087546952,AAPL,stock,True
2025-06-25,2025-06-25 00:00:00,345.96900306798534,2178265.0,345.78353505304386,348.0687869936409,345.67667480821814,AAPL,stock,True
2025-06-26,2025-06-26 00:00:00,345.9124096766987,3198354.0,349.3924655675104,349.58606990196677,344.62388989521304,AAPL,stock,True
2025-06-27,2025-06-27 00:00:00,349.38464908846936,3467898.0,346.5636333365901,350.1285247392526,343.6130228957886,AAPL,stock,True
2025-06-30,2025-06-30 00:00:00,346.68479072431916,3242378.0,343.27959493124456,347.83861417092714,340.56538538987326,AAPL,stock,True
2025-07-01,2025-07-01 00:00:00,343.1877108803468,2923718.0,341.32647299622676,346.46981784500997,338.0988919601285,AAPL,stock,True
2025-07-02,2025-07-02 00:00:00,341.38450634841683,1085758.0,338.7984799672082,342.2187302927557,336.6743110529392,AAPL,stock,True
2025-07-03,2025-07-03 00:00:00,338.8917520698394,1323492.0,342.5041018518505,344.60596596153414,336.839824061298,AAPL,stock,True
2025-07-04,2025-07-04 00:00:00,342.59127828394236,3368278.0,345.0517836057373,345.2740538004905,339.98238517627783,AAPL,stock,True
2025-07-07,2025-07-07 00:00:00,344.9195277865198,3197177.0,341.48349171551297,345.8462265508837,339.6983013463719,AAPL,stock,True
2025-07-08,2025-07-08 00:00:00,341.30221290055545,4615191.0,342.65500124864104,343.7986436509452,339.7499792798688,AAPL,stock,True
2025-07-09,2025-07-09 00:00:00,342.7347970161765,1552467.0,339.18858768910934,344.0486585181118,337.55799131101145,AAPL,stock,True
2025-07-10,2025-07-10 00:00:00,339.0941996462087,4767825.0,334.29436158615675,340.1266773584065,333.3371395752037,AAPL,stock,True
2025-07-11,2025-07-11 00:00:00,334.3196581735662,4934698.0,334.77835016118826,337.0060764121665,334.0167191242148,AAPL,stock,True
2025-07-14,2025-07-14 00:00:00,334.72996832657236,3646319.0,337.2538523479598,339.7718648514153,331.3863179764658,AAPL,stock,True
2025-07-15,2025-07-15 00:00:00,337.13607719611525,4852043.0,336.0,339.3583164288093,333.57826005023776,AAPL,stock,True
2024-11-06,2024-11-06 00:00:00,386.69294783779253,4627929.0,385.47280910836025,389.9332234415606,384.9646788283463,MSFT,stock,True
2024-11-07,2024-11-07 00:00:00,385.40943366433186,1876950.0,379.8112555751984,387.7205109756409,378.09578649670397,MSFT,stock,True
2024-11-08,2024-11-08 00:00:00,379.61579864881105,2571138.0,382.0958101047099,382.441589681798,375.8597683459722,MSFT,stock,True
2024-11-11,2024-11-11 00:00:00,381.93007226186046,1757639.0,376.41460032834755,383.051883587314,374.9190724407268,MSFT,stock,True
2024-11-12,2024-11-12 00:00:00,376.4296834939626,2318551.0,382.07462115323176,383.2099924832002,373.9702078922765,MSFT,stock,True
2024-11-13,2024-11-13 00:00:00,382.13217712057116,1819667.0,385.8093237141369,385.866591737224,378.7030373992639,MSFT,stock,True
2024-11-14,2024-11-14 00:00:00,385.9017098537365,3791546.0,383.87942604096935,387.8601582968307,380.8906476038676,MSFT,stock,True
2024-11-15,2024-11-15 00:00:00,383.9211717542346,4756863.0,380.0713567320371,386.6543566586258,377.5342892919331,MSFT,stock,True
2024-11-18,2024-11-18 00:00:00,380.1891202969867,3879976.0,377.85853289418367,381.9630427218142,374.1427376605178,MSFT,stock,True
2024-11-19,2024-11-19 00:00:00,377.99997510988555,805590.0,382.81206503109826,384.7125375616558,376.7435555800864,MSFT,stock,True
2024-11-20,2024-11-20 00:00:00,382.647440448366,2243955.0,383.6179388120258,383.7687152992365,380.070420637817,MSFT,stock,True
2024-11-21,2024-11-21 00:00:00,383.4790333885773,4954528.0,386.3409420116668,389.64580558784934,382.00114572494306,MSFT,stock,True
2024-11-22,2024-11-22 00:00:00,386.2753719715927,1521507.0,387.67419782721595,389.51848764932186,384.66998619632716,MSFT,stock,True
2024-11-25,2024-11-25 00:00:00,387.5550232289575,4550797.0,383.66016747270766,390.8256498033559,381.99088536362166,MSFT,stock,True
2024-11-26,2024-11-26 00:00:00,383.7108617610818,2482747.0,381.72437735994026,385.65719510329376,379.69732856633993,MSFT,stock,True
2024-11-27,2024-11-27 00:00:00,381.7838045190886,743295.0,377.21196663632116,385.10997442127643,376.54910590470473,MSFT,stock,True
2024-11-28,2024-11-28 00:00:00,377.17448633274637,2451618.0,375.7887292439813,378.76107277017775,373.1960984947813,MSFT,stock,True
2024-11-29,2024-11-29 00:00:00,375.75535324969115,2188615.0,379.99296295843004,382.7328929533226,374.4087760170358,MSFT,stock,True
2024-12-02,2024-12-02 00:00:00,379.9676972561259,3259108.0,382.9007986342291,383.2378167287158,378.9017135034205,MSFT,stock,True
2024-12-03,2024-12-03 00:00:00,382.99026363786487,4191414.0,381.57522771341627,384.166389358553,379.8799773748516,MSFT,stock,True
2024-12-04,2024-12-04 00:00:00,381.665573465446,2548908.0,382.83021673940664,383.67222276906296,379.0826067259341,MSFT,stock,True
2024-12-05,2024-12-05 00:00:00,382.7266963271798,883077.0,379.8537320360021,384.7038826582695,378.92072101680844,MSFT,stock,True
2024-12-06,2024-12-06 00:00:00,379.70293206832014,3666260.0,377.2030240420484,383.28630567860836,376.4569493107149,MSFT,stock,True
2024-12-09,2024-12-09 00:00:00,377.07958097364457,2514977.0,379.78832224742433,382.20907339963884,374.1903526072757,MSFT,stock,True
2024-12-10,2024-12-10 00:00:00,379.78574781614464,3845611.0,385.0901609709146,385.4270937381449,379.1240276283504,MSFT,stock,True
2024-12-11,2024-12-11 00:00:00,384.88897377485716,1023377.0,385.3808079274421,386.5005861880284,384.32645058818616,MSFT,stock,True
2024-12-12,2024-12-12 00:00:00,385.3922687479452,4927575.0,386.67071628858605,387.3062344595482,383.68736403519966,MSFT,stock,True
2024-12-13,2024-12-13 00:00:00,386.6424501175339,3543088.0,381.8167134890276,387.0774408081108,380.6485466694038,MSFT,stock,True
2024-12-16,2024-12-16 00:00:00,381.8260630430997,1229718.0,380.04143619050814,385.0235140546931,377.50149425900133,MSFT,stock,True
2024-12-17,2024-12-17 00:00:00,380.0324745937726,2847424.0,374.5588059633532,380.2622074318666,372.61106602409563,MSFT,stock,True
2024-12-18,2024-12-18 00:00:00,374.4754152167205,3426376.0,371.69245383916785,376.5979928894907,369.07006040195586,MSFT,stock,True
2024-12-19,2024-12-19 00:00:00,371.638795655685,3913332.0,366.5295156573862,373.5668125292515,363.84674953345893,MSFT,stock,True
2024-12-20,2024-12-20 00:00:00,366.5743500881073,4992967.0,370.6830025489557,373.785441263801,365.5224805920116,MSFT,stock,True
2024-12-23,2024-12-23 00:00:00,370.7139630677061,2316585.0,370.3582079121348,373.59657508226934,368.87985543709436,MSFT,stock,True
2024-12-24,2024-12-24 00:00:00,370.50431203080655,3911921.0,372.2183027364654,375.1770931525887,368.98870452740505,MSFT,stock,True
2024-12-25,2024-12-25 00:00:00,372.053946273805,883702.0,367.85607087091455,373.62883048439295,364.1820489817532,MSFT,stock,True
2024-12-26,2024-12-26 00:00:00,367.73246249609684,2377661.0,363.9129673744841,369.8189560996632,361.7189978447019,MSFT,stock,True
2024-12-27,2024-12-27 00:00:00,363.74638129358465,1478398.0,358.7159784788812,364.44345309572765,355.77844917917935,MSFT,stock,True
2024-12-30,2024-12-30 00:00:00,358.83401049113604,3644253.0,356.3179912181367,358.8790362332283,355.6261571478697,MSFT,stock,True
2024-12-31,2024-12-31 00:00:00,356.2764974466311,1741509.0,358.3376420312027,361.54838179414236,354.03455667791695,MSFT,stock,True
2025-01-01,2025-01-01 00:00:00,358.240938724157,4385952.0,354.9643380340134,360.0690487528837,352.39871130571674,MSFT,stock,True
2025-01-02,2025-01-02 00:00:00,354.9331328032926,830801.0,357.8881654066806,360.49920552464005,352.33940224702354,MSFT,stock,True
2025-01-03,2025-01-03 00:00:00,358.0332937420466,3901952.0,360.40366887390235,362.3733091381744,356.8962178985072,MSFT,stock,True
2025-01-06,2025-01-06 00:00:00,360.54667673381033,3489681.0,361.6081360026494,361.6792806179155,357.8927877143981,MSFT,stock,True
2025-01-07,2025-01-07 00:00:00,361.50874270793935,2938187.0,356.4601886950443,361.99523286033605,354.9659121177064,MSFT,stock,True
2025-01-08,2025-01-08 00:00:00,356.2843260121565,1915935.0,361.2932661106299,362.830462956798,354.9425858471826,MSFT,stock,True
2025-01-09,2025-01-09 00:00:00,361.23709331994434,3150745.0,361.22995908212977,361.24882388944076,360.01946589619996,MSFT,stock,True
2025-01-10,2025-01-10 00:00:00,361.2336644174276,4904980.0,360.84781439191534,361.44613204309576,357.38918888403015,MSFT,stock,True
2025-01-13,2025-01-13 00:00:00,360.84721258916335,4069612.0,362.5926896593433,363.65807270791936,359.3957449120991,MSFT,stock,True
2025-01-14,2025-01-14 00:00:00,362.6885553204513,1723553.0,359.43845150892827,365.98874359489514,356.7324184740774,MSFT,stock,True
2025-01-15,2025-01-15 00:00:00,359.4953148532052,3708830.0,357.6095234291918,362.44961480684356,354.086809705379,MSFT,stock,True
2025-01-16,2025-01-16 00:00:00,357.55920040916186,2485878.0,360.75592893430286,363.34954617114914,357.4496335679343,MSFT,stock,True
2025-01-17,2025-01-17 00:00:00,360.66197237107093,3273487.0,362.94736659518304,364.08044750337586,359.80953841582794,MSFT,stock,True
2025-01-20,2025-01-20 00:00:00,362.7670716796084,2670714.0,358.70827026475075,363.35682273042084,356.1459518513615,MSFT,stock,True
2025-01-21,2025-01-21 00:00:00,358.6175694145791,3762710.0,354.7325287946402,361.53363268819305,352.58398542536975,MSFT,stock,True
2025-01-22,2025-01-22 00:00:00,354.5824592412661,2175344.0,354.4058059985821,357.2635443721751,354.17366238117626,MSFT,stock,True
2025-01-23,2025-01-23 00:00:00,354.40845162463455,625685.0,355.26957446392765,358.05469835230224,352.71820446488056,MSFT,stock,True
2025-01-24,2025-01-24 00:00:00,355.0817752724935,4238727.0,351.7171986381405,355.4849251108699,351.35330895142357,MSFT,stock,True
2025-01-27,2025-01-27 00:00:00,351.7627263195176,1519688.0,354.52183964889787,355.0786507959582,349.165873359951,MSFT,stock,True
2025-01-28,2025-01-28 00:00:00,354.64517732537445,4286443.0,354.55187738011705,355.8180408100918,353.45702884010984,MSFT,stock,True
2025-01-29,2025-01-29 00:00:00,354.58275893167075,2326574.0,354.4789380775678,354.92108900697116,353.62832604067404,MSFT,stock,True
2025-01-30,2025-01-30 00:00:00,354.5988688261398,3207850.0,359.9885811888227,360.822558329617,353.010019235768,MSFT,stock,True
2025-01-31,2025-01-31 00:00:00,359.9839405622066,4573428.0,355.82713085390543,362.44195464686914,354.5195713792033,MSFT,stock,True
2025-02-03,2025-02-03 00:00:00,355.67841214470957,3375527.0,352.471292718703,356.9736759165716,349.4471504547043,MSFT,stock,True
2025-02-04,2025-02-04 00:00:00,352.6298077438851,2236611.0,351.4356211535805,355.1035653367664,351.0802625985735,MSFT,stock,True
2025-02-05,2025-02-05 00:00:00,351.2541412589944,2776522.0,349.7409982837947,351.76272790768564,348.4179235452767,MSFT,stock,True
2025-02-06,2025-02-06 00:00:00,349.6754104910645,1868032.0,351.8067875476642,354.12034670667435,349.14761310175317,MSFT,stock,True
2025-02-07,2025-02-07 00:00:00,351.740136997105,3623651.0,356.7234720463399,359.7012156560827,349.07212561609,MSFT,stock,True
2025-02-10,2025-02-10 00:00:00,356.5975231221582,2562094.0,361.72790838567903,364.785508968325,354.0462431790204,MSFT,stock,True
2025-02-11,2025-02-11 00:00:00,361.5333339827519,2065437.0,358.3809249910328,365.03303759964973,357.9533647484299,MSFT,stock,True
2025-02-12,2025-02-12 00:00:00,358.4425965778447,1515322.0,362.60811833625814,363.81436371826504,356.13156328455227,MSFT,stock,True
2025-02-13,2025-02-13 00:00:00,362.73961442071624,4321021.0,360.2401487317621,364.0294243515982,357.83642774280696,MSFT,stock,True
2025-02-14,2025-02-14 00:00:00,360.2925514632621,1710012.0,364.2302008844385,365.65750771542605,359.90273384852145,MSFT,stock,True
2025-02-17,2025-02-17 00:00:00,364.1411496157734,1194607.0,359.3314097493473,367.53893718822764,356.57832619783244,MSFT,stock,True
2025-02-18,2025-02-18 00:00:00,359.1396331890479,755316.0,358.94319982271645,361.8526836820061,356.63791547494185,MSFT,stock,True
2025-02-19,2025-02-19 00:00:00,359.01453747837,4983266.0,361.4190105711731,362.0122142671774,355.78354932594993,MSFT,stock,True
2025-02-20,2025-02-20 00:00:00,361.46106845049843,2395708.0,363.40405794381377,365.47891559186877,359.5969640944989,MSFT,stock,True
2025-02-21,2025-02-21 00:00:00,363.3165876612176,976640.0,359.02620306287275,366.2425942574574,358.3337692761326,MSFT,stock,True
2025-02-24,2025-02-24 00:00:00,359.0623587026137,1086239.0,360.5046332758779,362.99580188166016,356.90660276548806,MSFT,stock,True
2025-02-25,2025-02-25 00:00:00,360.58675748258514,3937377.0,360.9856457042894,362.4287294200954,358.8888350807995,MSFT,stock,True
2025-02-26,2025-02-26 00:00:00,360.924942715823,3006265.0,355.82997306132904,361.7248861588368,355.402811328302,MSFT,stock,True
2025-02-27,2025-02-27 00:00:00,355.8591159076926,2491533.0,350.82608118131634,359.2940647036071,347.5018288430131,MSFT,stock,True
2025-02-28,2025-02-28 00:00:00,350.674215202714,1590823.0,353.17062434719145,355.25541985197333,348.39785528821466,MSFT,stock,True
2025-03-03,2025-03-03 00:00:00,353.23478795704915,761631.0,354.2123650293393,357.05827045763203,350.8529584381027,MSFT,stock,True
2025-03-04,2025-03-04 00:00:00,354.0869126084552,2164299.0,349.3877296293826,356.60655901977157,348.9319185612831,MSFT,stock,True
2025-03-05,2025-03-05 00:00:00,349.2268293765363,2901325.0,353.1036714739434,355.39005751025053,346.99000841721926,MSFT,stock,True
2025-03-06,2025-03-06 00:00:00,353.04329450100136,3303621.0,352.0788570085885,354.8134762636988,351.5456161866795,MSFT,stock,True
2025-03-07,2025-03-07 00:00:00,351.919826121055,2247394.0,348.367679189016,353.6158039707577,347.28365080793515,MSFT,stock,True
2025-03-10,2025-03-10 00:00:00,348.2892146845127,1498961.0,351.63226309242447,353.36735173987256,345.2950151530148,MSFT,stock,True
2025-03-11,2025-03-11 00:00:00,351.73571781745125,1512440.0,349.49367074121,353.20447300968624,347.2504432437347,MSFT,stock,True
2025-03-12,2025-03-12 00:00:00,349.551557743919,4237862.0,348.4210710455,351.52478334964,347.50484513956525,MSFT,stock,True
2025-03-13,2025-03-13 00:00:00,348.54829998692327,3383098.0,348.4954786370933,352.0209447237133,347.7651767380358,MSFT,stock,True
2025-03-14,2025-03-14 00:00:00,348.5841481743361,2809200.0,348.25817185469606,350.58064795332376,344.97408510356075,MSFT,stock,True
2025-03-17,2025-03-17 00:00:00,348.4118877416827,4628768.0,348.84199456673,352.0762140184185,346.2513590867932,MSFT,stock,True
2025-03-18,2025-03-18 00:00:00,348.6741751950321,1657608.0,351.57685917024327,354.44631783852566,347.66263343823243,MSFT,stock,True
2025-03-19,2025-03-19 00:00:00,351.6730663192466,3138879.0,347.6256957945799,354.4577011074947,346.53049189880295,MSFT,stock,True
2025-03-20,2025-03-20 00:00:00,347.63194262861253,1818098.0,350.1652605780792,351.4596861478873,345.4727808660479,MSFT,stock,True
2025-03-21,2025-03-21 00:00:00,350.2463116971884,3084251.0,353.630356370585,355.6960246748485,349.4458453663516,MSFT,stock,True
2025-03-24,2025-03-24 00:00:00,353.59128667596485,4728944.0,348.473852662602,354.4773631554748,347.31755949898496,MSFT,stock,True
2025-03-25,2025-03-25 00:00:00,348.47157412025217,1632896.0,346.9493863533374,350.6275206823398,344.90261356854944,MSFT,stock,True
2025-03-26,2025-03-26 00:00:00,346.9857016511301,3260172.0,342.18992063832434,349.4251882007955,341.32259989561345,MSFT,stock,True
2025-03-27,2025-03-27 00:00:00,342.06152647289963,2510549.0,338.56835160497303,344.41087956300015,335.847031959873,MSFT,stock,True
2025-03-28,2025-03-28 00:00:00,338.5392672351281,2373154.0,337.2882766756952,340.3564572325592,335.01302936885094,MSFT,stock,True
2025-03-31,2025-03-31 00:00:00,337.26757230085485,1488147.0,341.19738165835287,342.01719912181443,337.08398333035353,MSFT,stock,True
2025-04-01,2025-04-01 00:00:00,341.1576675533858,4418068.0,337.39607340530716,344.0502803352827,336.32399109324604,MSFT,stock,True
2025-04-02,2025-04-02 00:00:00,337.25525863805143,1007188.0,338.9979031059213,339.15518236559086,336.65029098604555,MSFT,stock,True
2025-04-03,2025-04-03 00:00:00,338.99063503569096,2643018.0,337.28774615514806,341.70263308177624,334.8021702615761,MSFT,stock,True
2025-04-04,2025-04-04 00:00:00,337.1398951156445,540268.0,341.4225619353046,344.57677391761564,336.8751258168003,MSFT,stock,True
2025-04-07,2025-04-07 00:00:00,341.57232796447573,1564852.0,345.9322907628086,347.8861942556776,341.47372847661813,MSFT,stock,True
2025-04-08,2025-04-08 00:00:00,345.7884408816187,3723133.0,345.7135961857646,345.85624964081086,344.93343289538166,MSFT,stock,True
2025-04-09,2025-04-09 00:00:00,345.6670492609994,1458577.0,347.6829382674553,350.30786184868515,343.18298370540396,MSFT,stock,True
2025-04-10,2025-04-10 00:00:00,347.738900974532,1060932.0,347.49148889373345,348.52191494124816,347.2180736044584,MSFT,stock,True
2025-04-11,2025-04-11 00:00:00,347.5410040109836,4251251.0,348.8192386264344,351.16715383038616,346.8140479471129,MSFT,stock,True
2025-04-14,2025-04-14 00:00:00,348.9382403420145,2149629.0,346.0292792107245,350.0449597447092,345.19099153597483,MSFT,stock,True
2025-04-15,2025-04-15 00:00:00,346.0856974789724,2219018.0,341.34689220068174,349.0063771591741,337.97154569187535,MSFT,stock,True
2025-04-16,2025-04-16 00:00:00,341.4757103367574,1022734.0,344.85104658398257,346.3664659843225,339.94415777534397,MSFT,stock,True
2025-04-17,2025-04-17 00:00:00,344.91152604098784,4775611.0,346.6983984037096,348.91283813881637,341.89462589116766,MSFT,stock,True
2025-04-18,2025-04-18 00:00:00,346.5108194414199,2188454.0,346.63227086152716,348.8271593930552,345.76928389939457,MSFT,stock,True
2025-04-21,2025-04-21 00:00:00,346.7004879674756,2921226.0,341.8871236511624,348.123674189785,341.76042728765816,MSFT,stock,True
2025-04-22,2025-04-22 00:00:00,341.8947930887468,4506644.0,346.3784331816579,348.72906529257426,340.7949831798199,MSFT,stock,True
2025-04-23,2025-04-23 00:00:00,346.3463548518491,884370.0,346.3810849461221,348.90266718695415,343.46564860641286,MSFT,stock,True
2025-04-24,2025-04-24 00:00:00,346.4320080914921,2927528.0,348.99662143206314,350.18654062066287,345.74648901280796,MSFT,stock,True
2025-04-25,2025-04-25 00:00:00,349.05578599352384,1530177.0,345.40970321731186,350.4850807379181,345.11236799883005,MSFT,stock,True
2025-04-28,2025-04-28 00:00:00,345.2503396099444,2303646.0,348.0042170851596,350.76576558781846,344.48845852071014,MSFT,stock,True
2025-04-29,2025-04-29 00:00:00,347.9075309338279,1809708.0,348.8407657862302,348.87728075013143,344.93383272527245,MSFT,stock,True
2025-04-30,2025-04-30 00:00:00,348.743138513108,904003.0,348.7474159689352,350.2829384165145,346.2986721719757,MSFT,stock,True
2025-05-01,2025-05-01 00:00:00,348.7839398058332,3447769.0,350.96247830005393,353.6975754553635,346.1946987464642,MSFT,stock,True
2025-05-02,2025-05-02 00:00:00,350.9291733063058,817768.0,354.27666008514956,356.62291891159435,348.90293110808693,MSFT,stock,True
2025-05-05,2025-05-05 00:00:00,354.3833980787956,610658.0,350.1128669985356,354.81159160853423,349.30813443539296,MSFT,stock,True
2025-05-06,2025-05-06 00:00:00,350.16513313632356,2669631.0,348.09560788253015,350.6495115496623,347.04182605915923,MSFT,stock,True
2025-05-07,2025-05-07 00:00:00,347.9560794108236,2768263.0,352.87325214799944,355.8542892953826,345.81560340333857,MSFT,stock,True
2025-05-08,2025-05-08 00:00:00,352.8604929793592,939285.0,356.55998335029585,358.18822955934564,350.44312350677745,MSFT,stock,True
2025-05-09,2025-05-09 00:00:00,356.62903588124726,2052232.0,352.79367208057664,358.938042237593,351.40814372780517,MSFT,stock,True
2025-05-12,2025-05-12 00:00:00,352.76610499253616,2739652.0,349.74716630379135,355.8940143087149,346.77416033551975,MSFT,stock,True
2025-05-13,2025-05-13 00:00:00,349.62280350590095,1019199.0,354.7258312259795,358.0648638920648,349.0087340684633,MSFT,stock,True
2025-05-14,2025-05-14 00:00:00,354.8236093050133,1409549.0,359.0153234261142,360.59922307501176,354.0094366229261,MSFT,stock,True
2025-05-15,2025-05-15 00:00:00,359.0697403874047,739534.0,359.77572204369346,360.11792592132866,356.2141352179082,MSFT,stock,True
2025-05-16,2025-05-16 00:00:00,359.8562539563896,2749632.0,364.3473669591682,364.9160657052596,359.62792361738883,MSFT,stock,True
2025-05-19,2025-05-19 00:00:00,364.2263003589757,2201030.0,366.225824728818,368.81053401224233,362.0500224963709,MSFT,stock,True
2025-05-20,2025-05-20 00:00:00,366.0395479386738,789201.0,366.4766945198285,368.32437339493976,364.19372691740875,MSFT,stock,True
2025-05-21,2025-05-21 00:00:00,366.4466033670583,1854460.0,362.1719168506945,368.0206153301166,360.59396476099363,MSFT,stock,True
2025-05-22,2025-05-22 00:00:00,362.1506370938831,2183170.0,367.2670218053652,370.06418257623113,360.9160150466089,MSFT,stock,True
2025-05-23,2025-05-23 00:00:00,367.22813369596906,689149.0,367.4574735737492,368.7466716853687,365.7796434448624,MSFT,stock,True
2025-05-26,2025-05-26 00:00:00,367.36229394935896,1385502.0,367.1917454556343,368.5337890252202,365.3844453090071,MSFT,stock,True
2025-05-27,2025-05-27 00:00:00,367.18361952431525,3214798.0,371.61993868284367,374.7458597646545,367.08155182240114,MSFT,stock,True
2025-05-28,2025-05-28 00:00:00,371.7422015002159,4614863.0,368.8361620417472,374.0463830556002,367.241622188085,MSFT,stock,True
2025-05-29,2025-05-29 00:00:00,368.94351368900584,2531674.0,373.0412193509955,375.3631345705336,366.239753564377,MSFT,stock,True
2025-05-30,2025-05-30 00:00:00,372.87945652503697,1902913.0,377.3062678204393,378.7675591939268,370.75391486461996,MSFT,stock,True
2025-06-02,2025-06-02 00:00:00,377.26921113493967,4550161.0,373.1232256025575,379.07647227339055,371.6298789459719,MSFT,stock,True
2025-06-03,2025-06-03 00:00:00,373.2430545504275,4819020.0,369.72920412617077,373.294724355541,368.01480347364736,MSFT,stock,True
2025-06-04,2025-06-04 00:00:00,369.7082199290088,1236473.0,373.5344819278327,377.1243405644434,368.9433815870848,MSFT,stock,True
2025-06-05,2025-06-05 00:00:00,373.42881147884094,523188.0,373.0279012523847,373.43153336587994,372.19992638238523,MSFT,stock,True
2025-06-06,2025-06-06 00:00:00,373.1163232208263,1945899.0,375.1011575191514,378.2993999742427,371.1803116688272,MSFT,stock,True
2025-06-09,2025-06-09 00:00:00,374.9535097474402,4484957.0,370.89174382335375,377.12518652554115,368.91640251112574,MSFT,stock,True
2025-06-10,2025-06-10 00:00:00,370.7739872647744,3979140.0,367.14350789092805,373.65299640876,365.33341489266945,MSFT,stock,True
2025-06-11,2025-06-11 00:00:00,367.0229500681781,3002714.0,365.1541982998494,369.3490788395337,364.08997038291966,MSFT,stock,True
2025-06-12,2025-06-12 00:00:00,365.1695555359567,2056126.0,360.70467151605834,366.3508689557428,359.00692594379245,MSFT,stock,True
2025-06-13,2025-06-13 00:00:00,360.54416665372594,1521999.0,361.74526313125233,363.041144119791,357.0827474298499,MSFT,stock,True
2025-06-16,2025-06-16 00:00:00,361.80352270019483,3069867.0,356.4614179641871,365.37346840618665,355.39236168816797,MSFT,stock,True
2025-06-17,2025-06-17 00:00:00,356.2714652529504,3803774.0,352.310554576864,357.5954431197351,351.36025942562515,MSFT,stock,True
2025-06-18,2025-06-18 00:00:00,352.2141078970287,3410457.0,351.2699847090244,352.8846542073778,350.20379361339826,MSFT,stock,True
2025-06-19,2025-06-19 00:00:00,351.368123260985,1308950.0,348.97552013154194,354.3046816986414,348.9140861663313,MSFT,stock,True
2025-06-20,2025-06-20 00:00:00,349.0095839661165,1996451.0,354.2407815358629,356.2259245836792,348.5148345454838,MSFT,stock,True
2025-06-23,2025-06-23 00:00:00,354.27829480419405,3563668.0,356.41549174340906,357.27453705055854,352.608255275868,MSFT,stock,True
2025-06-24,2025-06-24 00:00:00,356.36510449105145,2076139.0,352.73065816406245,359.22695759617227,352.4931364285827,MSFT,stock,True
2025-06-25,2025-06-25 00:00:00,352.79562113124473,4185045.0,349.47137790511783,354.4560421849647,348.7678875960546,MSFT,stock,True
2025-06-26,2025-06-26 00:00:00,349.3462308633853,2276766.0,353.7835475981875,356.77309363531583,349.2698587996524,MSFT,stock,True
2025-06-27,2025-06-27 00:00:00,353.910146953488,3667011.0,356.6509245224984,357.076934320971,351.5392513977351,MSFT,stock,True
2025-06-30,2025-06-30 00:00:00,356.75977619204036,2852684.0,358.1396872413915,358.31947249098323,353.3865507281293,MSFT,stock,True
2025-07-01,2025-07-01 00:00:00,357.98951664309175,1637555.0,359.22882801965653,360.9075762939061,357.700335608762,MSFT,stock,True
2025-07-02,2025-07-02 00:00:00,359.22484840589505,3104835.0,364.5780907861111,364.6580786342185,356.4831743328256,MSFT,stock,True
2025-07-03,2025-07-03 00:00:00,364.56319358865323,4750197.0,364.1204388967078,364.78411429234416,361.04613475095937,MSFT,stock,True
2025-07-04,2025-07-04 00:00:00,364.25381546296194,2070454.0,358.9946211548218,367.07029464813536,356.0387085286525,MSFT,stock,True
2025-07-07,2025-07-07 00:00:00,358.9550164758405,3386530.0,357.95238307789765,360.5908457117976,354.72798941651797,MSFT,stock,True
2025-07-08,2025-07-08 00:00:00,357.8304953657687,3662991.0,357.48667509166063,359.2458576130635,355.3027155712486,MSFT,stock,True
2025-07-09,2025-07-09 00:00:00,357.6455724519376,4592266.0,355.84092882774996,360.26686615858387,352.83941043355367,MSFT,stock,True
2025-07-10,2025-07-10 00:00:00,355.866013754455,2251884.0,357.66130113593414,360.0666843640398,355.3142198374631,MSFT,stock,True
2025-07-11,2025-07-11 00:00:00,357.71319450897795,1580020.0,360.8478286499196,362.03306136065305,354.4801132100415,MSFT,stock,True
2025-07-14,2025-07-14 00:00:00,360.74088679971186,3124417.0,362.9422425763325,364.7851177443921,359.898890174976,MSFT,stock,True
2025-07-15,2025-07-15 00:00:00,362.8017609579238,3513546.0,364.0,366.2312741164439,360.7929788999641,MSFT,stock,True
2024-11-06,2024-11-06 00:00:00,523.8023268153939,4327611.0,522.64791424039,524.9711637602384,518.564948276697,GOOGL,stock,True
2024-11-07,2024-11-07 00:00:00,522.7405027272104,2841044.0,530.0148990669659,532.6458597316387,520.9620423750591,GOOGL,stock,True
2024-11-08,2024-11-08 00:00:00,529.9045745059453,2941929.0,536.9070458331206,541.0841966071015,525.4705828813894,GOOGL,stock,True
2024-11-11,2024-11-11 00:00:00,537.0595889519994,3687768.0,529.7326556517643,539.9285460354886,527.60070309597,GOOGL,stock,True
2024-11-12,2024-11-12 00:00:00,529.8052256049334,4533352.0,532.331085294943,536.1924316023066,527.421123143131,GOOGL,stock,True
2024-11-13,2024-11-13 00:00:00,532.3013515834484,964042.0,528.3630091457414,533.1211383816816,524.4154276681948,GOOGL,stock,True
2024-11-14,2024-11-14 00:00:00,528.3371111971118,3520632.0,523.9808448330622,533.1347104230989,518.960043520291,GOOGL,stock,True
2024-11-15,2024-11-15 00:00:00,523.8990961341445,609914.0,521.5604125504442,525.2751984439011,519.347937398086,GOOGL,stock,True
2024-11-18,2024-11-18 00:00:00,521.6654419515894,2381734.0,519.7274770591758,526.067036018013,515.3704068910987,GOOGL,stock,True
2024-11-19,2024-11-19 00:00:00,519.7698866382705,2417041.0,524.3761824069704,524.4590446949134,515.6470467767853,GOOGL,stock,True
2024-11-20,2024-11-20 00:00:00,524.2641007603544,760276.0,528.9914696946807,529.5137998794302,521.0826135116853,GOOGL,stock,True
2024-11-21,2024-11-21 00:00:00,528.7208549523315,4318202.0,527.1733360897329,533.71694863581,525.0962185609908,GOOGL,stock,True
2024-11-22,2024-11-22 00:00:00,527.2774258126954,4241649.0,531.7276186999219,536.6686221486941,522.9129164299001,GOOGL,stock,True
2024-11-25,2024-11-25 00:00:00,531.5016539285839,3397268.0,528.505717897508,532.3525419954575,525.862430365328,GOOGL,stock,True
2024-11-26,2024-11-26 00:00:00,528.4762776281646,2747016.0,533.1701875771008,533.9645678197013,526.7157939779972,GOOGL,stock,True
2024-11-27,2024-11-27 00:00:00,533.2060454740123,2187806.0,536.6574504432533,541.9427017690035,530.5930508044048,GOOGL,stock,True
2024-11-28,2024-11-28 00:00:00,536.3642689562295,4594730.0,543.1296204783017,545.9329760262591,535.5158151338151,GOOGL,stock,True
2024-11-29,2024-11-29 00:00:00,543.0809018350328,775830.0,535.3491084882613,547.4222113105635,533.049128619847,GOOGL,stock,True
2024-12-02,2024-12-02 00:00:00,535.1699887738524,3529659.0,535.5510346982177,539.6590307946885,533.2972030812357,GOOGL,stock,True
2024-12-03,2024-12-03 00:00:00,535.2738711989902,2843761.0,540.6442019742979,540.9063757198937,531.0575254420892,GOOGL,stock,True
2024-12-04,2024-12-04 00:00:00,540.6702115077081,563221.0,536.5724271744124,545.0628992838388,535.1393923569536,GOOGL,stock,True
2024-12-05,2024-12-05 00:00:00,536.2979771322679,2532863.0,529.044511906239,536.8159777752446,525.3986593355497,GOOGL,stock,True
2024-12-06,2024-12-06 00:00:00,528.8928700120852,2788409.0,531.968486692504,534.5776448823849,525.2456934242623,GOOGL,stock,True
2024-12-09,2024-12-09 00:00:00,531.8024966711811,1881733.0,531.3164905693526,533.5203702735157,530.3360229884355,GOOGL,stock,True
2024-12-10,2024-12-10 00:00:00,531.1989567421444,796690.0,532.9304147891695,538.0029734540852,529.4897762226838,GOOGL,stock,True
2024-12-11,2024-12-11 00:00:00,532.9822294867472,2116479.0,531.5960531348296,534.1349987494849,530.7429763789976,GOOGL,stock,True
2024-12-12,2024-12-12 00:00:00,531.3261613927798,4206286.0,527.10019448456,531.9212340532223,523.5887743840176,GOOGL,stock,True
2024-12-13,2024-12-13 00:00:00,527.2649163603701,2539030.0,531.0118903516706,531.1728638701326,523.3862175606502,GOOGL,stock,True
2024-12-16,2024-12-16 00:00:00,531.176762214988,4592923.0,537.2860269091103,541.4196217059085,528.3055623853803,GOOGL,stock,True
2024-12-17,2024-12-17 00:00:00,537.0105237807672,1939564.0,544.7345624573717,545.7892885321583,533.9774585498585,GOOGL,stock,True
2024-12-18,2024-12-18 00:00:00,544.6329324545025,1016605.0,542.1784787627822,545.6853616867062,536.7792617885627,GOOGL,stock,True
2024-12-19,2024-12-19 00:00:00,541.9547211266857,660364.0,543.4543236543615,546.9729308651117,540.4446912331011,GOOGL,stock,True
2024-12-20,2024-12-20 00:00:00,543.2712664370672,4565664.0,537.9228544563842,543.3104417841441,536.25367434636,GOOGL,stock,True
2024-12-23,2024-12-23 00:00:00,538.0572800756469,1001069.0,535.5234560343156,542.1893743680919,534.7645897173276,GOOGL,stock,True
2024-12-24,2024-12-24 00:00:00,535.5542258656695,3769955.0,532.3805905656211,537.8372014222996,530.7254311267465,GOOGL,stock,True
2024-12-25,2024-12-25 00:00:00,532.2989764270981,1554778.0,530.9372485785225,536.9841913876754,526.93071232219,GOOGL,stock,True
2024-12-26,2024-12-26 00:00:00,531.1340415406386,2023477.0,525.6170993920391,534.091174644613,521.7269771189906,GOOGL,stock,True
2024-12-27,2024-12-27 00:00:00,525.7002180371919,2784723.0,526.5134747636357,530.8584466069378,523.0657942784359,GOOGL,stock,True
2024-12-30,2024-12-30 00:00:00,526.7131786978786,4498194.0,520.8490553936693,527.9793396150814,520.5170676930306,GOOGL,stock,True
2024-12-31,2024-12-31 00:00:00,520.8561456069468,4849149.0,521.4060098503147,525.7833225414187,518.8390095085026,GOOGL,stock,True
2025-01-01,2025-01-01 00:00:00,521.5719446806729,3442952.0,515.3291311502452,524.2906276238479,512.3517926567503,GOOGL,stock,True
2025-01-02,2025-01-02 00:00:00,515.4144816465684,4017120.0,510.93129792476395,519.1246608236486,508.1278674897212,GOOGL,stock,True
2025-01-03,2025-01-03 00:00:00,511.1109182936998,2701583.0,508.70638165945695,511.27287972820733,507.1457021812865,GOOGL,stock,True
2025-01-06,2025-01-06 00:00:00,508.7792011180273,4051327.0,508.84159964038776,511.4932569205463,504.444510228962,GOOGL,stock,True
2025-01-07,2025-01-07 00:00:00,508.84876837279035,4851264.0,513.423020705081,513.4239170070538,506.7796230103072,GOOGL,stock,True
2025-01-08,2025-01-08 00:00:00,513.5588114970254,4911824.0,515.1694159544281,515.6760764839061,513.1001581761296,GOOGL,stock,True
2025-01-09,2025-01-09 00:00:00,515.1176244666192,4041959.0,517.7316816878368,519.6598082854916,513.9069358172576,GOOGL,stock,True
2025-01-10,2025-01-10 00:00:00,517.6753060050038,3885290.0,514.4273004653079,517.9011561092262,509.5785537916915,GOOGL,stock,True
2025-01-13,2025-01-13 00:00:00,514.6409428151173,3678043.0,514.6702654159548,518.0584684036645,514.0059047465793,GOOGL,stock,True
2025-01-14,2025-01-14 00:00:00,514.7556488480288,533053.0,512.7609855878926,516.3027848282558,511.02418446192183,GOOGL,stock,True
2025-01-15,2025-01-15 00:00:00,512.9013025409312,1552157.0,509.79632880337937,515.6152509217623,506.1024706363813,GOOGL,stock,True
2025-01-16,2025-01-16 00:00:00,509.8544378007919,3512909.0,506.5021597711946,512.889261081947,502.82690182460766,GOOGL,stock,True
2025-01-17,2025-01-17 00:00:00,506.4538459857346,3567367.0,506.79316837033286,508.1710172449312,505.2654190367559,GOOGL,stock,True
2025-01-20,2025-01-20 00:00:00,506.5911668440367,3319205.0,511.39356891137544,515.7867287178161,506.341879485644,GOOGL,stock,True
2025-01-21,2025-01-21 00:00:00,511.1320540481858,2275853.0,518.8648793461488,523.4102325212991,510.88341179570295,GOOGL,stock,True
2025-01-22,2025-01-22 00:00:00,518.7257017558305,3979450.0,519.6927119314332,521.0399947818433,518.442403157854,GOOGL,stock,True
2025-01-23,2025-01-23 00:00:00,519.6016421317652,2532375.0,515.8523110512585,521.6535506154041,513.3757821279867,GOOGL,stock,True
2025-01-24,2025-01-24 00:00:00,515.7468723344334,2226768.0,514.1078172070241,517.5216872421521,509.090008829994,GOOGL,stock,True
2025-01-27,2025-01-27 00:00:00,514.2705450131473,2876999.0,513.2307815170149,517.2815717933305,510.05057039982717,GOOGL,stock,True
2025-01-28,2025-01-28 00:00:00,513.2859213887851,3804925.0,506.63161509832923,517.8601589845657,501.6976690663984,GOOGL,stock,True
2025-01-29,2025-01-29 00:00:00,506.7579777836928,3140694.0,500.37980396734497,510.7377367374232,497.3238099667333,GOOGL,stock,True
2025-01-30,2025-01-30 00:00:00,500.56068713376607,1409754.0,499.1767087003969,503.3770777408897,499.03601697788145,GOOGL,stock,True
2025-01-31,2025-01-31 00:00:00,499.18165454028355,4405677.0,505.00104816617045,505.74620307349096,495.02660118218313,GOOGL,stock,True
2025-02-03,2025-02-03 00:00:00,505.1261613454803,3980125.0,504.6508175758895,508.4737561314467,501.1921918958289,GOOGL,stock,True
2025-02-04,2025-02-04 00:00:00,504.83744259137103,4951467.0,503.80478468995733,506.5792348338587,502.9187417763773,GOOGL,stock,True
2025-02-05,2025-02-05 00:00:00,503.55731959103525,4501372.0,502.82370025244825,507.7683325710397,499.28130587668915,GOOGL,stock,True
2025-02-06,2025-02-06 00:00:00,502.9270455272808,1815806.0,501.4486968981519,504.41237728163156,500.08675346661363,GOOGL,stock,True
2025-02-07,2025-02-07 00:00:00,501.55939263597315,4445551.0,499.2475699875582,505.200312678529,495.876408268422,GOOGL,stock,True
2025-02-10,2025-02-10 00:00:00,499.28395944988864,3376014.0,494.279612886089,501.3322857939121,492.58784902199096,GOOGL,stock,True
2025-02-11,2025-02-11 00:00:00,494.19633435989215,3662182.0,494.74049770680193,495.2284503186676,490.21376763799435,GOOGL,stock,True
2025-02-12,2025-02-12 00:00:00,494.95499205600834,825432.0,490.1498687966664,496.8145863637332,488.3141438418363,GOOGL,stock,True
2025-02-13,2025-02-13 00:00:00,490.1836761823449,4887451.0,490.380424014673,491.7589640366607,487.60346801426755,GOOGL,stock,True
2025-02-14,2025-02-14 00:00:00,490.43337890028795,2941882.0,491.0405502267866,494.74606804781985,489.77107545666536,GOOGL,stock,True
2025-02-17,2025-02-17 00:00:00,490.8710909038177,1676998.0,486.25697069004065,492.7966710478844,483.2058525009268,GOOGL,stock,True
2025-02-18,2025-02-18 00:00:00,486.2460383626346,4338070.0,481.89198598688756,488.8080807697937,479.1492917545253,GOOGL,stock,True
2025-02-19,2025-02-19 00:00:00,481.89699122730957,4413518.0,487.85259889884014,488.8042554692565,480.566115903981,GOOGL,stock,True
2025-02-20,2025-02-20 00:00:00,487.69411665627484,3473022.0,489.5604671121686,493.2787007397107,485.6485108518656,GOOGL,stock,True
2025-02-21,2025-02-21 00:00:00,489.5094480654935,3132243.0,486.3858476647794,493.2749019949968,483.2500382592998,GOOGL,stock,True
2025-02-24,2025-02-24 00:00:00,486.25713108410713,2136949.0,487.6490117558648,492.511320896595,485.16075580388406,GOOGL,stock,True
2025-02-25,2025-02-25 00:00:00,487.4378161338435,2769010.0,482.4291074105371,488.1534653706514,479.2244408623933,GOOGL,stock,True
2025-02-26,2025-02-26 00:00:00,482.32890803675366,3561414.0,489.1412169763248,492.26258187846065,481.93790704932536,GOOGL,stock,True
2025-02-27,2025-02-27 00:00:00,489.1083646354525,4525460.0,487.2883853786829,493.58110626166854,485.7126386292975,GOOGL,stock,True
2025-02-28,2025-02-28 00:00:00,487.1399834379705,2392499.0,480.46285010647057,489.03834090605454,478.52228012151426,GOOGL,stock,True
2025-03-03,2025-03-03 00:00:00,480.3589829316835,2266369.0,479.2879050887353,481.26356896856123,474.9349379870854,GOOGL,stock,True
2025-03-04,2025-03-04 00:00:00,479.36197193106204,1847751.0,486.65777833749956,489.3431538241993,476.22054442096453,GOOGL,stock,True
2025-03-05,2025-03-05 00:00:00,486.69824752531724,3617596.0,487.38363726606246,489.0585726029947,485.74941978941354,GOOGL,stock,True
2025-03-06,2025-03-06 00:00:00,487.28221656450893,979517.0,480.3242098959861,490.97892642188594,478.41701761685897,GOOGL,stock,True
2025-03-07,2025-03-07 00:00:00,480.421774755265,2601847.0,474.43289083678235,482.3178304664334,473.588086945366,GOOGL,stock,True
2025-03-10,2025-03-10 00:00:00,474.38291046482436,4165764.0,471.1090691763149,475.0277388814564,467.7258423449587,GOOGL,stock,True
2025-03-11,2025-03-11 00:00:00,470.942093872049,4079855.0,464.0071980890543,473.65637896461953,462.06500884791774,GOOGL,stock,True
2025-03-12,2025-03-12 00:00:00,464.1049273654861,2165060.0,466.88385423608395,470.5160482713728,464.10037151533226,GOOGL,stock,True
2025-03-13,2025-03-13 00:00:00,466.6615575291406,1254325.0,462.0483602666756,470.2996005873312,462.01854276211924,GOOGL,stock,True
2025-03-14,2025-03-14 00:00:00,462.12201424549835,1597171.0,457.8622693724286,462.3748797920563,456.6629437978231,GOOGL,stock,True
2025-03-17,2025-03-17 00:00:00,457.7379351040381,1329958.0,460.3014561261531,463.1655724603178,455.5355724332567,GOOGL,stock,True
2025-03-18,2025-03-18 00:00:00,460.2589135597347,2481436.0,460.5587154252985,463.07159262114067,456.3529469530334,GOOGL,stock,True
2025-03-19,2025-03-19 00:00:00,460.35081533320545,3483203.0,458.9812122986037,462.54342689665486,456.8704506595733,GOOGL,stock,True
2025-03-20,2025-03-20 00:00:00,459.16083736580924,1647535.0,457.03322985264197,463.33619187434635,452.5101577570567,GOOGL,stock,True
2025-03-21,2025-03-21 00:00:00,457.15342124184156,4119112.0,454.35458996476535,458.8090216915606,450.6809362163541,GOOGL,stock,True
2025-03-24,2025-03-24 00:00:00,454.3578612056419,2688555.0,453.3796565797767,454.5900866486362,451.762244308906,GOOGL,stock,True
2025-03-25,2025-03-25 00:00:00,453.1516620429022,1986480.0,456.5574403272804,460.51676839477057,449.88608444128624,GOOGL,stock,True
2025-03-26,2025-03-26 00:00:00,456.5835681792208,923907.0,454.30131686665874,458.08163362644217,453.72287020138873,GOOGL,stock,True
2025-03-27,2025-03-27 00:00:00,454.2332444577981,4174315.0,456.59466286106004,458.7524950849197,451.2569007541279,GOOGL,stock,True
2025-03-28,2025-03-28 00:00:00,456.60700014516374,1087121.0,461.90571881924893,464.5302007125502,452.50691026647246,GOOGL,stock,True
2025-03-31,2025-03-31 00:00:00,461.68060317512027,3850296.0,455.7617657010161,462.57368889944604,454.18076302026145,GOOGL,stock,True
2025-04-01,2025-04-01 00:00:00,455.5139076278734,1453702.0,457.13961379339486,458.31985992587136,452.87505424488427,GOOGL,stock,True
2025-04-02,2025-04-02 00:00:00,457.1189604795118,2870941.0,452.1562483795427,459.2379690255081,448.36975256092387,GOOGL,stock,True
2025-04-03,2025-04-03 00:00:00,452.2698585071335,4517450.0,456.2800505644879,457.1805017141419,451.8382443754789,GOOGL,stock,True
2025-04-04,2025-04-04 00:00:00,456.3233948656164,2381723.0,461.97962842907856,465.37253617640425,452.33717030412987,GOOGL,stock,True
2025-04-07,2025-04-07 00:00:00,461.96234356182276,1641865.0,468.84117605385666,469.2657029654769,460.98712318348737,GOOGL,stock,True
2025-04-08,2025-04-08 00:00:00,468.6262546015673,2236030.0,468.1446389793847,469.93538822788713,463.48118806778086,GOOGL,stock,True
2025-04-09,2025-04-09 00:00:00,468.3386702461062,2133962.0,462.58043173465285,471.141326415844,460.61598659105005,GOOGL,stock,True
2025-04-10,2025-04-10 00:00:00,462.7862644339826,2306565.0,456.31044639303536,465.8779883870955,453.6097642782265,GOOGL,stock,True
2025-04-11,2025-04-11 00:00:00,456.2973578941987,1049715.0,456.8843580049417,459.66612466259966,455.6368259506268,GOOGL,stock,True
2025-04-14,2025-04-14 00:00:00,456.9680641359039,2611132.0,452.53771117011485,461.3665114211246,452.5240632473678,GOOGL,stock,True
2025-04-15,2025-04-15 00:00:00,452.3038739228355,1299362.0,457.23905686283234,457.66454148856263,448.9844416790282,GOOGL,stock,True
2025-04-16,2025-04-16 00:00:00,457.3956853058029,1325285.0,462.80048332527224,465.3952022786353,456.2808308339098,GOOGL,stock,True
2025-04-17,2025-04-17 00:00:00,462.97906027170455,3303261.0,460.49637037667975,464.30290282516154,458.75219616002823,GOOGL,stock,True
2025-04-18,2025-04-18 00:00:00,460.6916765221173,4364209.0,457.58137658475493,461.9741107160698,454.7134028224816,GOOGL,stock,True
2025-04-21,2025-04-21 00:00:00,457.6807631168592,1590950.0,462.8628754819094,463.80581106594747,454.8550810222181,GOOGL,stock,True
2025-04-22,2025-04-22 00:00:00,462.7153546586166,723064.0,461.4956152151223,465.6025552565881,459.0195778849197,GOOGL,stock,True
2025-04-23,2025-04-23 00:00:00,461.45459266713146,1881326.0,458.1850797795563,462.16870600675117,455.38181861389603,GOOGL,stock,True
2025-04-24,2025-04-24 00:00:00,458.18735195933806,4035966.0,460.69936601361906,463.5133139184677,457.1855125308594,GOOGL,stock,True
2025-04-25,2025-04-25 00:00:00,460.4498603895738,3532644.0,465.5281421321464,466.7272574296349,458.495840856368,GOOGL,stock,True
2025-04-28,2025-04-28 00:00:00,465.45341271450206,4674236.0,468.5080797686716,470.0488472721952,463.29577807711956,GOOGL,stock,True
2025-04-29,2025-04-29 00:00:00,468.6524865772299,3693816.0,474.5369186109398,476.81364301059267,466.85661121979064,GOOGL,stock,True
2025-04-30,2025-04-30 00:00:00,474.71371136348324,933003.0,468.20157419897146,477.17617527939564,464.4552036389475,GOOGL,stock,True
2025-05-01,2025-05-01 00:00:00,468.1511464198378,3902340.0,462.18106468140314,468.8910387966259,459.548404192555,GOOGL,stock,True
2025-05-02,2025-05-02 00:00:00,462.34026852167096,4026740.0,459.3807843073712,463.1227116758702,457.7428410660541,GOOGL,stock,True
2025-05-05,2025-05-05 00:00:00,459.5078694282115,4178240.0,460.22406863713667,462.13618321360826,455.5523974501126,GOOGL,stock,True
2025-05-06,2025-05-06 00:00:00,460.07324587778004,3621344.0,458.89125271083384,461.7011335129719,457.4524219726833,GOOGL,stock,True
2025-05-07,2025-05-07 00:00:00,458.76964976070724,1204371.0,453.92151083323193,459.5680355932397,453.8614969410735,GOOGL,stock,True
2025-05-08,2025-05-08 00:00:00,453.9395252000843,2799215.0,452.4010925217748,457.0085380301985,449.8226905931527,GOOGL,stock,True
2025-05-09,2025-05-09 00:00:00,452.5562529661005,2930935.0,448.4052076469128,453.0521726324645,446.4624112111148,GOOGL,stock,True
2025-05-12,2025-05-12 00:00:00,448.2840450078163,2277727.0,443.1226080193109,448.70392479088144,440.1751566348621,GOOGL,stock,True
2025-05-13,2025-05-13 00:00:00,443.165443465697,2277288.0,449.51304309146116,451.0865485451901,440.91479751235914,GOOGL,stock,True
2025-05-14,2025-05-14 00:00:00,449.54312230358494,1798446.0,449.1586374643458,451.0059157577744,447.53460554047683,GOOGL,stock,True
2025-05-15,2025-05-15 00:00:00,448.9252482267861,1127584.0,451.48758976263446,452.54865383778355,445.3835680374693,GOOGL,stock,True
2025-05-16,2025-05-16 00:00:00,451.5813103118749,3616005.0,445.07925206918185,454.56151072958176,441.7768875679103,GOOGL,stock,True
2025-05-19,2025-05-19 00:00:00,444.90473779176114,2778462.0,441.7803848854597,448.736840777122,437.41378003682314,GOOGL,stock,True
2025-05-20,2025-05-20 00:00:00,441.8797908874195,3870671.0,446.1393400946651,446.87058345407183,439.2596552601766,GOOGL,stock,True
2025-05-21,2025-05-21 00:00:00,445.9579064707128,3764166.0,439.5008052798291,449.9322479779552,435.2484508895911,GOOGL,stock,True
2025-05-22,2025-05-22 00:00:00,439.325203028835,2144625.0,444.8341305136708,446.46478678365173,435.05433934274924,GOOGL,stock,True
2025-05-23,2025-05-23 00:00:00,444.9280444444569,1974519.0,447.9162010157547,451.31231422404386,443.621415702954,GOOGL,stock,True
2025-05-26,2025-05-26 00:00:00,447.9283798595405,844878.0,453.35605591981573,457.2308947941281,443.8324496403125,GOOGL,stock,True
2025-05-27,2025-05-27 00:00:00,453.29608220990957,1953911.0,448.00972926802444,453.88320956512166,446.5283560335494,GOOGL,stock,True
2025-05-28,2025-05-28 00:00:00,448.18111497545976,2902800.0,444.7257206145617,449.639467034992,442.4991510369958,GOOGL,stock,True
2025-05-29,2025-05-29 00:00:00,444.90886194652194,1537147.0,447.68630640424556,451.81717683024334,443.46436391978204,GOOGL,stock,True
2025-05-30,2025-05-30 00:00:00,447.68997141699157,4938778.0,446.94822120358833,447.76054436471316,443.7019988089316,GOOGL,stock,True
2025-06-02,2025-06-02 00:00:00,446.99716251152347,3408362.0,441.3046927804347,447.72409245315447,437.10610623890915,GOOGL,stock,True
2025-06-03,2025-06-03 00:00:00,441.1449209020334,4766332.0,443.9838412283222,445.97919845548995,440.758856884154,GOOGL,stock,True
2025-06-04,2025-06-04 00:00:00,444.1745779744781,1345180.0,445.0598793054692,447.4927309799738,443.0375030690803,GOOGL,stock,True
2025-06-05,2025-06-05 00:00:00,444.83622013893114,2473821.0,440.35781348165676,446.69593942038193,436.80995777486174,GOOGL,stock,True
2025-06-06,2025-06-06 00:00:00,440.1775439107298,4607991.0,436.9020383687657,443.94696584443994,433.37701180598197,GOOGL,stock,True
2025-06-09,2025-06-09 00:00:00,437.0911108168954,4416447.0,438.0094221878319,439.91576548642166,434.0917245401503,GOOGL,stock,True
2025-06-10,2025-06-10 00:00:00,438.0808160669267,2744907.0,439.2941512885437,440.235742426294,435.2784846195127,GOOGL,stock,True
2025-06-11,2025-06-11 00:00:00,439.3307511368863,4276079.0,443.60663241155214,445.6102205130216,438.176530118516,GOOGL,stock,True
2025-06-12,2025-06-12 00:00:00,443.4524618904334,3614417.0,448.7077615554507,451.3597824779474,440.0194710861124,GOOGL,stock,True
2025-06-13,2025-06-13 00:00:00,448.9072069444607,4739625.0,449.49193501533466,450.0815998822562,446.5368565265778,GOOGL,stock,True
2025-06-16,2025-06-16 00:00:00,449.5630588349511,4767727.0,450.4438177583041,453.0988900843678,449.08357566856654,GOOGL,stock,True
2025-06-17,2025-06-17 00:00:00,450.61620021644757,2684718.0,450.7911598133862,452.64014950148373,449.0435350261454,GOOGL,stock,True
2025-06-18,2025-06-18 00:00:00,450.75073028978335,732358.0,445.9227017084599,453.1624094797285,442.0226796288681,GOOGL,stock,True
2025-06-19,2025-06-19 00:00:00,446.06395307085256,3546163.0,440.43855599626926,446.07673951433014,437.6926343565888,GOOGL,stock,True
2025-06-20,2025-06-20 00:00:00,440.27720962719656,4458722.0,443.4672187059189,444.7980348357534,439.68048937107835,GOOGL,stock,True
2025-06-23,2025-06-23 00:00:00,443.4798217233797,2829172.0,444.7768405586884,445.847975073005,441.292203015144,GOOGL,stock,True
2025-06-24,2025-06-24 00:00:00,444.86653355959453,1275853.0,441.76981658741755,446.49220199834815,437.6142922566509,GOOGL,stock,True
2025-06-25,2025-06-25 00:00:00,441.90658371404373,615431.0,438.5973206139249,443.8383479385733,435.35335103141756,GOOGL,stock,True
2025-06-26,2025-06-26 00:00:00,438.6424812717229,3861585.0,436.0938209527962,439.57772130769445,433.5041243503373,GOOGL,stock,True
2025-06-27,2025-06-27 00:00:00,436.2251037401205,3955856.0,430.90678237150746,437.1637852399983,429.5157603086927,GOOGL,stock,True
2025-06-30,2025-06-30 00:00:00,430.7536577055003,1363641.0,430.0148229932416,433.49419366314356,426.5463244538053,GOOGL,stock,True
2025-07-01,2025-07-01 00:00:00,430.1764498994331,4916190.0,436.67354455831554,438.33555096680334,429.0127798784937,GOOGL,stock,True
2025-07-02,2025-07-02 00:00:00,436.70107997722556,1296298.0,432.71159162013595,438.46821618895666,428.99796685641735,GOOGL,stock,True
2025-07-03,2025-07-03 00:00:00,432.5505298060192,1453963.0,426.3134885174991,434.14122492467413,425.4212028850907,GOOGL,stock,True
2025-07-04,2025-07-04 00:00:00,426.1944511958331,2032997.0,431.1471509578977,432.9726127375934,423.8499993603544,GOOGL,stock,True
2025-07-07,2025-07-07 00:00:00,431.0300900577125,4202258.0,424.98279509951726,433.6621898053567,422.71979318781723,GOOGL,stock,True
2025-07-08,2025-07-08 00:00:00,424.7961884745351,1861173.0,421.7749342790503,425.2370678291843,418.3249688563002,GOOGL,stock,True
2025-07-09,2025-07-09 00:00:00,421.6010291880451,1606739.0,420.5998387593738,425.3747993384001,418.9995443034316,GOOGL,stock,True
2025-07-10,2025-07-10 00:00:00,420.545178276444,3112173.0,421.32492183355913,421.4461653191326,419.8399069856643,GOOGL,stock,True
2025-07-11,2025-07-11 00:00:00,421.1885881122697,3907904.0,418.198576648196,423.9702381035552,414.1342594159563,GOOGL,stock,True
2025-07-14,2025-07-14 00:00:00,418.17869608605963,2463239.0,424.09903552270646,425.2284545378583,416.67864118770973,GOOGL,stock,True
2025-07-15,2025-07-15 00:00:00,424.17965660502693,2430566.0,426.0,429.3525297789055,422.90908790632983,GOOGL,stock,True
2024-11-06,2024-11-06 00:00:00,364.18068289737363,921567.0,367.9195849145834,368.5346789332252,361.48208289426725,AMZN,stock,True
2024-11-07,2024-11-07 00:00:00,368.08279959744755,2456591.0,362.71233209685704,369.4236076470794,362.39916668357336,AMZN,stock,True
2024-11-08,2024-11-08 00:00:00,362.86220642642326,2311704.0,365.40336658750783,368.64127508063325,362.26020352016315,AMZN,stock,True
2024-11-11,2024-11-11 00:00:00,365.44575166590175,4409790.0,363.63981571422715,366.96329995419467,360.8310703859558,AMZN,stock,True
2024-11-12,2024-11-12 00:00:00,363.44147758878165,1010197.0,368.6007447841493,370.072503754728,360.05379771346185,AMZN,stock,True
2024-11-13,2024-11-13 00:00:00,368.74002387818774,3595150.0,365.79863858919407,370.3357900421088,364.7587029010177,AMZN,stock,True
2024-11-14,2024-11-14 00:00:00,365.91519825271746,4380195.0,367.83636211985277,369.88855344411746,364.14097420957626,AMZN,stock,True
2024-11-15,2024-11-15 00:00:00,367.84736303066495,1471667.0,366.2251737651471,370.74434311275417,363.6474100879732,AMZN,stock,True
2024-11-18,2024-11-18 00:00:00,366.2629132148555,2029786.0,369.2874863642613,372.72694702485376,365.3670353714935,AMZN,stock,True
2024-11-19,2024-11-19 00:00:00,369.24916822924234,4714921.0,373.01521085448036,374.55259308753244,367.33446508934566,AMZN,stock,True
2024-11-20,2024-11-20 00:00:00,372.8494870174216,3223659.0,375.61512815336386,378.43997122546375,372.7361856337879,AMZN,stock,True
2024-11-21,2024-11-21 00:00:00,375.4977644320621,2751283.0,373.5881704075903,376.42568700722563,370.59591970153144,AMZN,stock,True
2024-11-22,2024-11-22 00:00:00,373.42317933333163,4221618.0,377.06889539240575,378.8375241981584,369.80728245314924,AMZN,stock,True
2024-11-25,2024-11-25 00:00:00,377.0327874169364,4280573.0,379.3902719663989,381.22469872854975,375.69777760968543,AMZN,stock,True
2024-11-26,2024-11-26 00:00:00,379.315133139162,795530.0,374.5490139192695,382.3351997963589,373.0307146948332,AMZN,stock,True
2024-11-27,2024-11-27 00:00:00,374.45132276373243,4490828.0,372.9205351735094,376.2910868995324,370.2845380435608,AMZN,stock,True
2024-11-28,2024-11-28 00:00:00,372.7691801253279,2292294.0,373.69882938190176,377.24995423916107,372.4980078320603,AMZN,stock,True
2024-11-29,2024-11-29 00:00:00,373.7997004107921,4775198.0,378.3395458133619,379.24884323866746,371.8433090952352,AMZN,stock,True
2024-12-02,2024-12-02 00:00:00,378.39314387827346,2332353.0,374.0305804208256,381.61289403573136,371.723843575319,AMZN,stock,True
2024-12-03,2024-12-03 00:00:00,374.01914180644985,1571519.0,372.57414220992837,377.3946877138389,370.5328049751409,AMZN,stock,True
2024-12-04,2024-12-04 00:00:00,372.4983098923275,4371046.0,377.7319474427038,379.17300974874183,369.6852330876607,AMZN,stock,True
2024-12-05,2024-12-05 00:00:00,377.7595183738993,4804239.0,375.22655451906957,380.52459546876946,373.7895219377038,AMZN,stock,True
2024-12-06,2024-12-06 00:00:00,375.10940300070604,2407037.0,380.37724263890306,380.80379072317095,372.2475166838627,AMZN,stock,True
2024-12-09,2024-12-09 00:00:00,380.20960948989904,1348203.0,384.4964586793984,387.35316055324995,376.5582667650266,AMZN,stock,True
2024-12-10,2024-12-10 00:00:00,384.5126490621591,1981283.0,385.29214669314933,385.5275450513448,381.83525692055997,AMZN,stock,True
2024-12-11,2024-12-11 00:00:00,385.2218317552283,894792.0,388.0391456815846,391.80806911023257,384.0484761704258,AMZN,stock,True
2024-12-12,2024-12-12 00:00:00,387.92011679845433,3498037.0,389.8149516133553,393.4701772826381,386.1186656450784,AMZN,stock,True
2024-12-13,2024-12-13 00:00:00,389.7496418603446,2959604.0,393.32720002948554,396.4515027519995,387.05874055105676,AMZN,stock,True
2024-12-16,2024-12-16 00:00:00,393.3459550940826,2209593.0,398.6102094043515,401.75296892402076,393.3121027062669,AMZN,stock,True
2024-12-17,2024-12-17 00:00:00,398.66056239093484,930992.0,403.44597894798903,404.63539643142406,398.4014834987689,AMZN,stock,True
2024-12-18,2024-12-18 00:00:00,403.477561217225,4814881.0,403.35931703661254,406.81763037426055,402.30806281386765,AMZN,stock,True
2024-12-19,2024-12-19 00:00:00,403.20253684301844,2377556.0,398.4300204336227,405.9299565287154,396.4529259917752,AMZN,stock,True
2024-12-20,2024-12-20 00:00:00,398.4925790923528,1352409.0,399.1653991074721,400.184361679133,394.87013478931635,AMZN,stock,True
2024-12-23,2024-12-23 00:00:00,399.27908710170925,1408383.0,400.2966736478504,402.83478612362455,398.06261471838314,AMZN,stock,True
2024-12-24,2024-12-24 00:00:00,400.104033705999,1486610.0,400.93808740374186,402.7766578857068,398.9572554233159,AMZN,stock,True
2024-12-25,2024-12-25 00:00:00,400.74916538570284,2236791.0,395.62304021553365,401.01506165054843,392.1926835866932,AMZN,stock,True
2024-12-26,2024-12-26 00:00:00,395.51604284405926,4596692.0,396.36069323423413,396.59917756216385,394.9050761623567,AMZN,stock,True
2024-12-27,2024-12-27 00:00:00,396.20540799915057,2368523.0,392.1203862624121,396.7428061553231,390.64159055810234,AMZN,stock,True
2024-12-30,2024-12-30 00:00:00,391.92574685494264,2212307.0,386.98752087117776,394.06084771672823,384.48022678052246,AMZN,stock,True
2024-12-31,2024-12-31 00:00:00,386.91484361229294,2079667.0,388.52423556902886,390.84227994897,384.1481240869189,AMZN,stock,True
2025-01-01,2025-01-01 00:00:00,388.5681499051811,4167771.0,383.0998865648541,391.2351731007952,380.64203233480623,AMZN,stock,True
2025-01-02,2025-01-02 00:00:00,382.9470227896266,926108.0,381.8110525173951,385.18037605808587,380.4866783250566,AMZN,stock,True
2025-01-03,2025-01-03 00:00:00,381.8687703629823,754524.0,376.324253710764,383.4678618772766,375.03967461221436,AMZN,stock,True
2025-01-06,2025-01-06 00:00:00,376.38312026302583,3243041.0,380.65004571264905,382.1357818675692,374.18996985236646,AMZN,stock,True
2025-01-07,2025-01-07 00:00:00,380.57343509225586,3068918.0,376.09138896433757,381.7268222785038,375.7264565019023,AMZN,stock,True
2025-01-08,2025-01-08 00:00:00,376.0909341595652,3733120.0,380.61433693946447,381.9655497320997,375.8326887520401,AMZN,stock,True
2025-01-09,2025-01-09 00:00:00,380.5390805655813,4939431.0,384.2165739405699,385.30249451452306,378.6443944496195,AMZN,stock,True
2025-01-10,2025-01-10 00:00:00,384.13276089341724,4292114.0,378.586806444507,385.9188126188997,376.3917384248726,AMZN,stock,True
2025-01-13,2025-01-13 00:00:00,378.55746081915953,4259798.0,380.71411226875256,383.63323606950013,378.3060724134149,AMZN,stock,True
2025-01-14,2025-01-14 00:00:00,380.6852336639301,1078193.0,385.8188248258265,389.6732327383387,377.9371268823674,AMZN,stock,True
2025-01-15,2025-01-15 00:00:00,385.8545045409289,3437463.0,383.88154137339194,389.6674953604548,381.5443536188486,AMZN,stock,True
2025-01-16,2025-01-16 00:00:00,383.9686550917445,3623785.0,382.6775979334579,384.3255457450388,379.47540422221476,AMZN,stock,True
2025-01-17,2025-01-17 00:00:00,382.6056042511519,2486348.0,384.20656358858525,387.98280159157457,379.1856260781953,AMZN,stock,True
2025-01-20,2025-01-20 00:00:00,384.35197375136806,4907915.0,386.04903606509356,389.6254438604929,383.9974329781288,AMZN,stock,True
2025-01-21,2025-01-21 00:00:00,385.94007032305075,740553.0,383.7021275699734,386.880639780794,383.3084310798426,AMZN,stock,True
2025-01-22,2025-01-22 00:00:00,383.7546078996365,1992985.0,379.19079088948484,384.6538694025062,376.12710092119096,AMZN,stock,True
2025-01-23,2025-01-23 00:00:00,379.2432513305379,1854136.0,380.7058949797837,381.5290962974317,378.36681288017974,AMZN,stock,True
2025-01-24,2025-01-24 00:00:00,380.8564498094605,2494703.0,377.07667188183905,384.41136558068627,373.96976408236503,AMZN,stock,True
2025-01-27,2025-01-27 00:00:00,377.20809306064695,3775725.0,377.6415714950102,377.947725301036,374.8461045266271,AMZN,stock,True
2025-01-28,2025-01-28 00:00:00,377.47846178217884,3508087.0,373.06428700358106,378.75679440478217,369.5089271985399,AMZN,stock,True
2025-01-29,2025-01-29 00:00:00,373.1498704564953,1096389.0,369.5630517457052,374.9842744755585,366.974107313229,AMZN,stock,True
2025-01-30,2025-01-30 00:00:00,369.4955442250602,1402074.0,370.7402916047264,372.2053262758005,369.16231419978374,AMZN,stock,True
2025-01-31,2025-01-31 00:00:00,370.69790467945813,3646083.0,366.50931235315375,373.41809602545396,364.0883148431174,AMZN,stock,True
2025-02-03,2025-02-03 00:00:00,366.6137511360507,4992306.0,365.34277198797787,369.08686425786743,363.1941711513421,AMZN,stock,True
2025-02-04,2025-02-04 00:00:00,365.3229878899203,2463773.0,364.4879256353591,368.622509687138,362.7037519295216,AMZN,stock,True
2025-02-05,2025-02-05 00:00:00,364.3141275816536,783126.0,363.21964035287675,366.00848084207314,360.68058205777726,AMZN,stock,True
2025-02-06,2025-02-06 00:00:00,363.24335488599746,3141744.0,366.6058148798046,367.7125870504999,360.1168602036933,AMZN,stock,True
2025-02-07,2025-02-07 00:00:00,366.64624705779863,2138600.0,364.64837265793085,367.15691487942445,362.3073938686611,AMZN,stock,True
2025-02-10,2025-02-10 00:00:00,364.52777867376267,1855182.0,361.4274897433792,364.7494083928111,360.73425417148667,AMZN,stock,True
2025-02-11,2025-02-11 00:00:00,361.2412763714119,3388179.0,357.6638832430217,363.4615729991136,357.1053038019113,AMZN,stock,True
2025-02-12,2025-02-12 00:00:00,357.61013756460187,2587447.0,362.64856176774833,363.12207906838296,354.0895093306196,AMZN,stock,True
2025-02-13,2025-02-13 00:00:00,362.6773333446347,4745017.0,364.01599589111464,365.55781993460107,359.9543270021572,AMZN,stock,True
2025-02-14,2025-02-14 00:00:00,363.90279636487713,852650.0,368.60853010303293,369.8303846659616,361.0422048236265,AMZN,stock,True
2025-02-17,2025-02-17 00:00:00,368.4291470554792,3822063.0,363.84288335882513,368.78412020850647,362.43665982518064,AMZN,stock,True
2025-02-18,2025-02-18 00:00:00,363.72362913427844,2479815.0,359.49692005229366,366.3062286647451,358.4270047509313,AMZN,stock,True
2025-02-19,2025-02-19 00:00:00,359.52250269733895,3431448.0,360.6823234428328,363.4712665629659,356.91170488634117,AMZN,stock,True
2025-02-20,2025-02-20 00:00:00,360.7460407614872,2149394.0,357.2438985048836,360.78949384452125,355.9915238109923,AMZN,stock,True
2025-02-21,2025-02-21 00:00:00,357.1752615933066,3147659.0,357.06766543513095,358.6975134626252,355.76368785762753,AMZN,stock,True
2025-02-24,2025-02-24 00:00:00,357.0961748780012,601977.0,358.87670978402383,359.45919602841354,354.8952281804437,AMZN,stock,True
2025-02-25,2025-02-25 00:00:00,358.7607910310497,981026.0,359.1511142036112,362.3631280249869,356.3283191528343,AMZN,stock,True
2025-02-26,2025-02-26 00:00:00,359.29514223706565,3792573.0,355.06594015446524,359.56809019488,351.651062411296,AMZN,stock,True
2025-02-27,2025-02-27 00:00:00,354.93425452125933,3023189.0,359.29556543194076,360.63980144577926,352.0669762405813,AMZN,stock,True
2025-02-28,2025-02-28 00:00:00,359.18195766229786,4082108.0,360.76314094166685,361.70993321324437,356.9061030940412,AMZN,stock,True
2025-03-03,2025-03-03 00:00:00,360.60629956666116,2986077.0,358.7770784560097,362.0502369551085,357.17628122888664,AMZN,stock,True
2025-03-04,2025-03-04 00:00:00,358.6929131098842,3472274.0,363.63313817895477,363.74490968066715,356.2710394483938,AMZN,stock,True
2025-03-05,2025-03-05 00:00:00,363.54727627920784,3692902.0,364.58007642148067,366.7943345498734,360.0458157611583,AMZN,stock,True
2025-03-06,2025-03-06 00:00:00,364.5680194440704,2339788.0,360.78566802861684,365.37466097108654,359.59093962333907,AMZN,stock,True
2025-03-07,2025-03-07 00:00:00,360.94217956496226,4690732.0,365.4406340380505,367.8377951671662,359.17965181465064,AMZN,stock,True
2025-03-10,2025-03-10 00:00:00,365.24111598907666,1616239.0,363.21909211673335,366.5565292303485,362.28223776779686,AMZN,stock,True
2025-03-11,2025-03-11 00:00:00,363.351334409718,3047204.0,366.7147654177844,368.61953416110214,360.41768163961797,AMZN,stock,True
2025-03-12,2025-03-12 00:00:00,366.59889519108236,4163306.0,369.8627372401097,373.5361971129926,366.4086601219421,AMZN,stock,True
2025-03-13,2025-03-13 00:00:00,369.71119613252773,2037698.0,367.68231281341895,372.47597471527826,365.78224237075887,AMZN,stock,True
2025-03-14,2025-03-14 00:00:00,367.6822314312658,1677491.0,367.33217983709534,369.4972567214708,364.5209577034062,AMZN,stock,True
2025-03-17,2025-03-17 00:00:00,367.2841330857128,3134255.0,368.2808013115094,371.68489076195254,363.89813219512007,AMZN,stock,True
2025-03-18,2025-03-18 00:00:00,368.1150142183209,1247757.0,364.2750478995134,368.12477432217185,361.3185669670893,AMZN,stock,True
2025-03-19,2025-03-19 00:00:00,364.2777573044074,4371885.0,363.1953568349217,364.9428156671505,363.18022995310486,AMZN,stock,True
2025-03-20,2025-03-20 00:00:00,363.26514453923335,3973973.0,365.30817436344427,366.25922952691286,360.6726066400943,AMZN,stock,True
2025-03-21,2025-03-21 00:00:00,365.1677259905251,1266231.0,363.239355154984,367.3902121525807,360.8250863099751,AMZN,stock,True
2025-03-24,2025-03-24 00:00:00,363.2300430792218,3910570.0,366.88622310817817,368.2966483206959,362.72087194229033,AMZN,stock,True
2025-03-25,2025-03-25 00:00:00,366.99549743025807,1678670.0,365.2813310641097,368.9350074193959,365.1933419566913,AMZN,stock,True
2025-03-26,2025-03-26 00:00:00,365.36709810593607,4942194.0,363.01641782974207,366.20338167901866,362.2156511684189,AMZN,stock,True
2025-03-27,2025-03-27 00:00:00,363.06811543410026,1590337.0,360.10265831194533,365.1826239602766,356.7458219080857,AMZN,stock,True
2025-03-28,2025-03-28 00:00:00,359.93343453768966,4991934.0,359.653904146349,362.98332027964926,356.3125108718527,AMZN,stock,True
2025-03-31,2025-03-31 00:00:00,359.75520330937894,559257.0,361.2632660633698,362.5592733928818,358.687333239766,AMZN,stock,True
2025-04-01,2025-04-01 00:00:00,361.21058094331926,3971456.0,361.3816024479917,362.81811474448926,357.9635605578992,AMZN,stock,True
2025-04-02,2025-04-02 00:00:00,361.2862539178289,1503078.0,360.8226945796085,361.96523608689,360.2956981843487,AMZN,stock,True
2025-04-03,2025-04-03 00:00:00,360.7005892042499,2962890.0,358.0545172430213,361.78297281958993,356.2509443305509,AMZN,stock,True
2025-04-04,2025-04-04 00:00:00,357.97839280559947,4691678.0,356.4614990203584,361.512719109375,355.76844757277775,AMZN,stock,True
2025-04-07,2025-04-07 00:00:00,356.41106513416537,2392193.0,351.9333136016782,358.01073933620347,350.92980381493646,AMZN,stock,True
2025-04-08,2025-04-08 00:00:00,351.93279325436583,1895056.0,352.9110562777695,356.0842976302404,351.45272614303764,AMZN,stock,True
2025-04-09,2025-04-09 00:00:00,353.0186110874397,4779584.0,347.9331446040254,353.5504647742119,347.36719009438053,AMZN,stock,True
2025-04-10,2025-04-10 00:00:00,347.8760643641481,4624885.0,351.0011033032663,353.0860790850859,345.455390069586,AMZN,stock,True
2025-04-11,2025-04-11 00:00:00,350.8568603927212,2180519.0,349.08572008702504,352.72792306365557,346.8565196703748,AMZN,stock,True
2025-04-14,2025-04-14 00:00:00,348.90103836837767,2841493.0,353.8564595676668,356.51091761833635,345.5483327107376,AMZN,stock,True
2025-04-15,2025-04-15 00:00:00,353.90348947486876,4514010.0,352.9334989949248,354.12397004738716,350.93870093453927,AMZN,stock,True
2025-04-16,2025-04-16 00:00:00,352.74569806119797,4740438.0,354.85147794547447,356.52619200704805,349.50463795288147,AMZN,stock,True
2025-04-17,2025-04-17 00:00:00,354.7373931380728,4863499.0,358.94513656009326,359.0363392806121,351.9979119728659,AMZN,stock,True
2025-04-18,2025-04-18 00:00:00,359.08006475263653,594298.0,354.46042697521443,361.57818053903577,354.38585291679175,AMZN,stock,True
2025-04-21,2025-04-21 00:00:00,354.4839247238973,4531047.0,359.3995147653624,362.63118122596177,353.8892678813678,AMZN,stock,True
2025-04-22,2025-04-22 00:00:00,359.50784422435083,1661851.0,356.9430880967663,363.07997739116536,354.7865744938682,AMZN,stock,True
2025-04-23,2025-04-23 00:00:00,356.9899772314181,4314483.0,351.9443490400168,359.56047040157085,350.00018949646676,AMZN,stock,True
2025-04-24,2025-04-24 00:00:00,351.75468834700047,2479922.0,349.26403440140086,354.22877078172337,346.3576044756533,AMZN,stock,True
2025-04-25,2025-04-25 00:00:00,349.11047121791944,2350655.0,354.20803796646646,355.4958299326075,349.10753278469934,AMZN,stock,True
2025-04-28,2025-04-28 00:00:00,354.1711445510517,3030063.0,353.3871471937713,354.29607813145157,350.4591740980823,AMZN,stock,True
2025-04-29,2025-04-29 00:00:00,353.3632667556074,1788524.0,355.8837926436763,358.48774058033143,350.18422010351117,AMZN,stock,True
2025-04-30,2025-04-30 00:00:00,355.99738530005504,3712909.0,357.42741954306996,360.6466385373138,353.28288803214747,AMZN,stock,True
2025-05-01,2025-05-01 00:00:00,357.4379051838342,1114443.0,352.9953162399143,357.5487208450667,352.55045848008825,AMZN,stock,True
2025-05-02,2025-05-02 00:00:00,352.99256993261844,2042574.0,351.48959479407154,353.8959988034234,351.1015737180842,AMZN,stock,True
2025-05-05,2025-05-05 00:00:00,351.4124418859568,3154531.0,354.17664149655633,357.23176425733413,351.3668207093028,AMZN,stock,True
2025-05-06,2025-05-06 00:00:00,354.28969473767256,2389263.0,351.0569406747751,356.5946956702811,349.0131178358063,AMZN,stock,True
2025-05-07,2025-05-07 00:00:00,351.0226640437404,1435678.0,348.73982589651257,353.87401779517353,348.19827476458477,AMZN,stock,True
2025-05-08,2025-05-08 00:00:00,348.608734195712,1316096.0,353.8744255944954,355.36702801224783,348.34383201535053,AMZN,stock,True
2025-05-09,2025-05-09 00:00:00,353.78049311821604,3985583.0,354.6484843997209,355.21731679385414,353.49372101717773,AMZN,stock,True
2025-05-12,2025-05-12 00:00:00,354.49821837928414,1534833.0,357.4622279353029,358.2501406323913,352.76609383565653,AMZN,stock,True
2025-05-13,2025-05-13 00:00:00,357.3372902042036,2636779.0,352.7594717179105,360.16389307040504,349.6264743069209,AMZN,stock,True
2025-05-14,2025-05-14 00:00:00,352.7880723610313,4537765.0,352.10531841126783,354.2929656547685,350.1421538638618,AMZN,stock,True
2025-05-15,2025-05-15 00:00:00,352.0114570572554,1338685.0,355.04262223492157,355.0523641139311,350.9566939823718,AMZN,stock,True
2025-05-16,2025-05-16 00:00:00,354.86109355915534,3103494.0,357.35617472769735,360.11178331188773,353.89211253289767,AMZN,stock,True
2025-05-19,2025-05-19 00:00:00,357.37483357473275,1979682.0,355.7301236069867,359.90287589158584,355.1162284870556,AMZN,stock,True
2025-05-20,2025-05-20 00:00:00,355.859815722259,2304790.0,359.0402556151431,359.7496981085264,352.9520234012606,AMZN,stock,True
2025-05-21,2025-05-21 00:00:00,358.97515825240635,1687297.0,358.2736057363293,360.6094352769317,358.03067949177745,AMZN,stock,True
2025-05-22,2025-05-22 00:00:00,358.2826231044474,1318434.0,357.60165004410135,359.6461592704704,354.59954098047285,AMZN,stock,True
2025-05-23,2025-05-23 00:00:00,357.5677684089179,4892878.0,359.2400987522734,359.3023275957042,355.1748424386081,AMZN,stock,True
2025-05-26,2025-05-26 00:00:00,359.07439544251906,4538865.0,364.47737785274575,367.9322746551293,356.8835747162324,AMZN,stock,True
2025-05-27,2025-05-27 00:00:00,364.54903995601325,3047269.0,363.13816457173107,367.67623794556135,360.28598478226303,AMZN,stock,True
2025-05-28,2025-05-28 00:00:00,363.00548239950444,701086.0,358.28791961153155,365.28308438095854,355.9470532304345,AMZN,stock,True
2025-05-29,2025-05-29 00:00:00,358.14560082283606,4425456.0,359.78612707426447,362.0676965171362,357.04490039004145,AMZN,stock,True
2025-05-30,2025-05-30 00:00:00,359.7372252118055,3355950.0,357.06911369311507,362.37173674976003,356.05672860475954,AMZN,stock,True
2025-06-02,2025-06-02 00:00:00,357.0073509922994,3156028.0,356.06138641648806,357.92461916608033,352.91222306917143,AMZN,stock,True
2025-06-03,2025-06-03 00:00:00,356.0861811714092,4294245.0,354.0150569425813,356.9227655522028,352.24522770086514,AMZN,stock,True
2025-06-04,2025-06-04 00:00:00,353.87229923185083,4995325.0,349.16331195601776,356.45478862176,346.91454702218743,AMZN,stock,True
2025-06-05,2025-06-05 00:00:00,349.1390548330366,1070656.0,353.43002211111735,354.7420193381731,347.97695495701896,AMZN,stock,True
2025-06-06,2025-06-06 00:00:00,353.44211681266836,1668482.0,354.01049907528875,356.62665811991144,353.1087805256111,AMZN,stock,True
2025-06-09,2025-06-09 00:00:00,353.9227902888012,900813.0,353.23931253041144,354.724340025099,350.82823133486147,AMZN,stock,True
2025-06-10,2025-06-10 00:00:00,353.10834190638974,4812377.0,350.4220799182671,355.3078693306154,346.97045701693537,AMZN,stock,True
2025-06-11,2025-06-11 00:00:00,350.3871677635514,605784.0,346.9040414163724,350.59763833042945,344.437976373134,AMZN,stock,True
2025-06-12,2025-06-12 00:00:00,346.88892759047366,1594989.0,346.53783049509923,349.35154949682465,344.6127140981838,AMZN,stock,True
2025-06-13,2025-06-13 00:00:00,346.36691989945217,3887132.0,347.6702741864225,348.57677996739926,343.9454950470289,AMZN,stock,True
2025-06-16,2025-06-16 00:00:00,347.52595344259606,2285765.0,346.624538547014,348.94925525808344,344.11659602037236,AMZN,stock,True
2025-06-17,2025-06-17 00:00:00,346.467691968249,2341098.0,345.3483233007111,347.8479843938423,342.00411859192235,AMZN,stock,True
2025-06-18,2025-06-18 00:00:00,345.20271056902004,4574051.0,344.4587673052292,347.4635952783615,341.4588147481921,AMZN,stock,True
2025-06-19,2025-06-19 00:00:00,344.44419342012736,513110.0,346.8542916144451,348.3858302900827,341.2475893545367,AMZN,stock,True
2025-06-20,2025-06-20 00:00:00,346.74309024158515,4542412.0,342.86203296654395,349.444753854506,342.3520230927812,AMZN,stock,True
2025-06-23,2025-06-23 00:00:00,342.7788238533989,3350372.0,340.39777529148165,346.1920016091947,338.7697275635103,AMZN,stock,True
2025-06-24,2025-06-24 00:00:00,340.2583689331717,966596.0,337.57824198613304,343.0250350592885,334.89300537730566,AMZN,stock,True
2025-06-25,2025-06-25 00:00:00,337.4209706274803,2263228.0,336.81124086910734,339.7273200221654,335.4465875938836,AMZN,stock,True
2025-06-26,2025-06-26 00:00:00,336.8447972087514,737799.0,337.27033211034507,338.28031015592984,334.87026590079194,AMZN,stock,True
2025-06-27,2025-06-27 00:00:00,337.1127252262773,3518197.0,335.5052890991845,340.0300598002878,332.87995302813937,AMZN,stock,True
2025-06-30,2025-06-30 00:00:00,335.4130566335615,2308669.0,339.9194895442532,342.17627026965926,333.8015661677069,AMZN,stock,True
2025-07-01,2025-07-01 00:00:00,339.7393670652625,4631892.0,343.9057283332316,344.29755796921347,338.0802169882685,AMZN,stock,True
2025-07-02,2025-07-02 00:00:00,344.01384612176327,4233886.0,344.73569993143786,345.86081771722405,340.7698337694604,AMZN,stock,True
2025-07-03,2025-07-03 00:00:00,344.6491765893261,2054072.0,349.3685634850978,350.41832284793855,341.8470419431032,AMZN,stock,True
2025-07-04,2025-07-04 00:00:00,349.47620312719613,2192038.0,352.147542134911,353.1264541051496,349.23002637501503,AMZN,stock,True
2025-07-07,2025-07-07 00:00:00,352.0967166524236,3834907.0,351.1125126144827,353.2581491442536,348.77164819316806,AMZN,stock,True
2025-07-08,2025-07-08 00:00:00,351.10612758007017,2913837.0,355.7741013124836,357.2771591591279,350.7406155849761,AMZN,stock,True
2025-07-09,2025-07-09 00:00:00,355.7860543281496,2273435.0,353.9912946268671,357.22958487172394,352.6153993864288,AMZN,stock,True
2025-07-10,2025-07-10 00:00:00,354.1047649962198,3294518.0,357.7771647451883,360.86795508165426,353.94172437256105,AMZN,stock,True
2025-07-11,2025-07-11 00:00:00,357.615370593278,2348353.0,359.31802436147643,362.17495802968153,354.1902096791542,AMZN,stock,True
2025-07-14,2025-07-14 00:00:00,359.2299935517473,3422403.0,356.54156539721293,360.3588135172162,353.3828801643187,AMZN,stock,True
2025-07-15,2025-07-15 00:00:00,356.66835478532965,1982535.0,360.0,362.11866151778946,353.69131552240754,AMZN,stock,True
2024-11-06,2024-11-06 00:00:00,389.1999376380552,2095204.0,386.9144430899893,389.2337160395656,384.82935342593566,TSLA,stock,True
2024-11-07,2024-11-07 00:00:00,386.74746392968643,939393.0,392.2750361264281,392.80101696648967,385.1231177917024,TSLA,stock,True
2024-11-08,2024-11-08 00:00:00,392.2564262813749,1345325.0,394.06486074611547,395.4021662048719,391.63403464888967,TSLA,stock,True
2024-11-11,2024-11-11 00:00:00,393.9926110855065,4816981.0,392.2731527156667,395.1413869791467,392.0014372367314,TSLA,stock,True
2024-11-12,2024-11-12 00:00:00,392.32140552728373,3682358.0,390.30955274757724,394.4279265955251,386.98468650569504,TSLA,stock,True
2024-11-13,2024-11-13 00:00:00,390.4238075902235,2304330.0,385.28851761493775,391.4290686196865,384.7506990754083,TSLA,stock,True
2024-11-14,2024-11-14 00:00:00,385.4093732272925,3485981.0,382.3339700389925,386.7279030194404,378.76422874898805,TSLA,stock,True
2024-11-15,2024-11-15 00:00:00,382.16503556130897,2015142.0,379.10099637846076,382.60516909167507,375.9012634243592,TSLA,stock,True
2024-11-18,2024-11-18 00:00:00,378.9604449094196,3781557.0,374.5277860070987,379.4738277959813,373.11037493167714,TSLA,stock,True
2024-11-19,2024-11-19 00:00:00,374.4730275239137,3384702.0,370.97510457603863,377.6085533762953,370.26442886457556,TSLA,stock,True
2024-11-20,2024-11-20 00:00:00,370.8417997884113,3035490.0,369.7658421005256,373.9876252287238,366.34801279062697,TSLA,stock,True
2024-11-21,2024-11-21 00:00:00,369.88820526693485,609991.0,372.05139658021733,374.1165314037127,367.22223853172807,TSLA,stock,True
2024-11-22,2024-11-22 00:00:00,372.20506095448627,642785.0,373.4775522919653,376.3273407108081,368.5795543088559,TSLA,stock,True
2024-11-25,2024-11-25 00:00:00,373.4861715042024,1367024.0,370.78700175304795,376.8321333915983,369.2797616389717,TSLA,stock,True
2024-11-26,2024-11-26 00:00:00,370.7930662852015,843527.0,366.4566307142166,372.38318325568713,364.3121896014225,TSLA,stock,True
2024-11-27,2024-11-27 00:00:00,366.3373256335941,4027670.0,363.67291685482553,367.9141143135585,362.75700024784066,TSLA,stock,True
2024-11-28,2024-11-28 00:00:00,363.5371014467521,4313771.0,359.3227977377335,366.529476295503,357.77411146151576,TSLA,stock,True
2024-11-29,2024-11-29 00:00:00,359.39713691871344,1462199.0,364.6808486507593,365.8730863352474,359.25219714415783,TSLA,stock,True
2024-12-02,2024-12-02 00:00:00,364.78554992591097,3939566.0,361.72497919165545,365.4009831857719,361.24976402153743,TSLA,stock,True
2024-12-03,2024-12-03 00:00:00,361.57602135561456,552142.0,365.12374610119804,367.69747759738283,358.58037745065207,TSLA,stock,True
2024-12-04,2024-12-04 00:00:00,365.03775446956064,2081212.0,368.90870074241906,370.5659593065624,363.9349357148144,TSLA,stock,True
2024-12-05,2024-12-05 00:00:00,368.9384049510936,3718801.0,368.6463544701048,370.06133198903257,365.78541590903404,TSLA,stock,True
2024-12-06,2024-12-06 00:00:00,368.45584112972364,3514505.0,369.0296762502878,371.90927702778043,366.19314729875276,TSLA,stock,True
2024-12-09,2024-12-09 00:00:00,369.05917949517897,2740938.0,370.59509106901965,372.1637405574818,366.7317194912938,TSLA,stock,True
2024-12-10,2024-12-10 00:00:00,370.3918502335984,4973709.0,373.0406158486197,374.6368951021451,367.4717378539562,TSLA,stock,True
2024-12-11,2024-12-11 00:00:00,372.9585655456282,2750141.0,375.5593387218895,377.77891679926137,372.3098157846541,TSLA,stock,True
2024-12-12,2024-12-12 00:00:00,375.63920460147784,578949.0,376.22850967661145,379.72185958878595,373.7431317122124,TSLA,stock,True
2024-12-13,2024-12-13 00:00:00,376.1210679732065,3798414.0,375.92590923551455,378.66926911495534,374.8030534844587,TSLA,stock,True
2024-12-16,2024-12-16 00:00:00,375.942337012962,2011213.0,374.49720310536554,379.18386235204866,373.399338136343,TSLA,stock,True
2024-12-17,2024-12-17 00:00:00,374.5751991911981,2418384.0,371.4358576809063,378.3146136149222,367.85913679203026,TSLA,stock,True
2024-12-18,2024-12-18 00:00:00,371.38023325007697,2324820.0,369.9635789336928,372.2142117628281,369.60616857434286,TSLA,stock,True
2024-12-19,2024-12-19 00:00:00,369.7777164262105,3065849.0,366.8209355324443,372.51909941894445,363.8771516186937,TSLA,stock,True
2024-12-20,2024-12-20 00:00:00,366.7158005774433,4898437.0,361.29647888669194,369.53920081419204,360.48537757309765,TSLA,stock,True
2024-12-23,2024-12-23 00:00:00,361.1709869772471,2731918.0,359.91971456693125,361.897181293064,358.0523945112156,TSLA,stock,True
2024-12-24,2024-12-24 00:00:00,359.9417656375849,4538327.0,356.60858932728087,362.0236012298959,353.69245695622874,TSLA,stock,True
2024-12-25,2024-12-25 00:00:00,356.49450691696853,1951957.0,357.1088095049337,360.3587759045478,354.62295208002445,TSLA,stock,True
2024-12-26,2024-12-26 00:00:00,357.13745368637444,1221398.0,358.22999418991776,359.3383076918674,354.9169374307932,TSLA,stock,True
2024-12-27,2024-12-27 00:00:00,358.10832092522776,2631368.0,356.6820200504954,358.21556085566453,355.4199612538431,TSLA,stock,True
2024-12-30,2024-12-30 00:00:00,356.8049808240951,1025046.0,359.8862852783345,361.52963158908824,355.7555450136654,TSLA,stock,True
2024-12-31,2024-12-31 00:00:00,359.88857692413194,1373031.0,364.5094470687704,366.6986782777508,356.9424663029102,TSLA,stock,True
2025-01-01,2025-01-01 00:00:00,364.49279722523664,1300102.0,368.81260467895623,369.4802870488109,362.7304440724072,TSLA,stock,True
2025-01-02,2025-01-02 00:00:00,368.71663889135647,1643480.0,369.11644066945485,370.3687933878428,365.10920694064095,TSLA,stock,True
2025-01-03,2025-01-03 00:00:00,368.9541661346758,3856284.0,371.4395611074572,372.6416001631,366.7275630616414,TSLA,stock,True
2025-01-06,2025-01-06 00:00:00,371.35257257478554,3989277.0,374.04042385827523,374.6710552218465,368.16990999317306,TSLA,stock,True
2025-01-07,2025-01-07 00:00:00,374.15634449780526,4978493.0,372.99936038463653,375.534136123916,372.82570726448716,TSLA,stock,True
2025-01-08,2025-01-08 00:00:00,373.16221145540726,2838604.0,370.0337242523255,374.612758475753,369.5211486993959,TSLA,stock,True
2025-01-09,2025-01-09 00:00:00,369.87280792437167,3281858.0,366.93609139251015,370.2646635517104,366.41675208845174,TSLA,stock,True
2025-01-10,2025-01-10 00:00:00,366.8567373324043,2189640.0,363.46231507744767,368.53612535883553,360.8520856634591,TSLA,stock,True
2025-01-13,2025-01-13 00:00:00,363.36365361822243,1376822.0,359.35052266485616,366.9363475361051,359.276887825799,TSLA,stock,True
2025-01-14,2025-01-14 00:00:00,359.37407075617233,1726492.0,354.52675134257913,361.2875380568153,352.4188932354428,TSLA,stock,True
2025-01-15,2025-01-15 00:00:00,354.34830678939636,2493429.0,350.7452003321487,354.3556647520401,347.3788417182135,TSLA,stock,True
2025-01-16,2025-01-16 00:00:00,350.6256988658414,4605867.0,350.0759304168444,351.954664086537,348.05303715751296,TSLA,stock,True
2025-01-17,2025-01-17 00:00:00,349.92939261818907,4507472.0,349.67411872117054,353.30580220375475,349.4361123740916,TSLA,stock,True
2025-01-20,2025-01-20 00:00:00,349.6581060243853,3676541.0,350.89541757646845,353.1304900114305,346.88340586972276,TSLA,stock,True
2025-01-21,2025-01-21 00:00:00,350.8662653582381,3707919.0,354.9822430330967,355.5171207736808,348.65076875851014,TSLA,stock,True
2025-01-22,2025-01-22 00:00:00,355.108743550217,2640221.0,351.97810863127114,357.8249906065157,351.8616300605843,TSLA,stock,True
2025-01-23,2025-01-23 00:00:00,352.0245309587822,1099304.0,357.04628541519486,358.98038477030235,350.8474214877899,TSLA,stock,True
2025-01-24,2025-01-24 00:00:00,356.9988857421071,3259385.0,353.9587738216763,358.5541303601379,352.3500789453161,TSLA,stock,True
2025-01-27,2025-01-27 00:00:00,353.78505983980045,1277787.0,359.14495091394696,359.351103324442,353.1035457608196,TSLA,stock,True
2025-01-28,2025-01-28 00:00:00,359.07306814215605,4011999.0,356.3680287020063,361.05617874773253,355.7164619865422,TSLA,stock,True
2025-01-29,2025-01-29 00:00:00,356.5255037109825,4748319.0,355.66357265041626,358.6751898742951,354.7131635927438,TSLA,stock,True
2025-01-30,2025-01-30 00:00:00,355.6361686939572,4126081.0,356.4653619837421,357.4609029328574,352.19441077610713,TSLA,stock,True
2025-01-31,2025-01-31 00:00:00,356.5555714809544,4152713.0,352.27119367859126,357.9551521073219,348.78899185273195,TSLA,stock,True
2025-02-03,2025-02-03 00:00:00,352.3508594557815,4774702.0,347.33353517269865,354.759903502353,346.7836798992409,TSLA,stock,True
2025-02-04,2025-02-04 00:00:00,347.16388608646963,3943067.0,343.28510101633384,350.1229135934452,341.1598593249393,TSLA,stock,True
2025-02-05,2025-02-05 00:00:00,343.4253921934204,4302112.0,343.161380014527,346.5934796859609,339.79406045386804,TSLA,stock,True
2025-02-06,2025-02-06 00:00:00,343.29732154719267,851766.0,344.4709996276912,347.5636780665794,342.1279494679992,TSLA,stock,True
2025-02-07,2025-02-07 00:00:00,344.5344770412105,2969761.0,344.19660110136465,347.3027470230132,341.38007903101334,TSLA,stock,True
2025-02-10,2025-02-10 00:00:00,344.1404045467163,2895540.0,345.9660641381837,348.52775648981685,342.52620049543555,TSLA,stock,True
2025-02-11,2025-02-11 00:00:00,346.1104895532925,2837241.0,349.07892728674005,351.0181648975606,343.54235770969467,TSLA,stock,True
2025-02-12,2025-02-12 00:00:00,349.00465670266067,4749698.0,349.0233664643426,350.8437540897568,348.0299648739159,TSLA,stock,True
2025-02-13,2025-02-13 00:00:00,348.8900350245185,845324.0,352.39864091263655,355.06559893023586,347.1124837982331,TSLA,stock,True
2025-02-14,2025-02-14 00:00:00,352.4031156753812,793949.0,356.7388711493202,359.4248062909452,351.169268495479,TSLA,stock,True
2025-02-17,2025-02-17 00:00:00,356.56669312155725,2527025.0,356.2468608034325,356.91655184003383,356.0193570057035,TSLA,stock,True
2025-02-18,2025-02-18 00:00:00,356.22667015174795,635371.0,358.02284837939106,359.52061917599246,352.68788271217943,TSLA,stock,True
2025-02-19,2025-02-19 00:00:00,357.9272099558592,3326971.0,356.0238675142374,359.49204007888704,353.2886573112498,TSLA,stock,True
2025-02-20,2025-02-20 00:00:00,356.10391190605884,4950143.0,353.1035005697465,357.9291090115442,351.2561132092602,TSLA,stock,True
2025-02-21,2025-02-21 00:00:00,353.2516062382643,4068350.0,357.4194434135038,358.1131548359771,351.05409688350494,TSLA,stock,True
2025-02-24,2025-02-24 00:00:00,357.22556861203884,1228826.0,357.44507586195044,358.37528466380815,354.39579158569944,TSLA,stock,True
2025-02-25,2025-02-25 00:00:00,357.3525294670839,2282640.0,360.59291420768517,363.51112735545894,357.0218958061717,TSLA,stock,True
2025-02-26,2025-02-26 00:00:00,360.46278627459543,2932942.0,355.3230777842266,360.7532424938905,352.643319895134,TSLA,stock,True
2025-02-27,2025-02-27 00:00:00,355.2795309048818,4616606.0,351.1941399341977,355.6319733649599,349.7694123289017,TSLA,stock,True
2025-02-28,2025-02-28 00:00:00,351.0739791633276,3237230.0,351.51674632917616,351.86964623699777,347.936858471828,TSLA,stock,True
2025-03-03,2025-03-03 00:00:00,351.4296323122672,3866846.0,348.97127608981157,352.892233343463,348.6739982314518,TSLA,stock,True
2025-03-04,2025-03-04 00:00:00,348.89196531982157,3541471.0,345.42599793326616,350.11675206456243,343.5064462365997,TSLA,stock,True
2025-03-05,2025-03-05 00:00:00,345.5081490738778,2846222.0,345.50168184993316,346.45024276875324,345.33550881436315,TSLA,stock,True
2025-03-06,2025-03-06 00:00:00,345.60870785221726,3007837.0,343.847461712757,348.7866858863495,341.8162713649118,TSLA,stock,True
2025-03-07,2025-03-07 00:00:00,343.72184273809074,3502867.0,343.1545850978164,346.2800211532495,339.7355720737068,TSLA,stock,True
2025-03-10,2025-03-10 00:00:00,343.18832427474257,1092004.0,340.86549407740006,345.010473067678,340.38469740999363,TSLA,stock,True
2025-03-11,2025-03-11 00:00:00,340.80478276382416,1226972.0,341.26806589057594,344.6386652535766,338.36191498910637,TSLA,stock,True
2025-03-12,2025-03-12 00:00:00,341.3552808442345,1528896.0,341.87283234634776,345.0890260042267,338.258945859227,TSLA,stock,True
2025-03-13,2025-03-13 00:00:00,341.87113857329115,913113.0,338.46985888672805,344.4422096714407,337.46313829189125,TSLA,stock,True
2025-03-14,2025-03-14 00:00:00,338.3221851616008,705198.0,335.4582840104944,340.3803848635493,332.1760627123426,TSLA,stock,True
2025-03-17,2025-03-17 00:00:00,335.4158165704171,3670957.0,339.6517874866252,339.99151546044595,333.0331458132729,TSLA,stock,True
2025-03-18,2025-03-18 00:00:00,339.7484240885041,4587317.0,341.8908999041068,343.87526822017827,338.4821970526085,TSLA,stock,True
2025-03-19,2025-03-19 00:00:00,341.9530029471882,755868.0,340.04183938567854,342.00138922865875,337.40344925734183,TSLA,stock,True
2025-03-20,2025-03-20 00:00:00,339.8918341456661,1509918.0,338.6196715453309,343.18506535965764,336.17010602099947,TSLA,stock,True
2025-03-21,2025-03-21 00:00:00,338.5351716970268,1338383.0,340.62619246012787,341.20979712475537,336.0252523601555,TSLA,stock,True
2025-03-24,2025-03-24 00:00:00,340.58964968103686,2494787.0,339.2267418373864,341.189730019708,339.03745925818095,TSLA,stock,True
2025-03-25,2025-03-25 00:00:00,339.1881844297687,621846.0,341.5348600096083,342.04820027796427,338.99731710696904,TSLA,stock,True
2025-03-26,2025-03-26 00:00:00,341.5227866570576,3889050.0,338.22914287857145,343.5275411349686,337.2772805116891,TSLA,stock,True
2025-03-27,2025-03-27 00:00:00,338.22867408419313,1874642.0,334.07565080217194,340.1578095274202,333.98019097453323,TSLA,stock,True
2025-03-28,2025-03-28 00:00:00,334.1067036316429,4266168.0,332.9598367454309,335.91137863804295,331.2243946855396,TSLA,stock,True
2025-03-31,2025-03-31 00:00:00,333.01036155977005,4823544.0,331.1081007773765,333.22590030625963,328.1987222592138,TSLA,stock,True
2025-04-01,2025-04-01 00:00:00,331.071299830087,568438.0,329.1473289452798,331.82856040858775,326.23542413767194,TSLA,stock,True
2025-04-02,2025-04-02 00:00:00,329.16996182687865,1112326.0,328.14391388738136,332.22935672492963,327.5636551133117,TSLA,stock,True
2025-04-03,2025-04-03 00:00:00,328.0499220782619,4335620.0,329.92078487766065,332.8586528912405,327.45520457117345,TSLA,stock,True
2025-04-04,2025-04-04 00:00:00,329.9889898248277,1217640.0,329.0833142725151,332.41641129989455,328.7865838744783,TSLA,stock,True
2025-04-07,2025-04-07 00:00:00,329.00443653390477,1368420.0,331.14670879850723,333.8481593564515,326.10374544859627,TSLA,stock,True
2025-04-08,2025-04-08 00:00:00,331.0590892981591,1811413.0,328.2843418823708,332.1379663446312,328.0978902987107,TSLA,stock,True
2025-04-09,2025-04-09 00:00:00,328.16722982774104,1075313.0,328.86018846722453,331.5233822844553,326.9021624059247,TSLA,stock,True
2025-04-10,2025-04-10 00:00:00,328.69918847424606,1288480.0,332.02533819799737,333.93441126552244,328.31379487350966,TSLA,stock,True
2025-04-11,2025-04-11 00:00:00,331.92506153342134,4240971.0,332.1666755369754,334.00614320426024,331.77607004908015,TSLA,stock,True
2025-04-14,2025-04-14 00:00:00,332.19753803674985,3285422.0,329.23389294796,334.65737847129515,327.0244043023167,TSLA,stock,True
2025-04-15,2025-04-15 00:00:00,329.11385080559967,2187585.0,328.5373962133363,330.42000000537234,327.3021394594406,TSLA,stock,True
2025-04-16,2025-04-16 00:00:00,328.4815883835639,3082890.0,331.5511341314788,331.7592077547852,325.9695360051867,TSLA,stock,True
2025-04-17,2025-04-17 00:00:00,331.45440047274093,1554802.0,335.6284450694152,337.5948946135568,328.8783929717948,TSLA,stock,True
2025-04-18,2025-04-18 00:00:00,335.5672665581497,2308654.0,339.65120069755426,340.38545862604934,332.7760323428663,TSLA,stock,True
2025-04-21,2025-04-21 00:00:00,339.64380719714296,3379233.0,343.23157520657554,344.692234362639,338.07085983640746,TSLA,stock,True
2025-04-22,2025-04-22 00:00:00,343.084127504011,3364047.0,346.18077985586655,346.74781860031646,339.9266670420136,TSLA,stock,True
2025-04-23,2025-04-23 00:00:00,346.2654329569968,4558420.0,341.96050462474153,347.37560553293736,341.3204587249463,TSLA,stock,True
2025-04-24,2025-04-24 00:00:00,341.9331972944596,3091737.0,341.6261147618374,342.7273196068139,338.241054884605,TSLA,stock,True
2025-04-25,2025-04-25 00:00:00,341.6379034585687,1849961.0,337.86204106759084,343.2125835930921,334.92677086528005,TSLA,stock,True
2025-04-28,2025-04-28 00:00:00,337.7098638108972,3806441.0,340.74049135496483,342.5591008600829,335.1950563243049,TSLA,stock,True
2025-04-29,2025-04-29 00:00:00,340.7184808336308,1644660.0,343.4510045383035,345.9128455622665,339.41652012627094,TSLA,stock,True
2025-04-30,2025-04-30 00:00:00,343.34584898090174,1833779.0,345.0605304697008,347.3437884412839,340.3354022244961,TSLA,stock,True
2025-05-01,2025-05-01 00:00:00,345.12151123562796,3628864.0,346.8783162680823,348.4468406172369,344.9328163587433,TSLA,stock,True
2025-05-02,2025-05-02 00:00:00,346.89811859154094,2973610.0,348.1907870666116,348.857771142098,345.7240167325451,TSLA,stock,True
2025-05-05,2025-05-05 00:00:00,348.21102720862626,4060940.0,349.98338046734676,351.8433289336869,346.1779109711475,TSLA,stock,True
2025-05-06,2025-05-06 00:00:00,349.95964017292573,547029.0,346.58299181997177,350.54234888240205,345.2646223691368,TSLA,stock,True
2025-05-07,2025-05-07 00:00:00,346.7263465138178,2035776.0,349.6115613262272,350.27527890176157,344.1771202859482,TSLA,stock,True
2025-05-08,2025-05-08 00:00:00,349.5418434974419,2150439.0,350.4321778935403,350.6144777620659,348.72202664621904,TSLA,stock,True
2025-05-09,2025-05-09 00:00:00,350.4516634776121,1213920.0,348.1706920259081,350.787106935825,347.0351840333516,TSLA,stock,True
2025-05-12,2025-05-12 00:00:00,348.23873508693686,2877496.0,352.6120522034292,356.13642545928275,345.65339540886765,TSLA,stock,True
2025-05-13,2025-05-13 00:00:00,352.4749416025439,4144787.0,357.71771662823477,360.0901537082614,351.4164418972001,TSLA,stock,True
2025-05-14,2025-05-14 00:00:00,357.7363469286358,1959652.0,361.84895143174157,362.61417749049633,355.2001657187228,TSLA,stock,True
2025-05-15,2025-05-15 00:00:00,361.8425118968425,2471692.0,356.73248681379425,363.1473816908831,356.2593116283668,TSLA,stock,True
2025-05-16,2025-05-16 00:00:00,356.71726398604125,871774.0,352.76531404407876,359.2368465543232,350.55925234686543,TSLA,stock,True
2025-05-19,2025-05-19 00:00:00,352.6791841752319,2405423.0,350.9028728016145,355.8318095226701,348.6864762189442,TSLA,stock,True
2025-05-20,2025-05-20 00:00:00,350.9905878116931,1623004.0,354.3428516104478,355.1422270760872,348.4731397001973,TSLA,stock,True
2025-05-21,2025-05-21 00:00:00,354.338262268243,1168532.0,351.085492804302,355.1075670505013,348.09460636532214,TSLA,stock,True
2025-05-22,2025-05-22 00:00:00,351.20163399440827,2000622.0,350.6260008631267,352.23284406506446,349.67012770105816,TSLA,stock,True
2025-05-23,2025-05-23 00:00:00,350.7103773325744,1283640.0,350.07038945071537,351.86467462914527,349.6765388083757,TSLA,stock,True
2025-05-26,2025-05-26 00:00:00,350.00207435627243,4659404.0,350.87646257680933,353.60013756023613,349.1713751467973,TSLA,stock,True
2025-05-27,2025-05-27 00:00:00,350.98592101244407,2305214.0,352.410669041534,353.36550684448787,348.23013773272345,TSLA,stock,True
2025-05-28,2025-05-28 00:00:00,352.4644098918725,3610146.0,354.07484458006445,356.81110157036335,348.944233980805,TSLA,stock,True
2025-05-29,2025-05-29 00:00:00,354.2082124332641,1492999.0,350.3579679970789,357.5688966244504,347.7379675138046,TSLA,stock,True
2025-05-30,2025-05-30 00:00:00,350.26196379355696,4706311.0,349.8862416373637,353.64276304294674,349.00357352668857,TSLA,stock,True
2025-06-02,2025-06-02 00:00:00,349.7339357285252,2383492.0,353.09418509084315,355.5774613018706,347.53208851852986,TSLA,stock,True
2025-06-03,2025-06-03 00:00:00,353.241936748295,1552561.0,355.1193428687634,358.4872600142191,350.11205188839205,TSLA,stock,True
2025-06-04,2025-06-04 00:00:00,354.9913782431142,4706584.0,349.83765841739154,355.1026381366618,349.1978698376182,TSLA,stock,True
2025-06-05,2025-06-05 00:00:00,349.8064663036973,3532911.0,354.7252981699217,357.3125879801758,347.7899413014363,TSLA,stock,True
2025-06-06,2025-06-06 00:00:00,354.80038531644067,1579766.0,350.3391945968419,357.44763955191786,346.98899515442844,TSLA,stock,True
2025-06-09,2025-06-09 00:00:00,350.35006246525137,1889003.0,351.05350850987685,353.71593584994486,349.21767718855773,TSLA,stock,True
2025-06-10,2025-06-10 00:00:00,351.1421729674263,1332262.0,354.4936869746696,356.6343001166508,349.94070023250396,TSLA,stock,True
2025-06-11,2025-06-11 00:00:00,354.4597085476882,4029391.0,355.24632102996827,358.3034248524257,352.6858070720522,TSLA,stock,True
2025-06-12,2025-06-12 00:00:00,355.2247638564731,1876099.0,350.14070581998203,355.8991997885417,346.87153065103945,TSLA,stock,True
2025-06-13,2025-06-13 00:00:00,349.977197180884,2370767.0,347.26526337775834,352.24182747358583,347.0803260401611,TSLA,stock,True
2025-06-16,2025-06-16 00:00:00,347.22710854222913,1688617.0,347.06825935104746,350.3240897909291,343.9731386804619,TSLA,stock,True
2025-06-17,2025-06-17 00:00:00,346.9698350137308,682667.0,349.29184434813754,351.08387370776353,343.55414865449046,TSLA,stock,True
2025-06-18,2025-06-18 00:00:00,349.4103419102987,1513720.0,346.554424807451,350.34232777780886,344.31530131805926,TSLA,stock,True
2025-06-19,2025-06-19 00:00:00,346.5577840641427,616874.0,351.24795763428335,353.8684793498567,344.2086703412614,TSLA,stock,True
2025-06-20,2025-06-20 00:00:00,351.23209742725714,3048316.0,349.86419852876656,353.53511966498064,349.8076053787613,TSLA,stock,True
2025-06-23,2025-06-23 00:00:00,350.0112069555256,902544.0,346.90584742159405,352.70391482212295,346.31522908939525,TSLA,stock,True
2025-06-24,2025-06-24 00:00:00,346.8415251442652,661210.0,350.8253220075904,352.4729916077686,346.4796257110302,TSLA,stock,True
2025-06-25,2025-06-25 00:00:00,350.73763321534096,2779200.0,352.663055142802,352.6724773385224,349.80668463631247,TSLA,stock,True
2025-06-26,2025-06-26 00:00:00,352.6380757950975,2727170.0,352.1095937102096,355.29459192241626,350.53686375206485,TSLA,stock,True
2025-06-27,2025-06-27 00:00:00,352.2505112676798,4838167.0,351.27611997390966,354.5016352216313,348.31862347973475,TSLA,stock,True
2025-06-30,2025-06-30 00:00:00,351.3692926834248,3235295.0,349.06917167561465,353.79859731893464,347.4377819329163,TSLA,stock,True
2025-07-01,2025-07-01 00:00:00,349.0816839285228,1427898.0,352.5456656828474,354.5757761344994,346.803186035852,TSLA,stock,True
2025-07-02,2025-07-02 00:00:00,352.47032709125347,1098072.0,348.85115409832906,354.41058020219117,348.04331356152034,TSLA,stock,True
2025-07-03,2025-07-03 00:00:00,348.93301657114637,2135709.0,348.1796005421814,349.0205150014607,345.36047359944644,TSLA,stock,True
2025-07-04,2025-07-04 00:00:00,348.03473090909165,1495407.0,347.5618540293192,350.2287211274957,344.8256173542591,TSLA,stock,True
2025-07-07,2025-07-07 00:00:00,347.5803214004676,3847316.0,343.4452016472234,347.5930548260466,340.23030858601516,TSLA,stock,True
2025-07-08,2025-07-08 00:00:00,343.2663229287437,516739.0,347.4744115742776,349.5261253681331,340.1512025217024,TSLA,stock,True
2025-07-09,2025-07-09 00:00:00,347.4082037357567,3963372.0,349.72262856717043,349.9882868825223,345.9690183152178,TSLA,stock,True
2025-07-10,2025-07-10 00:00:00,349.55398469178243,666444.0,345.4598902496183,352.47244820508837,342.57436725736187,TSLA,stock,True
2025-07-11,2025-07-11 00:00:00,345.2865859882956,3935918.0,349.6671577461106,352.67023286935023,343.1930134408922,TSLA,stock,True
2025-07-14,2025-07-14 00:00:00,349.52557465918613,2131252.0,353.7636360085644,356.34142675351967,347.17955282017425,TSLA,stock,True
2025-07-15,2025-07-15 00:00:00,353.6126025743782,840616.0,358.0,358.1657889745262,351.68118647108906,TSLA,stock,True
2024-11-06,2024-11-06 00:00:00,1221.3859340335987,40740593.0,1229.7469937473659,1239.769093154875,1215.776971917998,SPY,index,True
2024-11-07,2024-11-07 00:00:00,1230.028350426008,39281285.0,1231.7685568178003,1235.7250569809794,1229.8102518186238,SPY,index,True
2024-11-08,2024-11-08 00:00:00,1231.8769554954642,15770367.0,1225.5232513728472,1235.6123976553974,1223.7119378041139,SPY,index,True
2024-11-11,2024-11-11 00:00:00,1225.6967119011297,22368069.0,1230.7174047474837,1242.1830616691122,1220.728186044956,SPY,index,True
2024-11-12,2024-11-12 00:00:00,1230.1966998021385,5852757.0,1239.2739785500253,1240.9317413445167,1222.1582736963,SPY,index,True
2024-11-13,2024-11-13 00:00:00,1238.7365820857467,27674250.0,1235.486542999951,1246.8143561291326,1225.2106781044176,SPY,index,True
2024-11-14,2024-11-14 00:00:00,1235.4465543642402,21505745.0,1232.6580643915024,1241.5263828569134,1225.8557120202809,SPY,index,True
2024-11-15,2024-11-15 00:00:00,1232.5060712471138,18646487.0,1231.5500135899501,1238.2286299543339,1224.2198211981545,SPY,index,True
2024-11-18,2024-11-18 00:00:00,1231.5629320177982,23548612.0,1235.9159902709089,1245.8319665279844,1226.7715542243138,SPY,index,True
2024-11-19,2024-11-19 00:00:00,1235.8364507200704,9958858.0,1240.485738393856,1240.7269626146472,1230.4149204972607,SPY,index,True
2024-11-20,2024-11-20 00:00:00,1240.32192686382,38871782.0,1250.480665276555,1254.7714770935122,1230.999881622419,SPY,index,True
2024-11-21,2024-11-21 00:00:00,1249.9626270647852,44879002.0,1241.267852151049,1261.5339099974299,1238.2625139828992,SPY,index,True
2024-11-22,2024-11-22 00:00:00,1241.4092434552317,15313288.0,1243.6500740819215,1245.8039415140506,1230.5020669746575,SPY,index,True
2024-11-25,2024-11-25 00:00:00,1243.4565943544671,10731644.0,1231.8597092955238,1248.7829265018784,1219.9772924028803,SPY,index,True
2024-11-26,2024-11-26 00:00:00,1231.7757662327779,15117279.0,1220.7585529117075,1237.0500088110596,1216.0971332313234,SPY,index,True
2024-11-27,2024-11-27 00:00:00,1221.0318165451101,11088387.0,1216.0574802830972,1231.1901948362292,1214.365266378364,SPY,index,True
2024-11-28,2024-11-28 00:00:00,1216.2754683427393,34764212.0,1208.849121696334,1221.135579515245,1202.074250592647,SPY,index,True
2024-11-29,2024-11-29 00:00:00,1208.9484605151254,16308226.0,1205.204756241238,1213.7001303983268,1202.7949649154475,SPY,index,True
2024-12-02,2024-12-02 00:00:00,1205.5478839782702,21650605.0,1217.0189478015518,1220.4759427250037,1205.041120707915,SPY,index,True
2024-12-03,2024-12-03 00:00:00,1217.384395798442,7148791.0,1229.2990719828915,1231.2235837716087,1206.6515393863037,SPY,index,True
2024-12-04,2024-12-04 00:00:00,1229.2825729558049,17383526.0,1239.2017735597847,1251.4353861066863,1221.975360747149,SPY,index,True
2024-12-05,2024-12-05 00:00:00,1239.6029690109576,21797339.0,1251.0753366721583,1252.6573656752707,1230.2941401191986,SPY,index,True
2024-12-06,2024-12-06 00:00:00,1251.2895551857146,30128687.0,1250.2263696816728,1262.055051417246,1246.4223372826418,SPY,index,True
2024-12-09,2024-12-09 00:00:00,1250.326568695643,49893415.0,1259.685441598239,1261.07872182648,1245.6203706446604,SPY,index,True
2024-12-10,2024-12-10 00:00:00,1259.259963813537,13410936.0,1268.1116413025527,1273.1449560059314,1253.5224501259368,SPY,index,True
2024-12-11,2024-12-11 00:00:00,1268.1067757044802,18543419.0,1262.0606120290513,1275.8292943411839,1255.2190891117677,SPY,index,True
2024-12-12,2024-12-12 00:00:00,1262.4053954669455,19667635.0,1259.0108689228953,1272.6103465960239,1248.3624192156196,SPY,index,True
2024-12-13,2024-12-13 00:00:00,1259.1012779832367,32862190.0,1250.3888955281554,1263.2479915144327,1249.9991883053876,SPY,index,True
2024-12-16,2024-12-16 00:00:00,1250.6120048287119,7612641.0,1248.8694252309947,1255.0802859089345,1237.1875914258007,SPY,index,True
2024-12-17,2024-12-17 00:00:00,1248.8400242677671,7700303.0,1259.9942317797686,1271.8561746785003,1244.6820985095464,SPY,index,True
2024-12-18,2024-12-18 00:00:00,1260.1022762304194,48401598.0,1259.5179122311097,1270.6057407596795,1246.9458033099595,SPY,index,True
2024-12-19,2024-12-19 00:00:00,1259.8465092843364,6162177.0,1260.9405708336642,1263.6581447260644,1250.1867873998344,SPY,index,True
2024-12-20,2024-12-20 00:00:00,1260.9215056292985,36434848.0,1262.1929140981729,1263.9999029017083,1253.8878028894892,SPY,index,True
2024-12-23,2024-12-23 00:00:00,1262.1030716005946,28978715.0,1264.7432844060666,1275.7702936117953,1255.5017832742883,SPY,index,True
2024-12-24,2024-12-24 00:00:00,1264.1952862368114,37722104.0,1262.0810568452669,1264.7462884465558,1253.7070746734405,SPY,index,True
2024-12-25,2024-12-25 00:00:00,1262.4552032176605,44585517.0,1260.6195478993648,1270.5137510099573,1258.723993722907,SPY,index,True
2024-12-26,2024-12-26 00:00:00,1260.6309391956993,21807454.0,1272.1190976532175,1273.776587364499,1251.0068269921635,SPY,index,True
2024-12-27,2024-12-27 00:00:00,1272.3237989589213,37263547.0,1262.7736248989418,1279.852492745487,1251.981907681993,SPY,index,True
2024-12-30,2024-12-30 00:00:00,1262.958472664706,32161608.0,1261.681781441133,1268.006457147099,1250.8023414811332,SPY,index,True
2024-12-31,2024-12-31 00:00:00,1261.4248380898225,18287655.0,1249.6278647091092,1270.7441916445384,1237.794046543338,SPY,index,True
2025-01-01,2025-01-01 00:00:00,1249.3515992077948,11810745.0,1244.6175735410748,1253.1380397055589,1235.124241366234,SPY,index,True
2025-01-02,2025-01-02 00:00:00,1244.1386015467792,29898507.0,1253.0812406080372,1255.330488661739,1238.9566742379068,SPY,index,True
2025-01-03,2025-01-03 00:00:00,1253.3011286279054,33967553.0,1244.708143859476,1262.3227069713002,1237.2589006590188,SPY,index,True
2025-01-06,2025-01-06 00:00:00,1245.099006980983,39258210.0,1236.7810399016034,1252.6995980463482,1224.720813588488,SPY,index,True
2025-01-07,2025-01-07 00:00:00,1237.2174875961252,30881374.0,1231.1592562598694,1244.2917012007597,1228.1661511877753,SPY,index,True
2025-01-08,2025-01-08 00:00:00,1231.4767570160775,18160863.0,1239.6974951555235,1248.0975375053592,1226.463254617984,SPY,index,True
2025-01-09,2025-01-09 00:00:00,1240.0525791750276,14038042.0,1239.4547836630181,1250.4828815806404,1234.8606559999848,SPY,index,True
2025-01-10,2025-01-10 00:00:00,1238.9242915201621,42170700.0,1236.6583263597158,1239.007695226909,1230.9531776613073,SPY,index,True
2025-01-13,2025-01-13 00:00:00,1236.3945270474508,31942535.0,1225.3667859166826,1246.6869652089906,1214.879357018024,SPY,index,True
2025-01-14,2025-01-14 00:00:00,1225.4060543713952,31998317.0,1230.3231171604293,1237.5026782983493,1214.6758202647768,SPY,index,True
2025-01-15,2025-01-15 00:00:00,1230.348948611741,28412141.0,1239.9639063165948,1249.0009541276559,1223.9513986257414,SPY,index,True
2025-01-16,2025-01-16 00:00:00,1239.7489998040721,20854435.0,1231.0006987550482,1251.922962649326,1219.6232804734993,SPY,index,True
2025-01-17,2025-01-17 00:00:00,1230.9584032182854,27227455.0,1234.154139148064,1236.3089268322624,1227.4265123181253,SPY,index,True
2025-01-20,2025-01-20 00:00:00,1233.7267913384746,8886155.0,1230.6156374718998,1239.4275126207767,1221.5048795808207,SPY,index,True
2025-01-21,2025-01-21 00:00:00,1230.3192935447846,5372785.0,1229.5616485422875,1230.8332170681408,1217.595021903912,SPY,index,True
2025-01-22,2025-01-22 00:00:00,1229.0608937685647,21099680.0,1235.7722617795907,1244.4094380647116,1218.4735403194404,SPY,index,True
2025-01-23,2025-01-23 00:00:00,1235.514256388968,11356680.0,1227.1323480291996,1242.55265551286,1215.6721935093017,SPY,index,True
2025-01-24,2025-01-24 00:00:00,1227.5204479143763,24055225.0,1216.7939186343683,1232.938263667886,1210.5182535365088,SPY,index,True
2025-01-27,2025-01-27 00:00:00,1217.2054280144382,24593012.0,1207.1577312025495,1222.7539284664265,1199.486909167242,SPY,index,True
2025-01-28,2025-01-28 00:00:00,1207.0230757789486,8574104.0,1214.490139141022,1214.759115190022,1206.9710187899304,SPY,index,True
2025-01-29,2025-01-29 00:00:00,1214.4054231188961,6742057.0,1220.321482394056,1221.4001492909786,1205.5634780550126,SPY,index,True
2025-01-30,2025-01-30 00:00:00,1219.9856630739785,17228259.0,1217.4483278422383,1230.7439216995745,1210.8082843116933,SPY,index,True
2025-01-31,2025-01-31 00:00:00,1217.238794855048,10087371.0,1216.1419849194915,1226.5500042537392,1205.9494378868485,SPY,index,True
2025-02-03,2025-02-03 00:00:00,1216.117856191984,6973093.0,1226.7010034705745,1232.2266196340906,1206.795345296036,SPY,index,True
2025-02-04,2025-02-04 00:00:00,1227.0671732911098,23354152.0,1236.2641481147134,1248.1314044244941,1224.9784471483922,SPY,index,True
2025-02-05,2025-02-05 00:00:00,1235.9256720222716,35501566.0,1248.226920895855,1252.1620576286791,1230.302432090605,SPY,index,True
2025-02-06,2025-02-06 00:00:00,1248.196931786522,5318991.0,1249.5424568978624,1253.211664496589,1245.5357696103397,SPY,index,True
2025-02-07,2025-02-07 00:00:00,1249.3174764899518,31287353.0,1254.5428222283697,1264.3509180897654,1242.1438845620032,SPY,index,True
2025-02-10,2025-02-10 00:00:00,1254.1026665749594,7801981.0,1247.6583089680046,1261.8452033141082,1241.654945519281,SPY,index,True
2025-02-11,2025-02-11 00:00:00,1247.2161603021925,44134493.0,1245.3813130929354,1247.35029651428,1241.7172544911566,SPY,index,True
2025-02-12,2025-02-12 00:00:00,1244.854568143688,15690609.0,1256.4450923191923,1264.4117724480266,1241.8764204901722,SPY,index,True
2025-02-13,2025-02-13 00:00:00,1256.608756833771,20549057.0,1258.7859799958499,1263.9751147029406,1247.7924103075027,SPY,index,True
2025-02-14,2025-02-14 00:00:00,1258.8269739462455,14377965.0,1261.982573863809,1264.5363150675767,1251.5473305420321,SPY,index,True
2025-02-17,2025-02-17 00:00:00,1262.2170404236192,20537909.0,1264.451552366968,1270.4671015466088,1258.6868914396111,SPY,index,True
2025-02-18,2025-02-18 00:00:00,1264.621673997628,23024213.0,1253.0185664005023,1272.6422543894732,1245.0825721217684,SPY,index,True
2025-02-19,2025-02-19 00:00:00,1252.626182383829,15275672.0,1254.6122515036554,1263.841414535794,1244.6446359114423,SPY,index,True
2025-02-20,2025-02-20 00:00:00,1254.3134404122968,46806009.0,1258.6370855742985,1265.9004912900173,1253.3844814723032,SPY,index,True
2025-02-21,2025-02-21 00:00:00,1258.7842817365704,41341824.0,1269.3283486364012,1281.212848066324,1256.2985439776842,SPY,index,True
2025-02-24,2025-02-24 00:00:00,1268.8085675427815,13719024.0,1266.9588714468282,1275.5254767911472,1261.7637172599534,SPY,index,True
2025-02-25,2025-02-25 00:00:00,1267.206137441531,15911741.0,1276.2361650136158,1283.9649254881977,1258.556788757005,SPY,index,True
2025-02-26,2025-02-26 00:00:00,1275.905059267802,26112873.0,1276.4226013937985,1284.55790159898,1265.7663149599548,SPY,index,True
2025-02-27,2025-02-27 00:00:00,1276.5046602330017,6785531.0,1278.0489790930396,1288.9297917044314,1269.035442466911,SPY,index,True
2025-02-28,2025-02-28 00:00:00,1277.6314538438814,16838897.0,1268.332155303526,1285.6330623730214,1258.3733374984217,SPY,index,True
2025-03-03,2025-03-03 00:00:00,1268.6451953132923,35499554.0,1258.6922108326673,1280.1523129769437,1252.0550739534362,SPY,index,True
2025-03-04,2025-03-04 00:00:00,1258.2854293879445,46781114.0,1264.2714761017517,1268.6271761077294,1245.7119480863005,SPY,index,True
2025-03-05,2025-03-05 00:00:00,1264.5749130595461,40151973.0,1266.4176162991114,1275.2814685622898,1254.980084299924,SPY,index,True
2025-03-06,2025-03-06 00:00:00,1266.517221048357,23631206.0,1279.1217095742484,1282.3055416910493,1256.7305516305244,SPY,index,True
2025-03-07,2025-03-07 00:00:00,1278.925186439555,7007691.0,1288.1417627905143,1290.2750351707493,1266.3242134301468,SPY,index,True
2025-03-10,2025-03-10 00:00:00,1287.8275847534871,20292406.0,1297.497431575032,1309.6012180595842,1280.364455881343,SPY,index,True
2025-03-11,2025-03-11 00:00:00,1297.4722941033376,6740971.0,1298.5317317634212,1308.996952952746,1285.0059565692027,SPY,index,True
2025-03-12,2025-03-12 00:00:00,1298.7402616394643,16875383.0,1289.5661262285084,1310.458119818096,1280.7673250494715,SPY,index,True
2025-03-13,2025-03-13 00:00:00,1289.240569601203,41569563.0,1301.3564096625355,1308.7618033616272,1284.648325851955,SPY,index,True
2025-03-14,2025-03-14 00:00:00,1301.5380424288662,38191498.0,1307.5197967095696,1314.2198140296052,1291.5203843204179,SPY,index,True
2025-03-17,2025-03-17 00:00:00,1307.0393062912897,47273160.0,1299.0672448416205,1312.708373261295,1295.6096777774317,SPY,index,True
2025-03-18,2025-03-18 00:00:00,1298.6044732772405,28451552.0,1293.6149543856825,1300.4554403137065,1286.1437377094248,SPY,index,True
2025-03-19,2025-03-19 00:00:00,1293.3353065164883,47342314.0,1283.3486904869196,1293.599842545904,1280.8198545165951,SPY,index,True
2025-03-20,2025-03-20 00:00:00,1283.1494073746208,21195197.0,1293.1723169245772,1305.6511548988717,1277.0910593624099,SPY,index,True
2025-03-21,2025-03-21 00:00:00,1292.8231394699803,21670614.0,1287.0095174404346,1296.046134538586,1285.8943403440524,SPY,index,True
2025-03-24,2025-03-24 00:00:00,1286.6569470272734,19007453.0,1276.163675943319,1290.0489625479622,1270.1906255894257,SPY,index,True
2025-03-25,2025-03-25 00:00:00,1275.9631204000307,25339283.0,1265.4660212768536,1280.5606401818202,1258.836840290345,SPY,index,True
2025-03-26,2025-03-26 00:00:00,1265.0933259136443,33614041.0,1265.9878234673022,1267.1244431178065,1263.7324629394561,SPY,index,True
2025-03-27,2025-03-27 00:00:00,1265.5110773377833,14868601.0,1267.3162624423483,1274.9899634838825,1262.6957741178792,SPY,index,True
2025-03-28,2025-03-28 00:00:00,1267.7390270201067,45147150.0,1259.204934993215,1269.0316688672235,1247.2970031339926,SPY,index,True
2025-03-31,2025-03-31 00:00:00,1258.964057732181,46028479.0,1263.8975087781175,1267.8501754267547,1250.4101599350151,SPY,index,True
2025-04-01,2025-04-01 00:00:00,1263.815461813162,20649239.0,1260.8001918647278,1264.198864863574,1256.1691694673714,SPY,index,True
2025-04-02,2025-04-02 00:00:00,1260.8886222451783,38888570.0,1272.6403439781113,1276.820896982789,1251.7330124034124,SPY,index,True
2025-04-03,2025-04-03 00:00:00,1272.2456356786215,20793130.0,1274.394442354738,1276.2860274934442,1268.2274727366605,SPY,index,True
2025-04-04,2025-04-04 00:00:00,1274.1207207310806,48928215.0,1282.6446981867446,1288.1505946985362,1266.8210295587878,SPY,index,True
2025-04-07,2025-04-07 00:00:00,1282.446469676441,5433368.0,1283.6260346587185,1294.0470273349717,1273.4906842031205,SPY,index,True
2025-04-08,2025-04-08 00:00:00,1283.7484288769213,16824330.0,1291.6391435631876,1300.3008797248165,1272.9691196237293,SPY,index,True
2025-04-09,2025-04-09 00:00:00,1291.2069843339173,34555785.0,1280.041572163598,1302.18406254805,1279.4444710393332,SPY,index,True
2025-04-10,2025-04-10 00:00:00,1279.7541637115512,11174694.0,1282.8657895218216,1283.1020406487316,1278.1080820625943,SPY,index,True
2025-04-11,2025-04-11 00:00:00,1282.8832873081385,30545055.0,1273.3412675307068,1294.132569459813,1264.112600347021,SPY,index,True
2025-04-14,2025-04-14 00:00:00,1273.353146655608,16313212.0,1284.2159912112413,1292.9569956631399,1261.1616391435143,SPY,index,True
2025-04-15,2025-04-15 00:00:00,1284.0557378071715,17049987.0,1295.2658757173415,1301.4812084155644,1275.764478005523,SPY,index,True
2025-04-16,2025-04-16 00:00:00,1295.5063847420379,38779920.0,1287.7156806846772,1296.4888864831014,1278.3600672067241,SPY,index,True
2025-04-17,2025-04-17 00:00:00,1287.2239563840556,22859178.0,1274.76630973405,1292.6375808705661,1264.7779382193662,SPY,index,True
2025-04-18,2025-04-18 00:00:00,1274.855425387566,12924543.0,1266.5821279009458,1274.8847751726973,1261.1201784475343,SPY,index,True
2025-04-21,2025-04-21 00:00:00,1266.292846274639,17374909.0,1277.3618645731765,1278.8723303807978,1264.7359916825071,SPY,index,True
2025-04-22,2025-04-22 00:00:00,1277.214684291696,32947302.0,1266.9014025630302,1282.2552676964904,1265.4776152208008,SPY,index,True
2025-04-23,2025-04-23 00:00:00,1267.0034796926072,23497582.0,1272.0342699710252,1279.750254466156,1265.5087340644377,SPY,index,True
2025-04-24,2025-04-24 00:00:00,1272.0751973842628,34607933.0,1277.7360569150537,1283.6016668828768,1271.8869278547704,SPY,index,True
2025-04-25,2025-04-25 00:00:00,1277.4314426165795,28523057.0,1277.7086971996955,1287.737733515124,1272.2291466644963,SPY,index,True
2025-04-28,2025-04-28 00:00:00,1277.2788104838903,25395223.0,1271.592806218167,1281.7119549237011,1270.5942195830862,SPY,index,True
2025-04-29,2025-04-29 00:00:00,1271.4794775786415,20100894.0,1268.4087806966595,1276.2469606422285,1264.0297656627044,SPY,index,True
2025-04-30,2025-04-30 00:00:00,1268.6337763028087,32454992.0,1264.401259575467,1271.0621757303081,1261.1991480618638,SPY,index,True
2025-05-01,2025-05-01 00:00:00,1264.0213289661735,25734507.0,1265.841131227406,1267.356719983348,1254.433024659876,SPY,index,True
2025-05-02,2025-05-02 00:00:00,1265.329000674855,31681971.0,1273.5098265587092,1282.8160345196477,1262.3732881767685,SPY,index,True
2025-05-05,2025-05-05 00:00:00,1273.0561629200313,24287325.0,1266.221521457252,1275.916224439939,1259.0144265423617,SPY,index,True
2025-05-06,2025-05-06 00:00:00,1265.9625112331028,16136472.0,1265.9316407881947,1269.4437802129175,1259.0985176874897,SPY,index,True
2025-05-07,2025-05-07 00:00:00,1265.801495834191,32995057.0,1278.344710363762,1282.4688911584367,1257.2361094569878,SPY,index,True
2025-05-08,2025-05-08 00:00:00,1278.0843127564992,28759262.0,1275.6791014874652,1278.3568887839579,1269.6451643933585,SPY,index,True
2025-05-09,2025-05-09 00:00:00,1275.8962890672756,21914999.0,1271.4583762831649,1282.5884660158997,1271.2585552672094,SPY,index,True
2025-05-12,2025-05-12 00:00:00,1271.5504964266738,31216977.0,1284.1971348022337,1290.457741408846,1266.2460066392343,SPY,index,True
2025-05-13,2025-05-13 00:00:00,1284.4162133251089,49673546.0,1286.576622382532,1292.0101841836836,1273.5534303529612,SPY,index,True
2025-05-14,2025-05-14 00:00:00,1286.1499668855502,22812953.0,1285.4578574435045,1288.7861403397187,1278.3543194105641,SPY,index,True
2025-05-15,2025-05-15 00:00:00,1285.8051483993222,28364091.0,1281.0478672222682,1294.0489088959623,1280.8183112289769,SPY,index,True
2025-05-16,2025-05-16 00:00:00,1281.439394563141,25152637.0,1285.0069471826278,1287.9140790098736,1275.212879556724,SPY,index,True
2025-05-19,2025-05-19 00:00:00,1285.068680504531,18685059.0,1288.3869473322798,1299.2049674419065,1274.6235222437085,SPY,index,True
2025-05-20,2025-05-20 00:00:00,1288.7258474481619,16688064.0,1287.0722952374422,1300.5477783028775,1285.81295538593,SPY,index,True
2025-05-21,2025-05-21 00:00:00,1287.0622626255179,16701124.0,1283.7318517988547,1295.6250019514223,1272.201596659314,SPY,index,True
2025-05-22,2025-05-22 00:00:00,1283.8994828573304,24602753.0,1274.2854366026904,1289.877762336905,1266.562982490607,SPY,index,True
2025-05-23,2025-05-23 00:00:00,1274.3521553316566,30389950.0,1279.2899920985576,1284.7377284804058,1269.0996210591004,SPY,index,True
2025-05-26,2025-05-26 00:00:00,1279.356279189962,25860670.0,1271.995654244236,1281.9105820343839,1263.8670198060179,SPY,index,True
2025-05-27,2025-05-27 00:00:00,1272.3303219220124,18106611.0,1260.0379118988803,1277.072832937471,1254.686517161591,SPY,index,True
2025-05-28,2025-05-28 00:00:00,1259.7152402584998,46481948.0,1270.05932290978,1277.0228486271337,1259.2683923704974,SPY,index,True
2025-05-29,2025-05-29 00:00:00,1269.5089431226063,7479885.0,1257.8307321681812,1275.738559942277,1255.1218461450567,SPY,index,True
2025-05-30,2025-05-30 00:00:00,1257.69047630649,44258578.0,1264.3108241720422,1275.276371737357,1249.007704308633,SPY,index,True
2025-06-02,2025-06-02 00:00:00,1264.7291155229564,47622654.0,1262.5317676193556,1274.282158644169,1252.2347032346415,SPY,index,True
2025-06-03,2025-06-03 00:00:00,1262.959582440053,5575490.0,1271.0991355883111,1274.9492144546425,1256.4984041713433,SPY,index,True
2025-06-04,2025-06-04 00:00:00,1271.1795143868676,21232461.0,1268.303449030877,1279.1868658218682,1257.8920959627412,SPY,index,True
2025-06-05,2025-06-05 00:00:00,1267.8443447109833,17310972.0,1277.7288274862965,1287.6689662503184,1259.9642599871584,SPY,index,True
2025-06-06,2025-06-06 00:00:00,1277.432212443708,6006925.0,1274.5265261940472,1278.7248201993764,1265.8914833851002,SPY,index,True
2025-06-09,2025-06-09 00:00:00,1274.2640195306951,13968700.0,1278.33234561627,1286.6086855181998,1273.6563325959162,SPY,index,True
2025-06-10,2025-06-10 00:00:00,1278.7609248086794,41990917.0,1276.8800965515145,1289.4288284651898,1269.6533968928097,SPY,index,True
2025-06-11,2025-06-11 00:00:00,1277.2299388303516,9612366.0,1271.576603652822,1280.970680642958,1260.9055826945907,SPY,index,True
2025-06-12,2025-06-12 00:00:00,1271.8805882404483,8471105.0,1269.9511829156215,1273.2707143101732,1259.2626116577364,SPY,index,True
2025-06-13,2025-06-13 00:00:00,1269.4055436833992,43917298.0,1261.048260863885,1272.2677371996906,1254.7238156521905,SPY,index,True
2025-06-16,2025-06-16 00:00:00,1261.434754744226,5833421.0,1265.057816774001,1274.7454730127943,1250.529202235805,SPY,index,True
2025-06-17,2025-06-17 00:00:00,1265.0669953131423,22964080.0,1277.332808029927,1284.7154239815275,1253.7381088723494,SPY,index,True
2025-06-18,2025-06-18 00:00:00,1277.5107603103436,36897795.0,1268.6029128695307,1278.6735997222765,1261.5364879868428,SPY,index,True
2025-06-19,2025-06-19 00:00:00,1268.336442667709,25212578.0,1280.5596601158825,1291.6040182169963,1265.5349674622362,SPY,index,True
2025-06-20,2025-06-20 00:00:00,1280.599627134254,11013268.0,1270.2089934464625,1292.8979951997424,1268.5905539471244,SPY,index,True
2025-06-23,2025-06-23 00:00:00,1270.5452033397946,6091570.0,1271.6267704717063,1274.030446592918,1264.293441352206,SPY,index,True
2025-06-24,2025-06-24 00:00:00,1271.3473574122863,23601977.0,1270.5143629018291,1273.238529680575,1262.399559706829,SPY,index,True
2025-06-25,2025-06-25 00:00:00,1270.4916262106963,24222360.0,1274.5913503558763,1277.1540020898303,1259.8920923664243,SPY,index,True
2025-06-26,2025-06-26 00:00:00,1274.9198882385926,45536140.0,1275.509839190903,1286.4465864474387,1267.796942135587,SPY,index,True
2025-06-27,2025-06-27 00:00:00,1275.3091716960514,10937309.0,1282.749260363743,1294.6119260661305,1264.6815392903256,SPY,index,True
2025-06-30,2025-06-30 00:00:00,1282.2569865751345,32524063.0,1271.9834741322275,1289.7449879511448,1259.4090333989025,SPY,index,True
2025-07-01,2025-07-01 00:00:00,1272.2154668499563,32141160.0,1265.5574060011943,1277.4789205925986,1253.8763260623527,SPY,index,True
2025-07-02,2025-07-02 00:00:00,1265.6701274079398,37122451.0,1254.079653957965,1270.7987395028688,1246.152056053945,SPY,index,True
2025-07-03,2025-07-03 00:00:00,1253.5900596682823,22214694.0,1242.1806029902007,1257.742110241005,1234.1335272994581,SPY,index,True
2025-07-04,2025-07-04 00:00:00,1242.6146147220597,29140197.0,1253.8447979164664,1265.2230655109772,1233.3368815546023,SPY,index,True
2025-07-07,2025-07-07 00:00:00,1253.3796985781642,30675596.0,1241.1838325306087,1263.134021251863,1233.350991947949,SPY,index,True
2025-07-08,2025-07-08 00:00:00,1241.5883399888476,35215104.0,1246.7813071502403,1248.3582451644133,1237.2452934773328,SPY,index,True
2025-07-09,2025-07-09 00:00:00,1246.3917365836478,49414116.0,1243.3443764774818,1249.9303000143238,1237.9035090591865,SPY,index,True
2025-07-10,2025-07-10 00:00:00,1243.7717420258766,31752944.0,1251.1654844155587,1254.9034890624985,1241.6633302010423,SPY,index,True
2025-07-11,2025-07-11 00:00:00,1251.0476467253825,7052319.0,1250.5333336074978,1253.981067725586,1238.2524594858219,SPY,index,True
2025-07-14,2025-07-14 00:00:00,1250.0783138139982,21682178.0,1242.4571286435532,1254.0214625400336,1233.9777130869666,SPY,index,True
2025-07-15,2025-07-15 00:00:00,1242.478822571827,26441451.0,1252.0,1257.1609269179282,1239.2143486482103,SPY,index,True
2024-11-06,2024-11-06 00:00:00,1224.1124236015182,20237387.0,1228.6203948013892,1231.6628146249695,1213.9629018777687,QQQ,index,True
2024-11-07,2024-11-07 00:00:00,1228.8960089417822,23879418.0,1232.106893076007,1233.77796881297,1216.9127818051566,QQQ,index,True
2024-11-08,2024-11-08 00:00:00,1231.7021784066071,14321439.0,1229.9982694084013,1243.0434492425097,1221.1322046745584,QQQ,index,True
2024-11-11,2024-11-11 00:00:00,1229.8220660644718,36224598.0,1226.0714417732308,1231.0692887895357,1214.8382638670028,QQQ,index,True
2024-11-12,2024-11-12 00:00:00,1225.9954252012549,29326634.0,1231.1311239759373,1233.2483717204586,1223.8829597457195,QQQ,index,True
2024-11-13,2024-11-13 00:00:00,1231.0632486787217,21225420.0,1232.9588206247297,1240.6977669827568,1228.7503721489272,QQQ,index,True
2024-11-14,2024-11-14 00:00:00,1232.556850203485,37756348.0,1241.259232987812,1250.6387717164178,1230.887700119324,QQQ,index,True
2024-11-15,2024-11-15 00:00:00,1241.0229993374164,30452629.0,1236.0066555592487,1244.2082128503512,1235.1876229725083,QQQ,index,True
2024-11-18,2024-11-18 00:00:00,1235.6455174672649,49347720.0,1239.9122956818526,1249.380419546263,1232.58445892641,QQQ,index,True
2024-11-19,2024-11-19 00:00:00,1240.117454430323,48976134.0,1251.035667483668,1259.8046225223693,1238.8020678623072,QQQ,index,True
2024-11-20,2024-11-20 00:00:00,1250.6764769309145,37365355.0,1260.1627276076258,1260.7495353411457,1239.878917910691,QQQ,index,True
2024-11-21,2024-11-21 00:00:00,1260.572338924379,5770839.0,1263.1024446908234,1264.3232502842723,1251.2283010887595,QQQ,index,True
2024-11-22,2024-11-22 00:00:00,1263.2681433183056,17525292.0,1272.6443087600442,1283.6371187834197,1255.6970102177397,QQQ,index,True
2024-11-25,2024-11-25 00:00:00,1272.1797234006815,6014575.0,1276.8699582658874,1278.130435611759,1260.7256219448977,QQQ,index,True
2024-11-26,2024-11-26 00:00:00,1276.7928630849472,19222925.0,1287.6484486618533,1295.701155425306,1276.6323064868081,QQQ,index,True
2024-11-27,2024-11-27 00:00:00,1288.0249351555008,27333611.0,1285.7314905759024,1293.1747247826543,1282.914363477725,QQQ,index,True
2024-11-28,2024-11-28 00:00:00,1285.516906959114,36228214.0,1289.1157987034526,1299.7849952214851,1274.5747148376176,QQQ,index,True
2024-11-29,2024-11-29 00:00:00,1288.6937544855639,30452201.0,1299.1344432793812,1306.329934025617,1285.6564949753372,QQQ,index,True
2024-12-02,2024-12-02 00:00:00,1299.573982025109,38466464.0,1309.5070688889446,1316.93567527553,1292.6182721593489,QQQ,index,True
2024-12-03,2024-12-03 00:00:00,1309.2504902257247,7675674.0,1306.5397631433282,1319.6642231886344,1298.7254360316556,QQQ,index,True
2024-12-04,2024-12-04 00:00:00,1306.534617983148,34867032.0,1299.28248350689,1312.536282839766,1298.6447823716635,QQQ,index,True
2024-12-05,2024-12-05 00:00:00,1298.8570529401604,43481172.0,1298.1099731554903,1307.452436166947,1293.270694892119,QQQ,index,True
2024-12-06,2024-12-06 00:00:00,1298.4426075059462,9361349.0,1299.794182332904,1309.2116174932507,1295.6900032121132,QQQ,index,True
2024-12-09,2024-12-09 00:00:00,1299.2958323880084,39517624.0,1292.8072716166826,1302.6992514733743,1281.8237235895479,QQQ,index,True
2024-12-10,2024-12-10 00:00:00,1292.820331214367,44586208.0,1284.3619542209397,1293.2328404782925,1278.3072851734596,QQQ,index,True
2024-12-11,2024-12-11 00:00:00,1284.0452155583098,18358250.0,1294.0285691492145,1301.5449842409405,1275.0772542053837,QQQ,index,True
2024-12-12,2024-12-12 00:00:00,1293.6690486777732,5775407.0,1293.9724879540418,1304.9502819396405,1289.835690281115,QQQ,index,True
2024-12-13,2024-12-13 00:00:00,1293.7218464904463,28831708.0,1287.305154478416,1298.7761814321739,1275.9707138106558,QQQ,index,True
2024-12-16,2024-12-16 00:00:00,1287.0290041728058,23494251.0,1286.7964170652995,1298.3469338778916,1281.2381841741933,QQQ,index,True
2024-12-17,2024-12-17 00:00:00,1286.3458665306634,26067966.0,1281.0393194899964,1292.7854543205856,1275.2351627371702,QQQ,index,True
2024-12-18,2024-12-18 00:00:00,1281.4843484780579,14026693.0,1273.6773200813627,1289.3696970337694,1261.1633191785584,QQQ,index,True
2024-12-19,2024-12-19 00:00:00,1273.5878322986362,44365291.0,1277.7372197320121,1279.2995592840377,1270.2339737560608,QQQ,index,True
2024-12-20,2024-12-20 00:00:00,1278.1238050173338,24335202.0,1269.2483901206374,1289.3598353903658,1257.6839315669642,QQQ,index,True
2024-12-23,2024-12-23 00:00:00,1268.9111408888627,40302573.0,1269.9914254006674,1274.883066770706,1268.5211379046957,QQQ,index,True
2024-12-24,2024-12-24 00:00:00,1269.6745538268847,49305370.0,1257.740741778408,1279.2060491609154,1256.1318799757212,QQQ,index,True
2024-12-25,2024-12-25 00:00:00,1257.2648271162586,42083110.0,1261.166145171125,1265.8861889811658,1250.7798544517839,QQQ,index,True
2024-12-26,2024-12-26 00:00:00,1260.756995494927,24249147.0,1272.856898786013,1285.4374677729875,1254.111664085158,QQQ,index,True
2024-12-27,2024-12-27 00:00:00,1273.3014349124535,41989216.0,1261.230534509976,1278.849216304075,1257.3512687969596,QQQ,index,True
2024-12-30,2024-12-30 00:00:00,1261.2673893845442,15198975.0,1267.2103910353983,1275.6859754817183,1256.0471966495436,QQQ,index,True
2024-12-31,2024-12-31 00:00:00,1266.9811045126341,6593603.0,1257.0485573417475,1272.1728312641524,1254.5493390033905,QQQ,index,True
2025-01-01,2025-01-01 00:00:00,1256.6784193679928,39429999.0,1244.2631851578683,1258.4913075477339,1240.6555941175186,QQQ,index,True
2025-01-02,2025-01-02 00:00:00,1243.8146344480674,27074938.0,1245.144301266504,1247.2413783134996,1242.2183146121768,QQQ,index,True
2025-01-03,2025-01-03 00:00:00,1245.0707116957008,43956354.0,1233.3893263741095,1246.4220171203754,1229.890469497055,QQQ,index,True
2025-01-06,2025-01-06 00:00:00,1233.4413097762665,38772729.0,1242.8930586556753,1248.104713156574,1223.9999265383951,QQQ,index,True
2025-01-07,2025-01-07 00:00:00,1242.465885457424,6690988.0,1236.7751157604887,1250.5893229059675,1228.4419829027318,QQQ,index,True
2025-01-08,2025-01-08 00:00:00,1236.3552002649458,41108401.0,1230.6046759014248,1243.5745821981575,1218.9003206228012,QQQ,index,True
2025-01-09,2025-01-09 00:00:00,1230.412371202797,38407113.0,1242.6467680712653,1253.9168179773164,1229.997318783622,QQQ,index,True
2025-01-10,2025-01-10 00:00:00,1242.4406198936672,5612072.0,1240.2986643395159,1250.7513238802965,1235.9284990405367,QQQ,index,True
2025-01-13,2025-01-13 00:00:00,1240.0063466459685,30604365.0,1233.148871290409,1248.4465496851485,1228.3909830138127,QQQ,index,True
2025-01-14,2025-01-14 00:00:00,1233.1181215146544,31664627.0,1224.5718727202911,1242.353419697513,1212.6555656756946,QQQ,index,True
2025-01-15,2025-01-15 00:00:00,1224.4413975423106,9141489.0,1232.8074487327603,1241.4550570063982,1222.771884112632,QQQ,index,True
2025-01-16,2025-01-16 00:00:00,1233.195713937393,49204724.0,1232.0772601638196,1236.2200989602406,1224.5871319711785,QQQ,index,True
2025-01-17,2025-01-17 00:00:00,1231.7594691259997,33506293.0,1222.9279615608098,1235.6527215317824,1214.5235823521125,QQQ,index,True
2025-01-20,2025-01-20 00:00:00,1222.8389693156957,10129815.0,1228.961708244115,1231.5666086520448,1214.6983750345744,QQQ,index,True
2025-01-21,2025-01-21 00:00:00,1228.5120495378583,19375594.0,1222.8855387858862,1233.6967386985991,1217.1315834967338,QQQ,index,True
2025-01-22,2025-01-22 00:00:00,1223.028891205418,30580751.0,1215.3597532972374,1228.3620385119757,1211.47010035044,QQQ,index,True
2025-01-23,2025-01-23 00:00:00,1214.909817244083,35845730.0,1213.741249364537,1220.6730175207226,1206.2541665177891,QQQ,index,True
2025-01-24,2025-01-24 00:00:00,1214.1048226314326,41023175.0,1221.776792038247,1224.2941230544695,1207.6481433810861,QQQ,index,True
2025-01-27,2025-01-27 00:00:00,1221.8020736852588,30634581.0,1211.3522033337088,1231.0449694322729,1207.682427562027,QQQ,index,True
2025-01-28,2025-01-28 00:00:00,1211.7385607934555,27587838.0,1202.2534913005697,1215.0662079951296,1191.781525297745,QQQ,index,True
2025-01-29,2025-01-29 00:00:00,1202.2153233146844,48702920.0,1193.8576095332553,1212.0074094533527,1191.9470568465986,QQQ,index,True
2025-01-30,2025-01-30 00:00:00,1193.7328506779445,47074577.0,1187.2042932768973,1199.3974087473641,1181.4946250384414,QQQ,index,True
2025-01-31,2025-01-31 00:00:00,1187.2501866414163,5113420.0,1181.3812759259463,1193.7030748467437,1171.3928358436572,QQQ,index,True
2025-02-03,2025-02-03 00:00:00,1181.1967177087408,10201928.0,1187.90244477081,1194.6345495323424,1175.601046185621,QQQ,index,True
2025-02-04,2025-02-04 00:00:00,1187.9494808618665,31334823.0,1183.2447181760633,1193.167692774804,1182.5851766742144,QQQ,index,True
2025-02-05,2025-02-05 00:00:00,1182.8928866590393,11662179.0,1185.506837283643,1191.5910144659988,1174.8221292756975,QQQ,index,True
2025-02-06,2025-02-06 00:00:00,1185.349479836012,15294398.0,1181.0425948310894,1196.0736494599676,1170.0691202810506,QQQ,index,True
2025-02-07,2025-02-07 00:00:00,1181.4573465895503,41283577.0,1183.5285518436738,1194.1130175038531,1174.3834300627254,QQQ,index,True
2025-02-10,2025-02-10 00:00:00,1183.1037813344121,16871643.0,1189.8822326026968,1199.0079597300053,1173.846936714129,QQQ,index,True
2025-02-11,2025-02-11 00:00:00,1189.6646613031057,20209603.0,1178.474272925122,1196.7896596874086,1169.3773283711055,QQQ,index,True
2025-02-12,2025-02-12 00:00:00,1178.752168237646,8639772.0,1180.927874024981,1186.1812621730353,1168.4857110313023,QQQ,index,True
2025-02-13,2025-02-13 00:00:00,1180.7349779113902,45768814.0,1177.3440269966159,1180.8957089839892,1166.6983388635779,QQQ,index,True
2025-02-14,2025-02-14 00:00:00,1177.7677908060682,10957044.0,1169.4116187809054,1187.385867122342,1162.4221386348372,QQQ,index,True
2025-02-17,2025-02-17 00:00:00,1169.0483770729063,29731189.0,1180.1515242524192,1186.3317423592077,1159.637270571921,QQQ,index,True
2025-02-18,2025-02-18 00:00:00,1180.206267198029,6419050.0,1170.7087560619425,1183.8037574227844,1165.8719212548644,QQQ,index,True
2025-02-19,2025-02-19 00:00:00,1171.1074723844893,38235003.0,1182.5083700871996,1185.186647714116,1163.2496539945498,QQQ,index,True
2025-02-20,2025-02-20 00:00:00,1182.384983165383,36292230.0,1183.2442819562193,1191.4052297045027,1174.1650150511568,QQQ,index,True
2025-02-21,2025-02-21 00:00:00,1183.4898889418052,41731100.0,1189.5138417945225,1193.267573678408,1178.2527829007431,QQQ,index,True
2025-02-24,2025-02-24 00:00:00,1189.498532726432,26569884.0,1196.4096301555303,1208.3365328522502,1189.1740354029614,QQQ,index,True
2025-02-25,2025-02-25 00:00:00,1196.166348901801,32885363.0,1202.6948044754654,1206.3330701161299,1190.7061302671405,QQQ,index,True
2025-02-26,2025-02-26 00:00:00,1202.5699341140125,28862744.0,1202.8570577870987,1211.0429030684488,1197.7361434631705,QQQ,index,True
2025-02-27,2025-02-27 00:00:00,1202.3448694183062,9560514.0,1201.9203957635175,1213.1974093603408,1197.017218677045,QQQ,index,True
2025-02-28,2025-02-28 00:00:00,1201.6709528464696,24377711.0,1199.1943472955195,1213.3379713158815,1191.0879123156963,QQQ,index,True
2025-03-03,2025-03-03 00:00:00,1199.2398469661143,32316909.0,1210.9541271312833,1214.5030000820002,1193.6510920685034,QQQ,index,True
2025-03-04,2025-03-04 00:00:00,1211.1586141713435,6075398.0,1212.8965776081143,1222.1627162045922,1202.5886872774533,QQQ,index,True
2025-03-05,2025-03-05 00:00:00,1212.960215864127,32483671.0,1222.923741522282,1230.970467097253,1210.2635084796636,QQQ,index,True
2025-03-06,2025-03-06 00:00:00,1223.0696303750235,41155952.0,1224.4555200053542,1229.4104253749954,1219.2306235847789,QQQ,index,True
2025-03-07,2025-03-07 00:00:00,1223.969324134138,18727278.0,1230.7135765458384,1240.5242150152258,1216.2627950842584,QQQ,index,True
2025-03-10,2025-03-10 00:00:00,1230.3620612031036,18342824.0,1220.2377452261915,1230.4669083699778,1208.9773468033225,QQQ,index,True
2025-03-11,2025-03-11 00:00:00,1219.746326474852,45989488.0,1215.42892126278,1228.7998048227757,1213.6588693375656,QQQ,index,True
2025-03-12,2025-03-12 00:00:00,1214.94450559502,13907912.0,1219.227199848418,1221.6308614079019,1206.9971613828072,QQQ,index,True
2025-03-13,2025-03-13 00:00:00,1219.5080889529486,41245063.0,1225.784724903459,1231.5237115061643,1216.6492149830462,QQQ,index,True
2025-03-14,2025-03-14 00:00:00,1225.7627706142696,45533707.0,1223.2271609368836,1232.1106308027693,1217.9826146324226,QQQ,index,True
2025-03-17,2025-03-17 00:00:00,1223.3053725470224,24642332.0,1230.849291831631,1235.8229101032903,1214.926654061676,QQQ,index,True
2025-03-18,2025-03-18 00:00:00,1231.051084716155,28481396.0,1222.848019106581,1239.2474763743046,1213.5286410047893,QQQ,index,True
2025-03-19,2025-03-19 00:00:00,1222.8279115827033,6957489.0,1218.079988166288,1223.610065466681,1216.0215838174017,QQQ,index,True
2025-03-20,2025-03-20 00:00:00,1218.111806696966,40646624.0,1217.1272217990781,1227.3601276238517,1212.9504170596938,QQQ,index,True
2025-03-21,2025-03-21 00:00:00,1216.6361659765034,49671750.0,1215.6450624504685,1224.9053692318917,1207.6334470652741,QQQ,index,True
2025-03-24,2025-03-24 00:00:00,1215.8298009565463,44761868.0,1218.249246438676,1223.5048639782322,1210.7525561861257,QQQ,index,True
2025-03-25,2025-03-25 00:00:00,1218.289098644914,11360649.0,1223.0565568190195,1233.5517819117201,1212.3661742962156,QQQ,index,True
2025-03-26,2025-03-26 00:00:00,1223.0582021902694,27604783.0,1222.9861420905006,1233.6978338818449,1218.0093764722894,QQQ,index,True
2025-03-27,2025-03-27 00:00:00,1222.9046654383303,31616213.0,1233.0253759406658,1234.2713742766105,1216.5097475834064,QQQ,index,True
2025-03-28,2025-03-28 00:00:00,1232.713763954955,5110744.0,1232.3802370050105,1237.1295450859614,1224.801358807381,QQQ,index,True
2025-03-31,2025-03-31 00:00:00,1232.2268322241646,12197297.0,1226.0575162521052,1239.2790892181763,1214.8738798111008,QQQ,index,True
2025-04-01,2025-04-01 00:00:00,1226.3929696078135,49732263.0,1227.4124460433795,1234.4664287509129,1217.0313497418388,QQQ,index,True
2025-04-02,2025-04-02 00:00:00,1227.3159132507203,19932556.0,1238.9941211617884,1248.1581700953468,1226.3605973525418,QQQ,index,True
2025-04-03,2025-04-03 00:00:00,1239.2723120308572,49121333.0,1244.5294249269086,1246.1965768077,1235.2773388738788,QQQ,index,True
2025-04-04,2025-04-04 00:00:00,1244.035786788823,15939168.0,1246.9590263551231,1250.804799178513,1238.8880926777404,QQQ,index,True
2025-04-07,2025-04-07 00:00:00,1246.9015902068695,26814835.0,1241.5627424671723,1254.8082429295287,1234.3115042683378,QQQ,index,True
2025-04-08,2025-04-08 00:00:00,1241.3070993739007,30421150.0,1240.5227829602088,1244.6000318829508,1235.1992457439617,QQQ,index,True
2025-04-09,2025-04-09 00:00:00,1240.6905981935636,36621347.0,1242.9412856513272,1243.0407664251384,1230.6388380873761,QQQ,index,True
2025-04-10,2025-04-10 00:00:00,1242.9965270964394,25011135.0,1242.8609631165762,1252.1902062027582,1238.6258434606088,QQQ,index,True
2025-04-11,2025-04-11 00:00:00,1242.5948981072347,35747899.0,1234.2398477110135,1248.3952442930595,1226.226274693775,QQQ,index,True
2025-04-14,2025-04-14 00:00:00,1234.0211422828381,36804986.0,1245.2902289429471,1252.7708521256254,1232.7063278914336,QQQ,index,True
2025-04-15,2025-04-15 00:00:00,1245.110599552085,47231638.0,1242.7142053960092,1250.1520890904642,1237.2169338704216,QQQ,index,True
2025-04-16,2025-04-16 00:00:00,1242.1847850327802,18547673.0,1245.8685508011888,1252.828053760276,1238.1645162873817,QQQ,index,True
2025-04-17,2025-04-17 00:00:00,1245.4159842849404,9498851.0,1246.9157995610244,1252.702182648264,1236.1844302202178,QQQ,index,True
2025-04-18,2025-04-18 00:00:00,1246.8587340408712,16203594.0,1253.7779685099538,1256.95597625283,1236.253906193611,QQQ,index,True
2025-04-21,2025-04-21 00:00:00,1253.4811615080164,43894185.0,1251.8341581500645,1265.6322004673868,1242.621346262094,QQQ,index,True
2025-04-22,2025-04-22 00:00:00,1251.3571933786955,37166702.0,1257.2593527115237,1269.5054584526401,1247.5621608175186,QQQ,index,True
2025-04-23,2025-04-23 00:00:00,1257.2088335423896,37695249.0,1264.8054403490937,1275.13456711943,1246.0258402080706,QQQ,index,True
2025-04-24,2025-04-24 00:00:00,1265.0929792296256,34760492.0,1253.2325330061788,1265.8880890194334,1248.3971343582732,QQQ,index,True
2025-04-25,2025-04-25 00:00:00,1252.9137603985341,36279460.0,1246.7469079072148,1263.19692449114,1242.543677384,QQQ,index,True
2025-04-28,2025-04-28 00:00:00,1247.0682657908521,6251910.0,1246.36431286873,1252.0357681354394,1239.4428576979105,QQQ,index,True
2025-04-29,2025-04-29 00:00:00,1246.4296879718427,47604500.0,1236.427915754924,1254.7281734715316,1224.5001396979683,QQQ,index,True
2025-04-30,2025-04-30 00:00:00,1236.353759105888,46483148.0,1241.7642080402316,1247.286774755376,1228.948128859185,QQQ,index,True
2025-05-01,2025-05-01 00:00:00,1242.1735869174659,41123361.0,1239.0806722133484,1250.1158909929593,1232.1449075208259,QQQ,index,True
2025-05-02,2025-05-02 00:00:00,1238.9960969998037,33435743.0,1250.2949966775698,1256.3507866982904,1238.1220754603355,QQQ,index,True
2025-05-05,2025-05-05 00:00:00,1249.7942706499707,5141247.0,1252.5428233302732,1253.7160853812609,1238.4848526881858,QQQ,index,True
2025-05-06,2025-05-06 00:00:00,1252.4375412497973,34874830.0,1240.4609978425515,1259.9386141562552,1236.8328733428768,QQQ,index,True
2025-05-07,2025-05-07 00:00:00,1240.4779281337937,25953903.0,1252.735065801047,1264.562678234218,1228.178839048353,QQQ,index,True
2025-05-08,2025-05-08 00:00:00,1252.4329568172273,44661336.0,1260.0772765714094,1262.1800731587855,1247.3426071178585,QQQ,index,True
2025-05-09,2025-05-09 00:00:00,1259.5704184908097,43428994.0,1249.6920257738045,1269.6606841502469,1245.854723516397,QQQ,index,True
2025-05-12,2025-05-12 00:00:00,1249.8717167101875,17507763.0,1240.4016324946688,1258.7647917759377,1237.8126752507683,QQQ,index,True
2025-05-13,2025-05-13 00:00:00,1240.220348491936,7524880.0,1241.3931289544075,1248.7627290251496,1234.3895572121455,QQQ,index,True
2025-05-14,2025-05-14 00:00:00,1241.4867053923915,33851508.0,1249.4956357707422,1249.9332734596971,1237.0255733474014,QQQ,index,True
2025-05-15,2025-05-15 00:00:00,1248.9919626154674,42587107.0,1246.2803993603268,1249.8378061325523,1243.674731310074,QQQ,index,True
2025-05-16,2025-05-16 00:00:00,1246.727975123987,46822478.0,1255.3627658318471,1262.2778530816452,1235.7772704613299,QQQ,index,True
2025-05-19,2025-05-19 00:00:00,1255.4510344845837,8538071.0,1260.139997167892,1262.1738350676683,1244.533407769585,QQQ,index,True
2025-05-20,2025-05-20 00:00:00,1260.1108654262048,32032229.0,1252.7563025308941,1262.7728528947057,1241.8149043718513,QQQ,index,True
2025-05-21,2025-05-21 00:00:00,1252.3880552815901,49912213.0,1240.4233136591195,1260.99201099087,1232.9919620890653,QQQ,index,True
2025-05-22,2025-05-22 00:00:00,1240.6669584547303,19415333.0,1230.6989239650575,1242.8284610749859,1226.335224570019,QQQ,index,True
2025-05-23,2025-05-23 00:00:00,1230.5588110111294,48689305.0,1242.2915377561562,1248.907407566168,1226.7475756709528,QQQ,index,True
2025-05-26,2025-05-26 00:00:00,1242.5403344120393,20268105.0,1246.9882253825099,1247.3418900200447,1239.1063519993186,QQQ,index,True
2025-05-27,2025-05-27 00:00:00,1247.0025081070937,41213107.0,1240.683831193486,1257.2879275711582,1230.1765841281172,QQQ,index,True
2025-05-28,2025-05-28 00:00:00,1241.1195510005055,25410172.0,1253.5340254201508,1256.628417255484,1238.1714274137523,QQQ,index,True
2025-05-29,2025-05-29 00:00:00,1253.7274568426078,21132817.0,1242.3779202870928,1264.1871940936,1232.8999209310625,QQQ,index,True
2025-05-30,2025-05-30 00:00:00,1241.958183352894,16992281.0,1237.063569785174,1249.319915080407,1231.3349386817547,QQQ,index,True
2025-06-02,2025-06-02 00:00:00,1237.0812823403196,46710524.0,1233.464773977756,1246.6712410534983,1231.2539739032843,QQQ,index,True
2025-06-03,2025-06-03 00:00:00,1233.8731940573311,43714233.0,1225.1873913029049,1243.2749009435881,1212.939137309742,QQQ,index,True
2025-06-04,2025-06-04 00:00:00,1225.143163069194,31286404.0,1214.903323798291,1230.9609413254755,1210.695401729596,QQQ,index,True
2025-06-05,2025-06-05 00:00:00,1214.4540769271982,42591812.0,1223.1355608747608,1231.0301895037994,1211.7582958630053,QQQ,index,True
2025-06-06,2025-06-06 00:00:00,1222.8010754110023,42192956.0,1228.1356135686603,1230.7293369613137,1211.619335392062,QQQ,index,True
2025-06-09,2025-06-09 00:00:00,1228.0454197210902,27600749.0,1232.9485055990863,1233.0289031939742,1215.7838099696994,QQQ,index,True
2025-06-10,2025-06-10 00:00:00,1232.7495078772604,38232801.0,1234.6138859675884,1246.912013910274,1228.3708356947736,QQQ,index,True
2025-06-11,2025-06-11 00:00:00,1234.1790262950406,19905473.0,1229.4599116292943,1235.9738638114507,1217.698672454833,QQQ,index,True
2025-06-12,2025-06-12 00:00:00,1229.7969842438117,39600874.0,1240.706554102521,1251.3240288226034,1228.9339167094515,QQQ,index,True
2025-06-13,2025-06-13 00:00:00,1240.785583143339,11714944.0,1252.0913042031896,1252.926780732734,1237.122942263321,QQQ,index,True
2025-06-16,2025-06-16 00:00:00,1251.5671128006009,11292215.0,1241.933290161077,1262.0720447538251,1239.3049722678725,QQQ,index,True
2025-06-17,2025-06-17 00:00:00,1241.4046163826308,27435228.0,1235.0790301283512,1251.195374245016,1225.4515640610928,QQQ,index,True
2025-06-18,2025-06-18 00:00:00,1234.7224819221694,13831280.0,1224.1503986302753,1236.2038462501428,1213.6351390986938,QQQ,index,True
2025-06-19,2025-06-19 00:00:00,1224.1973033052782,12705595.0,1223.9258156670753,1230.583479988948,1215.8748796271514,QQQ,index,True
2025-06-20,2025-06-20 00:00:00,1224.1123756125057,30996310.0,1215.4106883244674,1229.7141539574384,1215.3916224052239,QQQ,index,True
2025-06-23,2025-06-23 00:00:00,1214.955802985517,40295661.0,1203.5981966729842,1220.6325356490897,1192.728212387335,QQQ,index,True
2025-06-24,2025-06-24 00:00:00,1203.3184770971154,27890696.0,1212.9092196584745,1215.1901941938004,1199.6078717807245,QQQ,index,True
2025-06-25,2025-06-25 00:00:00,1212.7030538842605,15196747.0,1222.3950098964656,1230.0529310791571,1211.855123911983,QQQ,index,True
2025-06-26,2025-06-26 00:00:00,1222.824044556012,32155417.0,1231.1300727674986,1242.6160089759674,1220.4051166179117,QQQ,index,True
2025-06-27,2025-06-27 00:00:00,1231.5143516369137,13694369.0,1237.9276059357453,1244.5475048146968,1224.6988048759067,QQQ,index,True
2025-06-30,2025-06-30 00:00:00,1237.9903637391694,6421842.0,1232.096036746201,1250.3009780627426,1221.5259315037067,QQQ,index,True
2025-07-01,2025-07-01 00:00:00,1232.0241548872884,9862317.0,1234.9351567826677,1244.5555589464582,1223.8120884529476,QQQ,index,True
2025-07-02,2025-07-02 00:00:00,1235.0342767920638,37259128.0,1228.9616561431303,1240.8071684422173,1224.079629200211,QQQ,index,True
2025-07-03,2025-07-03 00:00:00,1229.3841867930478,45843468.0,1218.229097450876,1236.1928480593774,1217.7770164282474,QQQ,index,True
2025-07-04,2025-07-04 00:00:00,1217.994887417217,46196838.0,1221.433778097807,1223.5223089756696,1211.9641490027159,QQQ,index,True
2025-07-07,2025-07-07 00:00:00,1221.244401510342,28942674.0,1232.9446902747836,1238.0529540398245,1217.6475341929977,QQQ,index,True
2025-07-08,2025-07-08 00:00:00,1232.519185370525,10780742.0,1226.1918325233587,1243.5296082399434,1219.8592958443367,QQQ,index,True
2025-07-09,2025-07-09 00:00:00,1226.4879967541517,36835977.0,1233.59866751698,1244.0669318985524,1220.6013368171723,QQQ,index,True
2025-07-10,2025-07-10 00:00:00,1233.7629951790034,10862066.0,1226.958330021268,1243.18127482425,1218.770605720095,QQQ,index,True
2025-07-11,2025-07-11 00:00:00,1226.9290121139152,37801030.0,1226.4600416577232,1231.086082265722,1220.661125702824,QQQ,index,True
2025-07-14,2025-07-14 00:00:00,1226.753616238141,23504348.0,1232.8089292341008,1235.3886621902611,1216.4190929173478,QQQ,index,True
2025-07-15,2025-07-15 00:00:00,1232.7065662813518,46718372.0,1243.0,1250.360048984782,1220.7540248967234,QQQ,index,True
2024-11-06,2024-11-06 00:00:00,1277.586803756055,23898081.0,1279.3885675987326,1279.569101677046,1265.5433921493695,DIA,index,True
2024-11-07,2024-11-07 00:00:00,1278.8686301495632,16937616.0,1266.918432548607,1283.563674799346,1265.1262900866018,DIA,index,True
2024-11-08,2024-11-08 00:00:00,1266.4422208517888,31546645.0,1276.7125991980056,1289.0404168734926,1261.7907615084705,DIA,index,True
2024-11-11,2024-11-11 00:00:00,1276.3501755285995,31480639.0,1288.4995415933713,1297.9451043230702,1271.2648569138444,DIA,index,True
2024-11-12,2024-11-12 00:00:00,1288.4067745747216,21714517.0,1295.6020709829622,1305.0652683741398,1286.568560221974,DIA,index,True
2024-11-13,2024-11-13 00:00:00,1295.660172135266,48788729.0,1293.3254864887647,1306.909083890443,1280.647521660564,DIA,index,True
2024-11-14,2024-11-14 00:00:00,1292.9334611499726,38203980.0,1280.9969581281305,1301.6868062922358,1270.4559875288103,DIA,index,True
2024-11-15,2024-11-15 00:00:00,1281.3370407966029,19522012.0,1282.547855011446,1285.699526026617,1280.7752937145683,DIA,index,True
2024-11-18,2024-11-18 00:00:00,1282.3162240149597,30384438.0,1276.8629156403335,1286.7477028535193,1265.9450257837195,DIA,index,True
2024-11-19,2024-11-19 00:00:00,1276.9820144871785,24147056.0,1277.1273769570437,1284.727652913233,1273.7496010729,DIA,index,True
2024-11-20,2024-11-20 00:00:00,1276.828227302307,21225515.0,1278.0969206834313,1285.6960227270306,1275.1776252966652,DIA,index,True
2024-11-21,2024-11-21 00:00:00,1278.188543505956,24057236.0,1272.166336501643,1281.0403144283616,1260.1849219083456,DIA,index,True
2024-11-22,2024-11-22 00:00:00,1271.6844709273992,43719346.0,1281.8167311236589,1290.696648942537,1265.8131038243275,DIA,index,True
2024-11-25,2024-11-25 00:00:00,1281.400707378135,37768316.0,1277.4837859038312,1294.1964400489082,1269.1963400502186,DIA,index,True
2024-11-26,2024-11-26 00:00:00,1277.3286297991067,45283722.0,1268.6507697825346,1283.275957600497,1265.0128034223726,DIA,index,True
2024-11-27,2024-11-27 00:00:00,1268.4603188049207,42847950.0,1265.2017890868592,1274.4259706605808,1257.12634924958,DIA,index,True
2024-11-28,2024-11-28 00:00:00,1265.5136080900497,21049199.0,1266.0484302977004,1273.8803622977025,1254.144070835243,DIA,index,True
2024-11-29,2024-11-29 00:00:00,1266.1091380770017,43367468.0,1259.7978291124125,1278.713178649424,1251.1187824950553,DIA,index,True
2024-12-02,2024-12-02 00:00:00,1259.7443330966335,41512245.0,1259.2805432873206,1270.9940051692818,1254.3299698309277,DIA,index,True
2024-12-03,2024-12-03 00:00:00,1259.5612841339723,21143103.0,1248.4726380141947,1268.6852309450103,1240.0105276511765,DIA,index,True
2024-12-04,2024-12-04 00:00:00,1248.601067627886,15815782.0,1237.5042448993029,1252.8291988646615,1230.54183712122,DIA,index,True
2024-12-05,2024-12-05 00:00:00,1237.568297970893,45228362.0,1233.6476807843073,1247.8790484570522,1225.466391637018,DIA,index,True
2024-12-06,2024-12-06 00:00:00,1233.1788528125212,39726533.0,1230.1148524738492,1242.2269187677985,1228.3284412014473,DIA,index,True
2024-12-09,2024-12-09 00:00:00,1230.062495257057,33499027.0,1228.8004911522505,1239.926667194817,1218.0789074997595,DIA,index,True
2024-12-10,2024-12-10 00:00:00,1229.2074548345063,26557928.0,1238.5540160013168,1248.446088111901,1222.0838815545474,DIA,index,True
2024-12-11,2024-12-11 00:00:00,1238.029075107378,41139031.0,1246.6483667841019,1250.789539048669,1227.6606759072831,DIA,index,True
2024-12-12,2024-12-12 00:00:00,1246.5485262333614,22391643.0,1246.7953401161296,1250.5082730116414,1237.4033725395557,DIA,index,True
2024-12-13,2024-12-13 00:00:00,1247.1783621602517,24130288.0,1237.9791928072077,1252.9897691776248,1233.3792332954192,DIA,index,True
2024-12-16,2024-12-16 00:00:00,1237.6688381838007,13417837.0,1236.0091474500127,1244.2616902988786,1223.9468522731058,DIA,index,True
2024-12-17,2024-12-17 00:00:00,1236.4254728956375,21861352.0,1240.3931011883556,1242.8051142564157,1231.98491074159,DIA,index,True
2024-12-18,2024-12-18 00:00:00,1240.1274959471891,39476456.0,1229.794023702275,1250.481878493676,1226.8627715730893,DIA,index,True
2024-12-19,2024-12-19 00:00:00,1229.8631820387939,19023013.0,1228.1660796121691,1236.717422396891,1220.5031618507844,DIA,index,True
2024-12-20,2024-12-20 00:00:00,1228.5107747232012,32438889.0,1235.8876663642377,1239.987172210168,1217.4237922984069,DIA,index,True
2024-12-23,2024-12-23 00:00:00,1235.684552183263,37253174.0,1228.0640520901757,1239.4404874606441,1225.0537101993061,DIA,index,True
2024-12-24,2024-12-24 00:00:00,1228.2116105179737,41582518.0,1233.0964896573337,1240.9873143945556,1227.0934558665874,DIA,index,True
2024-12-25,2024-12-25 00:00:00,1232.6081514173736,20679689.0,1237.8425316244175,1239.3185715893414,1225.4502869390633,DIA,index,True
2024-12-26,2024-12-26 00:00:00,1237.9939119940072,6336720.0,1248.1643352725869,1260.222246558029,1235.2675888846427,DIA,index,True
2024-12-27,2024-12-27 00:00:00,1248.2721486956414,37549550.0,1244.9575860582509,1258.9332369576532,1239.0807220414144,DIA,index,True
2024-12-30,2024-12-30 00:00:00,1245.3279651951432,8975994.0,1252.5893547208243,1260.3165888297967,1243.3764266085311,DIA,index,True
2024-12-31,2024-12-31 00:00:00,1252.0792193645048,49883577.0,1255.3024923366443,1260.5928398938736,1249.2084997575664,DIA,index,True
2025-01-01,2025-01-01 00:00:00,1255.061255609942,27567017.0,1254.3730069399562,1266.0192711224724,1247.7838730337628,DIA,index,True
2025-01-02,2025-01-02 00:00:00,1254.4712629959777,8148094.0,1259.2023845624994,1269.420182026908,1243.6145152889746,DIA,index,True
2025-01-03,2025-01-03 00:00:00,1258.7991223408544,10325454.0,1257.038211109642,1264.7219332298093,1255.1908973703428,DIA,index,True
2025-01-06,2025-01-06 00:00:00,1256.5135569858992,49556998.0,1255.4008924959383,1261.8455449489466,1250.7698306954999,DIA,index,True
2025-01-07,2025-01-07 00:00:00,1255.3742508431533,11981663.0,1248.2503169327672,1261.4862248812535,1236.8126111858676,DIA,index,True
2025-01-08,2025-01-08 00:00:00,1248.2130011944573,37907246.0,1253.8467866449112,1262.0620729720727,1241.2688889321687,DIA,index,True
2025-01-09,2025-01-09 00:00:00,1253.6457439065598,26961660.0,1255.6666287885248,1261.6953977744492,1244.9911928630224,DIA,index,True
2025-01-10,2025-01-10 00:00:00,1255.1794259046835,23913354.0,1261.8371850350197,1272.1621874853754,1250.2387332500996,DIA,index,True
2025-01-13,2025-01-13 00:00:00,1261.9703636014415,38779037.0,1262.5224298816277,1271.3599455932203,1260.448597770163,DIA,index,True
2025-01-14,2025-01-14 00:00:00,1262.801925772532,37615284.0,1266.0512685805681,1278.1302495290859,1254.7856302904306,DIA,index,True
2025-01-15,2025-01-15 00:00:00,1265.5789041247167,32308066.0,1259.6965889347373,1266.910789196204,1251.3858786440735,DIA,index,True
2025-01-16,2025-01-16 00:00:00,1259.8523874322266,10495669.0,1270.470867362026,1277.5160539294586,1250.2772102653273,DIA,index,True
2025-01-17,2025-01-17 00:00:00,1269.9953410960854,34924275.0,1282.2753954308505,1294.290808394685,1259.4378068529586,DIA,index,True
2025-01-20,2025-01-20 00:00:00,1282.134638690897,43667320.0,1281.6184493084627,1285.180334292201,1274.246960311215,DIA,index,True
2025-01-21,2025-01-21 00:00:00,1281.6023870882966,44869854.0,1289.0748665817882,1289.3587211828994,1276.4752711043814,DIA,index,True
2025-01-22,2025-01-22 00:00:00,1289.156510391346,7806535.0,1294.1659467941488,1306.6565478383664,1287.65283978284,DIA,index,True
2025-01-23,2025-01-23 00:00:00,1293.6048748439803,8937084.0,1292.1955500959934,1299.8509939823591,1286.3545741809369,DIA,index,True
2025-01-24,2025-01-24 00:00:00,1292.505098329233,47552863.0,1297.1637360871198,1301.016234913921,1288.2849186896467,DIA,index,True
2025-01-27,2025-01-27 00:00:00,1297.3551682207376,42024281.0,1301.4872915612123,1307.7757062376868,1286.2089031486005,DIA,index,True
2025-01-28,2025-01-28 00:00:00,1301.505542343313,5340762.0,1294.5173345883372,1304.6292699289525,1293.217497713009,DIA,index,True
2025-01-29,2025-01-29 00:00:00,1294.0285415444628,40117015.0,1291.6948617388375,1305.96596623027,1280.63483334868,DIA,index,True
2025-01-30,2025-01-30 00:00:00,1291.9769879176297,18852351.0,1284.9894832416198,1298.4724130398952,1275.052037844032,DIA,index,True
2025-01-31,2025-01-31 00:00:00,1285.126504326122,39999019.0,1291.9818607545046,1303.013772234072,1279.4881534602741,DIA,index,True
2025-02-03,2025-02-03 00:00:00,1291.9012539372109,48573597.0,1283.012602035042,1300.0309958749024,1276.5700706833677,DIA,index,True
2025-02-04,2025-02-04 00:00:00,1282.5296080986018,30227905.0,1285.8486330049498,1289.6173440994676,1275.8157987271454,DIA,index,True
2025-02-05,2025-02-05 00:00:00,1285.3899821987607,26836093.0,1291.0622961304252,1302.4952690465411,1279.3802247060448,DIA,index,True
2025-02-06,2025-02-06 00:00:00,1291.3898073325754,6175862.0,1299.555129985194,1306.8909835747418,1286.9145139553711,DIA,index,True
2025-02-07,2025-02-07 00:00:00,1299.346255835453,15680246.0,1310.7624076154277,1320.1373050281843,1286.4793392801034,DIA,index,True
2025-02-10,2025-02-10 00:00:00,1310.8835825901235,22998177.0,1316.466885335848,1329.1433175384054,1302.4974104731955,DIA,index,True
2025-02-11,2025-02-11 00:00:00,1316.2643863619267,14782209.0,1325.51035028223,1334.3191085996602,1311.9427023997207,DIA,index,True
2025-02-12,2025-02-12 00:00:00,1325.2658967737484,14692782.0,1323.424070307716,1327.484994345392,1317.4964203077889,DIA,index,True
2025-02-13,2025-02-13 00:00:00,1322.9014059632996,15760694.0,1331.4475123650718,1341.3594191048107,1309.9642433254994,DIA,index,True
2025-02-14,2025-02-14 00:00:00,1331.3911039646123,23929085.0,1328.5501110976722,1338.350709768898,1321.1577556529287,DIA,index,True
2025-02-17,2025-02-17 00:00:00,1328.2792847799653,21051072.0,1332.3662041271443,1337.0584925098024,1318.0710700547602,DIA,index,True
2025-02-18,2025-02-18 00:00:00,1332.5810238856147,26870613.0,1325.9551854483157,1336.8022355412381,1323.095248306069,DIA,index,True
2025-02-19,2025-02-19 00:00:00,1325.7928842084773,23999164.0,1333.939599705634,1339.6175315053097,1313.1778156317737,DIA,index,True
2025-02-20,2025-02-20 00:00:00,1334.411001271223,8280544.0,1324.696732110671,1341.4749523138466,1315.587079600289,DIA,index,True
2025-02-21,2025-02-21 00:00:00,1324.8958132930552,35024122.0,1321.4292459449607,1329.7843213095514,1308.8697058250855,DIA,index,True
2025-02-24,2025-02-24 00:00:00,1320.8937874130395,35204239.0,1309.0815883154498,1325.2513691157887,1297.3228992918437,DIA,index,True
2025-02-25,2025-02-25 00:00:00,1309.1869326302697,40911973.0,1311.9007319616662,1319.2518935765509,1303.9225706427653,DIA,index,True
2025-02-26,2025-02-26 00:00:00,1311.8395180180803,28345420.0,1310.0295174264081,1314.5619209564306,1301.2760601223197,DIA,index,True
2025-02-27,2025-02-27 00:00:00,1310.4125067956566,40808250.0,1307.3843164801685,1319.2358262770495,1296.426290769221,DIA,index,True
2025-02-28,2025-02-28 00:00:00,1307.5489319847518,23047439.0,1295.495298159578,1313.2426004480637,1295.1239230035367,DIA,index,True
2025-03-03,2025-03-03 00:00:00,1295.1222909546739,18498040.0,1293.0444276263029,1301.4526893003147,1290.5891224156726,DIA,index,True
2025-03-04,2025-03-04 00:00:00,1293.273127714255,37398464.0,1297.186956131847,1297.4533078710713,1288.3475104429704,DIA,index,True
2025-03-05,2025-03-05 00:00:00,1296.7093097659138,6902385.0,1300.6949560435628,1305.7186995611332,1291.1978223626602,DIA,index,True
2025-03-06,2025-03-06 00:00:00,1300.8023131225107,49758478.0,1313.1056234946077,1323.7037817935254,1299.8477896604518,DIA,index,True
2025-03-07,2025-03-07 00:00:00,1312.9849348780006,35998457.0,1303.565103611748,1324.9034797366858,1299.7386436296224,DIA,index,True
2025-03-10,2025-03-10 00:00:00,1303.1238235166438,20455256.0,1312.7499206693578,1320.2670532078612,1300.5124556998026,DIA,index,True
2025-03-11,2025-03-11 00:00:00,1312.7874827854919,18278024.0,1322.5212713197704,1326.3255872911054,1312.7473528873284,DIA,index,True
2025-03-12,2025-03-12 00:00:00,1322.2882178300542,39645692.0,1318.1816297030593,1335.3023099924842,1310.8176502120705,DIA,index,True
2025-03-13,2025-03-13 00:00:00,1317.6775927822448,13300631.0,1317.0057426589874,1327.5439593489964,1308.4690435190757,DIA,index,True
2025-03-14,2025-03-14 00:00:00,1316.4909977154666,39066305.0,1304.3267539193655,1323.682666694294,1297.0101355909087,DIA,index,True
2025-03-17,2025-03-17 00:00:00,1304.188250207375,34889039.0,1299.201806569553,1308.9681714832786,1288.54677390344,DIA,index,True
2025-03-18,2025-03-18 00:00:00,1299.1824836112592,16809243.0,1305.2556966745692,1309.1954752766267,1286.8510761875257,DIA,index,True
2025-03-19,2025-03-19 00:00:00,1305.2164790887023,40155124.0,1315.3018682647603,1320.64747176396,1301.2519353453715,DIA,index,True
2025-03-20,2025-03-20 00:00:00,1315.0065286916993,37905356.0,1316.5796001121269,1322.1118821961552,1302.5752262419126,DIA,index,True
2025-03-21,2025-03-21 00:00:00,1316.6435166937592,18576690.0,1314.316158890357,1325.3456865184926,1302.8058253284316,DIA,index,True
2025-03-24,2025-03-24 00:00:00,1314.299109254554,6725294.0,1320.4337697831859,1332.8165086321717,1312.6751741984235,DIA,index,True
2025-03-25,2025-03-25 00:00:00,1320.3952074219114,12946861.0,1322.4258198716366,1322.4466350253067,1316.5343247048645,DIA,index,True
2025-03-26,2025-03-26 00:00:00,1322.7259154132685,45219970.0,1326.8008160529264,1329.5453222320373,1316.3424327341804,DIA,index,True
2025-03-27,2025-03-27 00:00:00,1326.5850178202015,30749282.0,1314.1461820610516,1336.1263421555043,1313.7939148613782,DIA,index,True
2025-03-28,2025-03-28 00:00:00,1314.4920855192886,12305369.0,1304.8520021680283,1315.4128196269696,1295.4120214262628,DIA,index,True
2025-03-31,2025-03-31 00:00:00,1304.374187017243,36003079.0,1303.9044267386066,1305.0644979006825,1299.4584873354268,DIA,index,True
2025-04-01,2025-04-01 00:00:00,1304.1560837734094,7867017.0,1300.4632319306413,1313.3858897693076,1296.4171529911673,DIA,index,True
2025-04-02,2025-04-02 00:00:00,1299.9724358318947,48177228.0,1293.291378118746,1310.0327559054488,1287.0639285085194,DIA,index,True
2025-04-03,2025-04-03 00:00:00,1293.5108492227837,48233319.0,1289.7818005472382,1299.8299974282293,1285.959595447809,DIA,index,True
2025-04-04,2025-04-04 00:00:00,1290.0594184157692,18336000.0,1295.2599438926468,1307.3328843173445,1284.0369953610807,DIA,index,True
2025-04-07,2025-04-07 00:00:00,1295.7107977252679,46999024.0,1284.8718529094738,1298.7077721070282,1274.843691535497,DIA,index,True
2025-04-08,2025-04-08 00:00:00,1284.652102458564,48575013.0,1291.670833332807,1297.18408646545,1273.1878501602284,DIA,index,True
2025-04-09,2025-04-09 00:00:00,1291.9859206766096,38644654.0,1293.7555902929369,1301.4701744300423,1287.884483921628,DIA,index,True
2025-04-10,2025-04-10 00:00:00,1294.203417273298,23969622.0,1287.0170715181998,1298.2968803969475,1285.452096908756,DIA,index,True
2025-04-11,2025-04-11 00:00:00,1287.3770844775368,42522100.0,1296.3791712395625,1304.9302109677274,1279.2949347378062,DIA,index,True
2025-04-14,2025-04-14 00:00:00,1296.088328691193,7482685.0,1297.3281881976166,1307.588330045882,1290.4494255132545,DIA,index,True
2025-04-15,2025-04-15 00:00:00,1297.4696901173102,15902261.0,1300.902520664335,1310.0539700286015,1294.16719862613,DIA,index,True
2025-04-16,2025-04-16 00:00:00,1301.1132279212547,46336245.0,1298.5460921729589,1305.6099625844786,1298.2569999192242,DIA,index,True
2025-04-17,2025-04-17 00:00:00,1298.820221383296,43798965.0,1303.3700757151137,1313.9794750765004,1294.8639333038786,DIA,index,True
2025-04-18,2025-04-18 00:00:00,1302.9144671172542,24592060.0,1303.5583208408598,1313.5065354942537,1302.7720908016013,DIA,index,True
2025-04-21,2025-04-21 00:00:00,1303.5902641632847,47857942.0,1308.211920129759,1316.4322196433507,1302.897857541814,DIA,index,True
2025-04-22,2025-04-22 00:00:00,1308.2060398204253,33847006.0,1317.0137612250517,1318.3774395312475,1297.120667679017,DIA,index,True
2025-04-23,2025-04-23 00:00:00,1317.1863538700366,34155386.0,1328.0717041033279,1329.2737872261862,1304.6394275592982,DIA,index,True
2025-04-24,2025-04-24 00:00:00,1327.9266917124073,43363631.0,1333.6385735676836,1343.8644427779818,1315.2737574602434,DIA,index,True
2025-04-25,2025-04-25 00:00:00,1333.4943150655395,25902907.0,1326.9532808307229,1338.0898106136597,1314.1325236740852,DIA,index,True
2025-04-28,2025-04-28 00:00:00,1327.0023440775842,25054670.0,1328.8358198529997,1342.058117326048,1320.611738951962,DIA,index,True
2025-04-29,2025-04-29 00:00:00,1329.21896851201,26974660.0,1321.843026653818,1331.062812546728,1317.1011941094243,DIA,index,True
2025-04-30,2025-04-30 00:00:00,1321.8723006245473,42470141.0,1316.577380439388,1328.3202201378635,1315.9178116560872,DIA,index,True
2025-05-01,2025-05-01 00:00:00,1316.3863066065583,37000891.0,1308.3805009127025,1327.26597853698,1297.463538169949,DIA,index,True
2025-05-02,2025-05-02 00:00:00,1308.4139593464906,37733290.0,1302.0432143891612,1310.1216906540103,1296.8593219007328,DIA,index,True
2025-05-05,2025-05-05 00:00:00,1302.0253245198785,19680037.0,1314.7787899938685,1318.5068991843762,1300.2883001632626,DIA,index,True
2025-05-06,2025-05-06 00:00:00,1314.9788525058407,25219441.0,1323.8172316759267,1331.650779680546,1313.4560323484632,DIA,index,True
2025-05-07,2025-05-07 00:00:00,1323.551850817727,28711064.0,1319.9309482133276,1323.8986255131938,1318.9844919755121,DIA,index,True
2025-05-08,2025-05-08 00:00:00,1320.045829453902,40440512.0,1308.252953890127,1321.8464002938058,1299.7769743390782,DIA,index,True
2025-05-09,2025-05-09 00:00:00,1307.7292062306317,37207749.0,1299.4827203785915,1317.0976225486895,1287.2290911156101,DIA,index,True
2025-05-12,2025-05-12 00:00:00,1299.5557453823312,28278828.0,1296.1332179555122,1306.0541019893835,1294.9057180625616,DIA,index,True
2025-05-13,2025-05-13 00:00:00,1295.7479607746698,17080284.0,1287.9063004945278,1297.5677753425705,1275.733265649264,DIA,index,True
2025-05-14,2025-05-14 00:00:00,1288.166890562647,43966456.0,1277.3641857669286,1300.458538133937,1275.0266756822189,DIA,index,True
2025-05-15,2025-05-15 00:00:00,1277.2542685787082,18663498.0,1280.0528599650797,1291.3931192686289,1273.7708085191969,DIA,index,True
2025-05-16,2025-05-16 00:00:00,1280.3364881883128,23647623.0,1279.586256928918,1290.200356015956,1268.8553362104208,DIA,index,True
2025-05-19,2025-05-19 00:00:00,1280.030590356538,40966545.0,1275.9956325647854,1283.0831821470451,1273.7228943501457,DIA,index,True
2025-05-20,2025-05-20 00:00:00,1276.360479898341,29419973.0,1267.6460425517007,1286.4253236626785,1258.1153736442552,DIA,index,True
2025-05-21,2025-05-21 00:00:00,1267.309927682752,48844606.0,1276.7730122514824,1280.6151550226405,1256.7674605710506,DIA,index,True
2025-05-22,2025-05-22 00:00:00,1277.013173745226,36561645.0,1267.8033874764646,1281.9850593944127,1261.206779276336,DIA,index,True
2025-05-23,2025-05-23 00:00:00,1268.131722865223,29560864.0,1260.8385178261244,1268.6549900188602,1258.4237513964108,DIA,index,True
2025-05-26,2025-05-26 00:00:00,1260.3167630511794,39441920.0,1267.713788161695,1270.839660605764,1248.060756608481,DIA,index,True
2025-05-27,2025-05-27 00:00:00,1267.6348965580173,40726013.0,1273.381987971395,1286.089984842338,1262.036240302407,DIA,index,True
2025-05-28,2025-05-28 00:00:00,1273.6444944689604,13369866.0,1263.215151817835,1283.5982456109316,1261.204194760563,DIA,index,True
2025-05-29,2025-05-29 00:00:00,1263.2029572051597,39895965.0,1262.3250263803013,1263.7991857615966,1257.5200730664594,DIA,index,True
2025-05-30,2025-05-30 00:00:00,1261.9971384100236,21093173.0,1269.55246644019,1280.7610763718187,1257.8177034900393,DIA,index,True
2025-06-02,2025-06-02 00:00:00,1269.9216096898388,34879954.0,1270.3001941627144,1276.5414448027213,1258.7702272553709,DIA,index,True
2025-06-03,2025-06-03 00:00:00,1270.3838552178283,26179672.0,1261.488775275908,1276.3914371244136,1249.4964028796378,DIA,index,True
2025-06-04,2025-06-04 00:00:00,1261.7715665919052,34358028.0,1251.4757410681946,1272.7522290302184,1242.811388649999,DIA,index,True
2025-06-05,2025-06-05 00:00:00,1251.0367826828094,32389554.0,1242.236844127346,1257.893914607088,1239.528219226909,DIA,index,True
2025-06-06,2025-06-06 00:00:00,1242.6829793481033,20802317.0,1238.916794015145,1254.9673432822046,1231.9649031950944,DIA,index,True
2025-06-09,2025-06-09 00:00:00,1238.5553148279082,7142019.0,1249.4505007023306,1256.8571540109574,1228.7954451222097,DIA,index,True
2025-06-10,2025-06-10 00:00:00,1249.6154669506468,18340024.0,1249.740575139089,1261.519683407424,1244.2312763846644,DIA,index,True
2025-06-11,2025-06-11 00:00:00,1249.5321948908531,16618023.0,1253.3080501620911,1255.20407880494,1240.8847468839565,DIA,index,True
2025-06-12,2025-06-12 00:00:00,1253.4804837487302,48007708.0,1249.5875369361722,1256.3720147758354,1249.450395963102,DIA,index,True
2025-06-13,2025-06-13 00:00:00,1249.4603122087192,10967327.0,1237.448023457197,1256.5421998880247,1232.1678821224948,DIA,index,True
2025-06-16,2025-06-16 00:00:00,1237.2172410453086,26037088.0,1230.3887664729011,1237.7574368358744,1221.4732832585553,DIA,index,True
2025-06-17,2025-06-17 00:00:00,1230.0208740331673,11634894.0,1227.8081625584998,1233.3185056938567,1222.7469358266524,DIA,index,True
2025-06-18,2025-06-18 00:00:00,1227.3683434532197,49312476.0,1216.2159254069313,1230.0628527055028,1204.8617635379069,DIA,index,True
2025-06-19,2025-06-19 00:00:00,1216.2856808044917,14621892.0,1210.6675934797117,1220.042643605499,1209.3233504681234,DIA,index,True
2025-06-20,2025-06-20 00:00:00,1211.0350595008672,32902688.0,1215.278919787699,1216.583010098769,1208.7123101120096,DIA,index,True
2025-06-23,2025-06-23 00:00:00,1215.1759054221116,16884680.0,1227.0656684825324,1236.837365853702,1207.4748659257882,DIA,index,True
2025-06-24,2025-06-24 00:00:00,1227.2456249500012,6369149.0,1227.9543103111685,1235.0413485546883,1219.2906726982478,DIA,index,True
2025-06-25,2025-06-25 00:00:00,1228.3114861686365,6473768.0,1234.4662992159178,1239.0040275265785,1222.0514908565397,DIA,index,True
2025-06-26,2025-06-26 00:00:00,1234.1382364676958,43713137.0,1239.9477553094762,1250.7210678445117,1227.7218854678617,DIA,index,True
2025-06-27,2025-06-27 00:00:00,1239.9906979931015,29690235.0,1239.4310122542825,1246.781248653858,1232.7575776843562,DIA,index,True
2025-06-30,2025-06-30 00:00:00,1239.8599980204863,13836894.0,1234.3295061540045,1246.8501068210792,1231.522175999391,DIA,index,True
2025-07-01,2025-07-01 00:00:00,1234.4099372829185,48358565.0,1223.5385071535393,1243.922733204818,1215.6582194925422,DIA,index,True
2025-07-02,2025-07-02 00:00:00,1223.9549218827763,37043158.0,1212.8186888147898,1231.9455141135034,1201.6196683356573,DIA,index,True
2025-07-03,2025-07-03 00:00:00,1212.9998062223037,35480471.0,1220.1961815402747,1224.9061924470236,1206.309363196695,DIA,index,True
2025-07-04,2025-07-04 00:00:00,1219.814162750096,18057340.0,1229.6383797157275,1238.2057126679827,1210.0443558842644,DIA,index,True
2025-07-07,2025-07-07 00:00:00,1229.3145255618495,37110493.0,1225.693645530405,1229.723270910306,1218.3333657068185,DIA,index,True
2025-07-08,2025-07-08 00:00:00,1225.9258854766774,29014091.0,1215.9786564240608,1232.2021970837113,1204.062676484787,DIA,index,True
2025-07-09,2025-07-09 00:00:00,1215.6971763479717,16574626.0,1216.8669762286638,1227.769889259378,1210.1984289552138,DIA,index,True
2025-07-10,2025-07-10 00:00:00,1216.9847559099671,44976599.0,1205.8543714379018,1219.3892088215491,1203.5580160533018,DIA,index,True
2025-07-11,2025-07-11 00:00:00,1205.6103153583608,23276572.0,1199.4230933976278,1210.1503876273794,1194.8123585685205,DIA,index,True
2025-07-14,2025-07-14 00:00:00,1198.8964780314973,10634853.0,1206.4850171287064,1209.589248801552,1190.3202786719132,DIA,index,True
2025-07-15,2025-07-15 00:00:00,1206.7362715650106,19472918.0,1206.0,1211.785723537795,1197.7940726694821,DIA,index,True
