Date,Datetime,Close,Volume,Open,High,Low,Symbol,Type,IsMock
2025-04-16,2025-04-16 05:30:00,83656.49248858042,25084671427.622566,83656.49248858042,83656.49248858042,83656.49248858042,BTC-USD,crypto,
2025-04-17,2025-04-17 05:30:00,84105.77942167096,26948109141.803364,84105.77942167096,84105.77942167096,84105.77942167096,BTC-USD,crypto,
2025-04-18,2025-04-18 05:30:00,84930.90857600998,19323821375.14309,84930.90857600998,84930.90857600998,84930.90857600998,BTC-USD,crypto,
2025-04-19,2025-04-19 05:30:00,84433.75017215389,9550691272.782005,84433.75017215389,84433.75017215389,84433.75017215389,BTC-USD,crypto,
2025-04-20,2025-04-20 05:30:00,85126.66244301842,12635983530.804455,85126.66244301842,85126.66244301842,85126.66244301842,BTC-USD,crypto,
2025-04-21,2025-04-21 05:30:00,85073.16544858096,12625843856.313684,85073.16544858096,85073.16544858096,85073.16544858096,BTC-USD,crypto,
2025-04-22,2025-04-22 05:30:00,87452.04699068287,40070025414.28289,87452.04699068287,87452.04699068287,87452.04699068287,BTC-USD,crypto,
2025-04-23,2025-04-23 05:30:00,93576.16588573981,53841992235.36636,93576.16588573981,93576.16588573981,93576.16588573981,BTC-USD,crypto,
2025-04-24,2025-04-24 05:30:00,93605.45230873208,39901515879.65954,93605.45230873208,93605.45230873208,93605.45230873208,BTC-USD,crypto,
2025-04-25,2025-04-25 05:30:00,93872.81422867288,30031246761.093452,93872.81422867288,93872.81422867288,93872.81422867288,BTC-USD,crypto,
2025-04-26,2025-04-26 05:30:00,94773.11200643536,39336184715.04292,94773.11200643536,94773.11200643536,94773.11200643536,BTC-USD,crypto,
2025-04-27,2025-04-27 05:30:00,94644.06637120107,15445392739.787264,94644.06637120107,94644.06637120107,94644.06637120107,BTC-USD,crypto,
2025-04-28,2025-04-28 05:30:00,93809.33781968223,15926259371.057959,93809.33781968223,93809.33781968223,93809.33781968223,BTC-USD,crypto,
2025-04-29,2025-04-29 05:30:00,95030.60645474444,31913814736.53902,95030.60645474444,95030.60645474444,95030.60645474444,BTC-USD,crypto,
2025-04-30,2025-04-30 05:30:00,94256.35946318062,25882629766.278946,94256.35946318062,94256.35946318062,94256.35946318062,BTC-USD,crypto,
2025-05-01,2025-05-01 05:30:00,94235.75331048167,26541700309.366146,94235.75331048167,94235.75331048167,94235.75331048167,BTC-USD,crypto,
2025-05-02,2025-05-02 05:30:00,96426.94522273027,30207566405.468834,96426.94522273027,96426.94522273027,96426.94522273027,BTC-USD,crypto,
2025-05-03,2025-05-03 05:30:00,96855.5681343944,23276376191.483967,96855.5681343944,96855.5681343944,96855.5681343944,BTC-USD,crypto,
2025-05-04,2025-05-04 05:30:00,95922.86842404422,13797554863.642815,95922.86842404422,95922.86842404422,95922.86842404422,BTC-USD,crypto,
2025-05-05,2025-05-05 05:30:00,94326.62048529249,14903122945.616686,94326.62048529249,94326.62048529249,94326.62048529249,BTC-USD,crypto,
2025-05-06,2025-05-06 05:30:00,94758.8237105546,24086456278.203846,94758.8237105546,94758.8237105546,94758.8237105546,BTC-USD,crypto,
2025-05-07,2025-05-07 05:30:00,96854.53198815876,23348052607.071873,96854.53198815876,96854.53198815876,96854.53198815876,BTC-USD,crypto,
2025-05-08,2025-05-08 05:30:00,97026.49376966801,64376174032.08048,97026.49376966801,97026.49376966801,97026.49376966801,BTC-USD,crypto,
2025-05-09,2025-05-09 05:30:00,103076.27555512934,50020047720.65604,103076.27555512934,103076.27555512934,103076.27555512934,BTC-USD,crypto,
2025-05-10,2025-05-10 05:30:00,102962.54045692299,40800894903.23446,102962.54045692299,102962.54045692299,102962.54045692299,BTC-USD,crypto,
2025-05-11,2025-05-11 05:30:00,104630.8792994166,21558992540.042442,104630.8792994166,104630.8792994166,104630.8792994166,BTC-USD,crypto,
2025-05-12,2025-05-12 05:30:00,103994.061616746,27389436049.454792,103994.061616746,103994.061616746,103994.061616746,BTC-USD,crypto,
2025-05-13,2025-05-13 05:30:00,102876.8304286011,43090605819.36596,102876.8304286011,102876.8304286011,102876.8304286011,BTC-USD,crypto,
2025-05-14,2025-05-14 05:30:00,104184.49039270742,33861432519.50822,104184.49039270742,104184.49039270742,104184.49039270742,BTC-USD,crypto,
2025-05-15,2025-05-15 05:30:00,103594.42575090709,28398245846.798244,103594.42575090709,103594.42575090709,103594.42575090709,BTC-USD,crypto,
2025-05-16,2025-05-16 05:30:00,103708.85136423641,31823340473.339912,103708.85136423641,103708.85136423641,103708.85136423641,BTC-USD,crypto,
2025-05-17,2025-05-17 05:30:00,103556.03493982446,25887953182.14765,103556.03493982446,103556.03493982446,103556.03493982446,BTC-USD,crypto,
2025-05-18,2025-05-18 05:30:00,103212.36483885496,18950056010.479057,103212.36483885496,103212.36483885496,103212.36483885496,BTC-USD,crypto,
2025-05-19,2025-05-19 05:30:00,106030.6376831359,30744060179.802963,106030.6376831359,106030.6376831359,106030.6376831359,BTC-USD,crypto,
2025-05-20,2025-05-20 05:30:00,105629.41580436694,43339734153.75087,105629.41580436694,105629.41580436694,105629.41580436694,BTC-USD,crypto,
2025-05-21,2025-05-21 05:30:00,106786.71995834043,36393687094.25122,106786.71995834043,106786.71995834043,106786.71995834043,BTC-USD,crypto,
2025-05-22,2025-05-22 05:30:00,109665.86371625263,60722883113.84,109665.86371625263,109665.86371625263,109665.86371625263,BTC-USD,crypto,
2025-05-23,2025-05-23 05:30:00,111560.356938144,52218408239.45193,111560.356938144,111560.356938144,111560.356938144,BTC-USD,crypto,
2025-05-24,2025-05-24 05:30:00,107216.66856870624,49251745837.96465,107216.66856870624,107216.66856870624,107216.66856870624,BTC-USD,crypto,
2025-05-25,2025-05-25 05:30:00,107831.36374380375,27128230116.517162,107831.36374380375,107831.36374380375,107831.36374380375,BTC-USD,crypto,
2025-05-26,2025-05-26 05:30:00,108861.81037744327,29652659665.048733,108861.81037744327,108861.81037744327,108861.81037744327,BTC-USD,crypto,
2025-05-27,2025-05-27 05:30:00,109377.71513263129,27950577137.918888,109377.71513263129,109377.71513263129,109377.71513263129,BTC-USD,crypto,
2025-05-28,2025-05-28 05:30:00,109068.45694901445,38978783508.88622,109068.45694901445,109068.45694901445,109068.45694901445,BTC-USD,crypto,
2025-05-29,2025-05-29 05:30:00,107838.18431100152,29794278037.284946,107838.18431100152,107838.18431100152,107838.18431100152,BTC-USD,crypto,
2025-05-30,2025-05-30 05:30:00,105745.41660358038,38279231892.56757,105745.41660358038,105745.41660358038,105745.41660358038,BTC-USD,crypto,
2025-05-31,2025-05-31 05:30:00,104010.91956242644,39680060337.610214,104010.91956242644,104010.91956242644,104010.91956242644,BTC-USD,crypto,
2025-06-01,2025-06-01 05:30:00,104687.50742934884,20432694555.09522,104687.50742934884,104687.50742934884,104687.50742934884,BTC-USD,crypto,
2025-06-02,2025-06-02 05:30:00,105710.00593822816,17721500507.53389,105710.00593822816,105710.00593822816,105710.00593822816,BTC-USD,crypto,
2025-06-03,2025-06-03 05:30:00,105884.74263221149,26313843058.73954,105884.74263221149,105884.74263221149,105884.74263221149,BTC-USD,crypto,
2025-06-04,2025-06-04 05:30:00,105434.47745144971,25925661121.080395,105434.47745144971,105434.47745144971,105434.47745144971,BTC-USD,crypto,
2025-06-05,2025-06-05 05:30:00,104812.9182188067,25812143562.797962,104812.9182188067,104812.9182188067,104812.9182188067,BTC-USD,crypto,
2025-06-06,2025-06-06 05:30:00,101650.7387545425,39711941132.0234,101650.7387545425,101650.7387545425,101650.7387545425,BTC-USD,crypto,
2025-06-07,2025-06-07 05:30:00,104409.74967959142,29897390978.090103,104409.74967959142,104409.74967959142,104409.74967959142,BTC-USD,crypto,
2025-06-08,2025-06-08 05:30:00,105681.4546141758,17749731308.73042,105681.4546141758,105681.4546141758,105681.4546141758,BTC-USD,crypto,
2025-06-09,2025-06-09 05:30:00,105692.24740699006,16044679696.270103,105692.24740699006,105692.24740699006,105692.24740699006,BTC-USD,crypto,
2025-06-10,2025-06-10 05:30:00,110261.57485948496,38222993297.50514,110261.57485948496,110261.57485948496,110261.57485948496,BTC-USD,crypto,
2025-06-11,2025-06-11 05:30:00,110212.73252109604,36303839182.734825,110212.73252109604,110212.73252109604,110212.73252109604,BTC-USD,crypto,
2025-06-12,2025-06-12 05:30:00,108679.9760916168,30338936631.626648,108679.9760916168,108679.9760916168,108679.9760916168,BTC-USD,crypto,
2025-06-13,2025-06-13 05:30:00,105979.22902375912,35865159511.38857,105979.22902375912,105979.22902375912,105979.22902375912,BTC-USD,crypto,
2025-06-14,2025-06-14 05:30:00,106045.56440819203,49471015505.74361,106045.56440819203,106045.56440819203,106045.56440819203,BTC-USD,crypto,
2025-06-15,2025-06-15 05:30:00,105482.90611628917,17916412455.866283,105482.90611628917,105482.90611628917,105482.90611628917,BTC-USD,crypto,
2025-06-16,2025-06-16 05:30:00,105554.49383061715,16568441852.649668,105554.49383061715,105554.49383061715,105554.49383061715,BTC-USD,crypto,
2025-06-17,2025-06-17 05:30:00,106951.2720181497,32095957011.724205,106951.2720181497,106951.2720181497,106951.2720181497,BTC-USD,crypto,
2025-06-18,2025-06-18 05:30:00,104683.42479835715,38603212010.889435,104683.42479835715,104683.42479835715,104683.42479835715,BTC-USD,crypto,
2025-06-19,2025-06-19 05:30:00,104722.695052907,30339326410.154945,104722.695052907,104722.695052907,104722.695052907,BTC-USD,crypto,
2025-06-20,2025-06-20 05:30:00,104690.65002458123,18063282658.152298,104690.65002458123,104690.65002458123,104690.65002458123,BTC-USD,crypto,
2025-06-21,2025-06-21 05:30:00,103290.105144757,30632751225.407444,103290.105144757,103290.105144757,103290.105144757,BTC-USD,crypto,
2025-06-22,2025-06-22 05:30:00,101532.5683847329,21644463198.719532,101532.5683847329,101532.5683847329,101532.5683847329,BTC-USD,crypto,
2025-06-23,2025-06-23 05:30:00,100852.58264648831,51287142390.02526,100852.58264648831,100852.58264648831,100852.58264648831,BTC-USD,crypto,
2025-06-24,2025-06-24 05:30:00,105511.62437933135,50011797128.6837,105511.62437933135,105511.62437933135,105511.62437933135,BTC-USD,crypto,
2025-06-25,2025-06-25 05:30:00,105976.06929808448,31704641076.941063,105976.06929808448,105976.06929808448,105976.06929808448,BTC-USD,crypto,
2025-06-26,2025-06-26 05:30:00,107238.53045016268,30468274982.034847,107238.53045016268,107238.53045016268,107238.53045016268,BTC-USD,crypto,
2025-06-27,2025-06-27 05:30:00,106984.01253775663,24320699663.15122,106984.01253775663,106984.01253775663,106984.01253775663,BTC-USD,crypto,
2025-06-28,2025-06-28 05:30:00,107078.91560644074,25194306261.888832,107078.91560644074,107078.91560644074,107078.91560644074,BTC-USD,crypto,
2025-06-29,2025-06-29 05:30:00,107331.58548463577,8960877693.57604,107331.58548463577,107331.58548463577,107331.58548463577,BTC-USD,crypto,
2025-06-30,2025-06-30 05:30:00,108396.61631317894,14881078675.366829,108396.61631317894,108396.61631317894,108396.61631317894,BTC-USD,crypto,
2025-07-01,2025-07-01 05:30:00,107132.79910701896,22489515582.41552,107132.79910701896,107132.79910701896,107132.79910701896,BTC-USD,crypto,
2025-07-02,2025-07-02 05:30:00,105613.39974163055,25033160828.30909,105613.39974163055,105613.39974163055,105613.39974163055,BTC-USD,crypto,
2025-07-03,2025-07-03 05:30:00,108824.44423167943,36395184773.06136,108824.44423167943,108824.44423167943,108824.44423167943,BTC-USD,crypto,
2025-07-04,2025-07-04 05:30:00,109602.20483914016,29892049537.628605,109602.20483914016,109602.20483914016,109602.20483914016,BTC-USD,crypto,
2025-07-05,2025-07-05 05:30:00,108040.8919400104,24248906784.57383,108040.8919400104,108040.8919400104,108040.8919400104,BTC-USD,crypto,
2025-07-06,2025-07-06 05:30:00,108217.46849992426,10042942280.966904,108217.46849992426,108217.46849992426,108217.46849992426,BTC-USD,crypto,
2025-07-07,2025-07-07 05:30:00,109215.19771840284,14638669497.351297,109215.19771840284,109215.19771840284,109215.19771840284,BTC-USD,crypto,
2025-07-08,2025-07-08 05:30:00,108300.71675785031,25493246475.80407,108300.71675785031,108300.71675785031,108300.71675785031,BTC-USD,crypto,
2025-07-09,2025-07-09 05:30:00,108953.19187727802,20488865138.27645,108953.19187727802,108953.19187727802,108953.19187727802,BTC-USD,crypto,
2025-07-10,2025-07-10 05:30:00,111327.53054245669,37078460440.66385,111327.53054245669,111327.53054245669,111327.53054245669,BTC-USD,crypto,
2025-07-11,2025-07-11 05:30:00,115879.65030112496,56204086624.04028,115879.65030112496,115879.65030112496,115879.65030112496,BTC-USD,crypto,
2025-07-12,2025-07-12 05:30:00,117571.02510036016,64185145923.88688,117571.02510036016,117571.02510036016,117571.02510036016,BTC-USD,crypto,
2025-07-13,2025-07-13 05:30:00,117418.95745007684,24351256098.393543,117418.95745007684,117418.95745007684,117418.95745007684,BTC-USD,crypto,
2025-07-14,2025-07-14 05:30:00,119117.55666327637,27310851454.97692,119117.55666327637,119117.55666327637,119117.55666327637,BTC-USD,crypto,
2025-07-15,2025-07-15 02:05:16,119976.44157848989,69578331059.87755,119976.44157848989,119976.44157848989,119976.44157848989,BTC-USD,crypto,
2025-04-16,2025-04-16 05:30:00,1587.8222244021401,11786525215.180002,1587.8222244021401,1587.8222244021401,1587.8222244021401,ETH-USD,crypto,
2025-04-17,2025-04-17 05:30:00,1577.7073516760117,13120084885.866234,1577.7073516760117,1577.7073516760117,1577.7073516760117,ETH-USD,crypto,
2025-04-18,2025-04-18 05:30:00,1583.4764497002345,9437178720.867388,1583.4764497002345,1583.4764497002345,1583.4764497002345,ETH-USD,crypto,
2025-04-19,2025-04-19 05:30:00,1589.1516208270755,5254078676.877919,1589.1516208270755,1589.1516208270755,1589.1516208270755,ETH-USD,crypto,
2025-04-20,2025-04-20 05:30:00,1615.0502549158562,5148626529.402773,1615.0502549158562,1615.0502549158562,1615.0502549158562,ETH-USD,crypto,
2025-04-21,2025-04-21 05:30:00,1585.4600253443446,6695768150.024456,1585.4600253443446,1585.4600253443446,1585.4600253443446,ETH-USD,crypto,
2025-04-22,2025-04-22 05:30:00,1577.4465595922347,15275062279.387148,1577.4465595922347,1577.4465595922347,1577.4465595922347,ETH-USD,crypto,
2025-04-23,2025-04-23 05:30:00,1759.7064599311093,24271980430.95098,1759.7064599311093,1759.7064599311093,1759.7064599311093,ETH-USD,crypto,
2025-04-24,2025-04-24 05:30:00,1793.969849485534,22099177230.61867,1793.969849485534,1793.969849485534,1793.969849485534,ETH-USD,crypto,
2025-04-25,2025-04-25 05:30:00,1769.3925107354407,12923295609.972548,1769.3925107354407,1769.3925107354407,1769.3925107354407,ETH-USD,crypto,
2025-04-26,2025-04-26 05:30:00,1788.7981804331257,15656748328.784924,1788.7981804331257,1788.7981804331257,1788.7981804331257,ETH-USD,crypto,
2025-04-27,2025-04-27 05:30:00,1821.2695303291391,10293614895.776522,1821.2695303291391,1821.2695303291391,1821.2695303291391,ETH-USD,crypto,
2025-04-28,2025-04-28 05:30:00,1793.6918440730135,9632458065.106846,1793.6918440730135,1793.6918440730135,1793.6918440730135,ETH-USD,crypto,
2025-04-29,2025-04-29 05:30:00,1799.50191449199,16777384305.88931,1799.50191449199,1799.50191449199,1799.50191449199,ETH-USD,crypto,
2025-04-30,2025-04-30 05:30:00,1796.9720456768928,13994558644.11867,1796.9720456768928,1796.9720456768928,1796.9720456768928,ETH-USD,crypto,
2025-05-01,2025-05-01 05:30:00,1794.0495408617828,13644627083.285889,1794.0495408617828,1794.0495408617828,1794.0495408617828,ETH-USD,crypto,
2025-05-02,2025-05-02 05:30:00,1838.8543285925753,14310565589.052694,1838.8543285925753,1838.8543285925753,1838.8543285925753,ETH-USD,crypto,
2025-05-03,2025-05-03 05:30:00,1841.427590836958,11686301446.49476,1841.427590836958,1841.427590836958,1841.427590836958,ETH-USD,crypto,
2025-05-04,2025-05-04 05:30:00,1834.501911876416,6704990478.824657,1834.501911876416,1834.501911876416,1834.501911876416,ETH-USD,crypto,
2025-05-05,2025-05-05 05:30:00,1808.156093844096,7479845748.828526,1808.156093844096,1808.156093844096,1808.156093844096,ETH-USD,crypto,
2025-05-06,2025-05-06 05:30:00,1820.0044598893596,10545233503.347864,1820.0044598893596,1820.0044598893596,1820.0044598893596,ETH-USD,crypto,
2025-05-07,2025-05-07 05:30:00,1816.1686943818438,11950393736.527246,1816.1686943818438,1816.1686943818438,1816.1686943818438,ETH-USD,crypto,
2025-05-08,2025-05-08 05:30:00,1810.3169269284476,47111217119.49919,1810.3169269284476,1810.3169269284476,1810.3169269284476,ETH-USD,crypto,
2025-05-09,2025-05-09 05:30:00,2197.5611893238784,35992825075.05399,2197.5611893238784,2197.5611893238784,2197.5611893238784,ETH-USD,crypto,
2025-05-10,2025-05-10 05:30:00,2341.407963002621,44566779461.54657,2341.407963002621,2341.407963002621,2341.407963002621,ETH-USD,crypto,
2025-05-11,2025-05-11 05:30:00,2583.6829051429513,29947910159.02891,2583.6829051429513,2583.6829051429513,2583.6829051429513,ETH-USD,crypto,
2025-05-12,2025-05-12 05:30:00,2507.4693107597423,26138286410.23315,2507.4693107597423,2507.4693107597423,2507.4693107597423,ETH-USD,crypto,
2025-05-13,2025-05-13 05:30:00,2492.426391077375,31524626114.978752,2492.426391077375,2492.426391077375,2492.426391077375,ETH-USD,crypto,
2025-05-14,2025-05-14 05:30:00,2676.639163127913,32279895881.637806,2676.639163127913,2676.639163127913,2676.639163127913,ETH-USD,crypto,
2025-05-15,2025-05-15 05:30:00,2603.7180887199615,28150234190.931705,2603.7180887199615,2603.7180887199615,2603.7180887199615,ETH-USD,crypto,
2025-05-16,2025-05-16 05:30:00,2542.296692466797,26211434557.7159,2542.296692466797,2542.296692466797,2542.296692466797,ETH-USD,crypto,
2025-05-17,2025-05-17 05:30:00,2544.3870377235667,21130441534.96637,2544.3870377235667,2544.3870377235667,2544.3870377235667,ETH-USD,crypto,
2025-05-18,2025-05-18 05:30:00,2475.0543933696913,17185510890.702347,2475.0543933696913,2475.0543933696913,2475.0543933696913,ETH-USD,crypto,
2025-05-19,2025-05-19 05:30:00,2465.3409856139087,24797434472.364086,2465.3409856139087,2465.3409856139087,2465.3409856139087,ETH-USD,crypto,
2025-05-20,2025-05-20 05:30:00,2526.989643891319,25363871274.82505,2526.989643891319,2526.989643891319,2526.989643891319,ETH-USD,crypto,
2025-05-21,2025-05-21 05:30:00,2524.2743433146065,22871462735.416794,2524.2743433146065,2524.2743433146065,2524.2743433146065,ETH-USD,crypto,
2025-05-22,2025-05-22 05:30:00,2558.9502343769486,32697477527.54695,2558.9502343769486,2558.9502343769486,2558.9502343769486,ETH-USD,crypto,
2025-05-23,2025-05-23 05:30:00,2657.1674447566115,29592612076.505535,2657.1674447566115,2657.1674447566115,2657.1674447566115,ETH-USD,crypto,
2025-05-24,2025-05-24 05:30:00,2519.813809045145,30047329191.503662,2519.813809045145,2519.813809045145,2519.813809045145,ETH-USD,crypto,
2025-05-25,2025-05-25 05:30:00,2529.4429842284353,10744994421.192684,2529.4429842284353,2529.4429842284353,2529.4429842284353,ETH-USD,crypto,
2025-05-26,2025-05-26 05:30:00,2546.6201163370915,13814697849.726278,2546.6201163370915,2546.6201163370915,2546.6201163370915,ETH-USD,crypto,
2025-05-27,2025-05-27 05:30:00,2562.1729286392238,13350148034.293623,2562.1729286392238,2562.1729286392238,2562.1729286392238,ETH-USD,crypto,
2025-05-28,2025-05-28 05:30:00,2662.0940568241435,26434151855.253853,2662.0940568241435,2662.0940568241435,2662.0940568241435,ETH-USD,crypto,
2025-05-29,2025-05-29 05:30:00,2676.2674124507,18008588586.284103,2676.2674124507,2676.2674124507,2676.2674124507,ETH-USD,crypto,
2025-05-30,2025-05-30 05:30:00,2633.1392065286695,27021441335.5195,2633.1392065286695,2633.1392065286695,2633.1392065286695,ETH-USD,crypto,
2025-05-31,2025-05-31 05:30:00,2524.4762348050726,22927149330.30469,2524.4762348050726,2524.4762348050726,2524.4762348050726,ETH-USD,crypto,
2025-06-01,2025-06-01 05:30:00,2532.3627853090866,13006751258.18768,2532.3627853090866,2532.3627853090866,2532.3627853090866,ETH-USD,crypto,
2025-06-02,2025-06-02 05:30:00,2538.3300584367485,11338340571.11249,2538.3300584367485,2538.3300584367485,2538.3300584367485,ETH-USD,crypto,
2025-06-03,2025-06-03 05:30:00,2609.737253959435,15623967732.418657,2609.737253959435,2609.737253959435,2609.737253959435,ETH-USD,crypto,
2025-06-04,2025-06-04 05:30:00,2595.4689570062997,15955008730.338179,2595.4689570062997,2595.4689570062997,2595.4689570062997,ETH-USD,crypto,
2025-06-05,2025-06-05 05:30:00,2610.343189828259,16809606446.176416,2610.343189828259,2610.343189828259,2610.343189828259,ETH-USD,crypto,
2025-06-06,2025-06-06 05:30:00,2421.601103763502,25849573159.64817,2421.601103763502,2421.601103763502,2421.601103763502,ETH-USD,crypto,
2025-06-07,2025-06-07 05:30:00,2481.4039836690267,18395107930.47655,2481.4039836690267,2481.4039836690267,2481.4039836690267,ETH-USD,crypto,
2025-06-08,2025-06-08 05:30:00,2526.291995889778,9535426814.691927,2526.291995889778,2526.291995889778,2526.291995889778,ETH-USD,crypto,
2025-06-09,2025-06-09 05:30:00,2508.784123584585,10206893115.537256,2508.784123584585,2508.784123584585,2508.784123584585,ETH-USD,crypto,
2025-06-10,2025-06-10 05:30:00,2685.0001850413178,19485734665.28548,2685.0001850413178,2685.0001850413178,2685.0001850413178,ETH-USD,crypto,
2025-06-11,2025-06-11 05:30:00,2808.503208314919,38281210143.95115,2808.503208314919,2808.503208314919,2808.503208314919,ETH-USD,crypto,
2025-06-12,2025-06-12 05:30:00,2776.1371915822333,27369030837.548595,2776.1371915822333,2776.1371915822333,2776.1371915822333,ETH-USD,crypto,
2025-06-13,2025-06-13 05:30:00,2653.158968452672,26068993569.969894,2653.158968452672,2653.158968452672,2653.158968452672,ETH-USD,crypto,
2025-06-14,2025-06-14 05:30:00,2577.04861752583,38576471746.00814,2577.04861752583,2577.04861752583,2577.04861752583,ETH-USD,crypto,
2025-06-15,2025-06-15 05:30:00,2534.0702195359518,12077031034.291521,2534.0702195359518,2534.0702195359518,2534.0702195359518,ETH-USD,crypto,
2025-06-16,2025-06-16 05:30:00,2547.8456040920437,11678912429.510712,2547.8456040920437,2547.8456040920437,2547.8456040920437,ETH-USD,crypto,
2025-06-17,2025-06-17 05:30:00,2561.329843569428,24222149649.172424,2561.329843569428,2561.329843569428,2561.329843569428,ETH-USD,crypto,
2025-06-18,2025-06-18 05:30:00,2514.986700576147,25926506708.040215,2514.986700576147,2514.986700576147,2514.986700576147,ETH-USD,crypto,
2025-06-19,2025-06-19 05:30:00,2521.3334233964915,17800721253.243202,2521.3334233964915,2521.3334233964915,2521.3334233964915,ETH-USD,crypto,
2025-06-20,2025-06-20 05:30:00,2522.1791903642184,10392473841.155851,2522.1791903642184,2522.1791903642184,2522.1791903642184,ETH-USD,crypto,
2025-06-21,2025-06-21 05:30:00,2405.695434213183,20482816663.29469,2405.695434213183,2405.695434213183,2405.695434213183,ETH-USD,crypto,
2025-06-22,2025-06-22 05:30:00,2270.581996055585,16155611764.84833,2270.581996055585,2270.581996055585,2270.581996055585,ETH-USD,crypto,
2025-06-23,2025-06-23 05:30:00,2227.4287266371684,28181442532.315876,2227.4287266371684,2227.4287266371684,2227.4287266371684,ETH-USD,crypto,
2025-06-24,2025-06-24 05:30:00,2423.899644268608,25494295400.420887,2423.899644268608,2423.899644268608,2423.899644268608,ETH-USD,crypto,
2025-06-25,2025-06-25 05:30:00,2446.539301545049,19669025068.963604,2446.539301545049,2446.539301545049,2446.539301545049,ETH-USD,crypto,
2025-06-26,2025-06-26 05:30:00,2417.2267855277296,15513055665.262428,2417.2267855277296,2417.2267855277296,2417.2267855277296,ETH-USD,crypto,
2025-06-27,2025-06-27 05:30:00,2415.031864876594,16271811388.723804,2415.031864876594,2415.031864876594,2415.031864876594,ETH-USD,crypto,
2025-06-28,2025-06-28 05:30:00,2423.0302896731746,13100825617.816572,2423.0302896731746,2423.0302896731746,2423.0302896731746,ETH-USD,crypto,
2025-06-29,2025-06-29 05:30:00,2437.133001780241,5787313890.541637,2437.133001780241,2437.133001780241,2437.133001780241,ETH-USD,crypto,
2025-06-30,2025-06-30 05:30:00,2502.6672721177083,10236257918.833096,2502.6672721177083,2502.6672721177083,2502.6672721177083,ETH-USD,crypto,
2025-07-01,2025-07-01 05:30:00,2488.190781689803,16306915984.938057,2488.190781689803,2488.190781689803,2488.190781689803,ETH-USD,crypto,
2025-07-02,2025-07-02 05:30:00,2405.1045592800183,12933967031.524443,2405.1045592800183,2405.1045592800183,2405.1045592800183,ETH-USD,crypto,
2025-07-03,2025-07-03 05:30:00,2574.067718495133,21862573614.17975,2574.067718495133,2574.067718495133,2574.067718495133,ETH-USD,crypto,
2025-07-04,2025-07-04 05:30:00,2590.132231590221,19823369642.62606,2590.132231590221,2590.132231590221,2590.132231590221,ETH-USD,crypto,
2025-07-05,2025-07-05 05:30:00,2509.236345783362,16377116416.187033,2509.236345783362,2509.236345783362,2509.236345783362,ETH-USD,crypto,
2025-07-06,2025-07-06 05:30:00,2517.37917835065,6801276942.284494,2517.37917835065,2517.37917835065,2517.37917835065,ETH-USD,crypto,
2025-07-07,2025-07-07 05:30:00,2571.358192115984,9051659015.949968,2571.358192115984,2571.358192115984,2571.358192115984,ETH-USD,crypto,
2025-07-08,2025-07-08 05:30:00,2543.6317028067488,15947822897.049152,2543.6317028067488,2543.6317028067488,2543.6317028067488,ETH-USD,crypto,
2025-07-09,2025-07-09 05:30:00,2615.7759888945047,14750377128.581295,2615.7759888945047,2615.7759888945047,2615.7759888945047,ETH-USD,crypto,
2025-07-10,2025-07-10 05:30:00,2772.5795626609174,26626246774.244656,2772.5795626609174,2772.5795626609174,2772.5795626609174,ETH-USD,crypto,
2025-07-11,2025-07-11 05:30:00,2948.4462027029053,39308824585.23128,2948.4462027029053,2948.4462027029053,2948.4462027029053,ETH-USD,crypto,
2025-07-12,2025-07-12 05:30:00,2958.8514450990992,42455550664.554665,2958.8514450990992,2958.8514450990992,2958.8514450990992,ETH-USD,crypto,
2025-07-13,2025-07-13 05:30:00,2942.9616055388096,17472135946.60354,2942.9616055388096,2942.9616055388096,2942.9616055388096,ETH-USD,crypto,
2025-07-14,2025-07-14 05:30:00,2974.2654952333387,18605172049.087772,2974.2654952333387,2974.2654952333387,2974.2654952333387,ETH-USD,crypto,
2025-07-15,2025-07-15 02:05:18,3001.1415250508803,31653776652.24636,3001.1415250508803,3001.1415250508803,3001.1415250508803,ETH-USD,crypto,
2025-04-16,2025-04-16 05:30:00,2.087166740701441,2529137788.826132,2.087166740701441,2.087166740701441,2.087166740701441,XRP-USD,crypto,
2025-04-17,2025-04-17 05:30:00,2.0835198434155506,2975625490.375688,2.0835198434155506,2.0835198434155506,2.0835198434155506,XRP-USD,crypto,
2025-04-18,2025-04-18 05:30:00,2.0677436115822867,2069087395.311297,2.0677436115822867,2.0677436115822867,2.0677436115822867,XRP-USD,crypto,
2025-04-19,2025-04-19 05:30:00,2.062691684044618,1528702114.8309712,2.062691684044618,2.062691684044618,2.062691684044618,XRP-USD,crypto,
2025-04-20,2025-04-20 05:30:00,2.0855273823856817,1198082570.278999,2.0855273823856817,2.0855273823856817,2.0855273823856817,XRP-USD,crypto,
2025-04-21,2025-04-21 05:30:00,2.0747196454629124,1454273605.4356875,2.0747196454629124,2.0747196454629124,2.0747196454629124,XRP-USD,crypto,
2025-04-22,2025-04-22 05:30:00,2.0806696781556395,2357222891.83461,2.0806696781556395,2.0806696781556395,2.0806696781556395,XRP-USD,crypto,
2025-04-23,2025-04-23 05:30:00,2.221159426695198,4117163104.17999,2.221159426695198,2.221159426695198,2.221159426695198,XRP-USD,crypto,
2025-04-24,2025-04-24 05:30:00,2.217823599038466,4996062046.359891,2.217823599038466,2.217823599038466,2.217823599038466,XRP-USD,crypto,
2025-04-25,2025-04-25 05:30:00,2.206600349886956,4208930304.223753,2.206600349886956,2.206600349886956,2.206600349886956,XRP-USD,crypto,
2025-04-26,2025-04-26 05:30:00,2.1852873809524738,3234722208.502314,2.1852873809524738,2.1852873809524738,2.1852873809524738,XRP-USD,crypto,
2025-04-27,2025-04-27 05:30:00,2.1932493737799863,2459783783.285445,2.1932493737799863,2.1932493737799863,2.1932493737799863,XRP-USD,crypto,
2025-04-28,2025-04-28 05:30:00,2.2566771719971905,3751692488.2109566,2.2566771719971905,2.2566771719971905,2.2566771719971905,XRP-USD,crypto,
2025-04-29,2025-04-29 05:30:00,2.2959679622378415,4072974943.4389,2.2959679622378415,2.2959679622378415,2.2959679622378415,XRP-USD,crypto,
2025-04-30,2025-04-30 05:30:00,2.2399407863578777,2489793878.0180745,2.2399407863578777,2.2399407863578777,2.2399407863578777,XRP-USD,crypto,
2025-05-01,2025-05-01 05:30:00,2.1934727928877984,3252726421.623423,2.1934727928877984,2.1934727928877984,2.1934727928877984,XRP-USD,crypto,
2025-05-02,2025-05-02 05:30:00,2.2143085222346612,2155611895.0543213,2.2143085222346612,2.2143085222346612,2.2143085222346612,XRP-USD,crypto,
2025-05-03,2025-05-03 05:30:00,2.2089170454344824,1739910937.9821632,2.2089170454344824,2.2089170454344824,2.2089170454344824,XRP-USD,crypto,
2025-05-04,2025-05-04 05:30:00,2.188707355411367,1214767487.7877498,2.188707355411367,2.188707355411367,2.188707355411367,XRP-USD,crypto,
2025-05-05,2025-05-05 05:30:00,2.1580623583353407,1372805879.5778592,2.1580623583353407,2.1580623583353407,2.1580623583353407,XRP-USD,crypto,
2025-05-06,2025-05-06 05:30:00,2.1371617409153263,2194829695.4970164,2.1371617409153263,2.1371617409153263,2.1371617409153263,XRP-USD,crypto,
2025-05-07,2025-05-07 05:30:00,2.1553467775958843,2048616981.3491316,2.1553467775958843,2.1553467775958843,2.1553467775958843,XRP-USD,crypto,
2025-05-08,2025-05-08 05:30:00,2.1289110212370352,3559099566.438218,2.1289110212370352,2.1289110212370352,2.1289110212370352,XRP-USD,crypto,
2025-05-09,2025-05-09 05:30:00,2.318857034757937,4731256282.308641,2.318857034757937,2.318857034757937,2.318857034757937,XRP-USD,crypto,
2025-05-10,2025-05-10 05:30:00,2.34260418658349,6008731144.741504,2.34260418658349,2.34260418658349,2.34260418658349,XRP-USD,crypto,
2025-05-11,2025-05-11 05:30:00,2.465515991652043,4343182682.254746,2.465515991652043,2.465515991652043,2.465515991652043,XRP-USD,crypto,
2025-05-12,2025-05-12 05:30:00,2.3665185406774456,3957902320.317386,2.3665185406774456,2.3665185406774456,2.3665185406774456,XRP-USD,crypto,
2025-05-13,2025-05-13 05:30:00,2.5407166812994824,10787624520.70423,2.5407166812994824,2.5407166812994824,2.5407166812994824,XRP-USD,crypto,
2025-05-14,2025-05-14 05:30:00,2.5882656119238727,6137110174.707251,2.5882656119238727,2.5882656119238727,2.5882656119238727,XRP-USD,crypto,
2025-05-15,2025-05-15 05:30:00,2.552660064054796,4956660171.954109,2.552660064054796,2.552660064054796,2.552660064054796,XRP-USD,crypto,
2025-05-16,2025-05-16 05:30:00,2.3780203600308965,5285627666.563696,2.3780203600308965,2.3780203600308965,2.3780203600308965,XRP-USD,crypto,
2025-05-17,2025-05-17 05:30:00,2.387491166631724,3668091279.885704,2.387491166631724,2.387491166631724,2.387491166631724,XRP-USD,crypto,
2025-05-18,2025-05-18 05:30:00,2.352615765613394,2378581122.524433,2.352615765613394,2.352615765613394,2.352615765613394,XRP-USD,crypto,
2025-05-19,2025-05-19 05:30:00,2.4178990437197814,2871045382.6763167,2.4178990437197814,2.4178990437197814,2.4178990437197814,XRP-USD,crypto,
2025-05-20,2025-05-20 05:30:00,2.3808727609208282,3326769717.093891,2.3808727609208282,2.3808727609208282,2.3808727609208282,XRP-USD,crypto,
2025-05-21,2025-05-21 05:30:00,2.356578233921423,2736702822.998838,2.356578233921423,2.356578233921423,2.356578233921423,XRP-USD,crypto,
2025-05-22,2025-05-22 05:30:00,2.4028996266349396,3857208347.067667,2.4028996266349396,2.4028996266349396,2.4028996266349396,XRP-USD,crypto,
2025-05-23,2025-05-23 05:30:00,2.4284164339274192,3423292472.9337497,2.4284164339274192,2.4284164339274192,2.4284164339274192,XRP-USD,crypto,
2025-05-24,2025-05-24 05:30:00,2.2991928362328755,3803614983.5157166,2.2991928362328755,2.2991928362328755,2.2991928362328755,XRP-USD,crypto,
2025-05-25,2025-05-25 05:30:00,2.3319094660057416,1372961335.2188973,2.3319094660057416,2.3319094660057416,2.3319094660057416,XRP-USD,crypto,
2025-05-26,2025-05-26 05:30:00,2.3405861862412927,1905275005.1451297,2.3405861862412927,2.3405861862412927,2.3405861862412927,XRP-USD,crypto,
2025-05-27,2025-05-27 05:30:00,2.3082922649115565,1661784737.5361876,2.3082922649115565,2.3082922649115565,2.3082922649115565,XRP-USD,crypto,
2025-05-28,2025-05-28 05:30:00,2.3186677687774426,2048276738.5749948,2.3186677687774426,2.3186677687774426,2.3186677687774426,XRP-USD,crypto,
2025-05-29,2025-05-29 05:30:00,2.2746048552552507,2074053702.379202,2.2746048552552507,2.2746048552552507,2.2746048552552507,XRP-USD,crypto,
2025-05-30,2025-05-30 05:30:00,2.2505538163676135,2179459280.652964,2.2505538163676135,2.2505538163676135,2.2505538163676135,XRP-USD,crypto,
2025-05-31,2025-05-31 05:30:00,2.1423194738068942,3372833929.9944954,2.1423194738068942,2.1423194738068942,2.1423194738068942,XRP-USD,crypto,
2025-06-01,2025-06-01 05:30:00,2.177000081626197,2268132685.3159456,2.177000081626197,2.177000081626197,2.177000081626197,XRP-USD,crypto,
2025-06-02,2025-06-02 05:30:00,2.1802830722675224,1521954083.381058,2.1802830722675224,2.1802830722675224,2.1802830722675224,XRP-USD,crypto,
2025-06-03,2025-06-03 05:30:00,2.2004265864927537,1856646284.2520795,2.2004265864927537,2.2004265864927537,2.2004265864927537,XRP-USD,crypto,
2025-06-04,2025-06-04 05:30:00,2.2486280245071963,2193921747.996483,2.2486280245071963,2.2486280245071963,2.2486280245071963,XRP-USD,crypto,
2025-06-05,2025-06-05 05:30:00,2.202322198067478,1714810311.215842,2.202322198067478,2.202322198067478,2.202322198067478,XRP-USD,crypto,
2025-06-06,2025-06-06 05:30:00,2.0970164299223453,2893388349.562232,2.0970164299223453,2.0970164299223453,2.0970164299223453,XRP-USD,crypto,
2025-06-07,2025-06-07 05:30:00,2.163852346114403,1854390911.9791367,2.163852346114403,2.163852346114403,2.163852346114403,XRP-USD,crypto,
2025-06-08,2025-06-08 05:30:00,2.1779065492597427,953843043.4304752,2.1779065492597427,2.1779065492597427,2.1779065492597427,XRP-USD,crypto,
2025-06-09,2025-06-09 05:30:00,2.2629632981656744,2297445951.3852534,2.2629632981656744,2.2629632981656744,2.2629632981656744,XRP-USD,crypto,
2025-06-10,2025-06-10 05:30:00,2.321075765224377,2774696976.06667,2.321075765224377,2.321075765224377,2.321075765224377,XRP-USD,crypto,
2025-06-11,2025-06-11 05:30:00,2.305016386019404,2612062557.9833493,2.305016386019404,2.305016386019404,2.305016386019404,XRP-USD,crypto,
2025-06-12,2025-06-12 05:30:00,2.2701428874939213,2624047756.9494534,2.2701428874939213,2.2701428874939213,2.2701428874939213,XRP-USD,crypto,
2025-06-13,2025-06-13 05:30:00,2.1954298391805,2202653947.4050665,2.1954298391805,2.1954298391805,2.1954298391805,XRP-USD,crypto,
2025-06-14,2025-06-14 05:30:00,2.148866270593598,3949716840.388356,2.148866270593598,2.148866270593598,2.148866270593598,XRP-USD,crypto,
2025-06-15,2025-06-15 05:30:00,2.141891800480294,1687489656.576244,2.141891800480294,2.141891800480294,2.141891800480294,XRP-USD,crypto,
2025-06-16,2025-06-16 05:30:00,2.166318490313782,1231293467.1767986,2.166318490313782,2.166318490313782,2.166318490313782,XRP-USD,crypto,
2025-06-17,2025-06-17 05:30:00,2.255537416572947,4466552529.620607,2.255537416572947,2.255537416572947,2.255537416572947,XRP-USD,crypto,
2025-06-18,2025-06-18 05:30:00,2.1632317759396993,3466660612.110638,2.1632317759396993,2.1632317759396993,2.1632317759396993,XRP-USD,crypto,
2025-06-19,2025-06-19 05:30:00,2.1686830671349613,2350823381.424604,2.1686830671349613,2.1686830671349613,2.1686830671349613,XRP-USD,crypto,
2025-06-20,2025-06-20 05:30:00,2.166239439916603,1450568729.9521883,2.166239439916603,2.166239439916603,2.166239439916603,XRP-USD,crypto,
2025-06-21,2025-06-21 05:30:00,2.1201128146436803,2098115334.487172,2.1201128146436803,2.1201128146436803,2.1201128146436803,XRP-USD,crypto,
2025-06-22,2025-06-22 05:30:00,2.044379922195215,2305504805.382443,2.044379922195215,2.044379922195215,2.044379922195215,XRP-USD,crypto,
2025-06-23,2025-06-23 05:30:00,2.013512764553698,4449887424.63551,2.013512764553698,2.013512764553698,2.013512764553698,XRP-USD,crypto,
2025-06-24,2025-06-24 05:30:00,2.1640075102022664,4004307867.6364536,2.1640075102022664,2.1640075102022664,2.1640075102022664,XRP-USD,crypto,
2025-06-25,2025-06-25 05:30:00,2.1890368617248566,3119419439.9970093,2.1890368617248566,2.1890368617248566,2.1890368617248566,XRP-USD,crypto,
2025-06-26,2025-06-26 05:30:00,2.1839169388853152,2234760744.378113,2.1839169388853152,2.1839169388853152,2.1839169388853152,XRP-USD,crypto,
2025-06-27,2025-06-27 05:30:00,2.105597069865388,2569634191.4677787,2.105597069865388,2.105597069865388,2.105597069865388,XRP-USD,crypto,
2025-06-28,2025-06-28 05:30:00,2.140945561649059,2600100605.537264,2.140945561649059,2.140945561649059,2.140945561649059,XRP-USD,crypto,
2025-06-29,2025-06-29 05:30:00,2.185743305637095,1909072124.1732078,2.185743305637095,2.185743305637095,2.185743305637095,XRP-USD,crypto,
2025-06-30,2025-06-30 05:30:00,2.2080779439640237,1320178860.3618104,2.2080779439640237,2.2080779439640237,2.2080779439640237,XRP-USD,crypto,
2025-07-01,2025-07-01 05:30:00,2.2397868943055363,3688723731.503887,2.2397868943055363,2.2397868943055363,2.2397868943055363,XRP-USD,crypto,
2025-07-02,2025-07-02 05:30:00,2.171453605552325,2782662990.9534025,2.171453605552325,2.171453605552325,2.171453605552325,XRP-USD,crypto,
2025-07-03,2025-07-03 05:30:00,2.234339504341481,3660413082.1301646,2.234339504341481,2.234339504341481,2.234339504341481,XRP-USD,crypto,
2025-07-04,2025-07-04 05:30:00,2.2565985381225446,3456952710.4009995,2.2565985381225446,2.2565985381225446,2.2565985381225446,XRP-USD,crypto,
2025-07-05,2025-07-05 05:30:00,2.220660517934634,1759263909.260319,2.220660517934634,2.220660517934634,2.220660517934634,XRP-USD,crypto,
2025-07-06,2025-07-06 05:30:00,2.2177115630108464,898181111.5827129,2.2177115630108464,2.2177115630108464,2.2177115630108464,XRP-USD,crypto,
2025-07-07,2025-07-07 05:30:00,2.2711234551626793,2334073292.9256063,2.2711234551626793,2.2711234551626793,2.2711234551626793,XRP-USD,crypto,
2025-07-08,2025-07-08 05:30:00,2.275084085302051,3876739211.500435,2.275084085302051,2.275084085302051,2.275084085302051,XRP-USD,crypto,
2025-07-09,2025-07-09 05:30:00,2.3106154308712163,2680689161.887867,2.3106154308712163,2.3106154308712163,2.3106154308712163,XRP-USD,crypto,
2025-07-10,2025-07-10 05:30:00,2.405267395272407,4432186610.184976,2.405267395272407,2.405267395272407,2.405267395272407,XRP-USD,crypto,
2025-07-11,2025-07-11 05:30:00,2.5456780481070833,5263609598.373313,2.5456780481070833,2.5456780481070833,2.5456780481070833,XRP-USD,crypto,
2025-07-12,2025-07-12 05:30:00,2.735777793849028,14004307576.909258,2.735777793849028,2.735777793849028,2.735777793849028,XRP-USD,crypto,
2025-07-13,2025-07-13 05:30:00,2.7403085663356155,7635333692.640345,2.7403085663356155,2.7403085663356155,2.7403085663356155,XRP-USD,crypto,
2025-07-14,2025-07-14 05:30:00,2.836943449825265,6320439963.46504,2.836943449825265,2.836943449825265,2.836943449825265,XRP-USD,crypto,
2025-07-15,2025-07-15 02:05:11,2.8998131931124083,12481183686.547352,2.8998131931124083,2.8998131931124083,2.8998131931124083,XRP-USD,crypto,
2025-04-16,2025-04-16 05:30:00,0.6080639244271904,709020814.1750429,0.6080639244271904,0.6080639244271904,0.6080639244271904,ADA-USD,crypto,
2025-04-17,2025-04-17 05:30:00,0.6106653469788688,591359664.0730368,0.6106653469788688,0.6106653469788688,0.6106653469788688,ADA-USD,crypto,
2025-04-18,2025-04-18 05:30:00,0.6168950161106203,448807472.6198462,0.6168950161106203,0.6168950161106203,0.6168950161106203,ADA-USD,crypto,
2025-04-19,2025-04-19 05:30:00,0.6273043794612541,374649872.12397456,0.6273043794612541,0.6273043794612541,0.6273043794612541,ADA-USD,crypto,
2025-04-20,2025-04-20 05:30:00,0.6280852975713835,331430508.4467672,0.6280852975713835,0.6280852975713835,0.6280852975713835,ADA-USD,crypto,
2025-04-21,2025-04-21 05:30:00,0.6202087731824584,354987761.1249453,0.6202087731824584,0.6202087731824584,0.6202087731824584,ADA-USD,crypto,
2025-04-22,2025-04-22 05:30:00,0.6226371412727918,632027422.0139718,0.6226371412727918,0.6226371412727918,0.6226371412727918,ADA-USD,crypto,
2025-04-23,2025-04-23 05:30:00,0.6821362911471233,834269402.8814627,0.6821362911471233,0.6821362911471233,0.6821362911471233,ADA-USD,crypto,
2025-04-24,2025-04-24 05:30:00,0.6972646472481486,967029539.1144488,0.6972646472481486,0.6972646472481486,0.6972646472481486,ADA-USD,crypto,
2025-04-25,2025-04-25 05:30:00,0.7220676397924738,1035019627.1012883,0.7220676397924738,0.7220676397924738,0.7220676397924738,ADA-USD,crypto,
2025-04-26,2025-04-26 05:30:00,0.7138859038055668,949069153.9271946,0.7138859038055668,0.7138859038055668,0.7138859038055668,ADA-USD,crypto,
2025-04-27,2025-04-27 05:30:00,0.7075935331519487,659341778.5746859,0.7075935331519487,0.7075935331519487,0.7075935331519487,ADA-USD,crypto,
2025-04-28,2025-04-28 05:30:00,0.704070171794187,567359217.6728809,0.704070171794187,0.704070171794187,0.704070171794187,ADA-USD,crypto,
2025-04-29,2025-04-29 05:30:00,0.7052906740354157,889987578.2822492,0.7052906740354157,0.7052906740354157,0.7052906740354157,ADA-USD,crypto,
2025-04-30,2025-04-30 05:30:00,0.6957354792970168,817939169.992459,0.6957354792970168,0.6957354792970168,0.6957354792970168,ADA-USD,crypto,
2025-05-01,2025-05-01 05:30:00,0.6820275063998128,592053391.6761067,0.6820275063998128,0.6820275063998128,0.6820275063998128,ADA-USD,crypto,
2025-05-02,2025-05-02 05:30:00,0.7048540559063339,586072580.7401356,0.7048540559063339,0.7048540559063339,0.7048540559063339,ADA-USD,crypto,
2025-05-03,2025-05-03 05:30:00,0.6974986414291682,606872856.4955413,0.6974986414291682,0.6974986414291682,0.6974986414291682,ADA-USD,crypto,
2025-05-04,2025-05-04 05:30:00,0.7013467253059199,752443709.4776694,0.7013467253059199,0.7013467253059199,0.7013467253059199,ADA-USD,crypto,
2025-05-05,2025-05-05 05:30:00,0.6763756494805502,661246645.056914,0.6763756494805502,0.6763756494805502,0.6763756494805502,ADA-USD,crypto,
2025-05-06,2025-05-06 05:30:00,0.6631639151504879,664925434.1708654,0.6631639151504879,0.6631639151504879,0.6631639151504879,ADA-USD,crypto,
2025-05-07,2025-05-07 05:30:00,0.6787761903074216,552471849.9156157,0.6787761903074216,0.6787761903074216,0.6787761903074216,ADA-USD,crypto,
2025-05-08,2025-05-08 05:30:00,0.671376495581957,582536184.2563542,0.671376495581957,0.671376495581957,0.671376495581957,ADA-USD,crypto,
2025-05-09,2025-05-09 05:30:00,0.7651537464755499,1355272025.0992892,0.7651537464755499,0.7651537464755499,0.7651537464755499,ADA-USD,crypto,
2025-05-10,2025-05-10 05:30:00,0.7773024778174161,1491055749.585572,0.7773024778174161,0.7773024778174161,0.7773024778174161,ADA-USD,crypto,
2025-05-11,2025-05-11 05:30:00,0.8400596557571808,1390682398.3795056,0.8400596557571808,0.8400596557571808,0.8400596557571808,ADA-USD,crypto,
2025-05-12,2025-05-12 05:30:00,0.8048629924679394,1096359924.9786,0.8048629924679394,0.8048629924679394,0.8048629924679394,ADA-USD,crypto,
2025-05-13,2025-05-13 05:30:00,0.8191103769126542,1891364013.690922,0.8191103769126542,0.8191103769126542,0.8191103769126542,ADA-USD,crypto,
2025-05-14,2025-05-14 05:30:00,0.8312541090164433,1249623977.9694462,0.8312541090164433,0.8312541090164433,0.8312541090164433,ADA-USD,crypto,
2025-05-15,2025-05-15 05:30:00,0.7985815955519888,1166899569.1134908,0.7985815955519888,0.7985815955519888,0.7985815955519888,ADA-USD,crypto,
2025-05-16,2025-05-16 05:30:00,0.760909266948887,1032947704.5832616,0.760909266948887,0.760909266948887,0.760909266948887,ADA-USD,crypto,
2025-05-17,2025-05-17 05:30:00,0.7605802350885046,777814627.6177915,0.7605802350885046,0.7605802350885046,0.7605802350885046,ADA-USD,crypto,
2025-05-18,2025-05-18 05:30:00,0.7424784161936966,906498912.2572886,0.7424784161936966,0.7424784161936966,0.7424784161936966,ADA-USD,crypto,
2025-05-19,2025-05-19 05:30:00,0.7518394820880364,949005467.3644464,0.7518394820880364,0.7518394820880364,0.7518394820880364,ADA-USD,crypto,
2025-05-20,2025-05-20 05:30:00,0.7426046048097757,855716668.7541951,0.7426046048097757,0.7426046048097757,0.7426046048097757,ADA-USD,crypto,
2025-05-21,2025-05-21 05:30:00,0.7456441858290309,690998975.7792397,0.7456441858290309,0.7456441858290309,0.7456441858290309,ADA-USD,crypto,
2025-05-22,2025-05-22 05:30:00,0.772065003489696,1077168981.202006,0.772065003489696,0.772065003489696,0.772065003489696,ADA-USD,crypto,
2025-05-23,2025-05-23 05:30:00,0.8077548195843751,1069425848.6042526,0.8077548195843751,0.8077548195843751,0.8077548195843751,ADA-USD,crypto,
2025-05-24,2025-05-24 05:30:00,0.748254247966839,1417851508.940276,0.748254247966839,0.748254247966839,0.748254247966839,ADA-USD,crypto,
2025-05-25,2025-05-25 05:30:00,0.7460261925160765,630031485.6921482,0.7460261925160765,0.7460261925160765,0.7460261925160765,ADA-USD,crypto,
2025-05-26,2025-05-26 05:30:00,0.7589761692612583,673782320.823423,0.7589761692612583,0.7589761692612583,0.7589761692612583,ADA-USD,crypto,
2025-05-27,2025-05-27 05:30:00,0.7582470752465925,588809796.8894885,0.7582470752465925,0.7582470752465925,0.7582470752465925,ADA-USD,crypto,
2025-05-28,2025-05-28 05:30:00,0.7578018172885506,652902725.7086877,0.7578018172885506,0.7578018172885506,0.7578018172885506,ADA-USD,crypto,
2025-05-29,2025-05-29 05:30:00,0.7465205662397495,546997351.279757,0.7465205662397495,0.7465205662397495,0.7465205662397495,ADA-USD,crypto,
2025-05-30,2025-05-30 05:30:00,0.724272085506191,649806532.9053063,0.724272085506191,0.724272085506191,0.724272085506191,ADA-USD,crypto,
2025-05-31,2025-05-31 05:30:00,0.6912614352706643,935627012.618067,0.6912614352706643,0.6912614352706643,0.6912614352706643,ADA-USD,crypto,
2025-06-01,2025-06-01 05:30:00,0.6863035406713839,721005660.5061203,0.6863035406713839,0.6863035406713839,0.6863035406713839,ADA-USD,crypto,
2025-06-02,2025-06-02 05:30:00,0.6853559510305921,524853161.2361533,0.6853559510305921,0.6853559510305921,0.6853559510305921,ADA-USD,crypto,
2025-06-03,2025-06-03 05:30:00,0.6900620402912112,570636794.5706515,0.6900620402912112,0.6900620402912112,0.6900620402912112,ADA-USD,crypto,
2025-06-04,2025-06-04 05:30:00,0.684833771475063,494639383.16412145,0.684833771475063,0.684833771475063,0.684833771475063,ADA-USD,crypto,
2025-06-05,2025-06-05 05:30:00,0.6662352525151268,400096118.0279466,0.6662352525151268,0.6662352525151268,0.6662352525151268,ADA-USD,crypto,
2025-06-06,2025-06-06 05:30:00,0.6279989717216173,759754191.8443644,0.6279989717216173,0.6279989717216173,0.6279989717216173,ADA-USD,crypto,
2025-06-07,2025-06-07 05:30:00,0.6564156318236438,579132039.6493936,0.6564156318236438,0.6564156318236438,0.6564156318236438,ADA-USD,crypto,
2025-06-08,2025-06-08 05:30:00,0.665097118031322,345182718.07783103,0.665097118031322,0.665097118031322,0.665097118031322,ADA-USD,crypto,
2025-06-09,2025-06-09 05:30:00,0.6696475032429187,445907844.38359064,0.6696475032429187,0.6696475032429187,0.6696475032429187,ADA-USD,crypto,
2025-06-10,2025-06-10 05:30:00,0.7051927875959849,556699781.999879,0.7051927875959849,0.7051927875959849,0.7051927875959849,ADA-USD,crypto,
2025-06-11,2025-06-11 05:30:00,0.7161084051691045,816441834.7804779,0.7161084051691045,0.7161084051691045,0.7161084051691045,ADA-USD,crypto,
2025-06-12,2025-06-12 05:30:00,0.6978609557770317,650490779.2528718,0.6978609557770317,0.6978609557770317,0.6978609557770317,ADA-USD,crypto,
2025-06-13,2025-06-13 05:30:00,0.6645616396607636,644736788.8081536,0.6645616396607636,0.6645616396607636,0.6645616396607636,ADA-USD,crypto,
2025-06-14,2025-06-14 05:30:00,0.6415287116259395,967144196.2984973,0.6415287116259395,0.6415287116259395,0.6415287116259395,ADA-USD,crypto,
2025-06-15,2025-06-15 05:30:00,0.6249531411165467,377703624.01002413,0.6249531411165467,0.6249531411165467,0.6249531411165467,ADA-USD,crypto,
2025-06-16,2025-06-16 05:30:00,0.6338091675682362,306474152.5964094,0.6338091675682362,0.6338091675682362,0.6338091675682362,ADA-USD,crypto,
2025-06-17,2025-06-17 05:30:00,0.6348092267777333,634345979.704381,0.6348092267777333,0.6348092267777333,0.6348092267777333,ADA-USD,crypto,
2025-06-18,2025-06-18 05:30:00,0.6114224843190872,668780456.8391515,0.6114224843190872,0.6114224843190872,0.6114224843190872,ADA-USD,crypto,
2025-06-19,2025-06-19 05:30:00,0.6031520541269734,649432905.7020996,0.6031520541269734,0.6031520541269734,0.6031520541269734,ADA-USD,crypto,
2025-06-20,2025-06-20 05:30:00,0.6022517506298001,411526119.6336923,0.6022517506298001,0.6022517506298001,0.6022517506298001,ADA-USD,crypto,
2025-06-21,2025-06-21 05:30:00,0.5768480561772417,655089381.7343858,0.5768480561772417,0.5768480561772417,0.5768480561772417,ADA-USD,crypto,
2025-06-22,2025-06-22 05:30:00,0.5507083653541873,616320411.8508501,0.5507083653541873,0.5507083653541873,0.5507083653541873,ADA-USD,crypto,
2025-06-23,2025-06-23 05:30:00,0.5411301510006504,1046673222.5903796,0.5411301510006504,0.5411301510006504,0.5411301510006504,ADA-USD,crypto,
2025-06-24,2025-06-24 05:30:00,0.5832401178415064,923344856.19398,0.5832401178415064,0.5832401178415064,0.5832401178415064,ADA-USD,crypto,
2025-06-25,2025-06-25 05:30:00,0.5872194649270592,716773448.9598132,0.5872194649270592,0.5872194649270592,0.5872194649270592,ADA-USD,crypto,
2025-06-26,2025-06-26 05:30:00,0.5667721482568538,549499472.3311824,0.5667721482568538,0.5667721482568538,0.5667721482568538,ADA-USD,crypto,
2025-06-27,2025-06-27 05:30:00,0.5541621947716998,546164591.2662042,0.5541621947716998,0.5541621947716998,0.5541621947716998,ADA-USD,crypto,
2025-06-28,2025-06-28 05:30:00,0.5586998411211989,461343367.5389696,0.5586998411211989,0.5586998411211989,0.5586998411211989,ADA-USD,crypto,
2025-06-29,2025-06-29 05:30:00,0.5655976009022613,328696976.3556034,0.5655976009022613,0.5655976009022613,0.5655976009022613,ADA-USD,crypto,
2025-06-30,2025-06-30 05:30:00,0.5775074724180472,546299719.7888314,0.5775074724180472,0.5775074724180472,0.5775074724180472,ADA-USD,crypto,
2025-07-01,2025-07-01 05:30:00,0.5720180140652412,685730060.096957,0.5720180140652412,0.5720180140652412,0.5720180140652412,ADA-USD,crypto,
2025-07-02,2025-07-02 05:30:00,0.5421512626893101,631715565.0969181,0.5421512626893101,0.5421512626893101,0.5421512626893101,ADA-USD,crypto,
2025-07-03,2025-07-03 05:30:00,0.5846952591552708,934344132.0381689,0.5846952591552708,0.5846952591552708,0.5846952591552708,ADA-USD,crypto,
2025-07-04,2025-07-04 05:30:00,0.5987839336899987,723259758.2613916,0.5987839336899987,0.5987839336899987,0.5987839336899987,ADA-USD,crypto,
2025-07-05,2025-07-05 05:30:00,0.5728146380802783,539620249.5139698,0.5728146380802783,0.5728146380802783,0.5728146380802783,ADA-USD,crypto,
2025-07-06,2025-07-06 05:30:00,0.5760131698614164,287359327.05554503,0.5760131698614164,0.5760131698614164,0.5760131698614164,ADA-USD,crypto,
2025-07-07,2025-07-07 05:30:00,0.5857056935866781,379742988.53059584,0.5857056935866781,0.5857056935866781,0.5857056935866781,ADA-USD,crypto,
2025-07-08,2025-07-08 05:30:00,0.5798100944867142,559194866.5817564,0.5798100944867142,0.5798100944867142,0.5798100944867142,ADA-USD,crypto,
2025-07-09,2025-07-09 05:30:00,0.5882961516358525,487674618.9568239,0.5882961516358525,0.5882961516358525,0.5882961516358525,ADA-USD,crypto,
2025-07-10,2025-07-10 05:30:00,0.6236218758822067,921412284.2952383,0.6236218758822067,0.6236218758822067,0.6236218758822067,ADA-USD,crypto,
2025-07-11,2025-07-11 05:30:00,0.6771328310749256,1062017291.4508075,0.6771328310749256,0.6771328310749256,0.6771328310749256,ADA-USD,crypto,
2025-07-12,2025-07-12 05:30:00,0.7108207334882014,2545650162.8728247,0.7108207334882014,0.7108207334882014,0.7108207334882014,ADA-USD,crypto,
2025-07-13,2025-07-13 05:30:00,0.7087303921384289,1194202622.657187,0.7087303921384289,0.7087303921384289,0.7087303921384289,ADA-USD,crypto,
2025-07-14,2025-07-14 05:30:00,0.7378983923650405,1350750371.5082395,0.7378983923650405,0.7378983923650405,0.7378983923650405,ADA-USD,crypto,
2025-07-15,2025-07-15 02:05:28,0.7297546076405382,1632155028.3753293,0.7297546076405382,0.7297546076405382,0.7297546076405382,ADA-USD,crypto,
2024-11-06,2024-11-06 00:00:00,369.12495142605655,1730121.0,369.57263314081536,370.95393176636077,366.4386344808784,AAPL,stock,True
2024-11-07,2024-11-07 00:00:00,369.6386878834344,1409510.0,365.8833433932515,372.054831826951,363.91875934614535,AAPL,stock,True
2024-11-08,2024-11-08 00:00:00,365.93178263010964,4056585.0,366.72049544868514,367.7614123244856,365.20418086589814,AAPL,stock,True
2024-11-11,2024-11-11 00:00:00,366.75732040860345,2956026.0,365.85004677214744,368.07265498108893,365.0763059760836,AAPL,stock,True
2024-11-12,2024-11-12 00:00:00,365.7560710261643,3165217.0,368.3043563801896,370.1642776423016,363.5916473613283,AAPL,stock,True
2024-11-13,2024-11-13 00:00:00,368.3574403183283,656488.0,372.80469963112915,373.27139419073865,367.07295562139905,AAPL,stock,True
2024-11-14,2024-11-14 00:00:00,372.7456953629626,3684604.0,367.9067076789904,374.72207558720316,366.4959559788664,AAPL,stock,True
2024-11-15,2024-11-15 00:00:00,367.84409046478834,772566.0,364.3402128768763,367.8859508446964,361.2955101984715,AAPL,stock,True
2024-11-18,2024-11-18 00:00:00,364.1499669875241,2842720.0,358.77685039531013,367.4338913795211,355.43233148472365,AAPL,stock,True
2024-11-19,2024-11-19 00:00:00,358.89197517736807,2329949.0,361.5501680168026,361.86268807047827,356.0128570564916,AAPL,stock,True
2024-11-20,2024-11-20 00:00:00,361.67195306674756,1868042.0,361.64192323403074,362.337626660768,360.7528171832845,AAPL,stock,True
2024-11-21,2024-11-21 00:00:00,361.762111340249,939859.0,360.8918857047523,364.81718299954406,360.7692789473158,AAPL,stock,True
2024-11-22,2024-11-22 00:00:00,360.9583359090721,2666546.0,364.371278748266,366.81034848752535,360.8373466412048,AAPL,stock,True
2024-11-25,2024-11-25 00:00:00,364.51709985616856,2535565.0,368.70655484709,369.5330297137836,363.9459087590327,AAPL,stock,True
2024-11-26,2024-11-26 00:00:00,368.8499793260223,2476217.0,364.3140047120198,370.8925299580711,361.6146056086714,AAPL,stock,True
2024-11-27,2024-11-27 00:00:00,364.14588141488304,3925062.0,361.372745290902,364.62476884103233,359.80106528060895,AAPL,stock,True
2024-11-28,2024-11-28 00:00:00,361.3975612565534,525908.0,358.91834262960987,363.9443129295356,356.3578847343764,AAPL,stock,True
2024-11-29,2024-11-29 00:00:00,359.0052060405968,642684.0,361.46884653321405,364.8113883648249,355.6418432232652,AAPL,stock,True
2024-12-02,2024-12-02 00:00:00,361.45990721562214,2634249.0,362.7996542509,363.75544486013735,358.7649204759815,AAPL,stock,True
2024-12-03,2024-12-03 00:00:00,362.73192870467864,4942511.0,364.8492288908403,365.1925802884739,362.21237775072876,AAPL,stock,True
2024-12-04,2024-12-04 00:00:00,364.8463030808399,4249666.0,365.24105333694155,366.0220748077692,363.1931401557388,AAPL,stock,True
2024-12-05,2024-12-05 00:00:00,365.1383133022141,3002822.0,362.0270545562435,365.7113403563326,359.2561363548352,AAPL,stock,True
2024-12-06,2024-12-06 00:00:00,361.93692436498117,4861371.0,362.743078138613,363.5528104315961,361.77709658173166,AAPL,stock,True
2024-12-09,2024-12-09 00:00:00,362.79129925292364,1838635.0,365.22180048358564,368.58048361372335,360.447679005788,AAPL,stock,True
2024-12-10,2024-12-10 00:00:00,365.03435617962595,2456400.0,369.5707518365293,369.6880658372104,362.71893972155476,AAPL,stock,True
2024-12-11,2024-12-11 00:00:00,369.69613349244275,3022929.0,365.1935185320719,372.0716841193009,362.53945736512816,AAPL,stock,True
2024-12-12,2024-12-12 00:00:00,365.03604745108083,3611790.0,370.14039564891686,371.28665134024317,363.51918037399764,AAPL,stock,True
2024-12-13,2024-12-13 00:00:00,369.94918747513003,753169.0,364.8168385892003,373.33863121985564,364.5251676692266,AAPL,stock,True
2024-12-16,2024-12-16 00:00:00,364.70585840982847,3887945.0,365.1843597066273,367.53237528633593,361.1791626645848,AAPL,stock,True
2024-12-17,2024-12-17 00:00:00,365.13931759263744,2238154.0,360.51857861954903,368.4563309604325,359.4480868020778,AAPL,stock,True
2024-12-18,2024-12-18 00:00:00,360.66657994747004,2652468.0,361.74811230121827,362.80551681783027,358.1612189857398,AAPL,stock,True
2024-12-19,2024-12-19 00:00:00,361.84593151959893,3743601.0,366.0202034912406,366.9016232423842,361.08724803443835,AAPL,stock,True
2024-12-20,2024-12-20 00:00:00,365.94919290473644,3254963.0,364.30689314324763,368.89416382854415,363.22615600477747,AAPL,stock,True
2024-12-23,2024-12-23 00:00:00,364.2296852648121,4051184.0,367.6977634427695,369.7617990811709,361.2341035446385,AAPL,stock,True
2024-12-24,2024-12-24 00:00:00,367.83744755038316,1522707.0,364.89979421767526,369.762125907286,364.09748878688754,AAPL,stock,True
2024-12-25,2024-12-25 00:00:00,365.0508273294945,3070860.0,368.13555929597345,369.5197370059575,361.4815735188448,AAPL,stock,True
2024-12-26,2024-12-26 00:00:00,368.0486960529032,3116384.0,369.6222316318376,372.6143791959716,367.57410346824196,AAPL,stock,True
2024-12-27,2024-12-27 00:00:00,369.48673118452547,1664408.0,364.55196313786547,370.0692502451175,362.22286970725594,AAPL,stock,True
2024-12-30,2024-12-30 00:00:00,364.65762136839624,2311412.0,363.6700009484768,368.12924008095797,361.22299762809376,AAPL,stock,True
2024-12-31,2024-12-31 00:00:00,363.6187633980839,581181.0,363.6757938344897,366.4887938341927,360.6614324058643,AAPL,stock,True
2025-01-01,2025-01-01 00:00:00,363.4891094255179,4957718.0,358.8970938866412,365.7407584419993,358.86813290574787,AAPL,stock,True
2025-01-02,2025-01-02 00:00:00,359.04143567407823,3231488.0,355.0333377552605,359.21900603462115,354.4225604760109,AAPL,stock,True
2025-01-03,2025-01-03 00:00:00,355.07537188635865,1689837.0,355.3188549203615,355.33444797368725,355.0645975324723,AAPL,stock,True
2025-01-06,2025-01-06 00:00:00,355.31256368895157,2764756.0,356.27565883118723,359.3679536582954,353.986128766716,AAPL,stock,True
2025-01-07,2025-01-07 00:00:00,356.2837120145629,4412498.0,351.11678502854016,359.61879656736573,348.2349239173896,AAPL,stock,True
2025-01-08,2025-01-08 00:00:00,351.12727523038774,1460558.0,350.6533112147044,351.61785898573436,348.9462164799175,AAPL,stock,True
2025-01-09,2025-01-09 00:00:00,350.5899999270358,4056806.0,349.4332965856594,352.83318781460395,345.95761838137906,AAPL,stock,True
2025-01-10,2025-01-10 00:00:00,349.4288842156768,3840885.0,345.0269220457645,350.70758745237765,343.78163952304527,AAPL,stock,True
2025-01-13,2025-01-13 00:00:00,345.0851538168361,4041016.0,342.1970465925708,345.2674957953319,339.91162361851497,AAPL,stock,True
2025-01-14,2025-01-14 00:00:00,342.17133569524225,4655590.0,337.31155147484077,342.7228030549761,336.34643987156414,AAPL,stock,True
2025-01-15,2025-01-15 00:00:00,337.3682951016601,4591297.0,332.44892805086823,340.09118587921256,330.3473200781024,AAPL,stock,True
2025-01-16,2025-01-16 00:00:00,332.366731972917,884108.0,335.52393587989053,337.43785944752517,329.4428192307238,AAPL,stock,True
2025-01-17,2025-01-17 00:00:00,335.5521661034894,657194.0,340.0916100371368,340.44541087914826,333.30024933725593,AAPL,stock,True
2025-01-20,2025-01-20 00:00:00,339.9892118843676,4261474.0,342.5511989558719,344.15215781780154,339.02384856502925,AAPL,stock,True
2025-01-21,2025-01-21 00:00:00,342.65731129486,3470337.0,346.9387366890186,348.6376901810917,341.09510412042226,AAPL,stock,True
2025-01-22,2025-01-22 00:00:00,347.0734429185311,2130116.0,351.33572861822364,352.90133108068807,344.9471774044292,AAPL,stock,True
2025-01-23,2025-01-23 00:00:00,351.15398592796527,4773564.0,347.1517962813262,352.1877416713961,344.4099521467637,AAPL,stock,True
2025-01-24,2025-01-24 00:00:00,347.2925968303456,1083618.0,346.15293280826296,350.5592897344921,345.01332306193,AAPL,stock,True
2025-01-27,2025-01-27 00:00:00,346.2658111258631,2531445.0,344.3836451884573,346.59225875516927,341.1804880445278,AAPL,stock,True
2025-01-28,2025-01-28 00:00:00,344.43128044383553,2019427.0,345.58972332145925,347.9889391148699,343.1284368841469,AAPL,stock,True
2025-01-29,2025-01-29 00:00:00,345.7016543337202,3581755.0,350.2178376392955,350.7418084370184,342.99046773163604,AAPL,stock,True
2025-01-30,2025-01-30 00:00:00,350.18841038270955,1789088.0,351.0814050465551,353.6634375238994,348.5492032358079,AAPL,stock,True
2025-01-31,2025-01-31 00:00:00,351.1679670652032,3625209.0,354.52323758899416,356.9996126568235,350.31470862258493,AAPL,stock,True
2025-02-03,2025-02-03 00:00:00,354.45705151778054,4101706.0,349.5710494391321,356.9281480061845,349.21160491888475,AAPL,stock,True
2025-02-04,2025-02-04 00:00:00,349.50184051924487,3583619.0,346.40220228940495,350.5962187739794,346.3744181184854,AAPL,stock,True
2025-02-05,2025-02-05 00:00:00,346.53738562004634,4651087.0,344.9200377293559,346.7078557044574,343.658582202806,AAPL,stock,True
2025-02-06,2025-02-06 00:00:00,344.9376997132218,4935004.0,344.58733491937005,345.9493504449948,342.2686484140916,AAPL,stock,True
2025-02-07,2025-02-07 00:00:00,344.52401946860687,4558756.0,346.9219818830949,349.8564466662413,341.5651988732449,AAPL,stock,True
2025-02-10,2025-02-10 00:00:00,347.0412350514985,2793990.0,346.61612485716296,347.25035074437113,345.62242944174477,AAPL,stock,True
2025-02-11,2025-02-11 00:00:00,346.44851901770835,1352357.0,346.4867709672307,347.55449619612926,346.06868138937205,AAPL,stock,True
2025-02-12,2025-02-12 00:00:00,346.35700360249365,2433776.0,346.0823696218207,347.4734867111673,344.00297084988847,AAPL,stock,True
2025-02-13,2025-02-13 00:00:00,345.95486002615235,2921379.0,349.7875866069485,350.11527836949637,345.27743995865836,AAPL,stock,True
2025-02-14,2025-02-14 00:00:00,349.8652559478706,4446131.0,350.1524907873267,350.9820534865697,348.3510096718653,AAPL,stock,True
2025-02-17,2025-02-17 00:00:00,349.99317182357294,1275771.0,345.5526853729457,351.31750457028704,343.28183607401655,AAPL,stock,True
2025-02-18,2025-02-18 00:00:00,345.70007740252817,553644.0,345.15593202560865,347.13395274148473,345.15434986335174,AAPL,stock,True
2025-02-19,2025-02-19 00:00:00,345.0499239694049,3620547.0,344.1933186039926,346.6025353320121,341.02999506248926,AAPL,stock,True
2025-02-20,2025-02-20 00:00:00,344.1737762243735,1861512.0,346.1592993966447,349.4243703258903,343.2496959118251,AAPL,stock,True
2025-02-21,2025-02-21 00:00:00,346.24858462316627,883397.0,350.24840109578196,352.30211280148166,345.13738233590914,AAPL,stock,True
2025-02-24,2025-02-24 00:00:00,350.2299272535498,4580230.0,347.2183288487043,352.44942320023165,345.54160900309205,AAPL,stock,True
2025-02-25,2025-02-25 00:00:00,347.0732581643436,3409523.0,348.5626591561053,348.7459772166794,346.9348315801849,AAPL,stock,True
2025-02-26,2025-02-26 00:00:00,348.4189593340007,925685.0,344.95827408583256,348.9530716201002,342.3799120544269,AAPL,stock,True
2025-02-27,2025-02-27 00:00:00,344.8040436821287,3580995.0,349.816471076179,352.3142180521447,343.8254271923254,AAPL,stock,True
2025-02-28,2025-02-28 00:00:00,349.83987796011763,2493554.0,349.17688920910075,351.4335145823352,345.8427794871507,AAPL,stock,True
2025-03-03,2025-03-03 00:00:00,349.23110619409215,3485323.0,346.8175540082599,350.8011366323837,344.36872813650615,AAPL,stock,True
2025-03-04,2025-03-04 00:00:00,346.666800699805,2112982.0,350.56044381062685,350.68125606554463,344.18745101914396,AAPL,stock,True
2025-03-05,2025-03-05 00:00:00,350.5616388873055,3463490.0,346.32646695989337,351.07951626355725,346.1190974062305,AAPL,stock,True
2025-03-06,2025-03-06 00:00:00,346.1832296186733,3747256.0,349.13246711990587,351.4472343590939,343.3237642430315,AAPL,stock,True
2025-03-07,2025-03-07 00:00:00,349.223576358598,3918549.0,353.11025208175624,355.22950138768994,347.3019353065101,AAPL,stock,True
2025-03-10,2025-03-10 00:00:00,353.1316140924764,1730090.0,350.9924692624505,355.42639296117596,349.3501231472185,AAPL,stock,True
2025-03-11,2025-03-11 00:00:00,351.1436425367653,1976677.0,354.28739252213086,357.02909030193564,347.811974535999,AAPL,stock,True
2025-03-12,2025-03-12 00:00:00,354.19728858537843,2614381.0,358.99361415835546,361.9305440968462,351.2432938640796,AAPL,stock,True
2025-03-13,2025-03-13 00:00:00,358.9568094619694,3441647.0,364.26740594441327,365.96115228451595,355.4822966272087,AAPL,stock,True
2025-03-14,2025-03-14 00:00:00,364.3253275968214,1485921.0,366.3120585997646,367.65350910215847,364.23301919756705,AAPL,stock,True
2025-03-17,2025-03-17 00:00:00,366.3671857220271,3450252.0,364.50454867455664,369.55725556647894,362.3913616954776,AAPL,stock,True
2025-03-18,2025-03-18 00:00:00,364.52454779704726,1955336.0,367.18917641874566,369.51697813096035,364.42745900523437,AAPL,stock,True
2025-03-19,2025-03-19 00:00:00,367.1412487531802,1769505.0,369.981133336565,372.6113962693724,364.28855755490184,AAPL,stock,True
2025-03-20,2025-03-20 00:00:00,369.97849528064467,4935863.0,367.4224604277946,371.02838774482973,365.1221514215401,AAPL,stock,True
2025-03-21,2025-03-21 00:00:00,367.37183104730514,2869607.0,368.35157390123635,368.39610254997444,366.74398023086667,AAPL,stock,True
2025-03-24,2025-03-24 00:00:00,368.2123836538258,1445401.0,363.9852525935732,368.8856391090172,362.8378637749022,AAPL,stock,True
2025-03-25,2025-03-25 00:00:00,363.949559833276,3150211.0,358.78116852849297,366.17705003010326,357.28129757641136,AAPL,stock,True
2025-03-26,2025-03-26 00:00:00,358.6573026196057,3641015.0,358.699954241911,362.1503667041464,355.2350662960772,AAPL,stock,True
2025-03-27,2025-03-27 00:00:00,358.62245748276183,3377839.0,363.8790120677529,365.0475435747267,357.45869961079615,AAPL,stock,True
2025-03-28,2025-03-28 00:00:00,363.81185282597903,3231079.0,359.2806451168124,364.1534860918032,359.2647896198843,AAPL,stock,True
2025-03-31,2025-03-31 00:00:00,359.34284976505853,4359834.0,355.7749083024318,360.3955762191175,352.54568511876874,AAPL,stock,True
2025-04-01,2025-04-01 00:00:00,355.7254955198453,2402488.0,357.7977243533235,357.9925569001416,353.91207907872416,AAPL,stock,True
2025-04-02,2025-04-02 00:00:00,357.7219710383496,2986148.0,356.881519811652,358.19279375168344,354.22164798585675,AAPL,stock,True
2025-04-03,2025-04-03 00:00:00,356.9941399801981,4530130.0,354.29876918520625,360.30411855149725,351.19451174562045,AAPL,stock,True
2025-04-04,2025-04-04 00:00:00,354.2971682975534,3930530.0,352.8533279768127,356.36837464517504,351.0954158746615,AAPL,stock,True
2025-04-07,2025-04-07 00:00:00,352.7481853411948,3639529.0,357.4061109552459,357.98287112214587,350.31114212354265,AAPL,stock,True
2025-04-08,2025-04-08 00:00:00,357.2280837887152,4498038.0,355.5459232925781,359.949789610893,352.27708703685187,AAPL,stock,True
2025-04-09,2025-04-09 00:00:00,355.3517244059961,2596923.0,358.0665390932286,358.12367896759116,352.3785385784331,AAPL,stock,True
2025-04-10,2025-04-10 00:00:00,357.95087982971285,3012265.0,359.879907695547,360.0317793757819,354.57522950212126,AAPL,stock,True
2025-04-11,2025-04-11 00:00:00,359.69591804403024,567049.0,359.13866531493807,361.43252001203695,358.18598680685295,AAPL,stock,True
2025-04-14,2025-04-14 00:00:00,358.99774533654124,2504675.0,358.74529773959665,359.334247701697,357.15865431647444,AAPL,stock,True
2025-04-15,2025-04-15 00:00:00,358.555818441821,3052334.0,362.0838726240158,364.5380120341669,355.6281685973479,AAPL,stock,True
2025-04-16,2025-04-16 00:00:00,362.20617695680477,2649560.0,362.19053973211834,365.82092338528435,358.69388818496316,AAPL,stock,True
2025-04-17,2025-04-17 00:00:00,362.10238085755435,2559736.0,358.00382605218215,363.58209247659386,354.5224872372385,AAPL,stock,True
2025-04-18,2025-04-18 00:00:00,357.9305471610967,1747626.0,354.8222183776428,358.2138888642162,353.1682297953654,AAPL,stock,True
2025-04-21,2025-04-21 00:00:00,354.66357637486374,2405939.0,354.52381689549895,357.59397402987867,352.132341509661,AAPL,stock,True
2025-04-22,2025-04-22 00:00:00,354.36188440440935,4573233.0,356.1263011848598,356.2500236253886,354.07492944267295,AAPL,stock,True
2025-04-23,2025-04-23 00:00:00,355.96713604480107,2911569.0,354.44439425528446,357.873382353402,352.6312276853068,AAPL,stock,True
2025-04-24,2025-04-24 00:00:00,354.51802547459306,2100463.0,358.1674032402966,360.0431146482512,351.5257492650902,AAPL,stock,True
2025-04-25,2025-04-25 00:00:00,358.3008810402256,1254646.0,361.76879623699665,364.79518826876335,358.08872962907765,AAPL,stock,True
2025-04-28,2025-04-28 00:00:00,361.59616750342474,2451762.0,363.28100416995636,366.1663749176999,359.0774981003922,AAPL,stock,True
2025-04-29,2025-04-29 00:00:00,363.28026625030026,2381248.0,364.7794399901059,367.2619146984162,360.0616739781941,AAPL,stock,True
2025-04-30,2025-04-30 00:00:00,364.7933887447961,517707.0,370.29574801566525,370.82796169372546,362.8712810612861,AAPL,stock,True
2025-05-01,2025-05-01 00:00:00,370.20189618080065,1559294.0,366.4391512859104,372.18588825351526,365.1980132894911,AAPL,stock,True
2025-05-02,2025-05-02 00:00:00,366.28088482654687,4538044.0,363.99097701672827,367.9574252270737,363.31233086736876,AAPL,stock,True
2025-05-05,2025-05-05 00:00:00,363.87336267167444,4113847.0,361.8180519713595,366.8000375577452,358.31771360209865,AAPL,stock,True
2025-05-06,2025-05-06 00:00:00,361.92160514293124,850286.0,360.6041977133025,364.7589550816994,359.9852068025324,AAPL,stock,True
2025-05-07,2025-05-07 00:00:00,360.6372289604775,1541566.0,365.6291245008716,367.322165701913,359.3001039018964,AAPL,stock,True
2025-05-08,2025-05-08 00:00:00,365.6858064690445,4626768.0,369.16348379877604,369.2013401022224,365.45878331455316,AAPL,stock,True
2025-05-09,2025-05-09 00:00:00,369.0107692772407,3061170.0,370.12348218353526,372.56274797756197,367.92865171754016,AAPL,stock,True
2025-05-12,2025-05-12 00:00:00,370.2466431881208,1529639.0,370.16690538449234,371.2032863923126,369.9920785968125,AAPL,stock,True
2025-05-13,2025-05-13 00:00:00,370.26581141227786,4753979.0,371.70157940659965,374.6210721317306,367.7646451656704,AAPL,stock,True
2025-05-14,2025-05-14 00:00:00,371.63296121624757,4009655.0,375.7245517897225,376.5377146821919,370.787570951373,AAPL,stock,True
2025-05-15,2025-05-15 00:00:00,375.5332866640288,1823034.0,375.76226895372423,377.44951326740096,372.54935295216023,AAPL,stock,True
2025-05-16,2025-05-16 00:00:00,375.74723105514613,4390027.0,372.6857199019649,376.4614293547534,371.4476103163714,AAPL,stock,True
2025-05-19,2025-05-19 00:00:00,372.601758760667,3090093.0,369.6677111265173,374.73377023467646,368.7348180100028,AAPL,stock,True
2025-05-20,2025-05-20 00:00:00,369.6717415024914,2533535.0,364.798210296448,370.49117496678434,364.1938333044557,AAPL,stock,True
2025-05-21,2025-05-21 00:00:00,364.831846875584,1275889.0,364.5603515568875,365.18710026906814,364.025232426204,AAPL,stock,True
2025-05-22,2025-05-22 00:00:00,364.48678993313797,2382241.0,367.48546789459004,367.5732715128478,362.06079640507636,AAPL,stock,True
2025-05-23,2025-05-23 00:00:00,367.5551120157249,1822897.0,364.1281169312955,370.92651044448814,361.71263583964696,AAPL,stock,True
2025-05-26,2025-05-26 00:00:00,364.0980172429966,1126346.0,366.32331824827264,367.9209598049941,362.85145037127063,AAPL,stock,True
2025-05-27,2025-05-27 00:00:00,366.3066728275142,4257795.0,361.9318190091767,368.9403812231783,361.5792789697664,AAPL,stock,True
2025-05-28,2025-05-28 00:00:00,361.7725130108302,2798071.0,358.5570016618711,364.32763456208164,355.923558294894,AAPL,stock,True
2025-05-29,2025-05-29 00:00:00,358.5641699187283,2986417.0,357.8391066821865,360.41727851247407,356.03698349043947,AAPL,stock,True
2025-05-30,2025-05-30 00:00:00,357.81291944626975,2203436.0,357.1057049040993,360.5870063322971,356.2835264940437,AAPL,stock,True
2025-06-02,2025-06-02 00:00:00,356.9558107403172,4536969.0,360.7441872990829,362.20141440285266,353.5095529494249,AAPL,stock,True
2025-06-03,2025-06-03 00:00:00,360.55087091343944,3966961.0,362.8231568738685,363.88526682704696,358.19381541236214,AAPL,stock,True
2025-06-04,2025-06-04 00:00:00,362.75231830244405,4477084.0,360.93546666157187,365.7760954109035,360.24877752679083,AAPL,stock,True
2025-06-05,2025-06-05 00:00:00,361.00659994242994,532608.0,356.49095695642285,364.58566643792176,354.86793579261445,AAPL,stock,True
2025-06-06,2025-06-06 00:00:00,356.6364854388512,4808019.0,356.66868656908787,359.8935643857354,355.96754127663854,AAPL,stock,True
2025-06-09,2025-06-09 00:00:00,356.77838730797606,3882588.0,360.2838279909458,361.557337346312,353.5308936837495,AAPL,stock,True
2025-06-10,2025-06-10 00:00:00,360.22021174727547,2260091.0,361.7385822128349,364.02170133436465,359.29076687124035,AAPL,stock,True
2025-06-11,2025-06-11 00:00:00,361.8743147971732,1339201.0,359.78000863508845,363.03363962253735,359.24984194345956,AAPL,stock,True
2025-06-12,2025-06-12 00:00:00,359.8731986762033,1015270.0,359.755676512844,362.225133874043,359.35029617232834,AAPL,stock,True
2025-06-13,2025-06-13 00:00:00,359.61819061338224,4433006.0,363.3244533965405,364.1392922118788,359.5283394109709,AAPL,stock,True
2025-06-16,2025-06-16 00:00:00,363.4216065773091,3517573.0,359.346948111101,366.929781041566,357.29647814267855,AAPL,stock,True
2025-06-17,2025-06-17 00:00:00,359.16343801861706,1887445.0,357.9127246782365,361.50616674596534,355.47393155190343,AAPL,stock,True
2025-06-18,2025-06-18 00:00:00,357.8380229936329,4504725.0,353.70158068775265,359.19915802354745,352.6947607559365,AAPL,stock,True
2025-06-19,2025-06-19 00:00:00,353.85285253020265,3874296.0,349.9143440407974,354.09179048539943,347.19124057953803,AAPL,stock,True
2025-06-20,2025-06-20 00:00:00,349.72857819433716,1433043.0,350.30758893124033,350.419968205683,349.1347144698254,AAPL,stock,True
2025-06-23,2025-06-23 00:00:00,350.1399460104944,1780803.0,353.29532088577105,354.98965183996256,347.3422535947251,AAPL,stock,True
2025-06-24,2025-06-24 00:00:00,353.39658760993535,1455310.0,350.52546522415855,353.92950577553313,349.46021621191926,AAPL,stock,True
2025-06-25,2025-06-25 00:00:00,350.3538486263244,4436401.0,350.79710854404516,351.0803197260891,348.5004514894052,AAPL,stock,True
2025-06-26,2025-06-26 00:00:00,350.6808504899678,2528672.0,347.81336850416324,353.24039759874285,346.6858536592428,AAPL,stock,True
2025-06-27,2025-06-27 00:00:00,347.85988621856563,3048593.0,343.33248017096025,348.69197475739077,339.934665029115,AAPL,stock,True
2025-06-30,2025-06-30 00:00:00,343.44249718733045,3899511.0,340.58017162950887,343.9986714594705,337.4443021987879,AAPL,stock,True
2025-07-01,2025-07-01 00:00:00,340.6456323095253,3413007.0,340.3515482978538,342.4325446306821,339.26712764651484,AAPL,stock,True
2025-07-02,2025-07-02 00:00:00,340.2929697971602,4424839.0,338.20835371797796,340.9680466793964,338.1869472075295,AAPL,stock,True
2025-07-03,2025-07-03 00:00:00,338.19995086781233,1257697.0,340.6628237477219,342.10105588143244,338.06294209885453,AAPL,stock,True
2025-07-04,2025-07-04 00:00:00,340.6677079173927,4271804.0,336.5118315702327,342.44700040422566,335.10241105663215,AAPL,stock,True
2025-07-07,2025-07-07 00:00:00,336.5934590384345,2354769.0,333.06937648646647,339.50076151819377,332.6193970259268,AAPL,stock,True
2025-07-08,2025-07-08 00:00:00,333.15136487522483,2902793.0,332.87265273704674,333.26274294240847,331.6732166291018,AAPL,stock,True
2025-07-09,2025-07-09 00:00:00,333.00242757169724,2665434.0,328.27412404406004,334.3595594743229,325.8754887867565,AAPL,stock,True
2025-07-10,2025-07-10 00:00:00,328.3428303538835,3001866.0,329.62134070125154,331.26729047759704,326.6282283957938,AAPL,stock,True
2025-07-11,2025-07-11 00:00:00,329.5062598111076,4338230.0,327.1188030818984,330.11091118023694,325.8745534576321,AAPL,stock,True
2025-07-14,2025-07-14 00:00:00,327.11241932102604,3439352.0,331.31332359922686,333.59759154129165,326.748628066156,AAPL,stock,True
2025-07-15,2025-07-15 00:00:00,331.341569662444,1475133.0,336.0,339.32822130211997,329.0253802089317,AAPL,stock,True
2024-11-06,2024-11-06 00:00:00,403.7047568768204,4801043.0,403.1901507037603,405.32282257027657,399.52046810132896,MSFT,stock,True
2024-11-07,2024-11-07 00:00:00,403.07218707179265,971093.0,398.7787754780447,403.21521401329,395.32673831399626,MSFT,stock,True
2024-11-08,2024-11-08 00:00:00,398.9580676451704,3207429.0,395.86965688396253,401.21875958706204,394.5768523144082,MSFT,stock,True
2024-11-11,2024-11-11 00:00:00,395.81142645876645,3647039.0,393.6188256543497,397.4507128512413,393.5730138614485,MSFT,stock,True
2024-11-12,2024-11-12 00:00:00,393.4316772471259,1043893.0,396.40249357478945,396.4132029086383,393.2987365606431,MSFT,stock,True
2024-11-13,2024-11-13 00:00:00,396.4389836719453,1569976.0,394.3520627358008,400.34909760611924,393.7370658332458,MSFT,stock,True
2024-11-14,2024-11-14 00:00:00,394.2336958007598,4376172.0,394.13618806396755,394.85213323187935,390.9285832385965,MSFT,stock,True
2024-11-15,2024-11-15 00:00:00,394.0931156706425,2936786.0,389.8971959262849,397.6882028546377,388.9700787704771,MSFT,stock,True
2024-11-18,2024-11-18 00:00:00,389.98430916329875,4834096.0,384.86622649725166,391.54429157266145,382.3936644044105,MSFT,stock,True
2024-11-19,2024-11-19 00:00:00,384.87135857830685,4950521.0,384.1255331218865,388.53600159566247,381.83109001011513,MSFT,stock,True
2024-11-20,2024-11-20 00:00:00,384.0615430426382,4440385.0,379.44236885238536,384.81198235785826,377.5363768471384,MSFT,stock,True
2024-11-21,2024-11-21 00:00:00,379.45092931129483,572025.0,377.9987473324359,381.8366577307165,374.8519050243966,MSFT,stock,True
2024-11-22,2024-11-22 00:00:00,377.9063854209045,1357359.0,373.7847310391104,379.6769465709216,373.3702863750911,MSFT,stock,True
2024-11-25,2024-11-25 00:00:00,373.6164413172709,2434020.0,378.1988479879959,378.58653509923766,370.33831365969183,MSFT,stock,True
2024-11-26,2024-11-26 00:00:00,378.1276610455917,2869221.0,379.26886974644236,382.04607421798585,377.8872085684047,MSFT,stock,True
2024-11-27,2024-11-27 00:00:00,379.3731879787497,3914376.0,377.9588635493133,383.08862354170094,374.9642590203188,MSFT,stock,True
2024-11-28,2024-11-28 00:00:00,378.05062369665995,2003846.0,383.35676315186885,386.51458511745295,376.1276493399982,MSFT,stock,True
2024-11-29,2024-11-29 00:00:00,383.3191365734549,834377.0,385.0369122512688,386.3525137154488,382.06833855420666,MSFT,stock,True
2024-12-02,2024-12-02 00:00:00,385.07692982104476,2653983.0,384.57850517965085,385.489297238644,380.9930257174155,MSFT,stock,True
2024-12-03,2024-12-03 00:00:00,384.503914150996,3821804.0,380.58120877189083,386.54753929108074,379.417267965215,MSFT,stock,True
2024-12-04,2024-12-04 00:00:00,380.5567610608437,3514212.0,383.6706990078418,386.6308308172832,379.7088742993232,MSFT,stock,True
2024-12-05,2024-12-05 00:00:00,383.6404996102669,1052980.0,378.88007411067,385.0290147974406,378.4472282940454,MSFT,stock,True
2024-12-06,2024-12-06 00:00:00,378.72611820054874,3890532.0,376.83813040702006,379.559107931877,375.7298594120994,MSFT,stock,True
2024-12-09,2024-12-09 00:00:00,376.90837554734827,3656940.0,374.93364845372787,379.3704479253407,374.66184251659786,MSFT,stock,True
2024-12-10,2024-12-10 00:00:00,375.031141531083,2131571.0,377.11444809517275,377.29055762820485,373.7589207445032,MSFT,stock,True
2024-12-11,2024-12-11 00:00:00,377.16791388580646,2519553.0,381.5321695732656,384.22387760440427,373.90154944999773,MSFT,stock,True
2024-12-12,2024-12-12 00:00:00,381.6812179213826,1031054.0,378.3520156393603,383.03519441197943,376.7591063988734,MSFT,stock,True
2024-12-13,2024-12-13 00:00:00,378.1497525367288,2334588.0,381.65642098755364,381.7401808131613,376.7357417369698,MSFT,stock,True
2024-12-16,2024-12-16 00:00:00,381.53761116973635,3918508.0,381.0369473545504,382.6698426015454,380.56501207176035,MSFT,stock,True
2024-12-17,2024-12-17 00:00:00,381.01708520622844,757629.0,384.0562963588763,385.8432431813977,377.52580436173065,MSFT,stock,True
2024-12-18,2024-12-18 00:00:00,384.03274602845767,1239816.0,387.35821351615544,390.36471714483844,382.44117891979994,MSFT,stock,True
2024-12-19,2024-12-19 00:00:00,387.1810009695095,1218379.0,390.87897270855603,392.22928822088784,386.41807284395475,MSFT,stock,True
2024-12-20,2024-12-20 00:00:00,390.9916610542958,4793019.0,389.5804294264901,393.673441551663,389.3801991481985,MSFT,stock,True
2024-12-23,2024-12-23 00:00:00,389.5892348837089,4272331.0,386.9534727416478,391.92236983770647,385.9002585311627,MSFT,stock,True
2024-12-24,2024-12-24 00:00:00,386.90257578283996,515344.0,385.414335290021,387.20134027118564,384.79933292650617,MSFT,stock,True
2024-12-25,2024-12-25 00:00:00,385.5841034666071,3525341.0,391.3784961794056,392.97274351116465,383.347353053728,MSFT,stock,True
2024-12-26,2024-12-26 00:00:00,391.4709844713884,3840990.0,388.8323194491285,393.1194046477408,386.18566342545455,MSFT,stock,True
2024-12-27,2024-12-27 00:00:00,388.62176076473787,1967227.0,392.0793594405247,395.369507993139,385.60822985838377,MSFT,stock,True
2024-12-30,2024-12-30 00:00:00,392.1214367338206,753078.0,390.8207412275339,394.0436451473027,388.5894588870671,MSFT,stock,True
2024-12-31,2024-12-31 00:00:00,390.73273058498125,3222995.0,388.69307906193706,394.30742551066527,385.36331862901113,MSFT,stock,True
2025-01-01,2025-01-01 00:00:00,388.80969725062744,3578473.0,391.8883953286895,393.7532023869742,387.9089454835764,MSFT,stock,True
2025-01-02,2025-01-02 00:00:00,392.033331444236,826742.0,389.6469960790056,393.73390935148547,388.49227585584515,MSFT,stock,True
2025-01-03,2025-01-03 00:00:00,389.5706717439404,1227461.0,390.3537566106402,392.41101248783235,388.92777137647556,MSFT,stock,True
2025-01-06,2025-01-06 00:00:00,390.34571762575183,4487823.0,390.20522065082235,390.7016674779131,388.9671463956871,MSFT,stock,True
2025-01-07,2025-01-07 00:00:00,390.2210305480707,653472.0,388.35251677022177,392.68977475649166,387.8411987740192,MSFT,stock,True
2025-01-08,2025-01-08 00:00:00,388.3867645086534,4462561.0,389.5392963756442,392.34022347324486,387.19082553994957,MSFT,stock,True
2025-01-09,2025-01-09 00:00:00,389.5454179823746,597854.0,394.1951507728345,397.44639715985875,387.2922371738742,MSFT,stock,True
2025-01-10,2025-01-10 00:00:00,394.25034509368624,4795966.0,390.9555387648175,398.0158238643524,390.18519253072037,MSFT,stock,True
2025-01-13,2025-01-13 00:00:00,391.0259408736476,2278656.0,387.8497794077131,392.0186301298892,386.5498824857938,MSFT,stock,True
2025-01-14,2025-01-14 00:00:00,387.9455191999311,3038039.0,391.8419404212801,392.1517692784477,384.841860669649,MSFT,stock,True
2025-01-15,2025-01-15 00:00:00,391.9948126604009,922000.0,392.1889558465054,394.96064771206113,389.78304554924847,MSFT,stock,True
2025-01-16,2025-01-16 00:00:00,392.0626325114776,1797655.0,396.8514443024158,397.6317341403673,388.55653727243214,MSFT,stock,True
2025-01-17,2025-01-17 00:00:00,396.9804723999039,905657.0,396.54681082363635,400.52587815794305,393.4801341043568,MSFT,stock,True
2025-01-20,2025-01-20 00:00:00,396.478200966005,2993638.0,393.6698055723194,398.684833354897,392.1956585765781,MSFT,stock,True
2025-01-21,2025-01-21 00:00:00,393.76528727625737,1878001.0,388.41756355172106,394.03892801660623,386.2479908129289,MSFT,stock,True
2025-01-22,2025-01-22 00:00:00,388.4044561069846,746248.0,390.99224600085006,392.38731927597365,386.8040721002599,MSFT,stock,True
2025-01-23,2025-01-23 00:00:00,390.98856125554636,1091726.0,387.5846015800693,391.5425035979132,385.89282970432686,MSFT,stock,True
2025-01-24,2025-01-24 00:00:00,387.40159996187924,771193.0,388.8217541915194,391.7927577393182,385.867985953841,MSFT,stock,True
2025-01-27,2025-01-27 00:00:00,388.75401251126283,2717482.0,390.0740210161784,392.2554643333929,386.55318814063884,MSFT,stock,True
2025-01-28,2025-01-28 00:00:00,389.96529562670975,1173237.0,390.72607750713945,392.60223033402383,389.3098735895334,MSFT,stock,True
2025-01-29,2025-01-29 00:00:00,390.5812581014356,535301.0,386.07964478534393,392.6809558759103,385.62859126601853,MSFT,stock,True
2025-01-30,2025-01-30 00:00:00,385.9764301002626,975910.0,383.0517357109016,387.9871011537164,381.6806387286955,MSFT,stock,True
2025-01-31,2025-01-31 00:00:00,383.19271246926183,3102089.0,380.3487591618482,384.7418459171481,377.86478000026347,MSFT,stock,True
2025-02-03,2025-02-03 00:00:00,380.36542622112023,2803126.0,382.56360022885906,383.36382374193903,379.07220330915317,MSFT,stock,True
2025-02-04,2025-02-04 00:00:00,382.43197241384905,1250267.0,386.97054217952996,388.0705799143674,381.9508704158284,MSFT,stock,True
2025-02-05,2025-02-05 00:00:00,386.8169095064888,1493716.0,391.26760574984297,392.1160746782213,384.5097225988415,MSFT,stock,True
2025-02-06,2025-02-06 00:00:00,391.3136986476402,2061869.0,388.30401800221057,393.5469779134451,385.4131591200609,MSFT,stock,True
2025-02-07,2025-02-07 00:00:00,388.17253687598577,1640143.0,387.80353515434535,390.07347997636384,387.5325756629193,MSFT,stock,True
2025-02-10,2025-02-10 00:00:00,387.6800494075539,4316966.0,386.9387542731335,390.8617951245464,383.62422360197644,MSFT,stock,True
2025-02-11,2025-02-11 00:00:00,386.7408108293794,2266098.0,383.22743430113695,388.0968648106066,379.7949418107885,MSFT,stock,True
2025-02-12,2025-02-12 00:00:00,383.03271904313095,2535923.0,380.96132572836467,384.9469902374246,377.5522892897535,MSFT,stock,True
2025-02-13,2025-02-13 00:00:00,380.97862319583646,2917906.0,375.85919452483813,384.1161932101664,375.7789179267804,MSFT,stock,True
2025-02-14,2025-02-14 00:00:00,375.6828593990219,998891.0,373.2131088474187,378.6649854400242,370.9265118149213,MSFT,stock,True
2025-02-17,2025-02-17 00:00:00,373.02434471544456,4178018.0,373.8811251953298,375.6962950624317,372.8449239979983,MSFT,stock,True
2025-02-18,2025-02-18 00:00:00,374.01482126480454,4584465.0,371.08896526740386,377.50240295311977,369.02319258026466,MSFT,stock,True
2025-02-19,2025-02-19 00:00:00,370.93947073490904,1365567.0,372.2087602498763,375.3270968415769,367.985594438466,MSFT,stock,True
2025-02-20,2025-02-20 00:00:00,372.00834888606084,3222570.0,376.5906949513421,378.690912317022,369.6318690388943,MSFT,stock,True
2025-02-21,2025-02-21 00:00:00,376.71563882311375,3182225.0,379.66759784270886,381.9606329534132,375.9550559429312,MSFT,stock,True
2025-02-24,2025-02-24 00:00:00,379.811790782361,3403739.0,378.3317214456033,383.2806403436873,376.42188189246707,MSFT,stock,True
2025-02-25,2025-02-25 00:00:00,378.29265562709264,4952536.0,372.85135985521873,379.37180756789326,371.1945086232694,MSFT,stock,True
2025-02-26,2025-02-26 00:00:00,372.7308652361599,2101835.0,376.7864759067605,377.7065327800979,370.47354095808373,MSFT,stock,True
2025-02-27,2025-02-27 00:00:00,376.60614814752546,2469108.0,377.7417682270934,379.6966721146316,373.21002060769695,MSFT,stock,True
2025-02-28,2025-02-28 00:00:00,377.67371855041654,4468208.0,379.564990207236,381.11409786884803,374.8070021161373,MSFT,stock,True
2025-03-03,2025-03-03 00:00:00,379.49867486552336,3082664.0,384.0665667203089,386.49185239506505,378.14124973849175,MSFT,stock,True
2025-03-04,2025-03-04 00:00:00,384.02913893791003,1585749.0,380.4430707733647,386.5980153020058,377.5692199323735,MSFT,stock,True
2025-03-05,2025-03-05 00:00:00,380.40382133377125,1044476.0,378.8388710794662,383.3114732786839,378.2993395499886,MSFT,stock,True
2025-03-06,2025-03-06 00:00:00,378.88963765696957,4253316.0,374.2675059446134,379.0599254093581,370.72216831233936,MSFT,stock,True
2025-03-07,2025-03-07 00:00:00,374.0874420947179,691630.0,375.0440114834312,377.2181078411421,373.9189686145139,MSFT,stock,True
2025-03-10,2025-03-10 00:00:00,375.0009320021932,1919809.0,373.3149453698575,375.99821954031574,372.5243587690521,MSFT,stock,True
2025-03-11,2025-03-11 00:00:00,373.17892003229093,3867941.0,373.40348435030705,375.1720667963811,372.2047426783934,MSFT,stock,True
2025-03-12,2025-03-12 00:00:00,373.33097688461237,1673824.0,374.85955549702055,375.4297114876377,372.5956496003189,MSFT,stock,True
2025-03-13,2025-03-13 00:00:00,374.6660294750569,3185685.0,372.5327016780601,374.85927269353493,371.7314598797204,MSFT,stock,True
2025-03-14,2025-03-14 00:00:00,372.58479061983996,4870372.0,371.02088640283586,373.96590885094605,370.8337015647288,MSFT,stock,True
2025-03-17,2025-03-17 00:00:00,371.13682099997095,4110480.0,371.40193650776996,373.318784597382,368.48019326160636,MSFT,stock,True
2025-03-18,2025-03-18 00:00:00,371.51052696092745,2999271.0,369.7503482858569,372.89649165270595,366.56507748341966,MSFT,stock,True
2025-03-19,2025-03-19 00:00:00,369.7943616740764,2754248.0,374.82707685673194,375.91229602269055,368.66360613613205,MSFT,stock,True
2025-03-20,2025-03-20 00:00:00,374.85767464171636,1336994.0,369.8657524844831,376.1015759959606,366.4653434294978,MSFT,stock,True
2025-03-21,2025-03-21 00:00:00,370.00285192633953,667254.0,371.9492464487755,372.1616030247007,369.655436837605,MSFT,stock,True
2025-03-24,2025-03-24 00:00:00,372.08933584465916,1799062.0,375.8519135235844,376.05569869455957,371.7816715627634,MSFT,stock,True
2025-03-25,2025-03-25 00:00:00,375.96063470699625,3468746.0,372.0549034184066,378.81023064663543,370.82893032484924,MSFT,stock,True
2025-03-26,2025-03-26 00:00:00,371.9138058953035,2087846.0,374.1137261796916,374.62401021488694,369.40848315986665,MSFT,stock,True
2025-03-27,2025-03-27 00:00:00,373.9277967513119,4175395.0,369.1327719069106,377.3763687412185,367.2704600667811,MSFT,stock,True
2025-03-28,2025-03-28 00:00:00,369.26707149838194,729273.0,373.03367916476435,374.6583424862371,366.44245822963194,MSFT,stock,True
2025-03-31,2025-03-31 00:00:00,373.01548690685917,2841461.0,367.70963046717446,374.2257873742284,367.688116993865,MSFT,stock,True
2025-04-01,2025-04-01 00:00:00,367.8218073673231,1642490.0,367.8134822260908,368.8174100760526,366.4960317554285,MSFT,stock,True
2025-04-02,2025-04-02 00:00:00,367.7740720218075,1509965.0,363.6881068975457,369.3734227275308,360.5371160258003,MSFT,stock,True
2025-04-03,2025-04-03 00:00:00,363.5372941821877,4039258.0,363.6600871374099,366.92055113827644,360.82659129867017,MSFT,stock,True
2025-04-04,2025-04-04 00:00:00,363.50553667481825,3071857.0,360.43046451194687,365.8333674299282,359.2261180186774,MSFT,stock,True
2025-04-07,2025-04-07 00:00:00,360.4154389967321,3312967.0,360.6021745251766,363.72023917054,359.44530508325926,MSFT,stock,True
2025-04-08,2025-04-08 00:00:00,360.72611307646497,4976700.0,362.91240842205985,366.1474588142264,358.3191931645935,MSFT,stock,True
2025-04-09,2025-04-09 00:00:00,362.76765285967457,708723.0,361.2310090479592,364.65779754170774,358.01353708370925,MSFT,stock,True
2025-04-10,2025-04-10 00:00:00,361.1485815609874,4114195.0,363.1734895514745,365.57591898977415,357.67144601209117,MSFT,stock,True
2025-04-11,2025-04-11 00:00:00,363.0474137993179,2219026.0,367.96924257005816,370.4635470252143,359.98531267679937,MSFT,stock,True
2025-04-14,2025-04-14 00:00:00,367.7775013838752,3639335.0,368.36897698230996,372.02199896483313,365.50803309194146,MSFT,stock,True
2025-04-15,2025-04-15 00:00:00,368.2657821278881,2339364.0,370.9321345927605,372.88177007876305,365.2207114568898,MSFT,stock,True
2025-04-16,2025-04-16 00:00:00,370.77782028266176,4491858.0,372.30515718532075,375.49868021446906,369.79648046398256,MSFT,stock,True
2025-04-17,2025-04-17 00:00:00,372.2873053917144,4328513.0,375.22909241840375,376.8249276055456,371.92628467345986,MSFT,stock,True
2025-04-18,2025-04-18 00:00:00,375.33896620766353,2664158.0,375.5417894707557,377.41631377979655,372.7094538257662,MSFT,stock,True
2025-04-21,2025-04-21 00:00:00,375.474310251529,2704294.0,381.0309688344717,381.5964962442466,374.90847225393355,MSFT,stock,True
2025-04-22,2025-04-22 00:00:00,381.03656515282546,3179880.0,378.4880836126813,383.24658513194964,377.50067817909996,MSFT,stock,True
2025-04-23,2025-04-23 00:00:00,378.60897456464494,4415359.0,378.0709456481624,378.8157565521429,375.6165330257327,MSFT,stock,True
2025-04-24,2025-04-24 00:00:00,377.9285951454609,4123566.0,381.5905875154799,384.8960574039706,376.70132691672654,MSFT,stock,True
2025-04-25,2025-04-25 00:00:00,381.7623268047904,3343238.0,379.0610262080866,381.90693148927073,376.9940824681089,MSFT,stock,True
2025-04-28,2025-04-28 00:00:00,379.02743461680325,608016.0,381.96642856879714,384.12705453012467,377.8323332923163,MSFT,stock,True
2025-04-29,2025-04-29 00:00:00,381.90197747259697,921783.0,380.89592479723194,382.8270354823998,379.8243078518712,MSFT,stock,True
2025-04-30,2025-04-30 00:00:00,380.88079281215875,1367379.0,384.08662864768337,385.1855029783879,378.48200726465825,MSFT,stock,True
2025-05-01,2025-05-01 00:00:00,384.2054260937263,3104631.0,378.82899919791936,387.76958086560194,376.5922942477995,MSFT,stock,True
2025-05-02,2025-05-02 00:00:00,378.94190330095597,3256399.0,383.424299477952,387.21326473781926,377.0227903670284,MSFT,stock,True
2025-05-05,2025-05-05 00:00:00,383.23176813121154,1520644.0,377.96206884942194,385.23114492512946,375.0723330001717,MSFT,stock,True
2025-05-06,2025-05-06 00:00:00,378.11519179351234,4148578.0,383.15290476403527,386.85669722311377,375.41147890026525,MSFT,stock,True
2025-05-07,2025-05-07 00:00:00,383.32023829235686,4484868.0,381.0453287160692,385.182685803244,377.70786227332417,MSFT,stock,True
2025-05-08,2025-05-08 00:00:00,381.05038603727354,778862.0,385.73915346430294,387.80016995883557,380.67736069293034,MSFT,stock,True
2025-05-09,2025-05-09 00:00:00,385.7810725075594,2390878.0,381.511144516302,388.8833817229599,380.95350579767927,MSFT,stock,True
2025-05-12,2025-05-12 00:00:00,381.61410618201626,3613789.0,384.18685701742424,385.93555835297235,378.4720822231912,MSFT,stock,True
2025-05-13,2025-05-13 00:00:00,384.0356939891991,2710087.0,382.07035341800326,384.9806722329131,380.7267036759867,MSFT,stock,True
2025-05-14,2025-05-14 00:00:00,381.888819060413,4367721.0,378.0437556154045,385.2064526002574,377.57623215013984,MSFT,stock,True
2025-05-15,2025-05-15 00:00:00,377.9575932386043,1092133.0,374.23151319082876,379.7942168382822,370.9650634061295,MSFT,stock,True
2025-05-16,2025-05-16 00:00:00,374.0921605200097,3886745.0,372.9551038363703,377.3015419437753,371.55016372941816,MSFT,stock,True
2025-05-19,2025-05-19 00:00:00,372.8895780850376,1552163.0,377.4626323096566,378.927792297852,371.7155643433909,MSFT,stock,True
2025-05-20,2025-05-20 00:00:00,377.45936989614313,1354046.0,375.70167486097574,377.4821272053601,373.709205857941,MSFT,stock,True
2025-05-21,2025-05-21 00:00:00,375.7159087251247,3469487.0,376.6673560304309,376.7677196715736,372.9043316255432,MSFT,stock,True
2025-05-22,2025-05-22 00:00:00,376.7866702135928,4693435.0,382.34494884790547,382.61141437402824,375.88166816179637,MSFT,stock,True
2025-05-23,2025-05-23 00:00:00,382.462520183577,4128961.0,382.3432835857174,384.9822891684533,380.9666432915881,MSFT,stock,True
2025-05-26,2025-05-26 00:00:00,382.3455902157357,4972021.0,385.22549058575737,387.4931248425458,379.8106184355704,MSFT,stock,True
2025-05-27,2025-05-27 00:00:00,385.2559989187824,4557600.0,387.86347484957804,389.5515359983147,382.013490297473,MSFT,stock,True
2025-05-28,2025-05-28 00:00:00,387.66630863485443,1453846.0,386.63258106321445,387.87219809441547,383.56286601474903,MSFT,stock,True
2025-05-29,2025-05-29 00:00:00,386.66245251808624,1436325.0,388.39566482140236,391.7135324719171,383.34624369835643,MSFT,stock,True
2025-05-30,2025-05-30 00:00:00,388.45439286331026,1558430.0,392.32614770871277,392.4623935541769,385.397370164198,MSFT,stock,True
2025-06-02,2025-06-02 00:00:00,392.1260424928994,916352.0,391.7785692149504,392.60823581616455,388.520732635427,MSFT,stock,True
2025-06-03,2025-06-03 00:00:00,391.7111011475682,3078449.0,393.0450727357494,396.06523854310666,387.99823420684976,MSFT,stock,True
2025-06-04,2025-06-04 00:00:00,392.94624675097833,3104768.0,389.0259104152833,393.32659150749527,386.83865171501606,MSFT,stock,True
2025-06-05,2025-06-05 00:00:00,389.10214082682535,2474786.0,394.0304645133309,394.2175053237724,388.5188838516347,MSFT,stock,True
2025-06-06,2025-06-06 00:00:00,393.8736019694703,3389213.0,388.82542886639493,394.39149794519494,388.55076788086825,MSFT,stock,True
2025-06-09,2025-06-09 00:00:00,388.8438109130127,3165168.0,383.2041687726429,390.4929655065076,382.0298833465861,MSFT,stock,True
2025-06-10,2025-06-10 00:00:00,383.19027292826945,2384508.0,379.6604596160473,384.2737589528484,379.18582484192495,MSFT,stock,True
2025-06-11,2025-06-11 00:00:00,379.6783693812135,4855663.0,374.56696794047554,380.4105652785311,373.9507651519431,MSFT,stock,True
2025-06-12,2025-06-12 00:00:00,374.6696726442252,4374643.0,373.71405120038264,377.0942422280568,372.46926825541016,MSFT,stock,True
2025-06-13,2025-06-13 00:00:00,373.6924160875108,2604542.0,372.55539191152985,374.96158318729175,372.30615835275285,MSFT,stock,True
2025-06-16,2025-06-16 00:00:00,372.61928821019575,2483940.0,375.97389581006274,376.74707202987133,369.5649064797209,MSFT,stock,True
2025-06-17,2025-06-17 00:00:00,375.89581101993116,1340200.0,373.3710091792483,378.02859999367234,371.9651739826712,MSFT,stock,True
2025-06-18,2025-06-18 00:00:00,373.17631643963347,1542133.0,369.4433908639673,373.7512507825116,367.81155533057955,MSFT,stock,True
2025-06-19,2025-06-19 00:00:00,369.52656415868375,1826996.0,372.61103094589436,374.9014916586873,369.2965608826683,MSFT,stock,True
2025-06-20,2025-06-20 00:00:00,372.69198768252903,3164454.0,368.5240133634588,376.2794565217792,367.68581506264496,MSFT,stock,True
2025-06-23,2025-06-23 00:00:00,368.52995202451433,2492020.0,370.91150447171265,374.4033098871246,367.1520506712514,MSFT,stock,True
2025-06-24,2025-06-24 00:00:00,370.9974771457705,2038939.0,366.7992691656442,371.12548616124616,366.42614035454096,MSFT,stock,True
2025-06-25,2025-06-25 00:00:00,366.68854670156156,622386.0,368.2930361090329,370.28225805424864,366.5595101042234,MSFT,stock,True
2025-06-26,2025-06-26 00:00:00,368.20599914927936,2878153.0,371.4833867370681,373.2425204238881,364.71691336342394,MSFT,stock,True
2025-06-27,2025-06-27 00:00:00,371.51715684785125,578702.0,373.4909206024128,374.74384044594296,370.0305140803357,MSFT,stock,True
2025-06-30,2025-06-30 00:00:00,373.58232092895327,3408869.0,376.97126161736014,379.81510226350184,370.3636574787167,MSFT,stock,True
2025-07-01,2025-07-01 00:00:00,377.09877317253273,1567408.0,375.8430537951829,379.81922347394396,375.5727826278835,MSFT,stock,True
2025-07-02,2025-07-02 00:00:00,375.95441449161325,4192869.0,374.3129865795084,376.3469701262336,374.26481890701433,MSFT,stock,True
2025-07-03,2025-07-03 00:00:00,374.10913017022483,2697342.0,373.49814414164007,376.51105406968225,371.4013547169018,MSFT,stock,True
2025-07-04,2025-07-04 00:00:00,373.3311605785646,1423560.0,377.35433775862174,379.1255272257756,371.7563181430784,MSFT,stock,True
2025-07-07,2025-07-07 00:00:00,377.3559014991793,3908307.0,378.4223546384282,380.9284703039691,376.3074969341413,MSFT,stock,True
2025-07-08,2025-07-08 00:00:00,378.4482072012547,2365766.0,377.55658858283186,380.4229343108076,374.1245637194956,MSFT,stock,True
2025-07-09,2025-07-09 00:00:00,377.6474540561212,1172829.0,372.67914733420656,378.385976994955,371.5335636997156,MSFT,stock,True
2025-07-10,2025-07-10 00:00:00,372.78505308088916,3489310.0,372.5868900641028,373.17469763976834,369.2580218446364,MSFT,stock,True
2025-07-11,2025-07-11 00:00:00,372.666216020863,2337948.0,367.9051372399682,374.60425436581653,365.2644436423264,MSFT,stock,True
2025-07-14,2025-07-14 00:00:00,367.9207409509107,2896710.0,368.6728319891456,368.93623481268776,366.0457037380081,MSFT,stock,True
2025-07-15,2025-07-15 00:00:00,368.7511300820604,1777920.0,364.0,370.4852837265844,361.3927048174806,MSFT,stock,True
2024-11-06,2024-11-06 00:00:00,410.41366576447973,3162756.0,412.64221022677714,416.277888693245,406.5955075835238,GOOGL,stock,True
2024-11-07,2024-11-07 00:00:00,412.62833835878445,4216252.0,409.09597827573793,416.5306592016361,407.4724157595319,GOOGL,stock,True
2024-11-08,2024-11-08 00:00:00,409.0020157385954,1341111.0,413.3398602098328,414.1045267280374,404.939629362753,GOOGL,stock,True
2024-11-11,2024-11-11 00:00:00,413.40820804271357,2850782.0,408.09448563354783,417.3333442403201,405.4883934856814,GOOGL,stock,True
2024-11-12,2024-11-12 00:00:00,408.0802796044421,3767892.0,412.09894099140536,415.1864835554547,405.00000774117933,GOOGL,stock,True
2024-11-13,2024-11-13 00:00:00,412.00759425721463,812698.0,413.2050741027522,415.7145905496016,409.017115887112,GOOGL,stock,True
2024-11-14,2024-11-14 00:00:00,413.0456413316289,920309.0,417.8432953605998,418.6749113082083,409.94181032751976,GOOGL,stock,True
2024-11-15,2024-11-15 00:00:00,417.80877405367056,676302.0,414.66060234559757,420.97861122214675,411.3516497356989,GOOGL,stock,True
2024-11-18,2024-11-18 00:00:00,414.53058769410677,722078.0,417.9834854808069,420.89596666685094,410.9508993274759,GOOGL,stock,True
2024-11-19,2024-11-19 00:00:00,417.7907049516256,2227624.0,414.06728454703403,418.8166129836074,411.7349332857413,GOOGL,stock,True
2024-11-20,2024-11-20 00:00:00,414.0405976800258,1997502.0,412.93628719065083,415.4552558064542,410.9937426699034,GOOGL,stock,True
2024-11-21,2024-11-21 00:00:00,412.98389095234245,4062279.0,408.44373391247507,416.9684108979603,406.5991824770678,GOOGL,stock,True
2024-11-22,2024-11-22 00:00:00,408.57160185194795,2478847.0,411.6222533342618,413.6393330799902,408.15381915378856,GOOGL,stock,True
2024-11-25,2024-11-25 00:00:00,411.4801837580815,2511640.0,416.2692038984339,419.9025233960182,408.6991917862064,GOOGL,stock,True
2024-11-26,2024-11-26 00:00:00,416.09660542640955,4341110.0,416.1964589462194,418.8113154187641,412.56617772764656,GOOGL,stock,True
2024-11-27,2024-11-27 00:00:00,416.0608601361955,3463092.0,411.0101303019923,417.9482877692614,407.12375277180575,GOOGL,stock,True
2024-11-28,2024-11-28 00:00:00,410.78706161875385,4285626.0,404.74378891738866,411.7986575691202,401.5699847494763,GOOGL,stock,True
2024-11-29,2024-11-29 00:00:00,404.74993240273716,829837.0,400.9649979415061,406.23439200649426,398.58499132150257,GOOGL,stock,True
2024-12-02,2024-12-02 00:00:00,400.7536695915896,2724359.0,405.8401186185925,406.05403299795006,400.06624517101153,GOOGL,stock,True
2024-12-03,2024-12-03 00:00:00,405.94806360937565,1816314.0,411.0863121465756,414.94297164971476,403.72046241502386,GOOGL,stock,True
2024-12-04,2024-12-04 00:00:00,410.86556529636135,645484.0,408.81245091137794,411.04111419200433,405.54671972618837,GOOGL,stock,True
2024-12-05,2024-12-05 00:00:00,408.67767393348265,2393366.0,406.31986577119693,409.27366767473006,403.2698163537117,GOOGL,stock,True
2024-12-06,2024-12-06 00:00:00,406.4303698840541,3327156.0,408.7770809465869,411.53680193911146,403.4686349924928,GOOGL,stock,True
2024-12-09,2024-12-09 00:00:00,408.6149811210363,1007610.0,404.3845381222962,409.3483147575786,400.5335830393967,GOOGL,stock,True
2024-12-10,2024-12-10 00:00:00,404.27773669112867,1858590.0,400.18153409697146,405.20354786944506,400.0981725487072,GOOGL,stock,True
2024-12-11,2024-12-11 00:00:00,400.21771860494545,4558801.0,405.2912052312514,406.1146308066869,396.58363371452754,GOOGL,stock,True
2024-12-12,2024-12-12 00:00:00,405.2094810096443,4586660.0,405.8643764606734,406.9602995182021,401.31759836044984,GOOGL,stock,True
2024-12-13,2024-12-13 00:00:00,406.0289107775599,3444271.0,404.8670546605618,406.62935323926655,403.8846595754037,GOOGL,stock,True
2024-12-16,2024-12-16 00:00:00,404.96486767517825,4357731.0,404.59059027168985,408.40567040225926,402.27129572992806,GOOGL,stock,True
2024-12-17,2024-12-17 00:00:00,404.4630220408443,4633923.0,402.023840385435,404.877725330901,399.2905524905317,GOOGL,stock,True
2024-12-18,2024-12-18 00:00:00,402.16906461344166,1767214.0,401.69337293987724,405.7037570641562,398.792386198339,GOOGL,stock,True
2024-12-19,2024-12-19 00:00:00,401.7143003882277,3197603.0,403.8545961664487,406.3979057827695,398.0335294369286,GOOGL,stock,True
2024-12-20,2024-12-20 00:00:00,404.02485103600105,4010116.0,408.55555501933884,411.36818525487104,403.79515357037565,GOOGL,stock,True
2024-12-23,2024-12-23 00:00:00,408.5573006238957,1553670.0,412.8678760046709,415.7512017921941,407.89801713465835,GOOGL,stock,True
2024-12-24,2024-12-24 00:00:00,412.9590725637807,3878424.0,407.0476891659455,415.8045258697383,406.59395697615145,GOOGL,stock,True
2024-12-25,2024-12-25 00:00:00,406.8423822802803,1712939.0,407.9521787134584,411.9480649136123,406.5319053551212,GOOGL,stock,True
2024-12-26,2024-12-26 00:00:00,407.92644129430766,3516355.0,407.02884738526313,408.5024551963493,405.8040770095109,GOOGL,stock,True
2024-12-27,2024-12-27 00:00:00,406.9403668894047,817884.0,404.6468783494027,410.7133553903517,402.2704818114533,GOOGL,stock,True
2024-12-30,2024-12-30 00:00:00,404.62804774114585,2380628.0,410.27800058623575,413.1952558593517,403.2775652954034,GOOGL,stock,True
2024-12-31,2024-12-31 00:00:00,410.3975652074985,3753945.0,405.48609620051667,413.16085248988315,403.02862656013747,GOOGL,stock,True
2025-01-01,2025-01-01 00:00:00,405.3563383511322,1174862.0,401.09290785432955,406.9800594100827,400.17171108164985,GOOGL,stock,True
2025-01-02,2025-01-02 00:00:00,401.0173053157509,3844245.0,404.8859459673013,407.1090946743342,397.2597058675954,GOOGL,stock,True
2025-01-03,2025-01-03 00:00:00,404.89771451917767,4547417.0,402.25664944082376,407.7865620048178,399.9397192255789,GOOGL,stock,True
2025-01-06,2025-01-06 00:00:00,402.22715534234976,1745816.0,399.3005310641165,402.53001013468753,397.63417644704424,GOOGL,stock,True
2025-01-07,2025-01-07 00:00:00,399.26956602095646,2876119.0,401.69401166589967,404.90811668724996,399.1680133601112,GOOGL,stock,True
2025-01-08,2025-01-08 00:00:00,401.7858581228944,3531967.0,405.82849238966276,406.8859729753678,400.411532486285,GOOGL,stock,True
2025-01-09,2025-01-09 00:00:00,405.74529552123704,4034782.0,411.8227140274379,413.21570521018424,402.47636328296716,GOOGL,stock,True
2025-01-10,2025-01-10 00:00:00,411.75092579572123,2562871.0,416.2868656811173,416.34101572705026,408.66611222110765,GOOGL,stock,True
2025-01-13,2025-01-13 00:00:00,416.0675788839071,1259047.0,414.74714244596356,416.21307552487724,414.15822204436245,GOOGL,stock,True
2025-01-14,2025-01-14 00:00:00,414.7947073246229,3441609.0,415.8205923967631,418.5723566757273,410.9595826013141,GOOGL,stock,True
2025-01-15,2025-01-15 00:00:00,415.811124835276,4425372.0,414.9368777490191,419.28738498264806,410.91055322684036,GOOGL,stock,True
2025-01-16,2025-01-16 00:00:00,414.92748561017305,3522196.0,413.22443746627687,416.405171644711,409.2458242970904,GOOGL,stock,True
2025-01-17,2025-01-17 00:00:00,413.0215942927348,1822335.0,414.28701349158297,417.0208783748631,409.17892358876156,GOOGL,stock,True
2025-01-20,2025-01-20 00:00:00,414.08689592773595,4756626.0,415.7978279866704,418.8883582919983,413.10049197275674,GOOGL,stock,True
2025-01-21,2025-01-21 00:00:00,415.81299160030704,2037322.0,421.815702848644,425.77054550060586,414.1021501466175,GOOGL,stock,True
2025-01-22,2025-01-22 00:00:00,421.6822155745597,1178770.0,421.5112723891996,425.54672041367706,420.8292119698728,GOOGL,stock,True
2025-01-23,2025-01-23 00:00:00,421.40723979032816,2687333.0,423.42608978472657,424.43339884435954,418.2141881299244,GOOGL,stock,True
2025-01-24,2025-01-24 00:00:00,423.2898343929657,4713816.0,422.1333701592947,426.1629189581363,419.8592979526916,GOOGL,stock,True
2025-01-27,2025-01-27 00:00:00,422.22315374843,1256982.0,422.2628696572865,422.57750523588044,420.83636245075957,GOOGL,stock,True
2025-01-28,2025-01-28 00:00:00,422.41477456107543,3698615.0,427.6563419575031,428.7103632447235,421.95287369269647,GOOGL,stock,True
2025-01-29,2025-01-29 00:00:00,427.68052367260174,4998935.0,422.1001711249058,429.8715729355249,418.39455307677434,GOOGL,stock,True
2025-01-30,2025-01-30 00:00:00,422.22129302004635,4870522.0,420.56134917036957,425.51811063084716,418.4117919461846,GOOGL,stock,True
2025-01-31,2025-01-31 00:00:00,420.5105854218943,2841451.0,420.2241641782225,423.7421934554103,418.53953239261864,GOOGL,stock,True
2025-02-03,2025-02-03 00:00:00,420.27739312916106,947277.0,424.421482296385,425.2536306541278,419.71771352851454,GOOGL,stock,True
2025-02-04,2025-02-04 00:00:00,424.34278015247924,1933928.0,419.17148328868984,424.9256156085286,418.5511134046481,GOOGL,stock,True
2025-02-05,2025-02-05 00:00:00,418.9805276714169,4160488.0,422.05203410911327,424.95984203187834,414.9959476340228,GOOGL,stock,True
2025-02-06,2025-02-06 00:00:00,422.1896985424425,2408042.0,417.93560635250947,424.5111750306241,414.4665115469178,GOOGL,stock,True
2025-02-07,2025-02-07 00:00:00,417.9278596276205,2916539.0,417.8055484328519,422.0738786678805,415.0858472610228,GOOGL,stock,True
2025-02-10,2025-02-10 00:00:00,417.9925088971459,4469632.0,423.9890993935775,427.7335791438727,415.8715515353913,GOOGL,stock,True
2025-02-11,2025-02-11 00:00:00,423.9834408805581,1368806.0,424.5290816474553,426.83600932267433,422.9311172845167,GOOGL,stock,True
2025-02-12,2025-02-12 00:00:00,424.392308600215,3681549.0,425.2545391192502,428.97961780289546,422.02438204625673,GOOGL,stock,True
2025-02-13,2025-02-13 00:00:00,425.258023513556,1620148.0,428.36761262139083,429.03847990363266,424.88286629547736,GOOGL,stock,True
2025-02-14,2025-02-14 00:00:00,428.16211143881424,2986316.0,425.2016681029591,431.8743575721294,421.9172766561993,GOOGL,stock,True
2025-02-17,2025-02-17 00:00:00,424.9963622880599,1221659.0,420.4434807782838,427.74633077267356,420.4221755724978,GOOGL,stock,True
2025-02-18,2025-02-18 00:00:00,420.35309368189473,3348869.0,425.61805929661693,426.6822670187559,418.39380535676526,GOOGL,stock,True
2025-02-19,2025-02-19 00:00:00,425.4236813805445,4827767.0,423.68092802238766,429.41980816472625,423.1275235562492,GOOGL,stock,True
2025-02-20,2025-02-20 00:00:00,423.5318924005561,1395242.0,420.1429300706562,424.73683448132317,418.9309071405775,GOOGL,stock,True
2025-02-21,2025-02-21 00:00:00,420.03900670573586,2391437.0,423.7634450535149,424.1417351781641,419.70775826558776,GOOGL,stock,True
2025-02-24,2025-02-24 00:00:00,423.65991553541545,4179106.0,418.22687965224384,423.81758187019426,415.1821006154466,GOOGL,stock,True
2025-02-25,2025-02-25 00:00:00,418.1962722761602,1087182.0,412.4280214610836,420.4552499645996,410.2756438373195,GOOGL,stock,True
2025-02-26,2025-02-26 00:00:00,412.2972237109355,1699776.0,417.33254657781765,418.646688864934,408.6607767864039,GOOGL,stock,True
2025-02-27,2025-02-27 00:00:00,417.316843116634,1620073.0,413.78343973196814,420.80255283919956,412.95152874579713,GOOGL,stock,True
2025-02-28,2025-02-28 00:00:00,413.6913694113095,2158499.0,414.4322799554706,414.58673305006124,412.83529895384845,GOOGL,stock,True
2025-03-03,2025-03-03 00:00:00,414.2746054153449,525431.0,415.3676053271957,417.72160732540317,412.7366923361403,GOOGL,stock,True
2025-03-04,2025-03-04 00:00:00,415.44527844335266,2721059.0,410.81134823814824,418.85780803206455,407.97226245441374,GOOGL,stock,True
2025-03-05,2025-03-05 00:00:00,410.615720110199,1291969.0,411.8646291301941,415.9033940562899,409.7676239272942,GOOGL,stock,True
2025-03-06,2025-03-06 00:00:00,411.8103594509137,2762949.0,417.93929947977045,421.09702951812153,410.8841486341425,GOOGL,stock,True
2025-03-07,2025-03-07 00:00:00,417.8598508522821,3834956.0,421.97865713200974,425.7087177473931,413.9100253360057,GOOGL,stock,True
2025-03-10,2025-03-10 00:00:00,422.02767031009773,2929025.0,423.77985192587465,426.03354648879207,420.5012838978084,GOOGL,stock,True
2025-03-11,2025-03-11 00:00:00,423.883404828436,1925694.0,421.8810051374702,427.8101357348867,417.8702877237203,GOOGL,stock,True
2025-03-12,2025-03-12 00:00:00,421.9502492461935,3991890.0,420.5241303751078,424.3161673971577,420.03300042914094,GOOGL,stock,True
2025-03-13,2025-03-13 00:00:00,420.66783188398455,3339781.0,421.9202172162431,425.3605516851936,416.69109566530483,GOOGL,stock,True
2025-03-14,2025-03-14 00:00:00,422.09339623476825,2625911.0,418.04995657806296,423.46392223021047,417.1963760038873,GOOGL,stock,True
2025-03-17,2025-03-17 00:00:00,417.91526322820755,4032400.0,417.0691232528541,418.29129080010716,414.76844566163334,GOOGL,stock,True
2025-03-18,2025-03-18 00:00:00,417.13464500062753,4917209.0,422.24746042011657,425.1721055456486,414.8100397857864,GOOGL,stock,True
2025-03-19,2025-03-19 00:00:00,422.1988109908749,2727639.0,421.23584670497286,426.1844857476436,419.16906505051264,GOOGL,stock,True
2025-03-20,2025-03-20 00:00:00,421.29760895209324,2637737.0,416.4395909867537,423.50148198956424,413.0317577797042,GOOGL,stock,True
2025-03-21,2025-03-21 00:00:00,416.2441574601965,4376609.0,416.6954695778418,417.5424268074608,415.69413517241617,GOOGL,stock,True
2025-03-24,2025-03-24 00:00:00,416.63535466707697,823386.0,415.9229470840087,420.64347544846913,414.14259977514683,GOOGL,stock,True
2025-03-25,2025-03-25 00:00:00,415.79889608686796,1000193.0,412.3898865102379,419.01610458508145,410.98963400956734,GOOGL,stock,True
2025-03-26,2025-03-26 00:00:00,412.3876174404403,512467.0,408.1106789426575,414.67998722971157,407.9241445821036,GOOGL,stock,True
2025-03-27,2025-03-27 00:00:00,408.03060872522076,4942323.0,407.582107466951,408.87608306452694,405.9879640596258,GOOGL,stock,True
2025-03-28,2025-03-28 00:00:00,407.5769285048053,4295611.0,406.95902166996365,410.6781685205127,403.4297282563007,GOOGL,stock,True
2025-03-31,2025-03-31 00:00:00,406.85644374621296,2820127.0,406.5009174127197,409.1948293546692,404.0008621083895,GOOGL,stock,True
2025-04-01,2025-04-01 00:00:00,406.4908458117963,2392300.0,410.3370087541097,411.0151280178435,404.6613226856789,GOOGL,stock,True
2025-04-02,2025-04-02 00:00:00,410.1881494318763,3397294.0,413.9734634268111,414.49348467626237,409.92685038933246,GOOGL,stock,True
2025-04-03,2025-04-03 00:00:00,413.9769226067694,2850155.0,420.0158989200114,421.8205551774316,411.5178342148658,GOOGL,stock,True
2025-04-04,2025-04-04 00:00:00,420.1864929132238,851609.0,417.0814094597584,422.2752590063724,413.2384945093592,GOOGL,stock,True
2025-04-07,2025-04-07 00:00:00,416.91940362282156,4520009.0,417.09557399245125,421.0072504601669,413.2348312658923,GOOGL,stock,True
2025-04-08,2025-04-08 00:00:00,417.0151136680225,1377461.0,418.0592413597137,418.39481657628136,413.33304744490266,GOOGL,stock,True
2025-04-09,2025-04-09 00:00:00,418.0667831613573,4489459.0,421.62192121819777,423.5237238582124,417.26571290590846,GOOGL,stock,True
2025-04-10,2025-04-10 00:00:00,421.57500705527264,1636916.0,424.54835949826844,426.9812070890312,420.5863308153836,GOOGL,stock,True
2025-04-11,2025-04-11 00:00:00,424.68752630679563,2157532.0,427.6191784820828,431.3391407718423,421.9738811254062,GOOGL,stock,True
2025-04-14,2025-04-14 00:00:00,427.4354439180684,1179376.0,427.80085149874134,429.31808159884196,424.64687564462366,GOOGL,stock,True
2025-04-15,2025-04-15 00:00:00,427.9629997477624,4436060.0,427.2857701256696,431.0366115375508,423.41576107542596,GOOGL,stock,True
2025-04-16,2025-04-16 00:00:00,427.21141269123933,4069089.0,431.2940112252817,433.51113660944236,426.2378880492641,GOOGL,stock,True
2025-04-17,2025-04-17 00:00:00,431.44981978784205,3276885.0,431.9891799200808,433.8550401119394,428.24804612134005,GOOGL,stock,True
2025-04-18,2025-04-18 00:00:00,431.8200673736024,3883371.0,430.80027779164146,433.0428789412217,429.89738481723987,GOOGL,stock,True
2025-04-21,2025-04-21 00:00:00,430.7936003240837,1377178.0,436.9126513439965,439.7767032836188,427.1268462325093,GOOGL,stock,True
2025-04-22,2025-04-22 00:00:00,437.0733408820162,2524569.0,432.10254297849593,438.91414621158805,428.32258539433684,GOOGL,stock,True
2025-04-23,2025-04-23 00:00:00,431.9044156116202,3823481.0,433.79473728292476,437.0983014609329,431.2905801094851,GOOGL,stock,True
2025-04-24,2025-04-24 00:00:00,433.70133739688254,892871.0,439.41705465046044,443.1441939738682,430.8216568548276,GOOGL,stock,True
2025-04-25,2025-04-25 00:00:00,439.2473980214616,963012.0,441.62909518414324,444.4459766300256,438.00051223878506,GOOGL,stock,True
2025-04-28,2025-04-28 00:00:00,441.5195397359177,4936580.0,437.4619860379924,442.0918731455385,433.679411186657,GOOGL,stock,True
2025-04-29,2025-04-29 00:00:00,437.3099099469316,2301362.0,432.8781563772746,439.16097260047474,428.5806880764675,GOOGL,stock,True
2025-04-30,2025-04-30 00:00:00,432.9019384457766,1799469.0,428.3281404006281,435.2645175519158,424.4550389956208,GOOGL,stock,True
2025-05-01,2025-05-01 00:00:00,428.4322036030097,4392806.0,429.0509276010648,432.41539713958434,426.2535453547105,GOOGL,stock,True
2025-05-02,2025-05-02 00:00:00,428.94447434138834,2990897.0,430.07809277344717,432.322364279699,428.895783286845,GOOGL,stock,True
2025-05-05,2025-05-05 00:00:00,430.23353711420134,4779800.0,429.82000822006165,432.7725979805599,429.525999114251,GOOGL,stock,True
2025-05-06,2025-05-06 00:00:00,429.85840102492176,4746453.0,427.45507703360676,433.3357564001458,423.66993163591945,GOOGL,stock,True
2025-05-07,2025-05-07 00:00:00,427.4642143154798,2303822.0,431.4969784561806,434.7075132163386,423.4273868187826,GOOGL,stock,True
2025-05-08,2025-05-08 00:00:00,431.65348772521924,1095982.0,426.6404075529162,435.0992926998105,422.93686047352463,GOOGL,stock,True
2025-05-09,2025-05-09 00:00:00,426.6930462424334,4862300.0,428.1804485414297,429.6799740013022,422.9724912752617,GOOGL,stock,True
2025-05-12,2025-05-12 00:00:00,428.0373726075197,4567658.0,421.9385813521995,428.6908435387906,418.3080122000394,GOOGL,stock,True
2025-05-13,2025-05-13 00:00:00,421.93505619393875,4870800.0,418.7506766991981,425.06938708725875,414.7792392610044,GOOGL,stock,True
2025-05-14,2025-05-14 00:00:00,418.7978610011194,907820.0,413.4424060505233,419.88361636187676,413.06170226977696,GOOGL,stock,True
2025-05-15,2025-05-15 00:00:00,413.49343695338,931468.0,416.5288921428737,417.23183345322553,412.64613488646614,GOOGL,stock,True
2025-05-16,2025-05-16 00:00:00,416.48647121414814,4155751.0,413.0893803906426,420.517081791196,410.311027605413,GOOGL,stock,True
2025-05-19,2025-05-19 00:00:00,413.2163278243241,588515.0,415.0317007356224,416.3101763312928,410.62689348578704,GOOGL,stock,True
2025-05-20,2025-05-20 00:00:00,414.87053403737934,4485893.0,411.4606584620146,417.8055821471515,409.6755142364475,GOOGL,stock,True
2025-05-21,2025-05-21 00:00:00,411.26148739809264,3656181.0,412.1061800836882,413.96004457314393,409.3640651126589,GOOGL,stock,True
2025-05-22,2025-05-22 00:00:00,412.0052229283745,4515356.0,417.91288967088053,419.54907064814194,408.06044366853655,GOOGL,stock,True
2025-05-23,2025-05-23 00:00:00,417.9904692720495,4237611.0,411.97608727202953,420.7791057130943,409.6259653653356,GOOGL,stock,True
2025-05-26,2025-05-26 00:00:00,411.9763948936699,3730959.0,414.0344993885932,415.4824868994818,408.95065484754844,GOOGL,stock,True
2025-05-27,2025-05-27 00:00:00,414.0430065299971,4955301.0,412.1927337791508,415.38201517202987,411.89687408280895,GOOGL,stock,True
2025-05-28,2025-05-28 00:00:00,412.20850982842757,605760.0,418.22774663397416,420.9629728989975,411.55515372538355,GOOGL,stock,True
2025-05-29,2025-05-29 00:00:00,418.23636054317393,1769810.0,420.4835741247777,423.841650769413,414.8046097823021,GOOGL,stock,True
2025-05-30,2025-05-30 00:00:00,420.4448960118646,1407470.0,424.9169357648929,427.79832530577295,419.7094428809937,GOOGL,stock,True
2025-06-02,2025-06-02 00:00:00,424.9025162757651,2168784.0,427.00937984411155,429.606325581274,422.79414798613675,GOOGL,stock,True
2025-06-03,2025-06-03 00:00:00,427.03122542453445,3999319.0,422.16677286861767,431.1470741773585,418.8670397414005,GOOGL,stock,True
2025-06-04,2025-06-04 00:00:00,422.11532502283734,4097955.0,425.8532997004926,428.65859859214953,419.0344166522052,GOOGL,stock,True
2025-06-05,2025-06-05 00:00:00,425.6337695795866,1053362.0,427.78151073648246,431.46225613452464,425.02981132941767,GOOGL,stock,True
2025-06-06,2025-06-06 00:00:00,427.8499030616752,4059587.0,433.78198071999424,435.3667996630352,426.1192050881291,GOOGL,stock,True
2025-06-09,2025-06-09 00:00:00,433.9031070825514,3956298.0,435.21672848372754,437.17542018938695,432.5489715354081,GOOGL,stock,True
2025-06-10,2025-06-10 00:00:00,435.0005541349483,2705427.0,431.04817821698236,438.24740747755936,429.57909104972316,GOOGL,stock,True
2025-06-11,2025-06-11 00:00:00,431.19424093999385,1496897.0,425.1492652124541,433.71554858623665,421.7670350745506,GOOGL,stock,True
2025-06-12,2025-06-12 00:00:00,425.2716645844099,928502.0,429.59599857820916,431.5189797124106,422.3603619242103,GOOGL,stock,True
2025-06-13,2025-06-13 00:00:00,429.72699121036266,3531866.0,433.29928591397066,435.4021435538557,428.7909951819427,GOOGL,stock,True
2025-06-16,2025-06-16 00:00:00,433.3474271196019,2889909.0,430.3853211232258,436.33045712332114,428.3466117426107,GOOGL,stock,True
2025-06-17,2025-06-17 00:00:00,430.3079393060188,1417011.0,429.08729297272976,434.29402022935125,426.17863621785915,GOOGL,stock,True
2025-06-18,2025-06-18 00:00:00,428.9846203642704,4318034.0,430.5148777022976,433.171214394913,425.70995489717995,GOOGL,stock,True
2025-06-19,2025-06-19 00:00:00,430.5600271369214,1863445.0,435.83464455287447,439.5603899086821,427.3459871492935,GOOGL,stock,True
2025-06-20,2025-06-20 00:00:00,435.9598311978165,4954660.0,430.49564174458266,437.55010896120586,429.7632056319344,GOOGL,stock,True
2025-06-23,2025-06-23 00:00:00,430.54444377599737,3462747.0,426.69838030315344,434.1636235606606,425.16648598512074,GOOGL,stock,True
2025-06-24,2025-06-24 00:00:00,426.5042891808542,2967746.0,423.2986247669489,430.2122675334862,420.5554192354602,GOOGL,stock,True
2025-06-25,2025-06-25 00:00:00,423.2234810855978,3796410.0,420.3824420728635,423.701854405787,417.43726333465145,GOOGL,stock,True
2025-06-26,2025-06-26 00:00:00,420.5581151086521,1404365.0,419.4034102330278,422.6264635221201,417.6217159425958,GOOGL,stock,True
2025-06-27,2025-06-27 00:00:00,419.3708485848977,3941622.0,416.6421994561559,420.948897383254,413.4639300481406,GOOGL,stock,True
2025-06-30,2025-06-30 00:00:00,416.6603460345934,4162374.0,416.34074787458025,416.9288188928981,416.0297626814784,GOOGL,stock,True
2025-07-01,2025-07-01 00:00:00,416.1241838354849,3676450.0,419.55536456112026,420.1938348364802,414.75115163550765,GOOGL,stock,True
2025-07-02,2025-07-02 00:00:00,419.3475441475824,2734390.0,418.8628046722331,422.5466435460481,417.20754383720794,GOOGL,stock,True
2025-07-03,2025-07-03 00:00:00,418.72990189570635,4550640.0,414.0881615997429,419.63472659807985,413.46407508176185,GOOGL,stock,True
2025-07-04,2025-07-04 00:00:00,414.2164423865938,4697818.0,417.3127597048176,417.3664565898287,410.71864294123606,GOOGL,stock,True
2025-07-07,2025-07-07 00:00:00,417.2782597841794,1702339.0,423.24119263608634,426.67218875990403,415.6159477775542,GOOGL,stock,True
2025-07-08,2025-07-08 00:00:00,423.3523245147361,2870994.0,426.2211988737774,428.6719391553148,419.3830967432127,GOOGL,stock,True
2025-07-09,2025-07-09 00:00:00,426.0953976165087,3216079.0,425.4238369154837,426.3272873612722,422.7322296736754,GOOGL,stock,True
2025-07-10,2025-07-10 00:00:00,425.37681582099424,3514425.0,421.54866054683833,429.59462752588314,420.92004117841225,GOOGL,stock,True
2025-07-11,2025-07-11 00:00:00,421.3910817286206,3559053.0,424.60246955132095,428.28638000344625,418.1250355015349,GOOGL,stock,True
2025-07-14,2025-07-14 00:00:00,424.53396935894796,4714522.0,429.49481418654966,432.3201839786571,422.71979050927206,GOOGL,stock,True
2025-07-15,2025-07-15 00:00:00,429.3303964526768,685763.0,426.0,432.1503701380832,422.01201128208163,GOOGL,stock,True
2024-11-06,2024-11-06 00:00:00,318.9029539841975,3366499.0,319.9662550238407,321.0383216588429,316.4093686193355,AMZN,stock,True
2024-11-07,2024-11-07 00:00:00,319.98105712817465,2992718.0,320.48896576230317,321.9912691295352,318.7974795254262,AMZN,stock,True
2024-11-08,2024-11-08 00:00:00,320.3209556141662,2098297.0,324.46190801134424,325.5460141117205,318.2844915202541,AMZN,stock,True
2024-11-11,2024-11-11 00:00:00,324.3952143688531,4267614.0,319.73896934459856,325.0166167459907,317.0184248352578,AMZN,stock,True
2024-11-12,2024-11-12 00:00:00,319.8154535103666,4377925.0,324.27592364406183,327.31161912252594,319.2616940071959,AMZN,stock,True
2024-11-13,2024-11-13 00:00:00,324.16734976556324,2504993.0,327.07692810993944,329.1640917137785,321.4579105617893,AMZN,stock,True
2024-11-14,2024-11-14 00:00:00,326.9747083347315,1403495.0,330.71927348722363,331.03488915700325,326.9340867709925,AMZN,stock,True
2024-11-15,2024-11-15 00:00:00,330.55823131009714,4474622.0,325.95765097621296,333.261921029059,325.39071332336124,AMZN,stock,True
2024-11-18,2024-11-18 00:00:00,325.8530873434519,2967144.0,323.0713750185022,326.29805810951,320.68533929066854,AMZN,stock,True
2024-11-19,2024-11-19 00:00:00,323.20142646934795,717706.0,322.20817314944725,325.9406964833991,319.5481625408636,AMZN,stock,True
2024-11-20,2024-11-20 00:00:00,322.20223449925646,2785191.0,320.85486852623006,322.97139413320843,320.09367944210146,AMZN,stock,True
2024-11-21,2024-11-21 00:00:00,320.9866972461109,1660189.0,318.3366186615564,321.1188750128988,316.28265592797027,AMZN,stock,True
2024-11-22,2024-11-22 00:00:00,318.19566058496616,2346824.0,316.0386941846492,321.2127682915827,314.2482558890694,AMZN,stock,True
2024-11-25,2024-11-25 00:00:00,316.0697179380023,3983746.0,313.43924284293126,316.6429924040635,310.79671018855055,AMZN,stock,True
2024-11-26,2024-11-26 00:00:00,313.39421794856213,4165383.0,312.23716212420226,314.4344979625817,309.38737549729433,AMZN,stock,True
2024-11-27,2024-11-27 00:00:00,312.16943219264607,990898.0,312.60080727093464,313.4359233049836,310.9168940782127,AMZN,stock,True
2024-11-28,2024-11-28 00:00:00,312.6266557062794,3735423.0,308.46328521248086,315.5441543627497,307.9614541339407,AMZN,stock,True
2024-11-29,2024-11-29 00:00:00,308.54553570733344,3394235.0,312.65289163432334,313.44343017012875,307.1150708375637,AMZN,stock,True
2024-12-02,2024-12-02 00:00:00,312.75375594975344,4226068.0,311.495962400829,314.64754464213814,309.6625322156509,AMZN,stock,True
2024-12-03,2024-12-03 00:00:00,311.5680898776382,852730.0,315.81826886160127,316.80153966491633,308.7480492041015,AMZN,stock,True
2024-12-04,2024-12-04 00:00:00,315.67343306070313,3705009.0,320.44674989236097,321.5486159015433,313.42109590398223,AMZN,stock,True
2024-12-05,2024-12-05 00:00:00,320.4980010815185,4428551.0,323.35666687294696,325.8552807221706,317.5260933971149,AMZN,stock,True
2024-12-06,2024-12-06 00:00:00,323.41718592837435,4990101.0,326.64496421657617,329.26139904117736,320.2979009470628,AMZN,stock,True
2024-12-09,2024-12-09 00:00:00,326.7881684495123,4365282.0,323.4252777005899,329.76809336726734,320.2681902726054,AMZN,stock,True
2024-12-10,2024-12-10 00:00:00,323.3717039086383,4611524.0,326.76165857363867,328.19285263920455,323.12726006749864,AMZN,stock,True
2024-12-11,2024-12-11 00:00:00,326.6293226772179,4037027.0,329.1893890976851,330.32528404458134,325.98358381886726,AMZN,stock,True
2024-12-12,2024-12-12 00:00:00,329.24631849122545,1282961.0,331.70072591867546,333.2215768778941,327.5592991202378,AMZN,stock,True
2024-12-13,2024-12-13 00:00:00,331.5510176042657,3106957.0,336.3515129178572,337.3494586617146,329.5210692544463,AMZN,stock,True
2024-12-16,2024-12-16 00:00:00,336.2212796296517,1710814.0,334.558581209411,338.8095463499446,333.03816873346295,AMZN,stock,True
2024-12-17,2024-12-17 00:00:00,334.51036226680765,852630.0,337.9625473407056,340.95220177243294,334.1820145677611,AMZN,stock,True
2024-12-18,2024-12-18 00:00:00,338.0658450007213,4917288.0,333.49850238727055,341.2743052359899,330.21976855350783,AMZN,stock,True
2024-12-19,2024-12-19 00:00:00,333.5431793658657,1642114.0,332.3422729694563,335.52098711612905,331.9333584334064,AMZN,stock,True
2024-12-20,2024-12-20 00:00:00,332.3863254726057,4481860.0,332.6546560803232,334.3342013188956,331.24631581723855,AMZN,stock,True
2024-12-23,2024-12-23 00:00:00,332.58391638157866,2171758.0,333.2184445228589,333.76798988447115,329.57815786435145,AMZN,stock,True
2024-12-24,2024-12-24 00:00:00,333.2880994530128,1932267.0,328.9493474611127,336.0035040434718,327.0407556389267,AMZN,stock,True
2024-12-25,2024-12-25 00:00:00,328.9667577326694,1372700.0,329.6843654836903,332.36708807959076,328.71481283494177,AMZN,stock,True
2024-12-26,2024-12-26 00:00:00,329.646736638718,2932033.0,329.47443608546456,331.2832287366795,329.1309718445176,AMZN,stock,True
2024-12-27,2024-12-27 00:00:00,329.45687928327663,1267562.0,328.2595875860624,330.0787292178033,327.62966381381506,AMZN,stock,True
2024-12-30,2024-12-30 00:00:00,328.2408974037319,4153983.0,325.66543724261453,330.5041393374898,323.8809891295818,AMZN,stock,True
2024-12-31,2024-12-31 00:00:00,325.6353592042314,739325.0,323.149346052779,328.77237971003757,321.17929228065617,AMZN,stock,True
2025-01-01,2025-01-01 00:00:00,323.1983090462301,959175.0,327.8636729406711,330.485370226701,322.65113026236446,AMZN,stock,True
2025-01-02,2025-01-02 00:00:00,327.8619815635317,2219231.0,326.8271433865857,330.0858270443716,323.87185681040637,AMZN,stock,True
2025-01-03,2025-01-03 00:00:00,326.8611728555798,2335829.0,322.5046892405726,328.45118940218975,319.89670737625465,AMZN,stock,True
2025-01-06,2025-01-06 00:00:00,322.48313567288034,4398647.0,326.993200261368,327.7323808288047,321.9559841658637,AMZN,stock,True
2025-01-07,2025-01-07 00:00:00,327.03263231652255,3240120.0,326.63329558064174,328.23471218997594,324.55673924972575,AMZN,stock,True
2025-01-08,2025-01-08 00:00:00,326.6778857464497,4895060.0,326.8589455477473,329.9324253172364,325.3891989617123,AMZN,stock,True
2025-01-09,2025-01-09 00:00:00,326.76225810083275,4633890.0,329.9903468578582,330.8224043206628,323.9454787121214,AMZN,stock,True
2025-01-10,2025-01-10 00:00:00,330.0681373391492,2795191.0,331.32847646768784,331.8264697808594,330.06743987445634,AMZN,stock,True
2025-01-13,2025-01-13 00:00:00,331.4491050426114,1393298.0,328.39597364160045,331.8676245570716,325.21426686731667,AMZN,stock,True
2025-01-14,2025-01-14 00:00:00,328.4940972409208,2398546.0,330.1321378938643,332.9421320081629,326.8704223287835,AMZN,stock,True
2025-01-15,2025-01-15 00:00:00,329.9992859650887,730720.0,328.0330147352615,330.07052714866916,327.87733911806816,AMZN,stock,True
2025-01-16,2025-01-16 00:00:00,328.0779853273598,1480898.0,331.58567899473866,334.16110124447584,328.0029904260049,AMZN,stock,True
2025-01-17,2025-01-17 00:00:00,331.6097260601336,1175882.0,332.6096328845117,334.4838139340714,331.35248182979075,AMZN,stock,True
2025-01-20,2025-01-20 00:00:00,332.5292714825302,1106775.0,331.93124321040983,335.04283407924794,331.26212837046467,AMZN,stock,True
2025-01-21,2025-01-21 00:00:00,331.8037369774538,4297629.0,330.84361759642985,333.0719753333748,330.4791031992312,AMZN,stock,True
2025-01-22,2025-01-22 00:00:00,330.7939125861418,4226113.0,328.15011109377105,331.87101032029904,326.74670985215175,AMZN,stock,True
2025-01-23,2025-01-23 00:00:00,328.10341564338825,1600817.0,327.5491550364892,328.25403554388186,324.728755470074,AMZN,stock,True
2025-01-24,2025-01-24 00:00:00,327.68925320283796,1328491.0,329.04252029927835,329.04748808622867,326.54790281681875,AMZN,stock,True
2025-01-27,2025-01-27 00:00:00,328.99664376450545,1167303.0,327.30060273206107,329.25309718488217,326.89074060325436,AMZN,stock,True
2025-01-28,2025-01-28 00:00:00,327.37902513259394,2597840.0,325.7383833512031,329.5604523644424,323.53426580061785,AMZN,stock,True
2025-01-29,2025-01-29 00:00:00,325.7757104253474,3382433.0,322.6685669147302,325.96720309841015,320.6123595488842,AMZN,stock,True
2025-01-30,2025-01-30 00:00:00,322.7736517412835,4076717.0,320.05181095745274,324.2632586071103,317.7814813052354,AMZN,stock,True
2025-01-31,2025-01-31 00:00:00,319.98596713214533,1323069.0,324.38378168722363,326.7148398006231,319.6077125978556,AMZN,stock,True
2025-02-03,2025-02-03 00:00:00,324.3680254367558,1843763.0,320.1658470925019,326.5705585652535,319.29818230204813,AMZN,stock,True
2025-02-04,2025-02-04 00:00:00,320.2069445467972,3499270.0,320.889463740231,323.8785710797943,317.04378288821084,AMZN,stock,True
2025-02-05,2025-02-05 00:00:00,320.8230660519354,1977952.0,324.40845074660086,326.7070373131146,318.81691801993435,AMZN,stock,True
2025-02-06,2025-02-06 00:00:00,324.27754283233014,2801027.0,324.61225464664324,326.6800069462926,323.3662601844079,AMZN,stock,True
2025-02-07,2025-02-07 00:00:00,324.60832385204674,3958049.0,327.905883207239,330.61120100135497,323.21062274040406,AMZN,stock,True
2025-02-10,2025-02-10 00:00:00,327.88899966881297,673704.0,326.5084947924964,328.16020152656563,324.32300436174387,AMZN,stock,True
2025-02-11,2025-02-11 00:00:00,326.37786992478624,4320070.0,322.4729565564212,326.6924584839262,322.08773729771315,AMZN,stock,True
2025-02-12,2025-02-12 00:00:00,322.38409511609746,2232005.0,326.40927821593,326.76397822933234,320.8318274163803,AMZN,stock,True
2025-02-13,2025-02-13 00:00:00,326.4979709578504,2211331.0,325.9769803629085,328.44431499015053,324.2626347226429,AMZN,stock,True
2025-02-14,2025-02-14 00:00:00,325.97545633082905,1556426.0,325.40452603375047,326.9246121442903,322.64300886745417,AMZN,stock,True
2025-02-17,2025-02-17 00:00:00,325.54443990974596,4343544.0,325.60930260234824,327.59797997916877,323.91756414373964,AMZN,stock,True
2025-02-18,2025-02-18 00:00:00,325.4640935083757,1546224.0,321.6278635155212,328.3866439528666,320.4726193398808,AMZN,stock,True
2025-02-19,2025-02-19 00:00:00,321.5628579683694,4177248.0,317.8693544180173,323.52977725378867,315.4599021786742,AMZN,stock,True
2025-02-20,2025-02-20 00:00:00,317.9986551183569,4240773.0,321.0660179441789,322.07408229154345,315.3331813876708,AMZN,stock,True
2025-02-21,2025-02-21 00:00:00,320.90457141586404,798622.0,322.2495308144233,325.06348157519847,320.6827620763622,AMZN,stock,True
2025-02-24,2025-02-24 00:00:00,322.29983583172867,3945862.0,323.7167571133414,326.72431663539777,321.19452749857146,AMZN,stock,True
2025-02-25,2025-02-25 00:00:00,323.6987000754883,2851785.0,319.0325636081343,326.71841110063644,316.46951489347396,AMZN,stock,True
2025-02-26,2025-02-26 00:00:00,318.9481811487451,1970874.0,316.6602066701104,319.94964773662645,314.8438967907015,AMZN,stock,True
2025-02-27,2025-02-27 00:00:00,316.5736307233082,4319767.0,313.42216790738,317.1983829769067,312.85760646656166,AMZN,stock,True
2025-02-28,2025-02-28 00:00:00,313.4874845023292,3420157.0,316.51630637020077,318.28851496823273,312.36687258870614,AMZN,stock,True
2025-03-03,2025-03-03 00:00:00,316.5493566792345,2914366.0,312.9106197631961,317.43808173240006,310.3635271403877,AMZN,stock,True
2025-03-04,2025-03-04 00:00:00,313.01242501243644,685472.0,317.5631847237217,320.3627706395219,310.4997292479634,AMZN,stock,True
2025-03-05,2025-03-05 00:00:00,317.51843479006783,2916317.0,317.0757528574392,319.61256058407633,314.5804519517833,AMZN,stock,True
2025-03-06,2025-03-06 00:00:00,317.13292088601145,1623768.0,315.8563946066973,319.2858815523028,313.5185414034272,AMZN,stock,True
2025-03-07,2025-03-07 00:00:00,315.74620526892454,4857170.0,319.79710304403716,319.9121915546389,314.16575042407715,AMZN,stock,True
2025-03-10,2025-03-10 00:00:00,319.9363340361126,3641826.0,316.96162306980085,321.1770760540815,316.02192588498013,AMZN,stock,True
2025-03-11,2025-03-11 00:00:00,317.08153430028847,777098.0,318.94010931720766,320.64899431555796,314.965798329302,AMZN,stock,True
2025-03-12,2025-03-12 00:00:00,319.0489118492787,1029652.0,323.01559982604215,323.49337325401945,318.82198053471507,AMZN,stock,True
2025-03-13,2025-03-13 00:00:00,322.9054616920281,2432723.0,322.9171999283737,323.12229860034086,322.4253749615587,AMZN,stock,True
2025-03-14,2025-03-14 00:00:00,323.0528646440038,4848175.0,318.8346222921083,324.1295639702653,318.686290359853,AMZN,stock,True
2025-03-17,2025-03-17 00:00:00,318.86379346849145,3353302.0,320.3402450052867,322.9874303854022,318.59482705888405,AMZN,stock,True
2025-03-18,2025-03-18 00:00:00,320.16567427201244,543025.0,319.9288123574605,321.63497548902626,318.7840339734865,AMZN,stock,True
2025-03-19,2025-03-19 00:00:00,319.7783072693891,4775287.0,322.84253017422435,323.8048369043491,318.7315873056207,AMZN,stock,True
2025-03-20,2025-03-20 00:00:00,322.9448709488223,4569996.0,320.9801860949141,324.34593447213206,319.5895828166207,AMZN,stock,True
2025-03-21,2025-03-21 00:00:00,320.87964418025877,3006629.0,318.58084195977847,322.3332729732747,317.9589084733373,AMZN,stock,True
2025-03-24,2025-03-24 00:00:00,318.4376473292892,2213088.0,321.56920143889846,322.492794187051,315.7669109241014,AMZN,stock,True
2025-03-25,2025-03-25 00:00:00,321.7090965421242,4601992.0,317.11841955216363,322.70930849046846,316.30029781586114,AMZN,stock,True
2025-03-26,2025-03-26 00:00:00,317.15783061317745,530350.0,316.19895884477125,318.0713752668322,313.08292649771676,AMZN,stock,True
2025-03-27,2025-03-27 00:00:00,316.20069315452463,4756262.0,312.6373215756002,318.54390745246553,310.76532679157737,AMZN,stock,True
2025-03-28,2025-03-28 00:00:00,312.51429972488506,3207723.0,310.38796813340946,313.8090562496823,308.3315517303725,AMZN,stock,True
2025-03-31,2025-03-31 00:00:00,310.37342836983424,2608357.0,311.2335704026416,312.92874466397853,308.4867666937071,AMZN,stock,True
2025-04-01,2025-04-01 00:00:00,311.16225064303353,3804725.0,308.1758282148957,312.16617386891994,306.3449471724727,AMZN,stock,True
2025-04-02,2025-04-02 00:00:00,308.1420277930209,1682818.0,309.3301903283908,310.44475034709836,306.68239638409904,AMZN,stock,True
2025-04-03,2025-04-03 00:00:00,309.2969111740603,2223719.0,309.2420641053646,309.5676899954258,306.27634855564673,AMZN,stock,True
2025-04-04,2025-04-04 00:00:00,309.1494679058264,916410.0,308.04871082534027,311.0791906621989,306.9419090518588,AMZN,stock,True
2025-04-07,2025-04-07 00:00:00,308.1299935833289,4879162.0,306.4650531160771,308.5468958196309,305.25082496351445,AMZN,stock,True
2025-04-08,2025-04-08 00:00:00,306.41168034995445,4198375.0,307.8333823430759,308.02909512544244,304.64774558963074,AMZN,stock,True
2025-04-09,2025-04-09 00:00:00,307.94283985302417,3521323.0,310.13503942353776,310.9573680433988,305.4792687772853,AMZN,stock,True
2025-04-10,2025-04-10 00:00:00,310.13969492282274,4952013.0,307.63288831351974,312.26707653016666,305.9545993473844,AMZN,stock,True
2025-04-11,2025-04-11 00:00:00,307.50976363645316,2754409.0,308.0784816254757,309.3150949704801,305.4333273269859,AMZN,stock,True
2025-04-14,2025-04-14 00:00:00,308.04602099481247,4444701.0,303.63022656658313,310.05416341502814,300.6429593304719,AMZN,stock,True
2025-04-15,2025-04-15 00:00:00,303.69919761059964,4878233.0,305.98048046007415,307.08196920799816,301.2832063746762,AMZN,stock,True
2025-04-16,2025-04-16 00:00:00,305.8706296667569,1817527.0,306.82689589202226,308.4060651293227,304.2239714339199,AMZN,stock,True
2025-04-17,2025-04-17 00:00:00,306.8528938065837,2089246.0,306.90618494045947,308.56836013677173,306.22068565689267,AMZN,stock,True
2025-04-18,2025-04-18 00:00:00,307.0242231126175,4446765.0,302.5349326301885,308.2848081133724,299.9748154904494,AMZN,stock,True
2025-04-21,2025-04-21 00:00:00,302.50858689071805,4478086.0,305.1500469136616,305.7428530658708,300.9655303884991,AMZN,stock,True
2025-04-22,2025-04-22 00:00:00,305.1378157289565,4314861.0,300.8267722099523,306.42366506108743,299.0862700772625,AMZN,stock,True
2025-04-23,2025-04-23 00:00:00,300.9566863319468,4138371.0,298.39582914278645,303.1481895544589,298.0686332378872,AMZN,stock,True
2025-04-24,2025-04-24 00:00:00,298.4737157445665,3177223.0,299.61869578290344,302.0678042475775,296.14703517895344,AMZN,stock,True
2025-04-25,2025-04-25 00:00:00,299.60015458899613,1609218.0,300.20902479918396,300.537552359908,299.06910984129297,AMZN,stock,True
2025-04-28,2025-04-28 00:00:00,300.20796139113475,2075533.0,303.7522803610621,305.7061017066425,298.39562337342096,AMZN,stock,True
2025-04-29,2025-04-29 00:00:00,303.8838445891924,2357744.0,304.32563688445236,305.28432381981634,301.3050921374837,AMZN,stock,True
2025-04-30,2025-04-30 00:00:00,304.42105197187067,1559019.0,308.5712115120413,311.298488962315,301.60816587685656,AMZN,stock,True
2025-05-01,2025-05-01 00:00:00,308.5488015209181,3276036.0,304.8250092742039,311.6091011496436,303.8519009105364,AMZN,stock,True
2025-05-02,2025-05-02 00:00:00,304.8677510856881,3679275.0,306.1576560605737,308.6780975273051,302.912734447491,AMZN,stock,True
2025-05-05,2025-05-05 00:00:00,306.2294468019822,4073400.0,306.74049173598524,308.6231654726012,305.93360996760805,AMZN,stock,True
2025-05-06,2025-05-06 00:00:00,306.6930523569504,4451090.0,308.46164246179086,311.38029295817444,306.6184268232837,AMZN,stock,True
2025-05-07,2025-05-07 00:00:00,308.55134570558624,1091997.0,311.6280469166336,313.3981683210006,307.39607378986574,AMZN,stock,True
2025-05-08,2025-05-08 00:00:00,311.56332122276893,3259219.0,314.9249261779087,316.7204182668699,309.204864114813,AMZN,stock,True
2025-05-09,2025-05-09 00:00:00,314.87470848120654,4471104.0,317.44667918556286,319.58103373966105,311.94456936475774,AMZN,stock,True
2025-05-12,2025-05-12 00:00:00,317.32049379288924,2597127.0,322.045094371889,322.05033906012324,317.0575728102276,AMZN,stock,True
2025-05-13,2025-05-13 00:00:00,321.9837358095627,2192184.0,322.89771776876296,324.37465672372474,318.8825988129027,AMZN,stock,True
2025-05-14,2025-05-14 00:00:00,322.9051538822415,2858310.0,322.87582962898733,322.94334938904876,322.85251618332694,AMZN,stock,True
2025-05-15,2025-05-15 00:00:00,322.75024472524876,2612134.0,320.1448918851075,323.4466769342047,319.19549390292707,AMZN,stock,True
2025-05-16,2025-05-16 00:00:00,319.9812774330749,4167615.0,323.4446543573976,324.621335888994,318.8027970327851,AMZN,stock,True
2025-05-19,2025-05-19 00:00:00,323.5809852812949,4894412.0,322.1064704396012,325.15958999244225,320.563608433337,AMZN,stock,True
2025-05-20,2025-05-20 00:00:00,322.1365237985218,1534705.0,326.00519323341445,328.6352082363515,321.7569902624366,AMZN,stock,True
2025-05-21,2025-05-21 00:00:00,325.8511231501957,942653.0,323.86293953363236,325.852388663697,321.08540357517245,AMZN,stock,True
2025-05-22,2025-05-22 00:00:00,323.70020325708424,4516151.0,325.9010484270253,326.63095013918974,322.2391123438356,AMZN,stock,True
2025-05-23,2025-05-23 00:00:00,325.9035576794846,614994.0,327.10993358004635,327.6804456317937,323.42784626115616,AMZN,stock,True
2025-05-26,2025-05-26 00:00:00,327.0407080670831,4699438.0,331.2438031139317,333.18383359939423,324.6620300625081,AMZN,stock,True
2025-05-27,2025-05-27 00:00:00,331.15183362658155,1810015.0,334.80401864143926,334.8937243481361,329.90693045350673,AMZN,stock,True
2025-05-28,2025-05-28 00:00:00,334.7308994980653,3032617.0,339.0655021924678,342.2539561470417,331.4455590386967,AMZN,stock,True
2025-05-29,2025-05-29 00:00:00,339.11205551707025,1898257.0,340.4919152277264,342.29215072936194,338.0687061188069,AMZN,stock,True
2025-05-30,2025-05-30 00:00:00,340.4853518771146,519237.0,340.7724041889938,341.33029420327864,337.186305595396,AMZN,stock,True
2025-06-02,2025-06-02 00:00:00,340.75377373821283,4580893.0,345.4923706894139,345.5819441449961,339.0096936124159,AMZN,stock,True
2025-06-03,2025-06-03 00:00:00,345.6405443616694,2558001.0,345.09741258046125,345.7372413164624,344.8134552838596,AMZN,stock,True
2025-06-04,2025-06-04 00:00:00,345.0079171325446,871410.0,340.7890001507967,347.3409483260191,337.854440258574,AMZN,stock,True
2025-06-05,2025-06-05 00:00:00,340.6434612357628,3411811.0,342.0433565881651,344.1000865054835,339.54345555719345,AMZN,stock,True
2025-06-06,2025-06-06 00:00:00,341.99465376565587,4374710.0,343.20304553559504,344.4403562075587,341.2385568502077,AMZN,stock,True
2025-06-09,2025-06-09 00:00:00,343.23170867797916,2776616.0,343.690427177762,347.11741975427987,341.3627403967002,AMZN,stock,True
2025-06-10,2025-06-10 00:00:00,343.60047795723625,1468787.0,345.8892555941587,347.0191928129589,343.1219416716978,AMZN,stock,True
2025-06-11,2025-06-11 00:00:00,345.99582404115495,3614697.0,351.19034990274383,352.2517556529175,344.6701770668997,AMZN,stock,True
2025-06-12,2025-06-12 00:00:00,351.1256420951084,532024.0,346.28247158080245,351.5919991477067,343.03442256269125,AMZN,stock,True
2025-06-13,2025-06-13 00:00:00,346.32916948138893,1194175.0,342.31260325713237,347.50595925453354,340.194289102724,AMZN,stock,True
2025-06-16,2025-06-16 00:00:00,342.3045075030637,3749302.0,340.5989065332702,342.51040772076834,338.91476866149844,AMZN,stock,True
2025-06-17,2025-06-17 00:00:00,340.46133929847196,562719.0,341.2841912178941,343.5677612619016,338.48760223904816,AMZN,stock,True
2025-06-18,2025-06-18 00:00:00,341.2259072986334,4082564.0,339.2993984536554,344.4794593868536,335.95449799932936,AMZN,stock,True
2025-06-19,2025-06-19 00:00:00,339.1218522010867,727601.0,338.90759393144714,341.1136524662354,336.78628011428304,AMZN,stock,True
2025-06-20,2025-06-20 00:00:00,338.834168019906,3578123.0,337.4681480059965,340.0832883175436,336.9311158211764,AMZN,stock,True
2025-06-23,2025-06-23 00:00:00,337.42760949785713,4622345.0,342.1454645779339,344.7579067827136,336.12799461339984,AMZN,stock,True
2025-06-24,2025-06-24 00:00:00,342.21382046579225,1020062.0,338.6945395687906,343.42684263583095,337.8476066292769,AMZN,stock,True
2025-06-25,2025-06-25 00:00:00,338.5421671247261,4649656.0,341.7686102674084,343.1511541809465,337.647922127114,AMZN,stock,True
2025-06-26,2025-06-26 00:00:00,341.7443540844442,3291032.0,341.1610655592101,344.2107355244066,340.42781997702247,AMZN,stock,True
2025-06-27,2025-06-27 00:00:00,341.06209407937763,4924871.0,342.7114330521931,343.3119250924658,340.7503908293237,AMZN,stock,True
2025-06-30,2025-06-30 00:00:00,342.77450199064776,2352532.0,344.63189219429364,345.21917798192993,341.9574569004755,AMZN,stock,True
2025-07-01,2025-07-01 00:00:00,344.7449708837328,2298288.0,341.1518221924909,347.6305840954168,339.09553228864786,AMZN,stock,True
2025-07-02,2025-07-02 00:00:00,341.23802457290594,902503.0,345.338384276746,345.88499076282636,338.6690882703412,AMZN,stock,True
2025-07-03,2025-07-03 00:00:00,345.4648462009068,991412.0,340.4395171611053,346.7340684977576,338.16970516890547,AMZN,stock,True
2025-07-04,2025-07-04 00:00:00,340.37087944137363,3343061.0,342.7841334904364,343.7203527606155,338.4163218830454,AMZN,stock,True
2025-07-07,2025-07-07 00:00:00,342.9106655882894,4218469.0,347.1419493541329,348.41335813421296,339.6188333649799,AMZN,stock,True
2025-07-08,2025-07-08 00:00:00,347.0901208561849,2893916.0,350.99178505579,351.8881146441802,345.1538146752888,AMZN,stock,True
2025-07-09,2025-07-09 00:00:00,350.8617453345868,1441478.0,350.3687308893102,353.2071541595941,347.2456838785144,AMZN,stock,True
2025-07-10,2025-07-10 00:00:00,350.2229793668003,1812719.0,353.2586522528302,354.25616972444016,347.86885640995433,AMZN,stock,True
2025-07-11,2025-07-11 00:00:00,353.1924747506517,4135179.0,353.07109194769697,353.541575886951,352.5258005562274,AMZN,stock,True
2025-07-14,2025-07-14 00:00:00,352.88947798314905,1500294.0,355.24735120345383,356.56923865610173,352.17622237215824,AMZN,stock,True
2025-07-15,2025-07-15 00:00:00,355.34255795788397,2854499.0,360.0,360.24289820460484,352.5051890518267,AMZN,stock,True
2024-11-06,2024-11-06 00:00:00,391.6859941009155,3908418.0,396.29918565834413,398.40537057783894,391.4940037037971,TSLA,stock,True
2024-11-07,2024-11-07 00:00:00,396.4334609676208,2126721.0,394.0181779698964,399.3927949497646,391.67852461168206,TSLA,stock,True
2024-11-08,2024-11-08 00:00:00,394.1118774087682,4851764.0,388.98094749507027,397.9417561420851,386.6073861773244,TSLA,stock,True
2024-11-11,2024-11-11 00:00:00,388.9297042482576,4462791.0,384.6929773957677,390.97338152754406,382.0300116845018,TSLA,stock,True
2024-11-12,2024-11-12 00:00:00,384.7235697759844,4396396.0,382.9158492475386,385.03478044840756,381.3393206469514,TSLA,stock,True
2024-11-13,2024-11-13 00:00:00,383.06428871333117,3615607.0,381.20630358961347,384.5237489447389,380.35580801626287,TSLA,stock,True
2024-11-14,2024-11-14 00:00:00,381.26667355016036,4687107.0,376.4715117866844,382.5003481752969,374.6835348931809,TSLA,stock,True
2024-11-15,2024-11-15 00:00:00,376.6386855461538,4978658.0,374.30489740374105,378.88070579669005,373.94925283604897,TSLA,stock,True
2024-11-18,2024-11-18 00:00:00,374.426742645443,4726174.0,375.7053991689954,377.57011408875525,372.5655886858337,TSLA,stock,True
2024-11-19,2024-11-19 00:00:00,375.644655745472,3641884.0,377.84513061277454,378.95061533236435,374.8560815412999,TSLA,stock,True
2024-11-20,2024-11-20 00:00:00,377.90735309334866,1686862.0,381.16254930896935,383.8691396233379,376.00814724848607,TSLA,stock,True
2024-11-21,2024-11-21 00:00:00,381.3211666442077,1347339.0,377.32999433422043,382.8497785055569,375.3465784147093,TSLA,stock,True
2024-11-22,2024-11-22 00:00:00,377.4013748071275,3901984.0,379.5946407950089,382.3854826620484,375.5385725577054,TSLA,stock,True
2024-11-25,2024-11-25 00:00:00,379.66284987511335,2169045.0,374.72971352222606,382.7570665757538,372.82489734720775,TSLA,stock,True
2024-11-26,2024-11-26 00:00:00,374.77142784075227,1548132.0,377.9532711960293,380.7157663178679,373.8802941771918,TSLA,stock,True
2024-11-27,2024-11-27 00:00:00,377.808119429564,2706936.0,380.29334790973235,381.65437411057343,377.6728066315359,TSLA,stock,True
2024-11-28,2024-11-28 00:00:00,380.1185504326879,655200.0,377.8748360307638,380.88980273869595,374.4910671413571,TSLA,stock,True
2024-11-29,2024-11-29 00:00:00,377.93486247797614,867045.0,376.8833620822271,380.7340773541129,375.4427777948625,TSLA,stock,True
2024-12-02,2024-12-02 00:00:00,377.00206088596985,4802579.0,371.9093281066097,377.2186710532105,371.0803064048577,TSLA,stock,True
2024-12-03,2024-12-03 00:00:00,372.05551852927067,602356.0,371.7905532228012,373.3002335028968,371.4874427920793,TSLA,stock,True
2024-12-04,2024-12-04 00:00:00,371.9524750714906,4392147.0,369.1587192630405,374.6030062904544,369.07254537027234,TSLA,stock,True
2024-12-05,2024-12-05 00:00:00,369.1998642269429,4374183.0,374.2077053365707,376.34141559862076,368.62291724336563,TSLA,stock,True
2024-12-06,2024-12-06 00:00:00,374.1788661946181,4127787.0,373.13706987961393,376.6065136788059,370.0301541676933,TSLA,stock,True
2024-12-09,2024-12-09 00:00:00,373.26408155545687,1033824.0,374.66207608336833,376.01559383835956,370.3548200872974,TSLA,stock,True
2024-12-10,2024-12-10 00:00:00,374.70974652325776,4422495.0,369.9985836058504,377.975356061874,368.09062360553366,TSLA,stock,True
2024-12-11,2024-12-11 00:00:00,370.01440336617225,4028821.0,368.64960246661815,372.89589409512865,367.9305655262144,TSLA,stock,True
2024-12-12,2024-12-12 00:00:00,368.45248589923517,2238375.0,372.7330391403629,373.4675085343161,368.3379174541155,TSLA,stock,True
2024-12-13,2024-12-13 00:00:00,372.6653305223943,2544296.0,375.6598115660093,378.9020103492506,372.5892477224338,TSLA,stock,True
2024-12-16,2024-12-16 00:00:00,375.5328637576822,3943493.0,376.60950039723883,380.1936525339602,374.37776600457306,TSLA,stock,True
2024-12-17,2024-12-17 00:00:00,376.4774731591137,2007222.0,374.41742691707015,378.6150086923144,371.4763582018742,TSLA,stock,True
2024-12-18,2024-12-18 00:00:00,374.33974574336,2467691.0,373.8375884669643,376.2584247398601,373.6326625776427,TSLA,stock,True
2024-12-19,2024-12-19 00:00:00,373.95648332210203,2635518.0,376.24080534195514,377.73619078933285,372.20851957864903,TSLA,stock,True
2024-12-20,2024-12-20 00:00:00,376.1802750883428,3388976.0,374.5718909470849,378.18006430623694,370.8758012681558,TSLA,stock,True
2024-12-23,2024-12-23 00:00:00,374.41044809606916,4632694.0,378.125135854685,381.7107000792655,372.45062395086,TSLA,stock,True
2024-12-24,2024-12-24 00:00:00,378.2051011043964,563929.0,381.126306910558,383.8269550578227,377.3036588886755,TSLA,stock,True
2024-12-25,2024-12-25 00:00:00,381.2126702013433,1765159.0,385.426563981617,386.2133716686076,380.48202415016976,TSLA,stock,True
2024-12-26,2024-12-26 00:00:00,385.2149971031433,4704043.0,386.8788085306011,388.5834019261843,384.4536622184528,TSLA,stock,True
2024-12-27,2024-12-27 00:00:00,386.92201924686157,2475147.0,385.683888282686,389.52618408508937,384.24487749466795,TSLA,stock,True
2024-12-30,2024-12-30 00:00:00,385.8034502137144,827526.0,388.16071146260407,390.7014884839821,383.2295298883597,TSLA,stock,True
2024-12-31,2024-12-31 00:00:00,388.00096466423645,2390020.0,385.5236941421672,388.4505585407753,385.26971338011845,TSLA,stock,True
2025-01-01,2025-01-01 00:00:00,385.3954487723222,1690894.0,387.2445262634808,389.40317860988955,384.16302845571784,TSLA,stock,True
2025-01-02,2025-01-02 00:00:00,387.1163596639378,4797847.0,387.32453682379077,389.6907153855135,384.4432341230531,TSLA,stock,True
2025-01-03,2025-01-03 00:00:00,387.1606593433838,3112397.0,384.24470426216743,389.83107108335565,381.4965507851952,TSLA,stock,True
2025-01-06,2025-01-06 00:00:00,384.0428446208832,777433.0,384.0607631725536,386.72433475436566,381.44597494747336,TSLA,stock,True
2025-01-07,2025-01-07 00:00:00,384.0186846759513,1604358.0,387.89357232362124,388.9010580871432,382.49807813819416,TSLA,stock,True
2025-01-08,2025-01-08 00:00:00,387.981221143892,1171592.0,385.53258670380114,388.69149073806045,383.9332707658644,TSLA,stock,True
2025-01-09,2025-01-09 00:00:00,385.3886426196879,4854493.0,385.06742390819636,386.85472483160345,383.45383444552937,TSLA,stock,True
2025-01-10,2025-01-10 00:00:00,385.1060487181279,3950892.0,388.78723670699526,390.7838746061948,384.0428403936358,TSLA,stock,True
2025-01-13,2025-01-13 00:00:00,388.7887120441312,4478520.0,393.9517348921826,394.6923361138741,386.6807648440897,TSLA,stock,True
2025-01-14,2025-01-14 00:00:00,394.0884628020541,2317511.0,399.9509248458225,400.78995500432706,390.65492437019424,TSLA,stock,True
2025-01-15,2025-01-15 00:00:00,400.0713510667899,4923449.0,398.515610136042,401.90643439792547,398.0965807436406,TSLA,stock,True
2025-01-16,2025-01-16 00:00:00,398.3612502681791,4634542.0,393.8805349428024,402.2242803618088,392.5527178064692,TSLA,stock,True
2025-01-17,2025-01-17 00:00:00,393.945423168946,3017909.0,389.4928504973357,395.4349718590434,388.9259555959581,TSLA,stock,True
2025-01-20,2025-01-20 00:00:00,389.64257742840874,4234200.0,385.6333628493002,390.0549931565159,384.2593049646709,TSLA,stock,True
2025-01-21,2025-01-21 00:00:00,385.65452294083724,2786690.0,389.9501094226699,393.2585203809932,382.4110081789441,TSLA,stock,True
2025-01-22,2025-01-22 00:00:00,390.0928141929301,3156572.0,390.7719349718491,391.85826927302907,389.64636144825784,TSLA,stock,True
2025-01-23,2025-01-23 00:00:00,390.7596035215626,951432.0,392.4136968322929,393.74533790160314,387.7679882567102,TSLA,stock,True
2025-01-24,2025-01-24 00:00:00,392.5491037724602,889082.0,391.39112933514247,395.0070157349158,389.2723738293388,TSLA,stock,True
2025-01-27,2025-01-27 00:00:00,391.26589629171735,4843785.0,389.2518551552796,391.98756767573036,385.67882546301996,TSLA,stock,True
2025-01-28,2025-01-28 00:00:00,389.30403744733866,1243509.0,386.8077329631156,391.5833731590328,384.92659507942494,TSLA,stock,True
2025-01-29,2025-01-29 00:00:00,386.7203568533525,2926460.0,389.2781912024796,389.9156628530427,386.2741163113512,TSLA,stock,True
2025-01-30,2025-01-30 00:00:00,389.1424745187835,1821016.0,392.79566291973396,395.0678148318426,385.7142166765537,TSLA,stock,True
2025-01-31,2025-01-31 00:00:00,392.60556063903846,1261350.0,392.29593917787196,396.33958170816766,389.7478038768383,TSLA,stock,True
2025-02-03,2025-02-03 00:00:00,392.1575806690536,4784998.0,390.16042488469657,392.3891561298857,386.78749293890826,TSLA,stock,True
2025-02-04,2025-02-04 00:00:00,390.32809975396003,2438163.0,393.9695100114491,395.431782346455,389.58551621478347,TSLA,stock,True
2025-02-05,2025-02-05 00:00:00,393.99697219833877,2546607.0,390.03565611048134,396.89575984380105,387.4305018687655,TSLA,stock,True
2025-02-06,2025-02-06 00:00:00,390.2022916327391,3692372.0,393.9185149643866,395.44423182658386,389.4136545470254,TSLA,stock,True
2025-02-07,2025-02-07 00:00:00,393.76782280245976,2886573.0,389.52571197954904,394.98426615616825,387.22618710788663,TSLA,stock,True
2025-02-10,2025-02-10 00:00:00,389.529105642835,3132337.0,393.4748384900281,397.34488857327295,386.5826965042292,TSLA,stock,True
2025-02-11,2025-02-11 00:00:00,393.6504590292777,2888149.0,397.74948944887774,399.5776979899571,393.23428019922557,TSLA,stock,True
2025-02-12,2025-02-12 00:00:00,397.65529635642275,4983179.0,396.4734261028804,400.66818327549385,396.25283859512916,TSLA,stock,True
2025-02-13,2025-02-13 00:00:00,396.3147970310979,883331.0,401.88825105174755,405.4363787310318,395.0751514439627,TSLA,stock,True
2025-02-14,2025-02-14 00:00:00,401.9774317829934,4376100.0,406.8232039584428,408.59819880101253,399.79270371362577,TSLA,stock,True
2025-02-17,2025-02-17 00:00:00,406.67243038061685,1066697.0,404.9643390846749,406.7911435213945,402.9187177467425,TSLA,stock,True
2025-02-18,2025-02-18 00:00:00,405.0623952881346,1152819.0,402.48656822902007,406.1867902906554,399.55994056901807,TSLA,stock,True
2025-02-19,2025-02-19 00:00:00,402.4794689658243,2107159.0,405.19298453289747,406.52907317457783,401.2155604397797,TSLA,stock,True
2025-02-20,2025-02-20 00:00:00,405.29112713414077,2935243.0,403.98265726521026,409.2813987340597,400.6426192301636,TSLA,stock,True
2025-02-21,2025-02-21 00:00:00,403.7820967417159,4057543.0,400.60445934167933,407.68207274885975,399.881526971957,TSLA,stock,True
2025-02-24,2025-02-24 00:00:00,400.7058050800704,3819879.0,396.8207996134397,403.0113229100254,394.72524741476076,TSLA,stock,True
2025-02-25,2025-02-25 00:00:00,396.7480782669221,4197737.0,398.3996647357393,399.5678430557679,394.33723860492506,TSLA,stock,True
2025-02-26,2025-02-26 00:00:00,398.1945723570261,4703163.0,393.9096949219328,401.54726000806784,391.8782468128002,TSLA,stock,True
2025-02-27,2025-02-27 00:00:00,393.7748649045357,3199899.0,392.12984229914684,394.5805804056535,388.2451658971558,TSLA,stock,True
2025-02-28,2025-02-28 00:00:00,392.0266028274945,3895114.0,395.7042066521434,395.7572965307854,391.5846328497476,TSLA,stock,True
2025-03-03,2025-03-03 00:00:00,395.5004691456942,3536222.0,391.1006798557589,397.9824209250068,389.21943630949204,TSLA,stock,True
2025-03-04,2025-03-04 00:00:00,390.94445773836037,1232633.0,393.5185155973108,396.7786226486653,387.16856836225236,TSLA,stock,True
2025-03-05,2025-03-05 00:00:00,393.46558865402346,4021213.0,390.37223745418106,394.50961070035186,390.1726550406529,TSLA,stock,True
2025-03-06,2025-03-06 00:00:00,390.24478200011066,1123696.0,392.1710954325619,395.815780688885,389.01351816045286,TSLA,stock,True
2025-03-07,2025-03-07 00:00:00,392.0894672364584,1728048.0,393.01536086766305,394.4272061549997,390.95278584402513,TSLA,stock,True
2025-03-10,2025-03-10 00:00:00,392.84010506509617,2947108.0,388.3196217531459,395.0165572102659,384.85588956170875,TSLA,stock,True
2025-03-11,2025-03-11 00:00:00,388.3018002972733,2394558.0,392.86566382095174,395.13222836172537,386.4570617633502,TSLA,stock,True
2025-03-12,2025-03-12 00:00:00,392.8911088187817,2327275.0,388.12767091947467,395.6950599349644,384.98895644858754,TSLA,stock,True
2025-03-13,2025-03-13 00:00:00,388.06279948726046,3389727.0,391.4502627738028,391.8603822753119,386.56771181244113,TSLA,stock,True
2025-03-14,2025-03-14 00:00:00,391.48144031717203,4888544.0,391.93983943631605,392.1864090237416,389.7085965591294,TSLA,stock,True
2025-03-17,2025-03-17 00:00:00,392.0901050679179,2042397.0,388.7918054068497,393.42051757709345,388.10978616596515,TSLA,stock,True
2025-03-18,2025-03-18 00:00:00,388.7562031045297,2500767.0,389.3606950135827,392.3157214976784,385.32103595934535,TSLA,stock,True
2025-03-19,2025-03-19 00:00:00,389.446576628599,4746470.0,388.0826137695622,391.5606573159944,386.90199812921355,TSLA,stock,True
2025-03-20,2025-03-20 00:00:00,387.93173596601224,2111786.0,390.44154515492943,393.80290178295235,385.2588876274443,TSLA,stock,True
2025-03-21,2025-03-21 00:00:00,390.27024428297267,1453631.0,394.029443375762,397.7935706136258,389.98811245009296,TSLA,stock,True
2025-03-24,2025-03-24 00:00:00,393.8302143847998,1659523.0,397.3578042886071,399.81356621365876,392.6196947108614,TSLA,stock,True
2025-03-25,2025-03-25 00:00:00,397.4424914920688,3598065.0,401.58929706141134,402.88115974588857,395.3035057865051,TSLA,stock,True
2025-03-26,2025-03-26 00:00:00,401.577992419955,4523344.0,407.2310540713691,407.31269125081315,398.7004022459544,TSLA,stock,True
2025-03-27,2025-03-27 00:00:00,407.4036761332934,639703.0,401.3980772657911,407.8134524675615,401.1751787566097,TSLA,stock,True
2025-03-28,2025-03-28 00:00:00,401.45411577348017,4262976.0,399.15794724400666,405.2352569897429,395.2311372231124,TSLA,stock,True
2025-03-31,2025-03-31 00:00:00,398.9900398907878,2637970.0,396.24665555371894,399.5230125223679,392.6696746208116,TSLA,stock,True
2025-04-01,2025-04-01 00:00:00,396.400864474248,3102494.0,400.179511122851,403.0453755184963,394.6665641075678,TSLA,stock,True
2025-04-02,2025-04-02 00:00:00,400.30791473984954,2121409.0,406.34945612714364,409.8094066581843,398.4719553080474,TSLA,stock,True
2025-04-03,2025-04-03 00:00:00,406.1996813515829,768489.0,402.9958573291372,406.3737734371391,401.71261161236845,TSLA,stock,True
2025-04-04,2025-04-04 00:00:00,402.9174969410488,2388964.0,404.194480267765,405.2361470142404,399.15785432700585,TSLA,stock,True
2025-04-07,2025-04-07 00:00:00,404.25215870697616,1380974.0,407.36992534819836,409.7969574351335,403.3213840214469,TSLA,stock,True
2025-04-08,2025-04-08 00:00:00,407.5257267619808,3562946.0,408.73847672321887,408.74387144409343,406.63322207472356,TSLA,stock,True
2025-04-09,2025-04-09 00:00:00,408.7264343369667,1317623.0,414.77990570920815,418.14384142413377,407.08999528989784,TSLA,stock,True
2025-04-10,2025-04-10 00:00:00,414.5905944299854,4495122.0,413.3626352922789,416.8358492609611,411.6590201200954,TSLA,stock,True
2025-04-11,2025-04-11 00:00:00,413.3669451202208,1535886.0,409.73789629028414,414.12169387312883,408.3190898752844,TSLA,stock,True
2025-04-14,2025-04-14 00:00:00,409.6261241629151,1774131.0,414.45454534973237,416.65857791630543,408.73466361467223,TSLA,stock,True
2025-04-15,2025-04-15 00:00:00,414.53097073851654,1782992.0,408.7891264987876,417.23298572944685,405.6236690777994,TSLA,stock,True
2025-04-16,2025-04-16 00:00:00,408.6160061030279,3410206.0,403.269591909805,411.82393897672927,402.557666459977,TSLA,stock,True
2025-04-17,2025-04-17 00:00:00,403.2842404699903,2711920.0,407.4089625669271,408.9063993269099,400.6932801873437,TSLA,stock,True
2025-04-18,2025-04-18 00:00:00,407.3908837606735,1826334.0,405.5655005240131,410.2882807322731,403.1960991514851,TSLA,stock,True
2025-04-21,2025-04-21 00:00:00,405.7463793222758,701624.0,407.55154593414983,408.31371768047,405.2560441261646,TSLA,stock,True
2025-04-22,2025-04-22 00:00:00,407.43392138535575,2526569.0,412.87584332120747,416.88512398198765,407.09280196343764,TSLA,stock,True
2025-04-23,2025-04-23 00:00:00,412.86418404306875,3733612.0,412.313763137574,416.9924890837275,409.78483104031824,TSLA,stock,True
2025-04-24,2025-04-24 00:00:00,412.3741465416062,2878259.0,414.5155157850806,415.30479954828405,409.8401375529032,TSLA,stock,True
2025-04-25,2025-04-25 00:00:00,414.61354221191954,3982711.0,409.5905211630253,415.3217336150806,408.34234142108613,TSLA,stock,True
2025-04-28,2025-04-28 00:00:00,409.44973823351637,1883086.0,403.4587547567982,412.8934465684146,403.2118448436142,TSLA,stock,True
2025-04-29,2025-04-29 00:00:00,403.6170593421724,4924349.0,404.5428380851488,407.66708789925025,399.8147153621967,TSLA,stock,True
2025-04-30,2025-04-30 00:00:00,404.5338335201599,3153778.0,406.17153682479216,409.4317767251302,400.84195314766214,TSLA,stock,True
2025-05-01,2025-05-01 00:00:00,406.0449402720195,3741087.0,404.22498857335836,409.5348452112804,402.5728368371794,TSLA,stock,True
2025-05-02,2025-05-02 00:00:00,404.2111012721664,2324612.0,400.6707537667639,407.0766632445691,400.2993083036111,TSLA,stock,True
2025-05-05,2025-05-05 00:00:00,400.8349741099355,3989625.0,406.58405199638497,408.3470286952648,400.45960669499385,TSLA,stock,True
2025-05-06,2025-05-06 00:00:00,406.67286924789425,4958639.0,402.42086879445225,406.7006211602515,401.8487155289517,TSLA,stock,True
2025-05-07,2025-05-07 00:00:00,402.4033650390506,1483348.0,401.64003859823094,403.56596567306025,399.61144768479795,TSLA,stock,True
2025-05-08,2025-05-08 00:00:00,401.448819856494,589539.0,401.80051390258495,403.8523852140496,400.8990607367964,TSLA,stock,True
2025-05-09,2025-05-09 00:00:00,401.83716473209523,1257659.0,396.22513239421363,404.4795345822797,394.5502045263236,TSLA,stock,True
2025-05-12,2025-05-12 00:00:00,396.3536711908181,1443357.0,393.4389323701311,398.29948186573915,391.3797154363992,TSLA,stock,True
2025-05-13,2025-05-13 00:00:00,393.49849633694373,3302084.0,393.08579053641284,394.7135146719933,391.72499192477176,TSLA,stock,True
2025-05-14,2025-05-14 00:00:00,393.23652027586434,721372.0,395.00612334677,397.4090189249077,393.1476973929358,TSLA,stock,True
2025-05-15,2025-05-15 00:00:00,395.1380352932127,1799852.0,395.3236107628818,397.8806470408211,394.03359602238874,TSLA,stock,True
2025-05-16,2025-05-16 00:00:00,395.38633350051504,4194371.0,391.86743955564134,398.63359004491923,390.2726929600622,TSLA,stock,True
2025-05-19,2025-05-19 00:00:00,391.87301711682886,2194627.0,396.3567450537638,397.99525592839143,391.59956601579364,TSLA,stock,True
2025-05-20,2025-05-20 00:00:00,396.2939236369158,4879036.0,396.1490319880269,399.4136820152588,395.02610906149687,TSLA,stock,True
2025-05-21,2025-05-21 00:00:00,396.23263567743817,1931813.0,393.7923753280978,397.65008313193744,390.8433611020792,TSLA,stock,True
2025-05-22,2025-05-22 00:00:00,393.77882914637183,2384712.0,392.5775188424342,395.9664185033089,390.5191567043176,TSLA,stock,True
2025-05-23,2025-05-23 00:00:00,392.6070433641277,3486239.0,387.90098013551506,396.15972381056565,384.27117536880957,TSLA,stock,True
2025-05-26,2025-05-26 00:00:00,388.04805720535273,1220062.0,387.32954016788295,390.3721815751467,384.1599972005975,TSLA,stock,True
2025-05-27,2025-05-27 00:00:00,387.1256738408022,4236451.0,385.86714662269867,390.9076751166826,383.5037369243136,TSLA,stock,True
2025-05-28,2025-05-28 00:00:00,385.89572809773074,3156901.0,380.6070226082167,386.0056226524835,378.96096847112335,TSLA,stock,True
2025-05-29,2025-05-29 00:00:00,380.41244241749894,2307300.0,376.68166517269805,383.0960688109504,374.58043456115496,TSLA,stock,True
2025-05-30,2025-05-30 00:00:00,376.4883679556463,937628.0,379.90795729568924,380.7185161554565,374.3495562316541,TSLA,stock,True
2025-06-02,2025-06-02 00:00:00,379.71088792498534,4673972.0,377.8478915877088,381.00944619709014,375.99819121438924,TSLA,stock,True
2025-06-03,2025-06-03 00:00:00,377.8249059702433,1449801.0,383.5677132394003,385.96649579395864,375.0228552787846,TSLA,stock,True
2025-06-04,2025-06-04 00:00:00,383.5425975849186,4974081.0,380.4412121643115,387.3779580681756,378.6729041915832,TSLA,stock,True
2025-06-05,2025-06-05 00:00:00,380.56709977012105,1020898.0,376.5327369219659,383.46175640045243,374.5751802405358,TSLA,stock,True
2025-06-06,2025-06-06 00:00:00,376.6357362025123,782425.0,375.1318701606743,378.0549510521316,374.08862206462163,TSLA,stock,True
2025-06-09,2025-06-09 00:00:00,375.06283962032313,4582360.0,375.10955813501084,376.43688115449913,374.65916395845403,TSLA,stock,True
2025-06-10,2025-06-10 00:00:00,375.2532306030486,3190098.0,372.25189684130527,376.30351698532326,370.6712275571733,TSLA,stock,True
2025-06-11,2025-06-11 00:00:00,372.18502059579197,538121.0,372.35725552065213,372.7833176675255,370.63338229572776,TSLA,stock,True
2025-06-12,2025-06-12 00:00:00,372.2552203734307,1986788.0,375.0697744631645,376.4101928029041,370.8532205118723,TSLA,stock,True
2025-06-13,2025-06-13 00:00:00,374.9177529880303,596355.0,370.45064160066346,376.53562358234143,369.69234804204103,TSLA,stock,True
2025-06-16,2025-06-16 00:00:00,370.5059724385368,2163451.0,369.45172296123155,371.5400240243905,368.1261525093103,TSLA,stock,True
2025-06-17,2025-06-17 00:00:00,369.5547335388624,4306437.0,365.0191065220974,372.68484002779235,363.7608265787531,TSLA,stock,True
2025-06-18,2025-06-18 00:00:00,365.135854919328,2065671.0,360.02835338820364,366.890118243724,358.0610241023422,TSLA,stock,True
2025-06-19,2025-06-19 00:00:00,359.8620703889916,2124849.0,358.8384261224687,360.62135813165736,355.3484889236107,TSLA,stock,True
2025-06-20,2025-06-20 00:00:00,358.9942170387062,641986.0,360.5682513246774,360.9624743713931,356.46338455658764,TSLA,stock,True
2025-06-23,2025-06-23 00:00:00,360.44811439043804,1460322.0,364.54583571575307,365.3438419401747,357.40498391395596,TSLA,stock,True
2025-06-24,2025-06-24 00:00:00,364.66373576149977,4028768.0,367.91329389619995,371.26027269301255,362.71763297567475,TSLA,stock,True
2025-06-25,2025-06-25 00:00:00,368.04217081667514,4596563.0,364.1407014668897,368.3681049933987,363.00121838154917,TSLA,stock,True
2025-06-26,2025-06-26 00:00:00,364.0718688039063,1752835.0,362.36396456843806,367.41405715842575,361.9375262454493,TSLA,stock,True
2025-06-27,2025-06-27 00:00:00,362.3822087059558,4010698.0,364.7605377609793,367.04640033252446,360.0754348648079,TSLA,stock,True
2025-06-30,2025-06-30 00:00:00,364.8475635016989,2334428.0,362.77625766820046,365.8701240158473,361.43754604839603,TSLA,stock,True
2025-07-01,2025-07-01 00:00:00,362.7354884738518,3870271.0,361.06353051237147,363.9653213157472,361.03818441419565,TSLA,stock,True
2025-07-02,2025-07-02 00:00:00,360.8866406441395,3190900.0,361.37672498209605,364.89633435174323,359.68195816774954,TSLA,stock,True
2025-07-03,2025-07-03 00:00:00,361.22822436388356,939013.0,362.3541989662167,365.83895736017047,358.4378236588414,TSLA,stock,True
2025-07-04,2025-07-04 00:00:00,362.2315238690801,3558652.0,361.3804622774518,364.0373714070398,361.2800757311469,TSLA,stock,True
2025-07-07,2025-07-07 00:00:00,361.26715122702353,2559267.0,360.3446568866595,362.0954384282266,358.2928472668774,TSLA,stock,True
2025-07-08,2025-07-08 00:00:00,360.15076481096827,3359160.0,355.61975299780937,362.48767888404427,353.66118125822976,TSLA,stock,True
2025-07-09,2025-07-09 00:00:00,355.4336078622,2954980.0,357.71504112942165,360.1045210333268,352.3448730983921,TSLA,stock,True
2025-07-10,2025-07-10 00:00:00,357.6721447173237,2981185.0,355.55032489990845,361.0034418050082,353.570927016712,TSLA,stock,True
2025-07-11,2025-07-11 00:00:00,355.4249579492275,1961038.0,355.5360427786805,357.96815436807526,352.3577139489713,TSLA,stock,True
2025-07-14,2025-07-14 00:00:00,355.56506092942476,4459949.0,355.5667963059608,356.2488661334824,354.4164006820751,TSLA,stock,True
2025-07-15,2025-07-15 00:00:00,355.5422420793696,4079446.0,358.0,360.6955587634484,354.3050280054328,TSLA,stock,True
2024-11-06,2024-11-06 00:00:00,1210.9320163069087,39300419.0,1213.3016498056866,1218.373872534644,1201.5704803596109,SPY,index,True
2024-11-07,2024-11-07 00:00:00,1213.4515315181866,31743079.0,1201.9759283535025,1216.0140326551568,1197.203907998294,SPY,index,True
2024-11-08,2024-11-08 00:00:00,1201.5663665399131,10551982.0,1194.1549318660825,1206.6748053094175,1184.6061098637476,SPY,index,True
2024-11-11,2024-11-11 00:00:00,1194.263301642894,31816795.0,1205.025636345153,1212.749505468027,1183.3598943365903,SPY,index,True
2024-11-12,2024-11-12 00:00:00,1204.5076362053003,6093773.0,1193.8879827539813,1206.4114996988874,1185.5737060984732,SPY,index,True
2024-11-13,2024-11-13 00:00:00,1194.201714780851,37119252.0,1190.134818477108,1194.756398742727,1181.4268982299652,SPY,index,True
2024-11-14,2024-11-14 00:00:00,1190.4543015226686,12895907.0,1199.777652055351,1207.7446174040676,1189.5545225047133,SPY,index,True
2024-11-15,2024-11-15 00:00:00,1200.163928244432,21973914.0,1192.0342243116215,1208.950844770321,1190.7974306287426,SPY,index,True
2024-11-18,2024-11-18 00:00:00,1191.8335540295102,15803963.0,1183.2460398036046,1199.6553893992243,1181.2036923194344,SPY,index,True
2024-11-19,2024-11-19 00:00:00,1183.320979486395,31332084.0,1181.3481148934272,1185.8635757462341,1169.7813166443386,SPY,index,True
2024-11-20,2024-11-20 00:00:00,1181.620239965227,10088826.0,1193.1289095851662,1198.0483523816958,1178.6957090582175,SPY,index,True
2024-11-21,2024-11-21 00:00:00,1193.1103177881357,24128523.0,1200.775848088832,1202.654986173641,1189.8239754963258,SPY,index,True
2024-11-22,2024-11-22 00:00:00,1200.6281711122135,15782196.0,1191.804231761766,1208.6363860719362,1187.8429140054216,SPY,index,True
2024-11-25,2024-11-25 00:00:00,1191.3552685990978,39088435.0,1197.3427117934705,1206.3311467986255,1187.8827946424842,SPY,index,True
2024-11-26,2024-11-26 00:00:00,1197.646214893082,26320202.0,1202.1955264867092,1211.5229374296282,1195.6471779834471,SPY,index,True
2024-11-27,2024-11-27 00:00:00,1202.308054456299,39858155.0,1192.8938757197045,1204.2826791862294,1191.9039010105553,SPY,index,True
2024-11-28,2024-11-28 00:00:00,1192.7666699158406,13116262.0,1186.566071450123,1204.3799729869422,1183.110788926519,SPY,index,True
2024-11-29,2024-11-29 00:00:00,1186.4743950337636,26811472.0,1189.6959209124373,1194.219389836196,1176.1494338346927,SPY,index,True
2024-12-02,2024-12-02 00:00:00,1189.4573013309848,33446598.0,1191.4180481899625,1200.0534369748118,1178.0849242946363,SPY,index,True
2024-12-03,2024-12-03 00:00:00,1191.083780202474,43208682.0,1193.425136181913,1202.4703630445963,1188.2034065418577,SPY,index,True
2024-12-04,2024-12-04 00:00:00,1193.1474543394752,44083600.0,1202.6359292685902,1204.3597083037166,1186.4941080175815,SPY,index,True
2024-12-05,2024-12-05 00:00:00,1202.5688681065617,7148351.0,1210.5820339573315,1222.6612538309994,1193.614360097406,SPY,index,True
2024-12-06,2024-12-06 00:00:00,1210.8810731357248,38361498.0,1204.6895528284138,1217.457486650697,1197.517869397674,SPY,index,True
2024-12-09,2024-12-09 00:00:00,1205.0056278187903,32363993.0,1204.001799036421,1209.3995113493208,1194.0096549718878,SPY,index,True
2024-12-10,2024-12-10 00:00:00,1203.6639077041632,27252392.0,1213.0058920051247,1213.419299127448,1192.4898696924417,SPY,index,True
2024-12-11,2024-12-11 00:00:00,1212.7331912966772,32622999.0,1201.0014684652704,1218.9708657570814,1197.6586277080728,SPY,index,True
2024-12-12,2024-12-12 00:00:00,1200.980653432789,25969382.0,1190.6116616827421,1212.6455165249333,1188.24120280282,SPY,index,True
2024-12-13,2024-12-13 00:00:00,1190.1226879456628,26838484.0,1200.0255274423605,1200.3554257177532,1182.4489592813497,SPY,index,True
2024-12-16,2024-12-16 00:00:00,1199.6053299397652,32645551.0,1201.83248525212,1208.802838697424,1197.9499787503717,SPY,index,True
2024-12-17,2024-12-17 00:00:00,1202.2070916259604,20025528.0,1206.2941529786167,1210.2377553313647,1197.5886002870493,SPY,index,True
2024-12-18,2024-12-18 00:00:00,1206.2823944264046,23557688.0,1217.870662957794,1218.3942638090891,1203.3320977631827,SPY,index,True
2024-12-19,2024-12-19 00:00:00,1218.0298472169313,31595741.0,1214.855349646319,1225.423741828731,1214.789506545937,SPY,index,True
2024-12-20,2024-12-20 00:00:00,1215.0636100230668,35536783.0,1226.9782174993686,1237.9199043337253,1214.7692515649985,SPY,index,True
2024-12-23,2024-12-23 00:00:00,1226.8759888749673,15776352.0,1226.666006424138,1233.1076358455482,1223.107545569325,SPY,index,True
2024-12-24,2024-12-24 00:00:00,1227.0061134925986,11023713.0,1223.5412668805527,1238.0859876485938,1213.5033515779833,SPY,index,True
2024-12-25,2024-12-25 00:00:00,1223.003289935043,41308634.0,1218.2546557192363,1233.1908590304586,1206.7763498424245,SPY,index,True
2024-12-26,2024-12-26 00:00:00,1217.7573040719499,43704449.0,1217.686202469527,1224.5460168434754,1213.299466068307,SPY,index,True
2024-12-27,2024-12-27 00:00:00,1217.6270291293595,43859105.0,1227.746728807159,1232.2498135157268,1209.075362047054,SPY,index,True
2024-12-30,2024-12-30 00:00:00,1227.9999673385694,21737909.0,1226.3021238506833,1231.942943203725,1222.3113504884702,SPY,index,True
2024-12-31,2024-12-31 00:00:00,1226.3675784077932,48055375.0,1214.2719368533517,1226.6400047843385,1206.962386854593,SPY,index,True
2025-01-01,2025-01-01 00:00:00,1213.84325662976,7010481.0,1215.3198939423505,1216.4794082828591,1206.1001692547609,SPY,index,True
2025-01-02,2025-01-02 00:00:00,1215.2918559994037,24999345.0,1211.271250411199,1224.8533266175664,1201.0559624006446,SPY,index,True
2025-01-03,2025-01-03 00:00:00,1211.5027657149978,12695162.0,1209.3178896940378,1212.2787344895883,1206.043343349261,SPY,index,True
2025-01-06,2025-01-06 00:00:00,1209.3912696006905,27520300.0,1221.1562145046921,1225.107714656257,1199.0807413200055,SPY,index,True
2025-01-07,2025-01-07 00:00:00,1221.495518923941,9098039.0,1210.4690100635646,1232.8833974591246,1201.752571574485,SPY,index,True
2025-01-08,2025-01-08 00:00:00,1210.2763363981828,44973963.0,1221.15396184754,1229.012770047023,1206.6421139679235,SPY,index,True
2025-01-09,2025-01-09 00:00:00,1221.3321896565617,45400655.0,1224.0921074104988,1230.9599796638092,1210.9603854628278,SPY,index,True
2025-01-10,2025-01-10 00:00:00,1224.247310088775,39903033.0,1232.022529748039,1238.2039958121886,1215.6321235933478,SPY,index,True
2025-01-13,2025-01-13 00:00:00,1231.673436195731,36490196.0,1225.0152078163314,1234.0480017916466,1215.393342576417,SPY,index,True
2025-01-14,2025-01-14 00:00:00,1225.1076024380607,26607048.0,1233.6527411789414,1237.4576131374897,1222.2896849034662,SPY,index,True
2025-01-15,2025-01-15 00:00:00,1233.7811286176507,24856205.0,1221.692031224619,1240.8047421329725,1216.9245662351043,SPY,index,True
2025-01-16,2025-01-16 00:00:00,1221.7695938058075,20131243.0,1226.5037775079788,1231.9488549510359,1219.0442415853759,SPY,index,True
2025-01-17,2025-01-17 00:00:00,1226.0343657933852,29212521.0,1234.1230803937362,1235.3222306017885,1219.0140805025787,SPY,index,True
2025-01-20,2025-01-20 00:00:00,1234.0646703912705,35168656.0,1244.5013423558464,1245.774968243972,1230.7541348251416,SPY,index,True
2025-01-21,2025-01-21 00:00:00,1244.3618042730648,19974368.0,1243.1800673593286,1251.7358854573208,1240.7939580111727,SPY,index,True
2025-01-22,2025-01-22 00:00:00,1242.8532351238555,14740915.0,1233.4451832278023,1245.9505994770545,1232.3975269506848,SPY,index,True
2025-01-23,2025-01-23 00:00:00,1233.7060607285637,15660013.0,1225.5174877603372,1233.796285738236,1217.9540505496939,SPY,index,True
2025-01-24,2025-01-24 00:00:00,1225.895229152526,8837475.0,1215.4108707477676,1231.3603078014344,1209.430515897178,SPY,index,True
2025-01-27,2025-01-27 00:00:00,1215.6859465537573,7557122.0,1215.4171048523247,1221.524558916796,1204.1204287815829,SPY,index,True
2025-01-28,2025-01-28 00:00:00,1215.755686771951,25509230.0,1214.702529004472,1224.741339553147,1203.3273433956822,SPY,index,True
2025-01-29,2025-01-29 00:00:00,1214.7493728421903,6215746.0,1219.4860697546878,1223.861494924918,1205.5675469761738,SPY,index,True
2025-01-30,2025-01-30 00:00:00,1219.3832973222616,8874072.0,1230.3147290289387,1241.9346754567964,1214.4093472901486,SPY,index,True
2025-01-31,2025-01-31 00:00:00,1230.6533628360612,35031913.0,1226.8755125577757,1236.2099204517303,1223.047404123148,SPY,index,True
2025-02-03,2025-02-03 00:00:00,1226.9545586692277,28304176.0,1217.653339822501,1232.5598272090822,1211.0362479443254,SPY,index,True
2025-02-04,2025-02-04 00:00:00,1217.745093791016,37546743.0,1210.5711608626357,1228.9180515005264,1201.02181617932,SPY,index,True
2025-02-05,2025-02-05 00:00:00,1210.3127606549926,10573689.0,1202.0668130327995,1213.5331956164669,1201.2109313362068,SPY,index,True
2025-02-06,2025-02-06 00:00:00,1202.3302764953028,16036477.0,1198.3803395583802,1207.0472751194543,1191.9486946005213,SPY,index,True
2025-02-07,2025-02-07 00:00:00,1198.424417640136,10507199.0,1207.0635460441624,1213.3926497957998,1196.8958721579218,SPY,index,True
2025-02-10,2025-02-10 00:00:00,1206.6757173762614,49646157.0,1209.6615496222016,1220.4849622320542,1199.7894862235705,SPY,index,True
2025-02-11,2025-02-11 00:00:00,1209.8981504284186,22021369.0,1201.4480179051395,1218.8406896804827,1193.8475773717423,SPY,index,True
2025-02-12,2025-02-12 00:00:00,1201.2080893162617,40750078.0,1194.642262030058,1209.1273056487923,1188.9428248557601,SPY,index,True
2025-02-13,2025-02-13 00:00:00,1194.8196392890547,18897710.0,1187.935869393356,1195.9934400428067,1183.5799332849613,SPY,index,True
2025-02-14,2025-02-14 00:00:00,1187.6195343859874,42183637.0,1189.893705622205,1198.6292882952785,1186.0679339375504,SPY,index,True
2025-02-17,2025-02-17 00:00:00,1190.0027749090407,34873280.0,1191.6087788569182,1196.4073043736107,1188.940898315996,SPY,index,True
2025-02-18,2025-02-18 00:00:00,1191.1059102368226,9826267.0,1189.7426590147627,1196.321010588534,1184.9543197938992,SPY,index,True
2025-02-19,2025-02-19 00:00:00,1190.0348805122612,41395327.0,1201.667536628197,1210.5654871922748,1184.2311671746934,SPY,index,True
2025-02-20,2025-02-20 00:00:00,1201.1704121093387,31441450.0,1202.78130298467,1205.7007512863765,1190.211951454274,SPY,index,True
2025-02-21,2025-02-21 00:00:00,1202.9517005904904,18328363.0,1191.4191441196306,1204.4169495527628,1185.0972945952653,SPY,index,True
2025-02-24,2025-02-24 00:00:00,1191.5205886692058,28998400.0,1200.6778394113078,1201.7305745460005,1185.2889779051638,SPY,index,True
2025-02-25,2025-02-25 00:00:00,1200.9435572787972,44914766.0,1208.3058411601294,1212.5751873735148,1198.7625203972668,SPY,index,True
2025-02-26,2025-02-26 00:00:00,1207.850287879677,41609331.0,1215.8463656577965,1217.0856865501312,1200.5167033941314,SPY,index,True
2025-02-27,2025-02-27 00:00:00,1215.938959222077,29711403.0,1208.4019295076998,1216.6155546297907,1200.9347612556298,SPY,index,True
2025-02-28,2025-02-28 00:00:00,1208.681410022916,39559592.0,1209.6255308112532,1211.7131495913447,1208.365564545545,SPY,index,True
2025-03-03,2025-03-03 00:00:00,1209.131568859863,6908052.0,1197.3802224012315,1216.101127471667,1196.1751358965084,SPY,index,True
2025-03-04,2025-03-04 00:00:00,1197.5545854754469,26501207.0,1201.5596471613578,1208.9755664365875,1192.199571324276,SPY,index,True
2025-03-05,2025-03-05 00:00:00,1201.8055105294877,31129839.0,1202.4764841850701,1203.163982011883,1199.3335566528965,SPY,index,True
2025-03-06,2025-03-06 00:00:00,1202.3972281015485,35863367.0,1194.8140474475456,1203.032258745792,1187.5971547365984,SPY,index,True
2025-03-07,2025-03-07 00:00:00,1194.353062264888,20343019.0,1195.0211864917858,1198.0115020205544,1189.1710508983879,SPY,index,True
2025-03-10,2025-03-10 00:00:00,1194.9451504477208,36601456.0,1199.2553562105945,1208.3044762582763,1194.1807698864789,SPY,index,True
2025-03-11,2025-03-11 00:00:00,1199.267598810766,27221935.0,1199.733750812422,1209.1844942643247,1188.1400410563176,SPY,index,True
2025-03-12,2025-03-12 00:00:00,1199.6580201429472,36198964.0,1204.3607603391551,1207.0907066616085,1196.5827752358248,SPY,index,True
2025-03-13,2025-03-13 00:00:00,1204.2520019610008,17782292.0,1215.9914730649691,1218.8779684512033,1195.4667009513664,SPY,index,True
2025-03-14,2025-03-14 00:00:00,1215.6214229776142,19113131.0,1205.1275401513867,1222.8368242247739,1197.3100380421579,SPY,index,True
2025-03-17,2025-03-17 00:00:00,1205.3667842660354,40598043.0,1211.0997755030774,1219.0226387435944,1198.587628575547,SPY,index,True
2025-03-18,2025-03-18 00:00:00,1210.6127774902288,37721583.0,1206.3447441725814,1221.8447368332963,1198.2132659138174,SPY,index,True
2025-03-19,2025-03-19 00:00:00,1206.231607223637,18004449.0,1201.5726083478532,1212.4302001116096,1190.7468746884692,SPY,index,True
2025-03-20,2025-03-20 00:00:00,1201.6567877936723,33428648.0,1213.5993810121843,1221.1318696028527,1200.5901663350105,SPY,index,True
2025-03-21,2025-03-21 00:00:00,1213.618443668057,6969217.0,1205.7255986514915,1220.6633554359603,1197.874224267869,SPY,index,True
2025-03-24,2025-03-24 00:00:00,1205.6018622697657,41881199.0,1214.6444903845622,1222.425772916083,1201.5639187871257,SPY,index,True
2025-03-25,2025-03-25 00:00:00,1215.0814139473512,22128985.0,1220.6724883180254,1232.2212160830031,1214.5668573241999,SPY,index,True
2025-03-26,2025-03-26 00:00:00,1220.791471183041,19907333.0,1225.879274832537,1227.8881960023239,1215.8760281526195,SPY,index,True
2025-03-27,2025-03-27 00:00:00,1225.5782160182596,28975621.0,1230.347626799293,1238.693836591696,1223.4082316933486,SPY,index,True
2025-03-28,2025-03-28 00:00:00,1229.8619210953389,25606858.0,1222.947616743129,1230.095382538235,1215.6209593464416,SPY,index,True
2025-03-31,2025-03-31 00:00:00,1223.3579765457423,40171875.0,1229.4126703420854,1237.6635413165097,1221.6077173091694,SPY,index,True
2025-04-01,2025-04-01 00:00:00,1229.0055596951179,5332567.0,1236.2455369238771,1245.7281481890036,1226.1144098793593,SPY,index,True
2025-04-02,2025-04-02 00:00:00,1236.2543826171318,29977004.0,1238.756433510572,1239.4424433560407,1229.7950425130562,SPY,index,True
2025-04-03,2025-04-03 00:00:00,1238.6782843840733,14887438.0,1239.0817649017815,1240.7375934556612,1236.386359483435,SPY,index,True
2025-04-04,2025-04-04 00:00:00,1239.1422624011334,23062209.0,1227.6069784168453,1246.017221179409,1225.4758636295028,SPY,index,True
2025-04-07,2025-04-07 00:00:00,1227.4400429030172,31677727.0,1233.515156873296,1236.4011575419636,1225.1842633299675,SPY,index,True
2025-04-08,2025-04-08 00:00:00,1233.008400254169,18757056.0,1226.0739818186225,1240.0663335748259,1217.5076242443256,SPY,index,True
2025-04-09,2025-04-09 00:00:00,1226.0410818229916,11605995.0,1230.722694214721,1240.6097821823503,1219.29846276044,SPY,index,True
2025-04-10,2025-04-10 00:00:00,1230.5367746580584,48610383.0,1226.249699427496,1234.8277193274678,1216.8172440897317,SPY,index,True
2025-04-11,2025-04-11 00:00:00,1225.7458958407428,46362892.0,1219.341789752006,1233.147794435377,1211.87983173198,SPY,index,True
2025-04-14,2025-04-14 00:00:00,1219.5686179757797,32654777.0,1213.2651318239607,1229.7322862620415,1209.2247064640808,SPY,index,True
2025-04-15,2025-04-15 00:00:00,1213.0782603024047,43963385.0,1223.6032959825675,1230.782005539135,1210.8020125686721,SPY,index,True
2025-04-16,2025-04-16 00:00:00,1223.3098056347537,30067430.0,1226.8403525472017,1232.17112164054,1215.0861535300735,SPY,index,True
2025-04-17,2025-04-17 00:00:00,1226.7553532414292,14321003.0,1239.0657810189182,1249.225541935953,1221.8473867258513,SPY,index,True
2025-04-18,2025-04-18 00:00:00,1239.230733058471,37093028.0,1241.504764927161,1248.5466553301721,1231.0371672599538,SPY,index,True
2025-04-21,2025-04-21 00:00:00,1241.388501908234,19092412.0,1243.3164030579258,1248.599617447711,1231.8873966404558,SPY,index,True
2025-04-22,2025-04-22 00:00:00,1242.7696331026452,35547552.0,1252.2767940780122,1263.963213978796,1234.9184705608282,SPY,index,True
2025-04-23,2025-04-23 00:00:00,1252.300275505339,18750052.0,1249.9042838679172,1256.9234290605755,1248.5914756438817,SPY,index,True
2025-04-24,2025-04-24 00:00:00,1249.4298932883678,8380364.0,1257.5198889034807,1260.0746824785087,1238.6850972442544,SPY,index,True
2025-04-25,2025-04-25 00:00:00,1257.6986895370792,48465513.0,1268.71830259985,1281.3141080766013,1251.1988973256618,SPY,index,True
2025-04-28,2025-04-28 00:00:00,1268.834227215893,12102015.0,1277.288150961547,1281.9168687631836,1264.0522753191683,SPY,index,True
2025-04-29,2025-04-29 00:00:00,1277.151142456733,31491476.0,1269.3346076158534,1281.1659946821221,1258.155488543106,SPY,index,True
2025-04-30,2025-04-30 00:00:00,1269.4776786037016,34938675.0,1275.4561581195885,1280.8988576443676,1262.467155628196,SPY,index,True
2025-05-01,2025-05-01 00:00:00,1275.497417803004,6516020.0,1277.2392928630595,1287.5377688676592,1269.2445445451608,SPY,index,True
2025-05-02,2025-05-02 00:00:00,1277.061103401099,19306496.0,1267.1606465301688,1281.5022603419065,1266.739856567452,SPY,index,True
2025-05-05,2025-05-05 00:00:00,1267.1881282517732,28734191.0,1266.6614087724595,1274.7357108799708,1254.0689904641254,SPY,index,True
2025-05-06,2025-05-06 00:00:00,1267.1055011121587,11437922.0,1275.286764258152,1287.0039264514194,1260.7848189851163,SPY,index,True
2025-05-07,2025-05-07 00:00:00,1275.527181514111,18990435.0,1266.1650916386675,1276.0360052573062,1255.6372074876563,SPY,index,True
2025-05-08,2025-05-08 00:00:00,1266.1247941099364,21118274.0,1254.0186982453422,1269.9134373033262,1246.757264155012,SPY,index,True
2025-05-09,2025-05-09 00:00:00,1253.677991892389,35038481.0,1244.8009890667124,1255.2230819835847,1236.6675051201419,SPY,index,True
2025-05-12,2025-05-12 00:00:00,1244.3198279660621,46570583.0,1241.6908978080116,1255.8240479236135,1238.627776696941,SPY,index,True
2025-05-13,2025-05-13 00:00:00,1241.1468055956364,45808136.0,1250.156685026864,1262.0229218081936,1232.5937648108807,SPY,index,True
2025-05-14,2025-05-14 00:00:00,1250.1392827341351,11557251.0,1252.6953775050254,1253.021408924194,1239.3877586168771,SPY,index,True
2025-05-15,2025-05-15 00:00:00,1252.8026890370563,33799669.0,1245.2054545536419,1264.3665408342686,1235.7286557310238,SPY,index,True
2025-05-16,2025-05-16 00:00:00,1244.8288399805856,29557787.0,1232.7185611819532,1246.8537957475362,1223.1310296632407,SPY,index,True
2025-05-19,2025-05-19 00:00:00,1232.7825593844593,26709173.0,1226.1292657688155,1236.3105994530365,1220.9802647697459,SPY,index,True
2025-05-20,2025-05-20 00:00:00,1226.055310652817,27225674.0,1229.7468170323423,1235.9439908456698,1214.540637560551,SPY,index,True
2025-05-21,2025-05-21 00:00:00,1229.7759315831684,33115089.0,1235.0501011973508,1246.1714458282981,1225.6202129721698,SPY,index,True
2025-05-22,2025-05-22 00:00:00,1234.6068238907876,43737496.0,1232.3969754137738,1237.125173741538,1229.696495566436,SPY,index,True
2025-05-23,2025-05-23 00:00:00,1232.2615776994442,12123967.0,1237.9098467294107,1247.8790125471783,1229.176357008345,SPY,index,True
2025-05-26,2025-05-26 00:00:00,1237.9243274468254,49271443.0,1234.6248822284886,1240.8671064527296,1222.802442153147,SPY,index,True
2025-05-27,2025-05-27 00:00:00,1234.1040107496356,20928676.0,1229.7815721476945,1238.780968427383,1220.9364363807733,SPY,index,True
2025-05-28,2025-05-28 00:00:00,1229.6408138150332,13634263.0,1239.9680105883485,1244.0183780317493,1226.336221802845,SPY,index,True
2025-05-29,2025-05-29 00:00:00,1239.8650966407283,44826500.0,1248.2924795336678,1250.5520256830105,1232.4670805527305,SPY,index,True
2025-05-30,2025-05-30 00:00:00,1247.7850308748443,38342581.0,1245.526855310299,1249.438133764568,1235.3798175540883,SPY,index,True
2025-06-02,2025-06-02 00:00:00,1245.4516656974583,19630505.0,1250.4317179089967,1261.26734762821,1234.946306595544,SPY,index,True
2025-06-03,2025-06-03 00:00:00,1250.014523747385,11245109.0,1245.327390731255,1254.270233266993,1237.7233569507055,SPY,index,True
2025-06-04,2025-06-04 00:00:00,1245.150369969987,16117424.0,1236.583090932623,1257.36326332001,1225.4805952096958,SPY,index,True
2025-06-05,2025-06-05 00:00:00,1236.7309786942355,17086386.0,1234.976580270868,1241.8729598151133,1225.4386449541764,SPY,index,True
2025-06-06,2025-06-06 00:00:00,1235.400189018868,30009382.0,1228.3323130249848,1236.9237038580532,1223.8032232667308,SPY,index,True
2025-06-09,2025-06-09 00:00:00,1228.2820097271026,37668973.0,1226.04661365502,1236.378857147665,1222.970144914955,SPY,index,True
2025-06-10,2025-06-10 00:00:00,1225.5899906477487,43938052.0,1221.9484818063593,1235.979865800376,1209.8341664390728,SPY,index,True
2025-06-11,2025-06-11 00:00:00,1221.5060997474966,28153660.0,1226.3956305856025,1232.8962327362121,1215.7741847834811,SPY,index,True
2025-06-12,2025-06-12 00:00:00,1226.451445702638,14691838.0,1219.5317857085474,1229.758823054291,1211.5646528989264,SPY,index,True
2025-06-13,2025-06-13 00:00:00,1219.616788590253,24854920.0,1211.4076079549832,1230.5015092857038,1203.0252121218407,SPY,index,True
2025-06-16,2025-06-16 00:00:00,1211.0620540254104,34285083.0,1211.8922012239625,1216.855647144621,1205.7117911280611,SPY,index,True
2025-06-17,2025-06-17 00:00:00,1211.9140960622838,18775214.0,1217.3600590923602,1221.255534142476,1202.863453761565,SPY,index,True
2025-06-18,2025-06-18 00:00:00,1217.5985046020335,24892776.0,1222.927683952522,1229.4669303657452,1216.8960245211235,SPY,index,True
2025-06-19,2025-06-19 00:00:00,1222.4559606945297,29573687.0,1221.5592585377462,1222.948538397894,1213.1828617260483,SPY,index,True
2025-06-20,2025-06-20 00:00:00,1221.4090640322688,10986165.0,1226.5910183893845,1233.0775092515853,1218.349978294346,SPY,index,True
2025-06-23,2025-06-23 00:00:00,1226.8691741911975,45357387.0,1236.0288878552574,1243.5994218379722,1224.2310700716414,SPY,index,True
2025-06-24,2025-06-24 00:00:00,1235.7219027959693,13621367.0,1230.2400908654224,1244.359420913067,1222.3274263764918,SPY,index,True
2025-06-25,2025-06-25 00:00:00,1230.4518589460754,47882048.0,1231.9082279564627,1236.2354593206157,1225.3389163671818,SPY,index,True
2025-06-26,2025-06-26 00:00:00,1231.3839250854849,9265465.0,1237.9836035268463,1242.4804684679973,1227.0374682424358,SPY,index,True
2025-06-27,2025-06-27 00:00:00,1237.486666215576,44060460.0,1246.919994253397,1254.6058660921055,1236.1158458526966,SPY,index,True
2025-06-30,2025-06-30 00:00:00,1246.8016901155488,43970490.0,1255.0071225838708,1257.9316333142074,1243.5632088837624,SPY,index,True
2025-07-01,2025-07-01 00:00:00,1254.5439748358347,28196935.0,1259.9607888351532,1260.8707912496816,1250.8065180180117,SPY,index,True
2025-07-02,2025-07-02 00:00:00,1259.8426191735712,11085964.0,1252.6404132351365,1261.6829716619286,1252.2521844791293,SPY,index,True
2025-07-03,2025-07-03 00:00:00,1252.6881582246754,26487391.0,1261.752808990683,1264.7774940597178,1249.4226316187446,SPY,index,True
2025-07-04,2025-07-04 00:00:00,1261.2217243978798,44375109.0,1265.8480353524735,1272.537534229751,1260.523795642702,SPY,index,True
2025-07-07,2025-07-07 00:00:00,1266.262540680139,34475917.0,1255.7138650608529,1269.5525109378764,1251.5425095990302,SPY,index,True
2025-07-08,2025-07-08 00:00:00,1255.4258571194048,22435829.0,1243.810502806854,1257.5927729947055,1236.4599963925723,SPY,index,True
2025-07-09,2025-07-09 00:00:00,1243.4383622866085,21939782.0,1252.5050288087707,1256.9648716031463,1241.3643361408729,SPY,index,True
2025-07-10,2025-07-10 00:00:00,1252.2341898316242,30964040.0,1243.2080381930452,1257.8009689932182,1240.5521601877522,SPY,index,True
2025-07-11,2025-07-11 00:00:00,1242.8572675965931,10191500.0,1233.6431361343846,1254.6645163032897,1221.7563867139456,SPY,index,True
2025-07-14,2025-07-14 00:00:00,1233.7361110807092,24278241.0,1244.656517596869,1255.3483035120173,1226.0827864314183,SPY,index,True
2025-07-15,2025-07-15 00:00:00,1244.5347120817448,42465751.0,1252.0,1255.8536939493586,1235.8266203660467,SPY,index,True
2024-11-06,2024-11-06 00:00:00,1341.33576225112,17567130.0,1330.8610413211393,1341.5293456733998,1327.6176720970523,QQQ,index,True
2024-11-07,2024-11-07 00:00:00,1331.087070032153,19525006.0,1331.9397327234751,1340.6400510079854,1326.5238633034305,QQQ,index,True
2024-11-08,2024-11-08 00:00:00,1331.6013074610726,28088731.0,1331.0026138556018,1342.0376485018194,1319.229214811479,QQQ,index,True
2024-11-11,2024-11-11 00:00:00,1331.334998148162,20624035.0,1330.2562100818245,1343.652711768191,1318.9059587006716,QQQ,index,True
2024-11-12,2024-11-12 00:00:00,1330.579157424514,29540942.0,1320.5478400988827,1333.504469506872,1313.3721021676715,QQQ,index,True
2024-11-13,2024-11-13 00:00:00,1320.913180618872,28231661.0,1317.1660128006472,1329.0943802838203,1312.3254169637423,QQQ,index,True
2024-11-14,2024-11-14 00:00:00,1316.8916502472082,42129564.0,1308.5470905488355,1320.0348150689429,1300.655753485306,QQQ,index,True
2024-11-15,2024-11-15 00:00:00,1308.9147711166997,46659434.0,1302.57800745369,1319.2408359102235,1292.3006743405624,QQQ,index,True
2024-11-18,2024-11-18 00:00:00,1302.496574283482,19348992.0,1304.671485508168,1317.690478274175,1299.6170630838892,QQQ,index,True
2024-11-19,2024-11-19 00:00:00,1304.9841066361193,24434118.0,1303.6662879583816,1314.4001735957265,1293.2920690943808,QQQ,index,True
2024-11-20,2024-11-20 00:00:00,1303.4437065644229,41152368.0,1295.6612354989447,1307.6036732745672,1292.756576126063,QQQ,index,True
2024-11-21,2024-11-21 00:00:00,1296.0855796960664,38843503.0,1297.928006534945,1298.1025753101455,1285.8577661477452,QQQ,index,True
2024-11-22,2024-11-22 00:00:00,1297.4792305519416,42311938.0,1296.6665358733255,1304.6496435570891,1292.330900351934,QQQ,index,True
2024-11-25,2024-11-25 00:00:00,1296.4775282985495,43698865.0,1295.8541124884164,1298.121056240814,1295.4436292455225,QQQ,index,True
2024-11-26,2024-11-26 00:00:00,1295.5216298280109,21278274.0,1304.799975163875,1315.6820402709732,1283.8750619216107,QQQ,index,True
2024-11-27,2024-11-27 00:00:00,1304.90716784019,20163356.0,1309.1891726125639,1315.2611359122145,1297.8489215440345,QQQ,index,True
2024-11-28,2024-11-28 00:00:00,1308.9445669054908,22055344.0,1306.3560847762067,1321.2981942508527,1296.5965251783634,QQQ,index,True
2024-11-29,2024-11-29 00:00:00,1306.2550866993715,21464892.0,1306.6439507776308,1309.7126403871112,1293.4716640224012,QQQ,index,True
2024-12-02,2024-12-02 00:00:00,1306.2388096292068,47926741.0,1303.788020571285,1315.1491272894195,1299.0122904985164,QQQ,index,True
2024-12-03,2024-12-03 00:00:00,1303.7677683432983,5424347.0,1297.334280082676,1313.4962491481358,1287.4739570707552,QQQ,index,True
2024-12-04,2024-12-04 00:00:00,1297.5364645058323,29273029.0,1288.1711237917248,1298.8563370399695,1277.8441955074497,QQQ,index,True
2024-12-05,2024-12-05 00:00:00,1287.7391468545286,15805103.0,1275.601794933192,1291.9474363599793,1272.5912043119913,QQQ,index,True
2024-12-06,2024-12-06 00:00:00,1275.9209462398753,38834255.0,1275.1112682270991,1276.9936690055224,1264.3626219570087,QQQ,index,True
2024-12-09,2024-12-09 00:00:00,1275.268220478604,17303164.0,1285.1146928236435,1285.7793752710074,1267.0746029172478,QQQ,index,True
2024-12-10,2024-12-10 00:00:00,1284.7001066800656,37293789.0,1296.594870478583,1302.421573909289,1282.9304253787632,QQQ,index,True
2024-12-11,2024-12-11 00:00:00,1296.1003538223133,34707472.0,1306.148291272267,1309.2424635080488,1294.8413523715276,QQQ,index,True
2024-12-12,2024-12-12 00:00:00,1306.4658424622892,35713089.0,1298.752166301136,1313.47717016824,1291.4650971618416,QQQ,index,True
2024-12-13,2024-12-13 00:00:00,1298.5277248563345,23711774.0,1309.3713114732075,1310.6776840650907,1293.909737842255,QQQ,index,True
2024-12-16,2024-12-16 00:00:00,1308.8229352373037,35847601.0,1310.839968316692,1315.0163630214927,1298.967084878414,QQQ,index,True
2024-12-17,2024-12-17 00:00:00,1311.0460923309847,39312296.0,1302.6372555996795,1315.1700553287023,1295.595162113439,QQQ,index,True
2024-12-18,2024-12-18 00:00:00,1303.0008553802536,35670770.0,1303.6195098678338,1316.2424541541902,1299.337670149485,QQQ,index,True
2024-12-19,2024-12-19 00:00:00,1303.5139961895932,11178806.0,1297.887351981678,1313.3530861855452,1295.1431424705952,QQQ,index,True
2024-12-20,2024-12-20 00:00:00,1297.704472175075,38442760.0,1306.188612227724,1309.1545858076202,1295.4064219394475,QQQ,index,True
2024-12-23,2024-12-23 00:00:00,1306.3619717997547,40382234.0,1309.2893436882907,1313.772505606752,1305.803454229603,QQQ,index,True
2024-12-24,2024-12-24 00:00:00,1309.3681101472177,36850668.0,1307.434827394349,1322.2621125797689,1300.408756665744,QQQ,index,True
2024-12-25,2024-12-25 00:00:00,1307.7909299378657,11566254.0,1302.089141189999,1319.0109533427433,1289.4913063267404,QQQ,index,True
2024-12-26,2024-12-26 00:00:00,1301.74033053381,21164514.0,1291.1951754508732,1309.168252480555,1289.5381923789087,QQQ,index,True
2024-12-27,2024-12-27 00:00:00,1291.253169695938,49027602.0,1286.6362227402237,1301.3728521464152,1285.5965186561982,QQQ,index,True
2024-12-30,2024-12-30 00:00:00,1286.94251987609,21819352.0,1282.5151220819307,1296.6561227653488,1270.8735039409426,QQQ,index,True
2024-12-31,2024-12-31 00:00:00,1282.0030931477631,25013373.0,1278.423352207878,1284.7723963060841,1277.2774230751043,QQQ,index,True
2025-01-01,2025-01-01 00:00:00,1278.253182901646,46817553.0,1290.5588929135047,1296.618492499361,1271.3247889052845,QQQ,index,True
2025-01-02,2025-01-02 00:00:00,1290.0697284651433,45287188.0,1287.3542355362852,1291.5053410619935,1280.167615968003,QQQ,index,True
2025-01-03,2025-01-03 00:00:00,1287.5411268114412,22841551.0,1279.2470742217981,1291.402326534359,1269.7408642007738,QQQ,index,True
2025-01-06,2025-01-06 00:00:00,1279.1580169739245,43816739.0,1290.5606542553385,1299.6633029439963,1271.8781758324967,QQQ,index,True
2025-01-07,2025-01-07 00:00:00,1290.4394922936317,9620897.0,1279.3413866980843,1301.3048613377632,1269.2310796726172,QQQ,index,True
2025-01-08,2025-01-08 00:00:00,1279.01501506295,30614345.0,1284.1485420601937,1291.8358180652806,1269.5947163356404,QQQ,index,True
2025-01-09,2025-01-09 00:00:00,1284.0823133722618,28615941.0,1273.0632830635002,1292.1887581252047,1272.729406034317,QQQ,index,True
2025-01-10,2025-01-10 00:00:00,1272.808600657326,43759321.0,1269.9852506597988,1281.746369239373,1266.3887655607373,QQQ,index,True
2025-01-13,2025-01-13 00:00:00,1270.024572158306,29253907.0,1275.954186947798,1288.230384365183,1262.6046103851238,QQQ,index,True
2025-01-14,2025-01-14 00:00:00,1275.9220133998417,40375720.0,1288.086324540756,1291.631494464189,1270.4390014167645,QQQ,index,True
2025-01-15,2025-01-15 00:00:00,1288.302763027157,48413731.0,1300.464424880529,1311.2453799544605,1287.7873482719274,QQQ,index,True
2025-01-16,2025-01-16 00:00:00,1300.253417976641,38954257.0,1289.495158477596,1312.1204574785,1289.0923654880976,QQQ,index,True
2025-01-17,2025-01-17 00:00:00,1289.4882107771512,42399547.0,1279.050082935124,1296.801088530122,1270.9982411299738,QQQ,index,True
2025-01-20,2025-01-20 00:00:00,1279.0179883152684,47201256.0,1274.1335590426752,1279.3755160112378,1272.2755885447045,QQQ,index,True
2025-01-21,2025-01-21 00:00:00,1273.6947906494854,29411395.0,1269.1709868932462,1275.8950956545893,1256.7856126238996,QQQ,index,True
2025-01-22,2025-01-22 00:00:00,1269.3659588997575,7912359.0,1260.9021538949694,1280.2766335753922,1250.1620694859932,QQQ,index,True
2025-01-23,2025-01-23 00:00:00,1260.8116963183572,42537778.0,1256.2877969970643,1266.9057387868265,1252.851484430886,QQQ,index,True
2025-01-24,2025-01-24 00:00:00,1256.0373354656726,8269500.0,1265.3153952686614,1270.8126520527371,1249.097279975731,QQQ,index,True
2025-01-27,2025-01-27 00:00:00,1264.773251643961,23353300.0,1260.6013036922516,1265.506227388222,1250.1575823022968,QQQ,index,True
2025-01-28,2025-01-28 00:00:00,1260.2642430024812,15720154.0,1264.3271326569354,1276.5126076092358,1253.4947992403522,QQQ,index,True
2025-01-29,2025-01-29 00:00:00,1264.7554222234237,43027223.0,1264.1229080972414,1267.006166439931,1256.187105155993,QQQ,index,True
2025-01-30,2025-01-30 00:00:00,1263.790197478596,16231544.0,1276.2632890816774,1279.2245550544876,1251.5078034795142,QQQ,index,True
2025-01-31,2025-01-31 00:00:00,1275.869568255129,22024909.0,1281.9245509682635,1284.530364938111,1275.0859545853464,QQQ,index,True
2025-02-03,2025-02-03 00:00:00,1281.3671139300848,38696482.0,1278.1731000735513,1290.2342827692325,1267.5775669185284,QQQ,index,True
2025-02-04,2025-02-04 00:00:00,1278.5333525309331,31210877.0,1284.8153727000513,1290.8664027212985,1276.3967462617197,QQQ,index,True
2025-02-05,2025-02-05 00:00:00,1284.6236121120912,7954967.0,1291.4990389766062,1296.1875950411104,1279.399281376483,QQQ,index,True
2025-02-06,2025-02-06 00:00:00,1291.6285443561246,48488482.0,1291.4470949512177,1304.4636156171518,1282.631744233557,QQQ,index,True
2025-02-07,2025-02-07 00:00:00,1291.8514757588468,41134575.0,1289.3275819935911,1300.4573033274214,1286.535764501306,QQQ,index,True
2025-02-10,2025-02-10 00:00:00,1289.5530775005377,30181998.0,1282.5130003100749,1291.0660923707405,1281.3789456667998,QQQ,index,True
2025-02-11,2025-02-11 00:00:00,1282.9591298293265,12089566.0,1293.0265520973326,1304.3199930881199,1281.1110925980504,QQQ,index,True
2025-02-12,2025-02-12 00:00:00,1292.5899640016257,33416139.0,1288.4883101080172,1297.5324584088535,1287.6682468423755,QQQ,index,True
2025-02-13,2025-02-13 00:00:00,1288.0556809668856,17511749.0,1286.228942688986,1292.6149517036536,1275.5895878586794,QQQ,index,True
2025-02-14,2025-02-14 00:00:00,1286.689719282517,14840303.0,1299.1106276589048,1307.1853115909512,1285.1389295463362,QQQ,index,True
2025-02-17,2025-02-17 00:00:00,1299.2586878341622,35863436.0,1303.9079902591589,1312.44334917104,1288.901629827939,QQQ,index,True
2025-02-18,2025-02-18 00:00:00,1304.0395099237785,29061434.0,1313.7424758125624,1314.3142483096494,1298.4514006880781,QQQ,index,True
2025-02-19,2025-02-19 00:00:00,1313.168599814759,26639757.0,1308.7591776330707,1320.9737554492287,1299.4408999382129,QQQ,index,True
2025-02-20,2025-02-20 00:00:00,1308.255236451235,24645147.0,1319.7734453275611,1332.3890515534827,1304.4982094784782,QQQ,index,True
2025-02-21,2025-02-21 00:00:00,1319.618581154931,43716453.0,1330.6896942631165,1340.1239047567776,1315.5519265006621,QQQ,index,True
2025-02-24,2025-02-24 00:00:00,1330.7461394027594,22330669.0,1333.8480887268972,1337.8407650852328,1322.7696197227049,QQQ,index,True
2025-02-25,2025-02-25 00:00:00,1333.8017002093668,22154100.0,1335.5813256034405,1341.9932890378989,1328.771253200851,QQQ,index,True
2025-02-26,2025-02-26 00:00:00,1335.8668172550676,37800649.0,1348.1894241072341,1355.1834032585805,1331.5503276079141,QQQ,index,True
2025-02-27,2025-02-27 00:00:00,1348.2158335882386,17036940.0,1336.6085249752007,1360.350657980729,1334.7882561441913,QQQ,index,True
2025-02-28,2025-02-28 00:00:00,1336.5208434739557,28115486.0,1348.6810304984647,1361.732389739184,1329.2299984306494,QQQ,index,True
2025-03-03,2025-03-03 00:00:00,1348.908830802708,13757548.0,1340.102547678897,1350.3963772185543,1337.1033937898628,QQQ,index,True
2025-03-04,2025-03-04 00:00:00,1339.7059334709645,13316189.0,1332.747188259654,1340.470973846751,1327.2580084675942,QQQ,index,True
2025-03-05,2025-03-05 00:00:00,1332.4860741994153,41442071.0,1321.8446303687695,1345.4224180516887,1319.172344190083,QQQ,index,True
2025-03-06,2025-03-06 00:00:00,1321.7771331636488,48351464.0,1328.5525592506908,1329.272522075573,1310.5342303088514,QQQ,index,True
2025-03-07,2025-03-07 00:00:00,1328.911181265397,15696590.0,1327.1677227629777,1337.0668022181687,1324.5899586533724,QQQ,index,True
2025-03-10,2025-03-10 00:00:00,1327.1646089196975,18768406.0,1315.9029628879555,1339.9820902105107,1313.5439051746926,QQQ,index,True
2025-03-11,2025-03-11 00:00:00,1315.9692788972031,37204394.0,1304.9727937394555,1328.769687861563,1296.5111838567188,QQQ,index,True
2025-03-12,2025-03-12 00:00:00,1305.2410660290911,45686823.0,1309.8435934262643,1310.4164556400615,1302.5804322472216,QQQ,index,True
2025-03-13,2025-03-13 00:00:00,1309.6581887273821,40549792.0,1302.7994273571912,1317.1328113243171,1292.6213733638585,QQQ,index,True
2025-03-14,2025-03-14 00:00:00,1302.5091403505887,31395888.0,1292.200290831517,1306.3978289972797,1290.1040343438492,QQQ,index,True
2025-03-17,2025-03-17 00:00:00,1292.2533643205566,18061430.0,1298.5995254957957,1311.4466234640945,1292.0734231198685,QQQ,index,True
2025-03-18,2025-03-18 00:00:00,1298.3581440401804,25453331.0,1309.1406311884593,1310.3997816172332,1288.6155299814234,QQQ,index,True
2025-03-19,2025-03-19 00:00:00,1309.101854869974,7203122.0,1306.7653106027035,1317.0542945846066,1297.469132575832,QQQ,index,True
2025-03-20,2025-03-20 00:00:00,1307.1549570531042,7381362.0,1299.157761283772,1317.5968216770848,1296.161276165674,QQQ,index,True
2025-03-21,2025-03-21 00:00:00,1299.6021678936334,33750992.0,1295.7523164590914,1307.7886704731,1288.0563259679286,QQQ,index,True
2025-03-24,2025-03-24 00:00:00,1295.8496551307335,8796707.0,1285.6640327254288,1297.961771611169,1285.3518719457618,QQQ,index,True
2025-03-25,2025-03-25 00:00:00,1285.5969911758289,20109209.0,1276.7896127072477,1288.1387458338,1270.8736699911367,QQQ,index,True
2025-03-26,2025-03-26 00:00:00,1276.5106828426774,12107752.0,1269.6811503264687,1277.192754142542,1260.1401690324801,QQQ,index,True
2025-03-27,2025-03-27 00:00:00,1269.9187460036756,22720614.0,1280.8015124264252,1288.481728474844,1262.8765551479987,QQQ,index,True
2025-03-28,2025-03-28 00:00:00,1280.7633642956835,32404578.0,1268.682165467053,1280.9259988870645,1266.9379517851953,QQQ,index,True
2025-03-31,2025-03-31 00:00:00,1268.8757444942362,10488418.0,1263.9119957455127,1278.4871613738258,1255.4711358254672,QQQ,index,True
2025-04-01,2025-04-01 00:00:00,1263.4676892200184,16203022.0,1261.5242296883846,1267.978825175365,1256.5925131868553,QQQ,index,True
2025-04-02,2025-04-02 00:00:00,1261.5645903973048,27024492.0,1271.8144688696011,1283.002727464699,1253.970113267401,QQQ,index,True
2025-04-03,2025-04-03 00:00:00,1271.7943956466208,46484184.0,1276.1767435507606,1277.211016388409,1260.7767912712964,QQQ,index,True
2025-04-04,2025-04-04 00:00:00,1275.9273138668348,22471862.0,1268.0924637045728,1286.8896235279278,1257.5082478417478,QQQ,index,True
2025-04-07,2025-04-07 00:00:00,1268.3946457451675,9919664.0,1262.2739539904314,1276.493972569882,1255.494545437223,QQQ,index,True
2025-04-08,2025-04-08 00:00:00,1261.7469928926353,27361390.0,1264.5723599931493,1275.9178511743162,1261.453373232745,QQQ,index,True
2025-04-09,2025-04-09 00:00:00,1264.348556173184,8291025.0,1262.143104687293,1269.2538701924616,1252.7549582164554,QQQ,index,True
2025-04-10,2025-04-10 00:00:00,1261.9572600376218,6809196.0,1251.2404759087408,1263.226810566397,1239.80299716737,QQQ,index,True
2025-04-11,2025-04-11 00:00:00,1250.755950319183,16388908.0,1260.784313943499,1261.526088440693,1239.6135623065543,QQQ,index,True
2025-04-14,2025-04-14 00:00:00,1260.3414539519579,46856919.0,1268.5413628828594,1271.6628073247387,1256.9893952737514,QQQ,index,True
2025-04-15,2025-04-15 00:00:00,1268.188857204605,5728734.0,1265.6122135629328,1274.5153989801752,1254.5576198622762,QQQ,index,True
2025-04-16,2025-04-16 00:00:00,1265.8854426307691,5500560.0,1270.6678663176153,1271.9272519282474,1262.262911944201,QQQ,index,True
2025-04-17,2025-04-17 00:00:00,1270.24494192749,18736455.0,1279.1279745659606,1285.645786743908,1262.8864344132287,QQQ,index,True
2025-04-18,2025-04-18 00:00:00,1278.9545713222526,35710090.0,1290.0100736720588,1295.419137272529,1266.310493947782,QQQ,index,True
2025-04-21,2025-04-21 00:00:00,1290.2117665295227,7236314.0,1279.2180236865345,1295.6763295779174,1274.2670751523985,QQQ,index,True
2025-04-22,2025-04-22 00:00:00,1278.7043504684668,6960748.0,1278.501888553052,1290.2067249511724,1267.7884917722474,QQQ,index,True
2025-04-23,2025-04-23 00:00:00,1278.913478930203,21807242.0,1268.8851722769298,1280.8372651353513,1257.7973158915506,QQQ,index,True
2025-04-24,2025-04-24 00:00:00,1268.4639828392626,40552079.0,1259.5040742280676,1270.4118028980947,1256.0360452452082,QQQ,index,True
2025-04-25,2025-04-25 00:00:00,1259.8325081942776,32878778.0,1271.0214530858334,1280.0419698306775,1250.9205350609536,QQQ,index,True
2025-04-28,2025-04-28 00:00:00,1271.296742303966,27634517.0,1265.2175701416588,1276.6627901789268,1262.6693075007113,QQQ,index,True
2025-04-29,2025-04-29 00:00:00,1264.948496573622,36691888.0,1262.7703332867084,1271.3154043179056,1250.5357057416966,QQQ,index,True
2025-04-30,2025-04-30 00:00:00,1262.530733776628,45341613.0,1271.034230602957,1277.5205113071615,1259.2778690415726,QQQ,index,True
2025-05-01,2025-05-01 00:00:00,1271.03182869335,17235967.0,1268.6224552713838,1278.5083635699739,1265.333793204959,QQQ,index,True
2025-05-02,2025-05-02 00:00:00,1268.6600319011752,23697303.0,1259.8169660298247,1274.7080305946938,1252.3475521493124,QQQ,index,True
2025-05-05,2025-05-05 00:00:00,1259.343133843003,17193654.0,1261.7780377298923,1266.108303749756,1251.6745559786316,QQQ,index,True
2025-05-06,2025-05-06 00:00:00,1261.5699957379034,44055718.0,1274.1051490487457,1280.4198328553916,1253.6345493895901,QQQ,index,True
2025-05-07,2025-05-07 00:00:00,1274.5273683742269,39459261.0,1282.1066241889812,1294.6956666431422,1267.2495857801664,QQQ,index,True
2025-05-08,2025-05-08 00:00:00,1282.2316086414958,13654817.0,1285.9922931342462,1293.6906851646584,1272.7524600183078,QQQ,index,True
2025-05-09,2025-05-09 00:00:00,1286.1273128391406,41206557.0,1278.4313070964388,1292.9354045184264,1271.1750967783473,QQQ,index,True
2025-05-12,2025-05-12 00:00:00,1277.9067806147684,24991314.0,1275.2910854371767,1279.6321147011183,1269.376176361235,QQQ,index,True
2025-05-13,2025-05-13 00:00:00,1274.8854168352077,19242728.0,1283.5310921128764,1295.5166953834494,1272.4724202021057,QQQ,index,True
2025-05-14,2025-05-14 00:00:00,1283.114608829777,13638222.0,1296.0275329762983,1308.5870991225004,1273.3330715590384,QQQ,index,True
2025-05-15,2025-05-15 00:00:00,1296.2124842195065,24462982.0,1303.4735484159808,1305.03770491999,1289.429850440333,QQQ,index,True
2025-05-16,2025-05-16 00:00:00,1303.288448952032,18042366.0,1296.4685177621707,1303.8076027486177,1284.7883695004582,QQQ,index,True
2025-05-19,2025-05-19 00:00:00,1296.4765589103386,45466896.0,1303.234030266118,1315.4770521673022,1288.315925500964,QQQ,index,True
2025-05-20,2025-05-20 00:00:00,1303.2063517804988,33502712.0,1293.487418660955,1304.4737704002089,1285.0456447914173,QQQ,index,True
2025-05-21,2025-05-21 00:00:00,1293.4800519416735,22883499.0,1284.8294975841218,1302.1520303895782,1281.2296059410633,QQQ,index,True
2025-05-22,2025-05-22 00:00:00,1285.0726006420432,34561399.0,1290.1600755577117,1301.0528554113184,1273.5729862340045,QQQ,index,True
2025-05-23,2025-05-23 00:00:00,1290.3773639669078,6671399.0,1301.9928445713415,1310.4766751591508,1282.3852496770369,QQQ,index,True
2025-05-26,2025-05-26 00:00:00,1301.5804814865712,49408106.0,1292.5933535969177,1302.7735868465738,1282.1613207997052,QQQ,index,True
2025-05-27,2025-05-27 00:00:00,1292.3853066466665,49109899.0,1288.488888942589,1293.5397870272348,1283.329840373685,QQQ,index,True
2025-05-28,2025-05-28 00:00:00,1288.2935014679601,25767961.0,1285.833542789814,1290.811422624948,1279.456312787056,QQQ,index,True
2025-05-29,2025-05-29 00:00:00,1286.0182902544832,43110104.0,1287.2007907396103,1298.6995336312673,1280.6480384913575,QQQ,index,True
2025-05-30,2025-05-30 00:00:00,1287.5584886190866,25701479.0,1277.901407004496,1296.5288669710453,1275.5287634209158,QQQ,index,True
2025-06-02,2025-06-02 00:00:00,1277.7103113664543,39353562.0,1275.970403230046,1284.0338774325742,1269.1298572542028,QQQ,index,True
2025-06-03,2025-06-03 00:00:00,1275.425946097982,7266405.0,1283.8707611370503,1284.7734272333576,1264.7050271557591,QQQ,index,True
2025-06-04,2025-06-04 00:00:00,1283.9844021024812,10654296.0,1294.2918415051272,1303.7404441196381,1277.579633898068,QQQ,index,True
2025-06-05,2025-06-05 00:00:00,1293.9663195755625,26696244.0,1286.9628277434967,1299.0605706248646,1281.1130266088549,QQQ,index,True
2025-06-06,2025-06-06 00:00:00,1286.9241643507796,16423677.0,1278.5213679901033,1294.9722866853547,1269.6755413085723,QQQ,index,True
2025-06-09,2025-06-09 00:00:00,1278.1005828711634,43448804.0,1267.0428696054464,1280.5916511070204,1263.0517289132158,QQQ,index,True
2025-06-10,2025-06-10 00:00:00,1266.5233031466746,23028061.0,1259.7891049792665,1277.037541496264,1256.467330166484,QQQ,index,True
2025-06-11,2025-06-11 00:00:00,1259.5674287754725,36976230.0,1270.0164745433483,1280.839776476494,1255.9754111844634,QQQ,index,True
2025-06-12,2025-06-12 00:00:00,1270.4299619336614,10750182.0,1277.0678841618524,1284.225033833287,1265.6040682195485,QQQ,index,True
2025-06-13,2025-06-13 00:00:00,1276.6482527224914,36318714.0,1270.0896367699463,1283.8731310930768,1265.235151847903,QQQ,index,True
2025-06-16,2025-06-16 00:00:00,1270.2210805304971,12457941.0,1268.8309506974479,1277.5270461364753,1260.2369659132532,QQQ,index,True
2025-06-17,2025-06-17 00:00:00,1268.3785515603827,6488591.0,1264.462481553873,1273.4547607080547,1257.7556883259579,QQQ,index,True
2025-06-18,2025-06-18 00:00:00,1264.0385798550424,18835507.0,1256.445446324328,1264.7173682074358,1247.786183351969,QQQ,index,True
2025-06-19,2025-06-19 00:00:00,1256.4438076059757,19846573.0,1256.2522227774896,1256.735576916983,1246.4150858330102,QQQ,index,True
2025-06-20,2025-06-20 00:00:00,1255.728777513768,24063036.0,1253.1385222337399,1263.4128192634141,1248.4466106599634,QQQ,index,True
2025-06-23,2025-06-23 00:00:00,1253.4221383570002,30545278.0,1248.4200877893345,1255.472619092252,1240.305857321047,QQQ,index,True
2025-06-24,2025-06-24 00:00:00,1248.2611301966106,13770583.0,1257.5091310757489,1265.4504164533564,1244.8322960140786,QQQ,index,True
2025-06-25,2025-06-25 00:00:00,1257.2110575986187,42988263.0,1258.4869897554038,1266.151890186595,1253.807621415129,QQQ,index,True
2025-06-26,2025-06-26 00:00:00,1258.6904301653385,44089170.0,1256.918707368641,1267.5650788098376,1254.8715545536327,QQQ,index,True
2025-06-27,2025-06-27 00:00:00,1257.2317158331896,31923022.0,1267.4175723270182,1275.311083476038,1250.3007274030424,QQQ,index,True
2025-06-30,2025-06-30 00:00:00,1267.2430825920603,20649475.0,1276.9611467653688,1287.4253466524162,1258.7155969250052,QQQ,index,True
2025-07-01,2025-07-01 00:00:00,1276.4494298291086,8676214.0,1264.7025394930413,1281.9970510883509,1260.0494794557571,QQQ,index,True
2025-07-02,2025-07-02 00:00:00,1265.0659242475954,30052104.0,1259.0942915375929,1276.2160859761173,1252.8799117455242,QQQ,index,True
2025-07-03,2025-07-03 00:00:00,1258.8754551520583,11914308.0,1267.7166375464208,1275.3707843573368,1253.7462021920137,QQQ,index,True
2025-07-04,2025-07-04 00:00:00,1267.7766556521283,26883422.0,1263.0089960388214,1279.8854504256442,1252.3859929865455,QQQ,index,True
2025-07-07,2025-07-07 00:00:00,1262.8919723057197,44775365.0,1263.9762890666882,1275.1867022111967,1261.7594517669716,QQQ,index,True
2025-07-08,2025-07-08 00:00:00,1263.5983016337982,17038484.0,1259.9159557157736,1270.6496739415888,1258.411263457562,QQQ,index,True
2025-07-09,2025-07-09 00:00:00,1260.3559997377804,37720939.0,1260.9520788950967,1261.9483663532728,1255.0397152889568,QQQ,index,True
2025-07-10,2025-07-10 00:00:00,1261.3595003551468,18745688.0,1253.065396072247,1268.6961509492717,1251.6057705140745,QQQ,index,True
2025-07-11,2025-07-11 00:00:00,1253.0382063846132,7950897.0,1250.2019533281511,1262.212015206205,1247.475143442996,QQQ,index,True
2025-07-14,2025-07-14 00:00:00,1250.1833884428424,32184509.0,1254.1876191264762,1260.5736614555462,1245.1023198274338,QQQ,index,True
2025-07-15,2025-07-15 00:00:00,1254.3702823478827,49009631.0,1243.0,1263.1724868438664,1238.0495531123856,QQQ,index,True
2024-11-06,2024-11-06 00:00:00,1375.9026640452134,34913671.0,1366.3415464416175,1382.5617829330097,1359.0042116565783,DIA,index,True
2024-11-07,2024-11-07 00:00:00,1366.155033103893,26597751.0,1355.4471205065738,1372.9129466957202,1349.7829556867707,DIA,index,True
2024-11-08,2024-11-08 00:00:00,1355.7323883226998,31817190.0,1346.084414267116,1366.9557616861596,1341.9492403263332,DIA,index,True
2024-11-11,2024-11-11 00:00:00,1346.302496050911,23163499.0,1336.755871980046,1359.6033740367463,1326.2066483409124,DIA,index,True
2024-11-12,2024-11-12 00:00:00,1336.854312884428,7650933.0,1331.9172725904875,1342.598235379144,1322.4621043392162,DIA,index,True
2024-11-13,2024-11-13 00:00:00,1331.5286743309948,8965456.0,1335.1671321993463,1338.8712231569416,1325.023492995418,DIA,index,True
2024-11-14,2024-11-14 00:00:00,1335.5057222715484,17100151.0,1347.8272770731055,1351.0588649783283,1330.0051695202144,DIA,index,True
2024-11-15,2024-11-15 00:00:00,1347.3082336701104,12818316.0,1357.5793834499534,1364.9747680886328,1337.4703622621573,DIA,index,True
2024-11-18,2024-11-18 00:00:00,1357.0341058271488,31615898.0,1365.9663314798752,1373.0295721635646,1350.0081996722658,DIA,index,True
2024-11-19,2024-11-19 00:00:00,1365.6732878134796,16983798.0,1354.546553275784,1378.7335733147404,1349.708147080035,DIA,index,True
2024-11-20,2024-11-20 00:00:00,1354.0199416785053,46568858.0,1349.8021667836608,1357.9017400080068,1337.2890725010618,DIA,index,True
2024-11-21,2024-11-21 00:00:00,1349.2877414738437,17106163.0,1346.350336964184,1349.933666966686,1335.1115467296022,DIA,index,True
2024-11-22,2024-11-22 00:00:00,1346.7016773831779,43680281.0,1351.2996844796241,1358.4366090995218,1343.0660544060245,DIA,index,True
2024-11-25,2024-11-25 00:00:00,1350.9872881837591,17582632.0,1357.213249699287,1364.3315150831688,1345.467874327099,DIA,index,True
2024-11-26,2024-11-26 00:00:00,1356.7108174698967,19063098.0,1359.8626695393982,1372.8472276036955,1345.9336765214307,DIA,index,True
2024-11-27,2024-11-27 00:00:00,1360.0178433201047,14631475.0,1368.2246940092523,1371.9449791596232,1348.3725608443303,DIA,index,True
2024-11-28,2024-11-28 00:00:00,1368.124458108548,39136807.0,1357.2142504883707,1375.5297202437696,1353.4125265540088,DIA,index,True
2024-11-29,2024-11-29 00:00:00,1356.9800242282474,18628968.0,1369.0522867163793,1374.9204538105819,1346.7238023796451,DIA,index,True
2024-12-02,2024-12-02 00:00:00,1369.3172898239018,44641574.0,1375.9047117925513,1389.3916019911148,1356.0346956688527,DIA,index,True
2024-12-03,2024-12-03 00:00:00,1375.8650554874118,48357881.0,1365.5871777798955,1378.9126790686091,1357.2609773963845,DIA,index,True
2024-12-04,2024-12-04 00:00:00,1365.8468499804292,34411197.0,1377.1883703773633,1378.0793149016301,1363.1345667046435,DIA,index,True
2024-12-05,2024-12-05 00:00:00,1377.241264297334,15320596.0,1377.2887769951064,1382.0096010381124,1364.2332853468074,DIA,index,True
2024-12-06,2024-12-06 00:00:00,1376.6981569943741,27131879.0,1370.7691114682352,1385.8080215872114,1359.5185289957044,DIA,index,True
2024-12-09,2024-12-09 00:00:00,1370.5674695673638,30529742.0,1377.7526803316864,1380.9790883707292,1358.156623578388,DIA,index,True
2024-12-10,2024-12-10 00:00:00,1377.44542538225,16647223.0,1378.0164495654121,1382.4736449747795,1373.8906024917787,DIA,index,True
2024-12-11,2024-12-11 00:00:00,1377.999952870892,22148874.0,1379.9219540265985,1389.4130649894064,1376.4904712166735,DIA,index,True
2024-12-12,2024-12-12 00:00:00,1379.9968975580543,32186746.0,1366.7540658731336,1389.1505065127214,1356.011891556684,DIA,index,True
2024-12-13,2024-12-13 00:00:00,1367.1245116804964,35396830.0,1374.5981214587982,1382.1081555340043,1364.273949791719,DIA,index,True
2024-12-16,2024-12-16 00:00:00,1375.0166203494437,6073478.0,1374.717170384582,1383.1456999005702,1368.6227297829917,DIA,index,True
2024-12-17,2024-12-17 00:00:00,1375.1170911826248,29481064.0,1386.6790513551139,1397.731391441147,1370.946550644178,DIA,index,True
2024-12-18,2024-12-18 00:00:00,1386.9347898111614,49523296.0,1379.7440799816104,1389.5591322483747,1370.5723660792512,DIA,index,True
2024-12-19,2024-12-19 00:00:00,1379.1505299834062,20199109.0,1378.6780591054642,1392.1736133871366,1368.4865496553418,DIA,index,True
2024-12-20,2024-12-20 00:00:00,1378.3491143759625,13707256.0,1389.7995474505608,1394.3868199244719,1376.8911034637001,DIA,index,True
2024-12-23,2024-12-23 00:00:00,1390.2153648122537,39205864.0,1394.699997908074,1404.0023593405333,1380.3340413241538,DIA,index,True
2024-12-24,2024-12-24 00:00:00,1394.9573218516616,5488475.0,1383.6373446080472,1403.4450823175207,1380.042896279746,DIA,index,True
2024-12-25,2024-12-25 00:00:00,1383.958323477201,44719465.0,1384.052109211651,1386.7146238269515,1381.0171870477936,DIA,index,True
2024-12-26,2024-12-26 00:00:00,1384.3436504316003,44036790.0,1387.909076803036,1397.1992186712228,1372.6110168055955,DIA,index,True
2024-12-27,2024-12-27 00:00:00,1387.7816087512354,48598236.0,1386.410795853581,1401.569860111553,1385.5862907217854,DIA,index,True
2024-12-30,2024-12-30 00:00:00,1386.430465569795,10795266.0,1376.7257003592506,1387.9867247946454,1367.6003679031935,DIA,index,True
2024-12-31,2024-12-31 00:00:00,1376.4101844030536,28234515.0,1373.0728462793265,1383.081392472175,1361.2167606156397,DIA,index,True
2025-01-01,2025-01-01 00:00:00,1373.4737492322977,42262401.0,1385.002838440803,1396.9407103358285,1368.6207376834002,DIA,index,True
2025-01-02,2025-01-02 00:00:00,1385.3753503129055,36329417.0,1377.859741469618,1394.8043418728473,1364.2114554368977,DIA,index,True
2025-01-03,2025-01-03 00:00:00,1377.8523585255305,33847352.0,1368.3501551106492,1391.178034815421,1366.4183107533652,DIA,index,True
2025-01-06,2025-01-06 00:00:00,1368.4443243057804,46759890.0,1378.3743170117489,1380.3772652636478,1354.9527728274861,DIA,index,True
2025-01-07,2025-01-07 00:00:00,1378.480068083104,38847207.0,1364.8508587239355,1382.2246777318542,1351.8757989856435,DIA,index,True
2025-01-08,2025-01-08 00:00:00,1365.3375651039148,38768382.0,1356.0302455388219,1369.006230994004,1343.6628761331317,DIA,index,True
2025-01-09,2025-01-09 00:00:00,1355.5255023261288,9215165.0,1367.1429727451386,1379.3183286923756,1342.3106458023715,DIA,index,True
2025-01-10,2025-01-10 00:00:00,1367.5621807234681,47394639.0,1356.3306935684916,1369.345510654809,1350.2821282941354,DIA,index,True
2025-01-13,2025-01-13 00:00:00,1355.9144691421911,47492412.0,1366.9395596458899,1380.1719624696043,1347.7053784880204,DIA,index,True
2025-01-14,2025-01-14 00:00:00,1366.9909163833427,6221753.0,1377.508673196312,1385.1798606472817,1357.377307145021,DIA,index,True
2025-01-15,2025-01-15 00:00:00,1377.2918358932452,27608256.0,1381.4916520697952,1384.6900428016781,1364.2618415979482,DIA,index,True
2025-01-16,2025-01-16 00:00:00,1381.8318502472243,7194755.0,1378.118070572617,1395.0765553510382,1373.4451638584712,DIA,index,True
2025-01-17,2025-01-17 00:00:00,1377.7802334417097,24356572.0,1388.803586101153,1389.2369301662095,1371.0024515293205,DIA,index,True
2025-01-20,2025-01-20 00:00:00,1389.0118802867394,31861304.0,1398.1145210883697,1410.696686179039,1386.2773800909893,DIA,index,True
2025-01-21,2025-01-21 00:00:00,1398.5996872873784,34772156.0,1399.7772123154318,1412.2139648355876,1390.8548010541401,DIA,index,True
2025-01-22,2025-01-22 00:00:00,1399.675039840279,30770483.0,1393.6347347005767,1405.7789635397232,1392.8491387902066,DIA,index,True
2025-01-23,2025-01-23 00:00:00,1394.090409795829,33248028.0,1395.4720631310424,1406.6794822419736,1383.9554605007902,DIA,index,True
2025-01-24,2025-01-24 00:00:00,1395.1610552113248,39026909.0,1386.6012010071356,1407.6932899748715,1374.2640605107554,DIA,index,True
2025-01-27,2025-01-27 00:00:00,1386.1916495353207,23321627.0,1393.5163504557613,1401.4403530005768,1373.6245735867867,DIA,index,True
2025-01-28,2025-01-28 00:00:00,1393.8901587905136,6591128.0,1390.8426009624422,1399.1962837533476,1382.7217795576119,DIA,index,True
2025-01-29,2025-01-29 00:00:00,1391.2424558061641,26161967.0,1386.859920211032,1395.0983491853988,1380.7649753204414,DIA,index,True
2025-01-30,2025-01-30 00:00:00,1387.0506730642282,40870134.0,1384.383307683569,1394.6036766602922,1374.0369857588973,DIA,index,True
2025-01-31,2025-01-31 00:00:00,1384.2232072137158,47430927.0,1396.7270189315636,1403.0194831135173,1374.230212376692,DIA,index,True
2025-02-03,2025-02-03 00:00:00,1397.2062373925023,21250085.0,1398.2843308613678,1407.5092469642618,1386.9912265128244,DIA,index,True
2025-02-04,2025-02-04 00:00:00,1397.947929271267,23842672.0,1391.2979946393168,1398.603970902033,1382.9942634070333,DIA,index,True
2025-02-05,2025-02-05 00:00:00,1391.1764236997972,22376056.0,1401.5563286069266,1403.2236831295932,1384.7423699754718,DIA,index,True
2025-02-06,2025-02-06 00:00:00,1401.5125961298377,7004507.0,1387.6699321990432,1404.4867014565702,1376.6848511728083,DIA,index,True
2025-02-07,2025-02-07 00:00:00,1387.6968445878017,43568648.0,1383.0690155792302,1389.6955948334692,1372.0053082532518,DIA,index,True
2025-02-10,2025-02-10 00:00:00,1382.8714807731221,14078270.0,1384.4298995233887,1397.3854527396866,1373.819238899092,DIA,index,True
2025-02-11,2025-02-11 00:00:00,1384.5025507113774,45650147.0,1381.7429532864867,1386.7302489601457,1373.9570694756478,DIA,index,True
2025-02-12,2025-02-12 00:00:00,1382.1212362764072,34528408.0,1373.2325551505253,1388.9777700793145,1365.0321977240717,DIA,index,True
2025-02-13,2025-02-13 00:00:00,1373.3267383712816,43247208.0,1359.7403446642322,1384.9029566233096,1352.835640878401,DIA,index,True
2025-02-14,2025-02-14 00:00:00,1359.964031371106,20645282.0,1350.7377803645034,1372.6854875842362,1343.3350164758754,DIA,index,True
2025-02-17,2025-02-17 00:00:00,1351.031150965035,32311594.0,1338.3903472057718,1358.8853625105246,1336.5969936197234,DIA,index,True
2025-02-18,2025-02-18 00:00:00,1338.0760480401327,9111024.0,1350.175867336168,1352.659771941165,1330.6642647170625,DIA,index,True
2025-02-19,2025-02-19 00:00:00,1349.7152386766138,42584802.0,1355.7087630968285,1356.6445393737868,1342.0408427500279,DIA,index,True
2025-02-20,2025-02-20 00:00:00,1356.1038790587459,36729300.0,1348.5451645152993,1361.970894425397,1344.7919653482684,DIA,index,True
2025-02-21,2025-02-21 00:00:00,1348.8839455885443,42062468.0,1348.4410869184153,1350.2382189271482,1345.4541310492843,DIA,index,True
2025-02-24,2025-02-24 00:00:00,1347.8562849486752,38789885.0,1340.1470837223005,1350.9083140281436,1330.1124796321933,DIA,index,True
2025-02-25,2025-02-25 00:00:00,1340.5535030009391,19883784.0,1330.7627534097785,1345.811238645628,1330.5884682162782,DIA,index,True
2025-02-26,2025-02-26 00:00:00,1331.1649938141186,15101867.0,1335.519200506023,1342.7361887279296,1331.0489696150141,DIA,index,True
2025-02-27,2025-02-27 00:00:00,1335.093388347404,30744023.0,1326.8647131900718,1338.8901011052,1314.2039261851344,DIA,index,True
2025-02-28,2025-02-28 00:00:00,1327.0601321196723,8962452.0,1331.6024743132198,1339.9662432409002,1319.984323956696,DIA,index,True
2025-03-03,2025-03-03 00:00:00,1332.0284446623998,19868099.0,1324.1220415229816,1340.890737088763,1316.7480466283987,DIA,index,True
2025-03-04,2025-03-04 00:00:00,1324.3441460030842,21465865.0,1315.8137678884857,1329.8099900727193,1313.8893805132896,DIA,index,True
2025-03-05,2025-03-05 00:00:00,1315.8142398181265,17834679.0,1304.5773492947467,1318.932013471521,1303.309875882807,DIA,index,True
2025-03-06,2025-03-06 00:00:00,1304.7973336991365,26779175.0,1316.6417530431668,1323.093873113743,1304.4600693340399,DIA,index,True
2025-03-07,2025-03-07 00:00:00,1316.7669178711492,35655988.0,1313.1338155162714,1329.8176314303726,1311.174267454332,DIA,index,True
2025-03-10,2025-03-10 00:00:00,1313.4699412685845,43930677.0,1314.8794917128444,1315.8003247101137,1309.4078926936643,DIA,index,True
2025-03-11,2025-03-11 00:00:00,1314.6993295032946,23611141.0,1309.8870924853177,1326.20431645033,1305.8000621478486,DIA,index,True
2025-03-12,2025-03-12 00:00:00,1309.3806701202877,44533840.0,1319.728827791319,1321.795654492618,1301.9928341815428,DIA,index,True
2025-03-13,2025-03-13 00:00:00,1319.2061808613041,26719198.0,1319.7348338294742,1323.331027624968,1309.7073005250434,DIA,index,True
2025-03-14,2025-03-14 00:00:00,1319.4024992631823,8271687.0,1331.3616932442742,1343.814559596345,1308.399806164596,DIA,index,True
2025-03-17,2025-03-17 00:00:00,1331.1576494486242,15911376.0,1324.1715333968316,1333.272286722217,1323.8458171306543,DIA,index,True
2025-03-18,2025-03-18 00:00:00,1324.586884177037,44945289.0,1334.453588200478,1344.9473330736612,1316.1894192997427,DIA,index,True
2025-03-19,2025-03-19 00:00:00,1334.61909766766,15943724.0,1347.798532243049,1356.4891668391292,1327.7853530601744,DIA,index,True
2025-03-20,2025-03-20 00:00:00,1347.495169776277,6050274.0,1357.4110817472392,1369.078610099193,1343.0160942989423,DIA,index,True
2025-03-21,2025-03-21 00:00:00,1357.7094493813665,49687258.0,1369.0643676312043,1376.002751321376,1356.4062013887133,DIA,index,True
2025-03-24,2025-03-24 00:00:00,1369.0778307071107,44544220.0,1357.3844460450491,1371.9241862412,1351.7231608190177,DIA,index,True
2025-03-25,2025-03-25 00:00:00,1356.9117846909007,47247120.0,1346.6897790292778,1359.7865579878605,1336.9930224322761,DIA,index,True
2025-03-26,2025-03-26 00:00:00,1346.8341046317669,26567261.0,1346.7687323190573,1359.1752686394193,1338.9526148887624,DIA,index,True
2025-03-27,2025-03-27 00:00:00,1346.8315049898627,15665846.0,1336.6785934609363,1355.0186472449122,1332.2931897802048,DIA,index,True
2025-03-28,2025-03-28 00:00:00,1336.8929051385226,31918409.0,1346.1392079712305,1353.1521638021497,1325.1628765759688,DIA,index,True
2025-03-31,2025-03-31 00:00:00,1345.5741456522924,5859737.0,1335.7879411345468,1352.0724138043113,1325.7934200774628,DIA,index,True
2025-04-01,2025-04-01 00:00:00,1336.0194631612094,14873963.0,1328.5254774901857,1338.8087542326698,1316.9358413185323,DIA,index,True
2025-04-02,2025-04-02 00:00:00,1328.2916415293523,36442196.0,1322.3663985409662,1329.6343297505523,1320.4764853968263,DIA,index,True
2025-04-03,2025-04-03 00:00:00,1321.8296806235378,45169070.0,1327.296847223496,1331.9391635999332,1316.484985998472,DIA,index,True
2025-04-04,2025-04-04 00:00:00,1327.386475977053,28734843.0,1316.9280732912205,1340.6266898389279,1305.736980130376,DIA,index,True
2025-04-07,2025-04-07 00:00:00,1316.8432349658458,17530973.0,1319.0197989415735,1329.2889511605028,1311.9513989070786,DIA,index,True
2025-04-08,2025-04-08 00:00:00,1318.634650790029,38057889.0,1312.3419684549901,1330.2363491748486,1301.810103157631,DIA,index,True
2025-04-09,2025-04-09 00:00:00,1312.5316878912183,46237890.0,1300.2351385101622,1320.7288888136413,1289.144713660023,DIA,index,True
2025-04-10,2025-04-10 00:00:00,1300.4688810461867,20311421.0,1290.8928437311195,1312.6874647680038,1281.0991114406947,DIA,index,True
2025-04-11,2025-04-11 00:00:00,1290.7937312243537,43983140.0,1278.6876658754727,1299.022436731731,1269.7363199967772,DIA,index,True
2025-04-14,2025-04-14 00:00:00,1279.0249787686125,38364046.0,1267.7715579696974,1289.3894577303572,1257.308168230503,DIA,index,True
2025-04-15,2025-04-15 00:00:00,1267.3144401376005,47892408.0,1261.8200903038958,1277.9106659258046,1257.1239416079054,DIA,index,True
2025-04-16,2025-04-16 00:00:00,1261.3933714070747,18906445.0,1260.535533792195,1265.751954205576,1250.7605730477733,DIA,index,True
2025-04-17,2025-04-17 00:00:00,1260.1292730845837,45159977.0,1270.5765051807966,1280.6562490352003,1255.031412560307,DIA,index,True
2025-04-18,2025-04-18 00:00:00,1270.628306482079,33804056.0,1277.0222756780854,1285.2731111408625,1269.1848594253258,DIA,index,True
2025-04-21,2025-04-21 00:00:00,1277.0875951592186,7991810.0,1286.973905642926,1290.1688454910582,1275.7360794202382,DIA,index,True
2025-04-22,2025-04-22 00:00:00,1287.1975713291206,38204862.0,1279.601138811984,1296.5861041100452,1267.2537953076292,DIA,index,True
2025-04-23,2025-04-23 00:00:00,1279.7038663080257,47703103.0,1281.6430102195206,1287.3185385748316,1267.8252578950962,DIA,index,True
2025-04-24,2025-04-24 00:00:00,1281.255953142414,35902386.0,1269.4928014334594,1291.3135068794559,1263.3837986154963,DIA,index,True
2025-04-25,2025-04-25 00:00:00,1269.8880204825045,31926141.0,1265.7624484537437,1272.2493498740182,1259.4963218923933,DIA,index,True
2025-04-28,2025-04-28 00:00:00,1265.6417092541924,44683800.0,1267.968104010272,1278.01100324687,1262.3261676475809,DIA,index,True
2025-04-29,2025-04-29 00:00:00,1267.9679448501001,26324180.0,1265.983704768197,1272.673513869294,1258.4598007328184,DIA,index,True
2025-04-30,2025-04-30 00:00:00,1266.0426128706188,40074017.0,1277.47610963071,1287.5006730080509,1255.9175212038754,DIA,index,True
2025-05-01,2025-05-01 00:00:00,1277.4769265722093,31973620.0,1281.5258521235096,1293.0263071892532,1266.0885705792248,DIA,index,True
2025-05-02,2025-05-02 00:00:00,1281.3541222117276,28192327.0,1283.9041310686587,1284.1627645766803,1269.6870745877177,DIA,index,True
2025-05-05,2025-05-05 00:00:00,1283.4778089820388,31600750.0,1283.5028119677095,1289.7600870670512,1281.223582221541,DIA,index,True
2025-05-06,2025-05-06 00:00:00,1283.3018197346278,37624821.0,1273.5965462157492,1294.6985527238025,1270.337226311543,DIA,index,True
2025-05-07,2025-05-07 00:00:00,1273.730440438955,17484145.0,1265.9169643003347,1277.0254872041583,1260.5372190834712,DIA,index,True
2025-05-08,2025-05-08 00:00:00,1265.8803696681066,29417121.0,1268.9019182794132,1274.9706076217701,1262.7731874021015,DIA,index,True
2025-05-09,2025-05-09 00:00:00,1269.2406650188314,14955631.0,1263.3588758760063,1277.6978136106973,1250.9471793193377,DIA,index,True
2025-05-12,2025-05-12 00:00:00,1262.9254802904593,30059368.0,1259.106711188792,1269.2829325807697,1257.814941032129,DIA,index,True
2025-05-13,2025-05-13 00:00:00,1258.8753768036308,30143199.0,1247.603139138711,1263.210179082774,1244.3426765226127,DIA,index,True
2025-05-14,2025-05-14 00:00:00,1247.8140393052186,21711438.0,1236.8410044512148,1250.912549168088,1235.3860692529213,DIA,index,True
2025-05-15,2025-05-15 00:00:00,1236.526697577073,5397303.0,1241.3402400800273,1252.464195327659,1228.317572046352,DIA,index,True
2025-05-16,2025-05-16 00:00:00,1240.9794279341877,39673662.0,1231.5098140543255,1248.7972845437923,1224.1877902606104,DIA,index,True
2025-05-19,2025-05-19 00:00:00,1231.5458174460225,20113916.0,1233.1005649899932,1238.4327204667627,1220.6649325788762,DIA,index,True
2025-05-20,2025-05-20 00:00:00,1232.9046559416197,5499103.0,1229.4174939920908,1244.843622647899,1217.3060052161354,DIA,index,True
2025-05-21,2025-05-21 00:00:00,1229.564917584221,35726264.0,1228.9133327554155,1231.6560447559439,1227.363200134555,DIA,index,True
2025-05-22,2025-05-22 00:00:00,1228.5486623486192,13726942.0,1236.5251912525434,1241.9049817494943,1226.1002151346293,DIA,index,True
2025-05-23,2025-05-23 00:00:00,1236.2382972105113,34986491.0,1224.4635618388422,1240.1511477949111,1222.0399989175548,DIA,index,True
2025-05-26,2025-05-26 00:00:00,1223.9483457283818,38158175.0,1232.6690907765596,1234.17194305278,1217.0720892648137,DIA,index,True
2025-05-27,2025-05-27 00:00:00,1232.4617948824362,14253253.0,1225.01915451438,1241.3867955797866,1220.8211107026593,DIA,index,True
2025-05-28,2025-05-28 00:00:00,1224.808217733931,26371511.0,1226.621504361888,1230.3801270283052,1220.5228597494574,DIA,index,True
2025-05-29,2025-05-29 00:00:00,1226.962816011309,7624410.0,1233.1562262569341,1234.6066050649638,1221.1797271610058,DIA,index,True
2025-05-30,2025-05-30 00:00:00,1232.9724279227155,12313909.0,1223.4057447368205,1239.3955828038127,1216.9922050374191,DIA,index,True
2025-06-02,2025-06-02 00:00:00,1223.0288598895536,15982344.0,1212.86750469797,1226.410747926835,1212.4123458219362,DIA,index,True
2025-06-03,2025-06-03 00:00:00,1212.7772551576202,31571895.0,1213.7450569920666,1222.8998204375787,1206.9260253346915,DIA,index,True
2025-06-04,2025-06-04 00:00:00,1213.328263731855,19752967.0,1215.7339625537873,1219.6719844406275,1209.6757729086578,DIA,index,True
2025-06-05,2025-06-05 00:00:00,1215.516838661904,17455246.0,1206.8916158943496,1225.6011564166774,1203.2722971373487,DIA,index,True
2025-06-06,2025-06-06 00:00:00,1206.5710681186708,40681321.0,1202.1993593200975,1217.8946884492555,1195.569157793658,DIA,index,True
2025-06-09,2025-06-09 00:00:00,1202.2029076231468,20824428.0,1210.238738869237,1212.3133019430322,1194.8907374650944,DIA,index,True
2025-06-10,2025-06-10 00:00:00,1210.4782602156276,6772410.0,1205.7867528554445,1219.6741652528215,1201.15133748943,DIA,index,True
2025-06-11,2025-06-11 00:00:00,1205.710850210376,24673189.0,1208.6214482784678,1218.2653409923937,1204.278079100036,DIA,index,True
2025-06-12,2025-06-12 00:00:00,1208.9821048330352,10203717.0,1217.5659401190737,1224.3326168086294,1202.2756162249075,DIA,index,True
2025-06-13,2025-06-13 00:00:00,1217.1037698622172,39206716.0,1216.569678701094,1225.896098087176,1214.258632402015,DIA,index,True
2025-06-16,2025-06-16 00:00:00,1216.6511576478078,47344705.0,1215.793565206001,1220.5573713906242,1210.2576452298003,DIA,index,True
2025-06-17,2025-06-17 00:00:00,1216.1079993295973,6593444.0,1215.109874590348,1222.1344193226348,1209.248818295199,DIA,index,True
2025-06-18,2025-06-18 00:00:00,1215.1554434861562,34379457.0,1205.7449919080952,1216.7937414285846,1201.0924877217456,DIA,index,True
2025-06-19,2025-06-19 00:00:00,1205.3242291613508,13440734.0,1214.2020430692048,1217.852456144058,1197.4357817252223,DIA,index,True
2025-06-20,2025-06-20 00:00:00,1213.916299347193,24333314.0,1209.6637118059173,1216.825834473823,1208.809999391061,DIA,index,True
2025-06-23,2025-06-23 00:00:00,1209.6350797096172,37400948.0,1214.1992231464778,1222.3840883185285,1203.4602456025789,DIA,index,True
2025-06-24,2025-06-24 00:00:00,1214.5983934989426,49629526.0,1208.564599704099,1218.9419632431438,1198.6141500612932,DIA,index,True
2025-06-25,2025-06-25 00:00:00,1208.8482080555914,9159302.0,1212.5503420693615,1219.2077998624081,1203.9021042037755,DIA,index,True
2025-06-26,2025-06-26 00:00:00,1212.101833950713,30187487.0,1204.5438002201474,1221.430543568524,1195.113857898843,DIA,index,True
2025-06-27,2025-06-27 00:00:00,1204.450713217596,46674183.0,1200.2431049802065,1214.5802743028842,1194.1875221939756,DIA,index,True
2025-06-30,2025-06-30 00:00:00,1200.1642243044757,16073433.0,1200.076220911831,1208.101673081019,1199.4964629723515,DIA,index,True
2025-07-01,2025-07-01 00:00:00,1199.886416921215,11583404.0,1209.33910617726,1218.0611893716168,1193.9728349002633,DIA,index,True
2025-07-02,2025-07-02 00:00:00,1209.6131491405592,33164494.0,1198.4392198251546,1217.2826707030015,1193.928591170175,DIA,index,True
2025-07-03,2025-07-03 00:00:00,1198.7631400303546,12051204.0,1207.832024338031,1211.4098123566603,1189.9418273213676,DIA,index,True
2025-07-04,2025-07-04 00:00:00,1208.20806535072,33195377.0,1205.6179292786592,1208.5008929601152,1197.2642706998438,DIA,index,True
2025-07-07,2025-07-07 00:00:00,1205.755440719585,38015969.0,1211.1510831556375,1216.5778817941484,1194.6764028448479,DIA,index,True
2025-07-08,2025-07-08 00:00:00,1211.2561301154794,37667077.0,1202.5540328293368,1218.6716610746873,1200.3077492019122,DIA,index,True
2025-07-09,2025-07-09 00:00:00,1202.35179454585,17629466.0,1201.6986078587197,1211.27157636861,1191.6296493073448,DIA,index,True
2025-07-10,2025-07-10 00:00:00,1201.997358554114,5165509.0,1194.9299136018697,1210.8873650512805,1185.7206005965716,DIA,index,True
2025-07-11,2025-07-11 00:00:00,1195.0811502852303,17281467.0,1206.6697847759458,1209.860881788937,1193.4607573693443,DIA,index,True
2025-07-14,2025-07-14 00:00:00,1206.9426225906477,34375111.0,1209.5211855517732,1221.0845604768447,1200.8015341505304,DIA,index,True
2025-07-15,2025-07-15 00:00:00,1209.5817561544632,36752004.0,1206.0,1220.114924746463,1200.3622814084486,DIA,index,True
