Date,Datetime,Close,Volume,Open,High,Low,Symbol,Type,IsMock
2025-04-16,2025-04-16 05:30:00,83656.49248858042,25084671427.622566,83656.49248858042,83656.49248858042,83656.49248858042,BTC-USD,crypto,
2025-04-17,2025-04-17 05:30:00,84105.77942167096,26948109141.803364,84105.77942167096,84105.77942167096,84105.77942167096,BTC-USD,crypto,
2025-04-18,2025-04-18 05:30:00,84930.90857600998,19323821375.14309,84930.90857600998,84930.90857600998,84930.90857600998,BTC-USD,crypto,
2025-04-19,2025-04-19 05:30:00,84433.75017215389,9550691272.782005,84433.75017215389,84433.75017215389,84433.75017215389,BTC-USD,crypto,
2025-04-20,2025-04-20 05:30:00,85126.66244301842,12635983530.804455,85126.66244301842,85126.66244301842,85126.66244301842,BTC-USD,crypto,
2025-04-21,2025-04-21 05:30:00,85073.16544858096,12625843856.313684,85073.16544858096,85073.16544858096,85073.16544858096,BTC-USD,crypto,
2025-04-22,2025-04-22 05:30:00,87452.04699068287,40070025414.28289,87452.04699068287,87452.04699068287,87452.04699068287,BTC-USD,crypto,
2025-04-23,2025-04-23 05:30:00,93576.16588573981,53841992235.36636,93576.16588573981,93576.16588573981,93576.16588573981,BTC-USD,crypto,
2025-04-24,2025-04-24 05:30:00,93605.45230873208,39901515879.65954,93605.45230873208,93605.45230873208,93605.45230873208,BTC-USD,crypto,
2025-04-25,2025-04-25 05:30:00,93872.81422867288,30031246761.093452,93872.81422867288,93872.81422867288,93872.81422867288,BTC-USD,crypto,
2025-04-26,2025-04-26 05:30:00,94773.11200643536,39336184715.04292,94773.11200643536,94773.11200643536,94773.11200643536,BTC-USD,crypto,
2025-04-27,2025-04-27 05:30:00,94644.06637120107,15445392739.787264,94644.06637120107,94644.06637120107,94644.06637120107,BTC-USD,crypto,
2025-04-28,2025-04-28 05:30:00,93809.33781968223,15926259371.057959,93809.33781968223,93809.33781968223,93809.33781968223,BTC-USD,crypto,
2025-04-29,2025-04-29 05:30:00,95030.60645474444,31913814736.53902,95030.60645474444,95030.60645474444,95030.60645474444,BTC-USD,crypto,
2025-04-30,2025-04-30 05:30:00,94256.35946318062,25882629766.278946,94256.35946318062,94256.35946318062,94256.35946318062,BTC-USD,crypto,
2025-05-01,2025-05-01 05:30:00,94235.75331048167,26541700309.366146,94235.75331048167,94235.75331048167,94235.75331048167,BTC-USD,crypto,
2025-05-02,2025-05-02 05:30:00,96426.94522273027,30207566405.468834,96426.94522273027,96426.94522273027,96426.94522273027,BTC-USD,crypto,
2025-05-03,2025-05-03 05:30:00,96855.5681343944,23276376191.483967,96855.5681343944,96855.5681343944,96855.5681343944,BTC-USD,crypto,
2025-05-04,2025-05-04 05:30:00,95922.86842404422,13797554863.642815,95922.86842404422,95922.86842404422,95922.86842404422,BTC-USD,crypto,
2025-05-05,2025-05-05 05:30:00,94326.62048529249,14903122945.616686,94326.62048529249,94326.62048529249,94326.62048529249,BTC-USD,crypto,
2025-05-06,2025-05-06 05:30:00,94758.8237105546,24086456278.203846,94758.8237105546,94758.8237105546,94758.8237105546,BTC-USD,crypto,
2025-05-07,2025-05-07 05:30:00,96854.53198815876,23348052607.071873,96854.53198815876,96854.53198815876,96854.53198815876,BTC-USD,crypto,
2025-05-08,2025-05-08 05:30:00,97026.49376966801,64376174032.08048,97026.49376966801,97026.49376966801,97026.49376966801,BTC-USD,crypto,
2025-05-09,2025-05-09 05:30:00,103076.27555512934,50020047720.65604,103076.27555512934,103076.27555512934,103076.27555512934,BTC-USD,crypto,
2025-05-10,2025-05-10 05:30:00,102962.54045692299,40800894903.23446,102962.54045692299,102962.54045692299,102962.54045692299,BTC-USD,crypto,
2025-05-11,2025-05-11 05:30:00,104630.8792994166,21558992540.042442,104630.8792994166,104630.8792994166,104630.8792994166,BTC-USD,crypto,
2025-05-12,2025-05-12 05:30:00,103994.061616746,27389436049.454792,103994.061616746,103994.061616746,103994.061616746,BTC-USD,crypto,
2025-05-13,2025-05-13 05:30:00,102876.8304286011,43090605819.36596,102876.8304286011,102876.8304286011,102876.8304286011,BTC-USD,crypto,
2025-05-14,2025-05-14 05:30:00,104184.49039270742,33861432519.50822,104184.49039270742,104184.49039270742,104184.49039270742,BTC-USD,crypto,
2025-05-15,2025-05-15 05:30:00,103594.42575090709,28398245846.798244,103594.42575090709,103594.42575090709,103594.42575090709,BTC-USD,crypto,
2025-05-16,2025-05-16 05:30:00,103708.85136423641,31823340473.339912,103708.85136423641,103708.85136423641,103708.85136423641,BTC-USD,crypto,
2025-05-17,2025-05-17 05:30:00,103556.03493982446,25887953182.14765,103556.03493982446,103556.03493982446,103556.03493982446,BTC-USD,crypto,
2025-05-18,2025-05-18 05:30:00,103212.36483885496,18950056010.479057,103212.36483885496,103212.36483885496,103212.36483885496,BTC-USD,crypto,
2025-05-19,2025-05-19 05:30:00,106030.6376831359,30744060179.802963,106030.6376831359,106030.6376831359,106030.6376831359,BTC-USD,crypto,
2025-05-20,2025-05-20 05:30:00,105629.41580436694,43339734153.75087,105629.41580436694,105629.41580436694,105629.41580436694,BTC-USD,crypto,
2025-05-21,2025-05-21 05:30:00,106786.71995834043,36393687094.25122,106786.71995834043,106786.71995834043,106786.71995834043,BTC-USD,crypto,
2025-05-22,2025-05-22 05:30:00,109665.86371625263,60722883113.84,109665.86371625263,109665.86371625263,109665.86371625263,BTC-USD,crypto,
2025-05-23,2025-05-23 05:30:00,111560.356938144,52218408239.45193,111560.356938144,111560.356938144,111560.356938144,BTC-USD,crypto,
2025-05-24,2025-05-24 05:30:00,107216.66856870624,49251745837.96465,107216.66856870624,107216.66856870624,107216.66856870624,BTC-USD,crypto,
2025-05-25,2025-05-25 05:30:00,107831.36374380375,27128230116.517162,107831.36374380375,107831.36374380375,107831.36374380375,BTC-USD,crypto,
2025-05-26,2025-05-26 05:30:00,108861.81037744327,29652659665.048733,108861.81037744327,108861.81037744327,108861.81037744327,BTC-USD,crypto,
2025-05-27,2025-05-27 05:30:00,109377.71513263129,27950577137.918888,109377.71513263129,109377.71513263129,109377.71513263129,BTC-USD,crypto,
2025-05-28,2025-05-28 05:30:00,109068.45694901445,38978783508.88622,109068.45694901445,109068.45694901445,109068.45694901445,BTC-USD,crypto,
2025-05-29,2025-05-29 05:30:00,107838.18431100152,29794278037.284946,107838.18431100152,107838.18431100152,107838.18431100152,BTC-USD,crypto,
2025-05-30,2025-05-30 05:30:00,105745.41660358038,38279231892.56757,105745.41660358038,105745.41660358038,105745.41660358038,BTC-USD,crypto,
2025-05-31,2025-05-31 05:30:00,104010.91956242644,39680060337.610214,104010.91956242644,104010.91956242644,104010.91956242644,BTC-USD,crypto,
2025-06-01,2025-06-01 05:30:00,104687.50742934884,20432694555.09522,104687.50742934884,104687.50742934884,104687.50742934884,BTC-USD,crypto,
2025-06-02,2025-06-02 05:30:00,105710.00593822816,17721500507.53389,105710.00593822816,105710.00593822816,105710.00593822816,BTC-USD,crypto,
2025-06-03,2025-06-03 05:30:00,105884.74263221149,26313843058.73954,105884.74263221149,105884.74263221149,105884.74263221149,BTC-USD,crypto,
2025-06-04,2025-06-04 05:30:00,105434.47745144971,25925661121.080395,105434.47745144971,105434.47745144971,105434.47745144971,BTC-USD,crypto,
2025-06-05,2025-06-05 05:30:00,104812.9182188067,25812143562.797962,104812.9182188067,104812.9182188067,104812.9182188067,BTC-USD,crypto,
2025-06-06,2025-06-06 05:30:00,101650.7387545425,39711941132.0234,101650.7387545425,101650.7387545425,101650.7387545425,BTC-USD,crypto,
2025-06-07,2025-06-07 05:30:00,104409.74967959142,29897390978.090103,104409.74967959142,104409.74967959142,104409.74967959142,BTC-USD,crypto,
2025-06-08,2025-06-08 05:30:00,105681.4546141758,17749731308.73042,105681.4546141758,105681.4546141758,105681.4546141758,BTC-USD,crypto,
2025-06-09,2025-06-09 05:30:00,105692.24740699006,16044679696.270103,105692.24740699006,105692.24740699006,105692.24740699006,BTC-USD,crypto,
2025-06-10,2025-06-10 05:30:00,110261.57485948496,38222993297.50514,110261.57485948496,110261.57485948496,110261.57485948496,BTC-USD,crypto,
2025-06-11,2025-06-11 05:30:00,110212.73252109604,36303839182.734825,110212.73252109604,110212.73252109604,110212.73252109604,BTC-USD,crypto,
2025-06-12,2025-06-12 05:30:00,108679.9760916168,30338936631.626648,108679.9760916168,108679.9760916168,108679.9760916168,BTC-USD,crypto,
2025-06-13,2025-06-13 05:30:00,105979.22902375912,35865159511.38857,105979.22902375912,105979.22902375912,105979.22902375912,BTC-USD,crypto,
2025-06-14,2025-06-14 05:30:00,106045.56440819203,49471015505.74361,106045.56440819203,106045.56440819203,106045.56440819203,BTC-USD,crypto,
2025-06-15,2025-06-15 05:30:00,105482.90611628917,17916412455.866283,105482.90611628917,105482.90611628917,105482.90611628917,BTC-USD,crypto,
2025-06-16,2025-06-16 05:30:00,105554.49383061715,16568441852.649668,105554.49383061715,105554.49383061715,105554.49383061715,BTC-USD,crypto,
2025-06-17,2025-06-17 05:30:00,106951.2720181497,32095957011.724205,106951.2720181497,106951.2720181497,106951.2720181497,BTC-USD,crypto,
2025-06-18,2025-06-18 05:30:00,104683.42479835715,38603212010.889435,104683.42479835715,104683.42479835715,104683.42479835715,BTC-USD,crypto,
2025-06-19,2025-06-19 05:30:00,104722.695052907,30339326410.154945,104722.695052907,104722.695052907,104722.695052907,BTC-USD,crypto,
2025-06-20,2025-06-20 05:30:00,104690.65002458123,18063282658.152298,104690.65002458123,104690.65002458123,104690.65002458123,BTC-USD,crypto,
2025-06-21,2025-06-21 05:30:00,103290.105144757,30632751225.407444,103290.105144757,103290.105144757,103290.105144757,BTC-USD,crypto,
2025-06-22,2025-06-22 05:30:00,101532.5683847329,21644463198.719532,101532.5683847329,101532.5683847329,101532.5683847329,BTC-USD,crypto,
2025-06-23,2025-06-23 05:30:00,100852.58264648831,51287142390.02526,100852.58264648831,100852.58264648831,100852.58264648831,BTC-USD,crypto,
2025-06-24,2025-06-24 05:30:00,105511.62437933135,50011797128.6837,105511.62437933135,105511.62437933135,105511.62437933135,BTC-USD,crypto,
2025-06-25,2025-06-25 05:30:00,105976.06929808448,31704641076.941063,105976.06929808448,105976.06929808448,105976.06929808448,BTC-USD,crypto,
2025-06-26,2025-06-26 05:30:00,107238.53045016268,30468274982.034847,107238.53045016268,107238.53045016268,107238.53045016268,BTC-USD,crypto,
2025-06-27,2025-06-27 05:30:00,106984.01253775663,24320699663.15122,106984.01253775663,106984.01253775663,106984.01253775663,BTC-USD,crypto,
2025-06-28,2025-06-28 05:30:00,107078.91560644074,25194306261.888832,107078.91560644074,107078.91560644074,107078.91560644074,BTC-USD,crypto,
2025-06-29,2025-06-29 05:30:00,107331.58548463577,8960877693.57604,107331.58548463577,107331.58548463577,107331.58548463577,BTC-USD,crypto,
2025-06-30,2025-06-30 05:30:00,108396.61631317894,14881078675.366829,108396.61631317894,108396.61631317894,108396.61631317894,BTC-USD,crypto,
2025-07-01,2025-07-01 05:30:00,107132.79910701896,22489515582.41552,107132.79910701896,107132.79910701896,107132.79910701896,BTC-USD,crypto,
2025-07-02,2025-07-02 05:30:00,105613.39974163055,25033160828.30909,105613.39974163055,105613.39974163055,105613.39974163055,BTC-USD,crypto,
2025-07-03,2025-07-03 05:30:00,108824.44423167943,36395184773.06136,108824.44423167943,108824.44423167943,108824.44423167943,BTC-USD,crypto,
2025-07-04,2025-07-04 05:30:00,109602.20483914016,29892049537.628605,109602.20483914016,109602.20483914016,109602.20483914016,BTC-USD,crypto,
2025-07-05,2025-07-05 05:30:00,108040.8919400104,24248906784.57383,108040.8919400104,108040.8919400104,108040.8919400104,BTC-USD,crypto,
2025-07-06,2025-07-06 05:30:00,108217.46849992426,10042942280.966904,108217.46849992426,108217.46849992426,108217.46849992426,BTC-USD,crypto,
2025-07-07,2025-07-07 05:30:00,109215.19771840284,14638669497.351297,109215.19771840284,109215.19771840284,109215.19771840284,BTC-USD,crypto,
2025-07-08,2025-07-08 05:30:00,108300.71675785031,25493246475.80407,108300.71675785031,108300.71675785031,108300.71675785031,BTC-USD,crypto,
2025-07-09,2025-07-09 05:30:00,108953.19187727802,20488865138.27645,108953.19187727802,108953.19187727802,108953.19187727802,BTC-USD,crypto,
2025-07-10,2025-07-10 05:30:00,111327.53054245669,37078460440.66385,111327.53054245669,111327.53054245669,111327.53054245669,BTC-USD,crypto,
2025-07-11,2025-07-11 05:30:00,115879.65030112496,56204086624.04028,115879.65030112496,115879.65030112496,115879.65030112496,BTC-USD,crypto,
2025-07-12,2025-07-12 05:30:00,117571.02510036016,64185145923.88688,117571.02510036016,117571.02510036016,117571.02510036016,BTC-USD,crypto,
2025-07-13,2025-07-13 05:30:00,117418.95745007684,24351256098.393543,117418.95745007684,117418.95745007684,117418.95745007684,BTC-USD,crypto,
2025-07-14,2025-07-14 05:30:00,119117.55666327637,27310851454.97692,119117.55666327637,119117.55666327637,119117.55666327637,BTC-USD,crypto,
2025-07-15,2025-07-15 00:47:21,119833.16254833115,68654138297.90505,119833.16254833115,119833.16254833115,119833.16254833115,BTC-USD,crypto,
2025-04-16,2025-04-16 05:30:00,1587.8222244021401,11786525215.180002,1587.8222244021401,1587.8222244021401,1587.8222244021401,ETH-USD,crypto,
2025-04-17,2025-04-17 05:30:00,1577.7073516760117,13120084885.866234,1577.7073516760117,1577.7073516760117,1577.7073516760117,ETH-USD,crypto,
2025-04-18,2025-04-18 05:30:00,1583.4764497002345,9437178720.867388,1583.4764497002345,1583.4764497002345,1583.4764497002345,ETH-USD,crypto,
2025-04-19,2025-04-19 05:30:00,1589.1516208270755,5254078676.877919,1589.1516208270755,1589.1516208270755,1589.1516208270755,ETH-USD,crypto,
2025-04-20,2025-04-20 05:30:00,1615.0502549158562,5148626529.402773,1615.0502549158562,1615.0502549158562,1615.0502549158562,ETH-USD,crypto,
2025-04-21,2025-04-21 05:30:00,1585.4600253443446,6695768150.024456,1585.4600253443446,1585.4600253443446,1585.4600253443446,ETH-USD,crypto,
2025-04-22,2025-04-22 05:30:00,1577.4465595922347,15275062279.387148,1577.4465595922347,1577.4465595922347,1577.4465595922347,ETH-USD,crypto,
2025-04-23,2025-04-23 05:30:00,1759.7064599311093,24271980430.95098,1759.7064599311093,1759.7064599311093,1759.7064599311093,ETH-USD,crypto,
2025-04-24,2025-04-24 05:30:00,1793.969849485534,22099177230.61867,1793.969849485534,1793.969849485534,1793.969849485534,ETH-USD,crypto,
2025-04-25,2025-04-25 05:30:00,1769.3925107354407,12923295609.972548,1769.3925107354407,1769.3925107354407,1769.3925107354407,ETH-USD,crypto,
2025-04-26,2025-04-26 05:30:00,1788.7981804331257,15656748328.784924,1788.7981804331257,1788.7981804331257,1788.7981804331257,ETH-USD,crypto,
2025-04-27,2025-04-27 05:30:00,1821.2695303291391,10293614895.776522,1821.2695303291391,1821.2695303291391,1821.2695303291391,ETH-USD,crypto,
2025-04-28,2025-04-28 05:30:00,1793.6918440730135,9632458065.106846,1793.6918440730135,1793.6918440730135,1793.6918440730135,ETH-USD,crypto,
2025-04-29,2025-04-29 05:30:00,1799.50191449199,16777384305.88931,1799.50191449199,1799.50191449199,1799.50191449199,ETH-USD,crypto,
2025-04-30,2025-04-30 05:30:00,1796.9720456768928,13994558644.11867,1796.9720456768928,1796.9720456768928,1796.9720456768928,ETH-USD,crypto,
2025-05-01,2025-05-01 05:30:00,1794.0495408617828,13644627083.285889,1794.0495408617828,1794.0495408617828,1794.0495408617828,ETH-USD,crypto,
2025-05-02,2025-05-02 05:30:00,1838.8543285925753,14310565589.052694,1838.8543285925753,1838.8543285925753,1838.8543285925753,ETH-USD,crypto,
2025-05-03,2025-05-03 05:30:00,1841.427590836958,11686301446.49476,1841.427590836958,1841.427590836958,1841.427590836958,ETH-USD,crypto,
2025-05-04,2025-05-04 05:30:00,1834.501911876416,6704990478.824657,1834.501911876416,1834.501911876416,1834.501911876416,ETH-USD,crypto,
2025-05-05,2025-05-05 05:30:00,1808.156093844096,7479845748.828526,1808.156093844096,1808.156093844096,1808.156093844096,ETH-USD,crypto,
2025-05-06,2025-05-06 05:30:00,1820.0044598893596,10545233503.347864,1820.0044598893596,1820.0044598893596,1820.0044598893596,ETH-USD,crypto,
2025-05-07,2025-05-07 05:30:00,1816.1686943818438,11950393736.527246,1816.1686943818438,1816.1686943818438,1816.1686943818438,ETH-USD,crypto,
2025-05-08,2025-05-08 05:30:00,1810.3169269284476,47111217119.49919,1810.3169269284476,1810.3169269284476,1810.3169269284476,ETH-USD,crypto,
2025-05-09,2025-05-09 05:30:00,2197.5611893238784,35992825075.05399,2197.5611893238784,2197.5611893238784,2197.5611893238784,ETH-USD,crypto,
2025-05-10,2025-05-10 05:30:00,2341.407963002621,44566779461.54657,2341.407963002621,2341.407963002621,2341.407963002621,ETH-USD,crypto,
2025-05-11,2025-05-11 05:30:00,2583.6829051429513,29947910159.02891,2583.6829051429513,2583.6829051429513,2583.6829051429513,ETH-USD,crypto,
2025-05-12,2025-05-12 05:30:00,2507.4693107597423,26138286410.23315,2507.4693107597423,2507.4693107597423,2507.4693107597423,ETH-USD,crypto,
2025-05-13,2025-05-13 05:30:00,2492.426391077375,31524626114.978752,2492.426391077375,2492.426391077375,2492.426391077375,ETH-USD,crypto,
2025-05-14,2025-05-14 05:30:00,2676.639163127913,32279895881.637806,2676.639163127913,2676.639163127913,2676.639163127913,ETH-USD,crypto,
2025-05-15,2025-05-15 05:30:00,2603.7180887199615,28150234190.931705,2603.7180887199615,2603.7180887199615,2603.7180887199615,ETH-USD,crypto,
2025-05-16,2025-05-16 05:30:00,2542.296692466797,26211434557.7159,2542.296692466797,2542.296692466797,2542.296692466797,ETH-USD,crypto,
2025-05-17,2025-05-17 05:30:00,2544.3870377235667,21130441534.96637,2544.3870377235667,2544.3870377235667,2544.3870377235667,ETH-USD,crypto,
2025-05-18,2025-05-18 05:30:00,2475.0543933696913,17185510890.702347,2475.0543933696913,2475.0543933696913,2475.0543933696913,ETH-USD,crypto,
2025-05-19,2025-05-19 05:30:00,2465.3409856139087,24797434472.364086,2465.3409856139087,2465.3409856139087,2465.3409856139087,ETH-USD,crypto,
2025-05-20,2025-05-20 05:30:00,2526.989643891319,25363871274.82505,2526.989643891319,2526.989643891319,2526.989643891319,ETH-USD,crypto,
2025-05-21,2025-05-21 05:30:00,2524.2743433146065,22871462735.416794,2524.2743433146065,2524.2743433146065,2524.2743433146065,ETH-USD,crypto,
2025-05-22,2025-05-22 05:30:00,2558.9502343769486,32697477527.54695,2558.9502343769486,2558.9502343769486,2558.9502343769486,ETH-USD,crypto,
2025-05-23,2025-05-23 05:30:00,2657.1674447566115,29592612076.505535,2657.1674447566115,2657.1674447566115,2657.1674447566115,ETH-USD,crypto,
2025-05-24,2025-05-24 05:30:00,2519.813809045145,30047329191.503662,2519.813809045145,2519.813809045145,2519.813809045145,ETH-USD,crypto,
2025-05-25,2025-05-25 05:30:00,2529.4429842284353,10744994421.192684,2529.4429842284353,2529.4429842284353,2529.4429842284353,ETH-USD,crypto,
2025-05-26,2025-05-26 05:30:00,2546.6201163370915,13814697849.726278,2546.6201163370915,2546.6201163370915,2546.6201163370915,ETH-USD,crypto,
2025-05-27,2025-05-27 05:30:00,2562.1729286392238,13350148034.293623,2562.1729286392238,2562.1729286392238,2562.1729286392238,ETH-USD,crypto,
2025-05-28,2025-05-28 05:30:00,2662.0940568241435,26434151855.253853,2662.0940568241435,2662.0940568241435,2662.0940568241435,ETH-USD,crypto,
2025-05-29,2025-05-29 05:30:00,2676.2674124507,18008588586.284103,2676.2674124507,2676.2674124507,2676.2674124507,ETH-USD,crypto,
2025-05-30,2025-05-30 05:30:00,2633.1392065286695,27021441335.5195,2633.1392065286695,2633.1392065286695,2633.1392065286695,ETH-USD,crypto,
2025-05-31,2025-05-31 05:30:00,2524.4762348050726,22927149330.30469,2524.4762348050726,2524.4762348050726,2524.4762348050726,ETH-USD,crypto,
2025-06-01,2025-06-01 05:30:00,2532.3627853090866,13006751258.18768,2532.3627853090866,2532.3627853090866,2532.3627853090866,ETH-USD,crypto,
2025-06-02,2025-06-02 05:30:00,2538.3300584367485,11338340571.11249,2538.3300584367485,2538.3300584367485,2538.3300584367485,ETH-USD,crypto,
2025-06-03,2025-06-03 05:30:00,2609.737253959435,15623967732.418657,2609.737253959435,2609.737253959435,2609.737253959435,ETH-USD,crypto,
2025-06-04,2025-06-04 05:30:00,2595.4689570062997,15955008730.338179,2595.4689570062997,2595.4689570062997,2595.4689570062997,ETH-USD,crypto,
2025-06-05,2025-06-05 05:30:00,2610.343189828259,16809606446.176416,2610.343189828259,2610.343189828259,2610.343189828259,ETH-USD,crypto,
2025-06-06,2025-06-06 05:30:00,2421.601103763502,25849573159.64817,2421.601103763502,2421.601103763502,2421.601103763502,ETH-USD,crypto,
2025-06-07,2025-06-07 05:30:00,2481.4039836690267,18395107930.47655,2481.4039836690267,2481.4039836690267,2481.4039836690267,ETH-USD,crypto,
2025-06-08,2025-06-08 05:30:00,2526.291995889778,9535426814.691927,2526.291995889778,2526.291995889778,2526.291995889778,ETH-USD,crypto,
2025-06-09,2025-06-09 05:30:00,2508.784123584585,10206893115.537256,2508.784123584585,2508.784123584585,2508.784123584585,ETH-USD,crypto,
2025-06-10,2025-06-10 05:30:00,2685.0001850413178,19485734665.28548,2685.0001850413178,2685.0001850413178,2685.0001850413178,ETH-USD,crypto,
2025-06-11,2025-06-11 05:30:00,2808.503208314919,38281210143.95115,2808.503208314919,2808.503208314919,2808.503208314919,ETH-USD,crypto,
2025-06-12,2025-06-12 05:30:00,2776.1371915822333,27369030837.548595,2776.1371915822333,2776.1371915822333,2776.1371915822333,ETH-USD,crypto,
2025-06-13,2025-06-13 05:30:00,2653.158968452672,26068993569.969894,2653.158968452672,2653.158968452672,2653.158968452672,ETH-USD,crypto,
2025-06-14,2025-06-14 05:30:00,2577.04861752583,38576471746.00814,2577.04861752583,2577.04861752583,2577.04861752583,ETH-USD,crypto,
2025-06-15,2025-06-15 05:30:00,2534.0702195359518,12077031034.291521,2534.0702195359518,2534.0702195359518,2534.0702195359518,ETH-USD,crypto,
2025-06-16,2025-06-16 05:30:00,2547.8456040920437,11678912429.510712,2547.8456040920437,2547.8456040920437,2547.8456040920437,ETH-USD,crypto,
2025-06-17,2025-06-17 05:30:00,2561.329843569428,24222149649.172424,2561.329843569428,2561.329843569428,2561.329843569428,ETH-USD,crypto,
2025-06-18,2025-06-18 05:30:00,2514.986700576147,25926506708.040215,2514.986700576147,2514.986700576147,2514.986700576147,ETH-USD,crypto,
2025-06-19,2025-06-19 05:30:00,2521.3334233964915,17800721253.243202,2521.3334233964915,2521.3334233964915,2521.3334233964915,ETH-USD,crypto,
2025-06-20,2025-06-20 05:30:00,2522.1791903642184,10392473841.155851,2522.1791903642184,2522.1791903642184,2522.1791903642184,ETH-USD,crypto,
2025-06-21,2025-06-21 05:30:00,2405.695434213183,20482816663.29469,2405.695434213183,2405.695434213183,2405.695434213183,ETH-USD,crypto,
2025-06-22,2025-06-22 05:30:00,2270.581996055585,16155611764.84833,2270.581996055585,2270.581996055585,2270.581996055585,ETH-USD,crypto,
2025-06-23,2025-06-23 05:30:00,2227.4287266371684,28181442532.315876,2227.4287266371684,2227.4287266371684,2227.4287266371684,ETH-USD,crypto,
2025-06-24,2025-06-24 05:30:00,2423.899644268608,25494295400.420887,2423.899644268608,2423.899644268608,2423.899644268608,ETH-USD,crypto,
2025-06-25,2025-06-25 05:30:00,2446.539301545049,19669025068.963604,2446.539301545049,2446.539301545049,2446.539301545049,ETH-USD,crypto,
2025-06-26,2025-06-26 05:30:00,2417.2267855277296,15513055665.262428,2417.2267855277296,2417.2267855277296,2417.2267855277296,ETH-USD,crypto,
2025-06-27,2025-06-27 05:30:00,2415.031864876594,16271811388.723804,2415.031864876594,2415.031864876594,2415.031864876594,ETH-USD,crypto,
2025-06-28,2025-06-28 05:30:00,2423.0302896731746,13100825617.816572,2423.0302896731746,2423.0302896731746,2423.0302896731746,ETH-USD,crypto,
2025-06-29,2025-06-29 05:30:00,2437.133001780241,5787313890.541637,2437.133001780241,2437.133001780241,2437.133001780241,ETH-USD,crypto,
2025-06-30,2025-06-30 05:30:00,2502.6672721177083,10236257918.833096,2502.6672721177083,2502.6672721177083,2502.6672721177083,ETH-USD,crypto,
2025-07-01,2025-07-01 05:30:00,2488.190781689803,16306915984.938057,2488.190781689803,2488.190781689803,2488.190781689803,ETH-USD,crypto,
2025-07-02,2025-07-02 05:30:00,2405.1045592800183,12933967031.524443,2405.1045592800183,2405.1045592800183,2405.1045592800183,ETH-USD,crypto,
2025-07-03,2025-07-03 05:30:00,2574.067718495133,21862573614.17975,2574.067718495133,2574.067718495133,2574.067718495133,ETH-USD,crypto,
2025-07-04,2025-07-04 05:30:00,2590.132231590221,19823369642.62606,2590.132231590221,2590.132231590221,2590.132231590221,ETH-USD,crypto,
2025-07-05,2025-07-05 05:30:00,2509.236345783362,16377116416.187033,2509.236345783362,2509.236345783362,2509.236345783362,ETH-USD,crypto,
2025-07-06,2025-07-06 05:30:00,2517.37917835065,6801276942.284494,2517.37917835065,2517.37917835065,2517.37917835065,ETH-USD,crypto,
2025-07-07,2025-07-07 05:30:00,2571.358192115984,9051659015.949968,2571.358192115984,2571.358192115984,2571.358192115984,ETH-USD,crypto,
2025-07-08,2025-07-08 05:30:00,2543.6317028067488,15947822897.049152,2543.6317028067488,2543.6317028067488,2543.6317028067488,ETH-USD,crypto,
2025-07-09,2025-07-09 05:30:00,2615.7759888945047,14750377128.581295,2615.7759888945047,2615.7759888945047,2615.7759888945047,ETH-USD,crypto,
2025-07-10,2025-07-10 05:30:00,2772.5795626609174,26626246774.244656,2772.5795626609174,2772.5795626609174,2772.5795626609174,ETH-USD,crypto,
2025-07-11,2025-07-11 05:30:00,2948.4462027029053,39308824585.23128,2948.4462027029053,2948.4462027029053,2948.4462027029053,ETH-USD,crypto,
2025-07-12,2025-07-12 05:30:00,2958.8514450990992,42455550664.554665,2958.8514450990992,2958.8514450990992,2958.8514450990992,ETH-USD,crypto,
2025-07-13,2025-07-13 05:30:00,2942.9616055388096,17472135946.60354,2942.9616055388096,2942.9616055388096,2942.9616055388096,ETH-USD,crypto,
2025-07-14,2025-07-14 05:30:00,2974.2654952333387,18605172049.087772,2974.2654952333387,2974.2654952333387,2974.2654952333387,ETH-USD,crypto,
2025-07-15,2025-07-15 00:47:23,2993.1716924922025,40779201212.35095,2993.1716924922025,2993.1716924922025,2993.1716924922025,ETH-USD,crypto,
2025-04-16,2025-04-16 05:30:00,2.087166740701441,2529137788.826132,2.087166740701441,2.087166740701441,2.087166740701441,XRP-USD,crypto,
2025-04-17,2025-04-17 05:30:00,2.0835198434155506,2975625490.375688,2.0835198434155506,2.0835198434155506,2.0835198434155506,XRP-USD,crypto,
2025-04-18,2025-04-18 05:30:00,2.0677436115822867,2069087395.311297,2.0677436115822867,2.0677436115822867,2.0677436115822867,XRP-USD,crypto,
2025-04-19,2025-04-19 05:30:00,2.062691684044618,1528702114.8309712,2.062691684044618,2.062691684044618,2.062691684044618,XRP-USD,crypto,
2025-04-20,2025-04-20 05:30:00,2.0855273823856817,1198082570.278999,2.0855273823856817,2.0855273823856817,2.0855273823856817,XRP-USD,crypto,
2025-04-21,2025-04-21 05:30:00,2.0747196454629124,1454273605.4356875,2.0747196454629124,2.0747196454629124,2.0747196454629124,XRP-USD,crypto,
2025-04-22,2025-04-22 05:30:00,2.0806696781556395,2357222891.83461,2.0806696781556395,2.0806696781556395,2.0806696781556395,XRP-USD,crypto,
2025-04-23,2025-04-23 05:30:00,2.221159426695198,4117163104.17999,2.221159426695198,2.221159426695198,2.221159426695198,XRP-USD,crypto,
2025-04-24,2025-04-24 05:30:00,2.217823599038466,4996062046.359891,2.217823599038466,2.217823599038466,2.217823599038466,XRP-USD,crypto,
2025-04-25,2025-04-25 05:30:00,2.206600349886956,4208930304.223753,2.206600349886956,2.206600349886956,2.206600349886956,XRP-USD,crypto,
2025-04-26,2025-04-26 05:30:00,2.1852873809524738,3234722208.502314,2.1852873809524738,2.1852873809524738,2.1852873809524738,XRP-USD,crypto,
2025-04-27,2025-04-27 05:30:00,2.1932493737799863,2459783783.285445,2.1932493737799863,2.1932493737799863,2.1932493737799863,XRP-USD,crypto,
2025-04-28,2025-04-28 05:30:00,2.2566771719971905,3751692488.2109566,2.2566771719971905,2.2566771719971905,2.2566771719971905,XRP-USD,crypto,
2025-04-29,2025-04-29 05:30:00,2.2959679622378415,4072974943.4389,2.2959679622378415,2.2959679622378415,2.2959679622378415,XRP-USD,crypto,
2025-04-30,2025-04-30 05:30:00,2.2399407863578777,2489793878.0180745,2.2399407863578777,2.2399407863578777,2.2399407863578777,XRP-USD,crypto,
2025-05-01,2025-05-01 05:30:00,2.1934727928877984,3252726421.623423,2.1934727928877984,2.1934727928877984,2.1934727928877984,XRP-USD,crypto,
2025-05-02,2025-05-02 05:30:00,2.2143085222346612,2155611895.0543213,2.2143085222346612,2.2143085222346612,2.2143085222346612,XRP-USD,crypto,
2025-05-03,2025-05-03 05:30:00,2.2089170454344824,1739910937.9821632,2.2089170454344824,2.2089170454344824,2.2089170454344824,XRP-USD,crypto,
2025-05-04,2025-05-04 05:30:00,2.188707355411367,1214767487.7877498,2.188707355411367,2.188707355411367,2.188707355411367,XRP-USD,crypto,
2025-05-05,2025-05-05 05:30:00,2.1580623583353407,1372805879.5778592,2.1580623583353407,2.1580623583353407,2.1580623583353407,XRP-USD,crypto,
2025-05-06,2025-05-06 05:30:00,2.1371617409153263,2194829695.4970164,2.1371617409153263,2.1371617409153263,2.1371617409153263,XRP-USD,crypto,
2025-05-07,2025-05-07 05:30:00,2.1553467775958843,2048616981.3491316,2.1553467775958843,2.1553467775958843,2.1553467775958843,XRP-USD,crypto,
2025-05-08,2025-05-08 05:30:00,2.1289110212370352,3559099566.438218,2.1289110212370352,2.1289110212370352,2.1289110212370352,XRP-USD,crypto,
2025-05-09,2025-05-09 05:30:00,2.318857034757937,4731256282.308641,2.318857034757937,2.318857034757937,2.318857034757937,XRP-USD,crypto,
2025-05-10,2025-05-10 05:30:00,2.34260418658349,6008731144.741504,2.34260418658349,2.34260418658349,2.34260418658349,XRP-USD,crypto,
2025-05-11,2025-05-11 05:30:00,2.465515991652043,4343182682.254746,2.465515991652043,2.465515991652043,2.465515991652043,XRP-USD,crypto,
2025-05-12,2025-05-12 05:30:00,2.3665185406774456,3957902320.317386,2.3665185406774456,2.3665185406774456,2.3665185406774456,XRP-USD,crypto,
2025-05-13,2025-05-13 05:30:00,2.5407166812994824,10787624520.70423,2.5407166812994824,2.5407166812994824,2.5407166812994824,XRP-USD,crypto,
2025-05-14,2025-05-14 05:30:00,2.5882656119238727,6137110174.707251,2.5882656119238727,2.5882656119238727,2.5882656119238727,XRP-USD,crypto,
2025-05-15,2025-05-15 05:30:00,2.552660064054796,4956660171.954109,2.552660064054796,2.552660064054796,2.552660064054796,XRP-USD,crypto,
2025-05-16,2025-05-16 05:30:00,2.3780203600308965,5285627666.563696,2.3780203600308965,2.3780203600308965,2.3780203600308965,XRP-USD,crypto,
2025-05-17,2025-05-17 05:30:00,2.387491166631724,3668091279.885704,2.387491166631724,2.387491166631724,2.387491166631724,XRP-USD,crypto,
2025-05-18,2025-05-18 05:30:00,2.352615765613394,2378581122.524433,2.352615765613394,2.352615765613394,2.352615765613394,XRP-USD,crypto,
2025-05-19,2025-05-19 05:30:00,2.4178990437197814,2871045382.6763167,2.4178990437197814,2.4178990437197814,2.4178990437197814,XRP-USD,crypto,
2025-05-20,2025-05-20 05:30:00,2.3808727609208282,3326769717.093891,2.3808727609208282,2.3808727609208282,2.3808727609208282,XRP-USD,crypto,
2025-05-21,2025-05-21 05:30:00,2.356578233921423,2736702822.998838,2.356578233921423,2.356578233921423,2.356578233921423,XRP-USD,crypto,
2025-05-22,2025-05-22 05:30:00,2.4028996266349396,3857208347.067667,2.4028996266349396,2.4028996266349396,2.4028996266349396,XRP-USD,crypto,
2025-05-23,2025-05-23 05:30:00,2.4284164339274192,3423292472.9337497,2.4284164339274192,2.4284164339274192,2.4284164339274192,XRP-USD,crypto,
2025-05-24,2025-05-24 05:30:00,2.2991928362328755,3803614983.5157166,2.2991928362328755,2.2991928362328755,2.2991928362328755,XRP-USD,crypto,
2025-05-25,2025-05-25 05:30:00,2.3319094660057416,1372961335.2188973,2.3319094660057416,2.3319094660057416,2.3319094660057416,XRP-USD,crypto,
2025-05-26,2025-05-26 05:30:00,2.3405861862412927,1905275005.1451297,2.3405861862412927,2.3405861862412927,2.3405861862412927,XRP-USD,crypto,
2025-05-27,2025-05-27 05:30:00,2.3082922649115565,1661784737.5361876,2.3082922649115565,2.3082922649115565,2.3082922649115565,XRP-USD,crypto,
2025-05-28,2025-05-28 05:30:00,2.3186677687774426,2048276738.5749948,2.3186677687774426,2.3186677687774426,2.3186677687774426,XRP-USD,crypto,
2025-05-29,2025-05-29 05:30:00,2.2746048552552507,2074053702.379202,2.2746048552552507,2.2746048552552507,2.2746048552552507,XRP-USD,crypto,
2025-05-30,2025-05-30 05:30:00,2.2505538163676135,2179459280.652964,2.2505538163676135,2.2505538163676135,2.2505538163676135,XRP-USD,crypto,
2025-05-31,2025-05-31 05:30:00,2.1423194738068942,3372833929.9944954,2.1423194738068942,2.1423194738068942,2.1423194738068942,XRP-USD,crypto,
2025-06-01,2025-06-01 05:30:00,2.177000081626197,2268132685.3159456,2.177000081626197,2.177000081626197,2.177000081626197,XRP-USD,crypto,
2025-06-02,2025-06-02 05:30:00,2.1802830722675224,1521954083.381058,2.1802830722675224,2.1802830722675224,2.1802830722675224,XRP-USD,crypto,
2025-06-03,2025-06-03 05:30:00,2.2004265864927537,1856646284.2520795,2.2004265864927537,2.2004265864927537,2.2004265864927537,XRP-USD,crypto,
2025-06-04,2025-06-04 05:30:00,2.2486280245071963,2193921747.996483,2.2486280245071963,2.2486280245071963,2.2486280245071963,XRP-USD,crypto,
2025-06-05,2025-06-05 05:30:00,2.202322198067478,1714810311.215842,2.202322198067478,2.202322198067478,2.202322198067478,XRP-USD,crypto,
2025-06-06,2025-06-06 05:30:00,2.0970164299223453,2893388349.562232,2.0970164299223453,2.0970164299223453,2.0970164299223453,XRP-USD,crypto,
2025-06-07,2025-06-07 05:30:00,2.163852346114403,1854390911.9791367,2.163852346114403,2.163852346114403,2.163852346114403,XRP-USD,crypto,
2025-06-08,2025-06-08 05:30:00,2.1779065492597427,953843043.4304752,2.1779065492597427,2.1779065492597427,2.1779065492597427,XRP-USD,crypto,
2025-06-09,2025-06-09 05:30:00,2.2629632981656744,2297445951.3852534,2.2629632981656744,2.2629632981656744,2.2629632981656744,XRP-USD,crypto,
2025-06-10,2025-06-10 05:30:00,2.321075765224377,2774696976.06667,2.321075765224377,2.321075765224377,2.321075765224377,XRP-USD,crypto,
2025-06-11,2025-06-11 05:30:00,2.305016386019404,2612062557.9833493,2.305016386019404,2.305016386019404,2.305016386019404,XRP-USD,crypto,
2025-06-12,2025-06-12 05:30:00,2.2701428874939213,2624047756.9494534,2.2701428874939213,2.2701428874939213,2.2701428874939213,XRP-USD,crypto,
2025-06-13,2025-06-13 05:30:00,2.1954298391805,2202653947.4050665,2.1954298391805,2.1954298391805,2.1954298391805,XRP-USD,crypto,
2025-06-14,2025-06-14 05:30:00,2.148866270593598,3949716840.388356,2.148866270593598,2.148866270593598,2.148866270593598,XRP-USD,crypto,
2025-06-15,2025-06-15 05:30:00,2.141891800480294,1687489656.576244,2.141891800480294,2.141891800480294,2.141891800480294,XRP-USD,crypto,
2025-06-16,2025-06-16 05:30:00,2.166318490313782,1231293467.1767986,2.166318490313782,2.166318490313782,2.166318490313782,XRP-USD,crypto,
2025-06-17,2025-06-17 05:30:00,2.255537416572947,4466552529.620607,2.255537416572947,2.255537416572947,2.255537416572947,XRP-USD,crypto,
2025-06-18,2025-06-18 05:30:00,2.1632317759396993,3466660612.110638,2.1632317759396993,2.1632317759396993,2.1632317759396993,XRP-USD,crypto,
2025-06-19,2025-06-19 05:30:00,2.1686830671349613,2350823381.424604,2.1686830671349613,2.1686830671349613,2.1686830671349613,XRP-USD,crypto,
2025-06-20,2025-06-20 05:30:00,2.166239439916603,1450568729.9521883,2.166239439916603,2.166239439916603,2.166239439916603,XRP-USD,crypto,
2025-06-21,2025-06-21 05:30:00,2.1201128146436803,2098115334.487172,2.1201128146436803,2.1201128146436803,2.1201128146436803,XRP-USD,crypto,
2025-06-22,2025-06-22 05:30:00,2.044379922195215,2305504805.382443,2.044379922195215,2.044379922195215,2.044379922195215,XRP-USD,crypto,
2025-06-23,2025-06-23 05:30:00,2.013512764553698,4449887424.63551,2.013512764553698,2.013512764553698,2.013512764553698,XRP-USD,crypto,
2025-06-24,2025-06-24 05:30:00,2.1640075102022664,4004307867.6364536,2.1640075102022664,2.1640075102022664,2.1640075102022664,XRP-USD,crypto,
2025-06-25,2025-06-25 05:30:00,2.1890368617248566,3119419439.9970093,2.1890368617248566,2.1890368617248566,2.1890368617248566,XRP-USD,crypto,
2025-06-26,2025-06-26 05:30:00,2.1839169388853152,2234760744.378113,2.1839169388853152,2.1839169388853152,2.1839169388853152,XRP-USD,crypto,
2025-06-27,2025-06-27 05:30:00,2.105597069865388,2569634191.4677787,2.105597069865388,2.105597069865388,2.105597069865388,XRP-USD,crypto,
2025-06-28,2025-06-28 05:30:00,2.140945561649059,2600100605.537264,2.140945561649059,2.140945561649059,2.140945561649059,XRP-USD,crypto,
2025-06-29,2025-06-29 05:30:00,2.185743305637095,1909072124.1732078,2.185743305637095,2.185743305637095,2.185743305637095,XRP-USD,crypto,
2025-06-30,2025-06-30 05:30:00,2.2080779439640237,1320178860.3618104,2.2080779439640237,2.2080779439640237,2.2080779439640237,XRP-USD,crypto,
2025-07-01,2025-07-01 05:30:00,2.2397868943055363,3688723731.503887,2.2397868943055363,2.2397868943055363,2.2397868943055363,XRP-USD,crypto,
2025-07-02,2025-07-02 05:30:00,2.171453605552325,2782662990.9534025,2.171453605552325,2.171453605552325,2.171453605552325,XRP-USD,crypto,
2025-07-03,2025-07-03 05:30:00,2.234339504341481,3660413082.1301646,2.234339504341481,2.234339504341481,2.234339504341481,XRP-USD,crypto,
2025-07-04,2025-07-04 05:30:00,2.2565985381225446,3456952710.4009995,2.2565985381225446,2.2565985381225446,2.2565985381225446,XRP-USD,crypto,
2025-07-05,2025-07-05 05:30:00,2.220660517934634,1759263909.260319,2.220660517934634,2.220660517934634,2.220660517934634,XRP-USD,crypto,
2025-07-06,2025-07-06 05:30:00,2.2177115630108464,898181111.5827129,2.2177115630108464,2.2177115630108464,2.2177115630108464,XRP-USD,crypto,
2025-07-07,2025-07-07 05:30:00,2.2711234551626793,2334073292.9256063,2.2711234551626793,2.2711234551626793,2.2711234551626793,XRP-USD,crypto,
2025-07-08,2025-07-08 05:30:00,2.275084085302051,3876739211.500435,2.275084085302051,2.275084085302051,2.275084085302051,XRP-USD,crypto,
2025-07-09,2025-07-09 05:30:00,2.3106154308712163,2680689161.887867,2.3106154308712163,2.3106154308712163,2.3106154308712163,XRP-USD,crypto,
2025-07-10,2025-07-10 05:30:00,2.405267395272407,4432186610.184976,2.405267395272407,2.405267395272407,2.405267395272407,XRP-USD,crypto,
2025-07-11,2025-07-11 05:30:00,2.5456780481070833,5263609598.373313,2.5456780481070833,2.5456780481070833,2.5456780481070833,XRP-USD,crypto,
2025-07-12,2025-07-12 05:30:00,2.735777793849028,14004307576.909258,2.735777793849028,2.735777793849028,2.735777793849028,XRP-USD,crypto,
2025-07-13,2025-07-13 05:30:00,2.7403085663356155,7635333692.640345,2.7403085663356155,2.7403085663356155,2.7403085663356155,XRP-USD,crypto,
2025-07-14,2025-07-14 05:30:00,2.836943449825265,6320439963.46504,2.836943449825265,2.836943449825265,2.836943449825265,XRP-USD,crypto,
2025-07-15,2025-07-15 00:47:27,2.9241661622380235,10830779637.433392,2.9241661622380235,2.9241661622380235,2.9241661622380235,XRP-USD,crypto,
2025-04-16,2025-04-16 05:30:00,0.6080639244271904,709020814.1750429,0.6080639244271904,0.6080639244271904,0.6080639244271904,ADA-USD,crypto,
2025-04-17,2025-04-17 05:30:00,0.6106653469788688,591359664.0730368,0.6106653469788688,0.6106653469788688,0.6106653469788688,ADA-USD,crypto,
2025-04-18,2025-04-18 05:30:00,0.6168950161106203,448807472.6198462,0.6168950161106203,0.6168950161106203,0.6168950161106203,ADA-USD,crypto,
2025-04-19,2025-04-19 05:30:00,0.6273043794612541,374649872.12397456,0.6273043794612541,0.6273043794612541,0.6273043794612541,ADA-USD,crypto,
2025-04-20,2025-04-20 05:30:00,0.6280852975713835,331430508.4467672,0.6280852975713835,0.6280852975713835,0.6280852975713835,ADA-USD,crypto,
2025-04-21,2025-04-21 05:30:00,0.6202087731824584,354987761.1249453,0.6202087731824584,0.6202087731824584,0.6202087731824584,ADA-USD,crypto,
2025-04-22,2025-04-22 05:30:00,0.6226371412727918,632027422.0139718,0.6226371412727918,0.6226371412727918,0.6226371412727918,ADA-USD,crypto,
2025-04-23,2025-04-23 05:30:00,0.6821362911471233,834269402.8814627,0.6821362911471233,0.6821362911471233,0.6821362911471233,ADA-USD,crypto,
2025-04-24,2025-04-24 05:30:00,0.6972646472481486,967029539.1144488,0.6972646472481486,0.6972646472481486,0.6972646472481486,ADA-USD,crypto,
2025-04-25,2025-04-25 05:30:00,0.7220676397924738,1035019627.1012883,0.7220676397924738,0.7220676397924738,0.7220676397924738,ADA-USD,crypto,
2025-04-26,2025-04-26 05:30:00,0.7138859038055668,949069153.9271946,0.7138859038055668,0.7138859038055668,0.7138859038055668,ADA-USD,crypto,
2025-04-27,2025-04-27 05:30:00,0.7075935331519487,659341778.5746859,0.7075935331519487,0.7075935331519487,0.7075935331519487,ADA-USD,crypto,
2025-04-28,2025-04-28 05:30:00,0.704070171794187,567359217.6728809,0.704070171794187,0.704070171794187,0.704070171794187,ADA-USD,crypto,
2025-04-29,2025-04-29 05:30:00,0.7052906740354157,889987578.2822492,0.7052906740354157,0.7052906740354157,0.7052906740354157,ADA-USD,crypto,
2025-04-30,2025-04-30 05:30:00,0.6957354792970168,817939169.992459,0.6957354792970168,0.6957354792970168,0.6957354792970168,ADA-USD,crypto,
2025-05-01,2025-05-01 05:30:00,0.6820275063998128,592053391.6761067,0.6820275063998128,0.6820275063998128,0.6820275063998128,ADA-USD,crypto,
2025-05-02,2025-05-02 05:30:00,0.7048540559063339,586072580.7401356,0.7048540559063339,0.7048540559063339,0.7048540559063339,ADA-USD,crypto,
2025-05-03,2025-05-03 05:30:00,0.6974986414291682,606872856.4955413,0.6974986414291682,0.6974986414291682,0.6974986414291682,ADA-USD,crypto,
2025-05-04,2025-05-04 05:30:00,0.7013467253059199,752443709.4776694,0.7013467253059199,0.7013467253059199,0.7013467253059199,ADA-USD,crypto,
2025-05-05,2025-05-05 05:30:00,0.6763756494805502,661246645.056914,0.6763756494805502,0.6763756494805502,0.6763756494805502,ADA-USD,crypto,
2025-05-06,2025-05-06 05:30:00,0.6631639151504879,664925434.1708654,0.6631639151504879,0.6631639151504879,0.6631639151504879,ADA-USD,crypto,
2025-05-07,2025-05-07 05:30:00,0.6787761903074216,552471849.9156157,0.6787761903074216,0.6787761903074216,0.6787761903074216,ADA-USD,crypto,
2025-05-08,2025-05-08 05:30:00,0.671376495581957,582536184.2563542,0.671376495581957,0.671376495581957,0.671376495581957,ADA-USD,crypto,
2025-05-09,2025-05-09 05:30:00,0.7651537464755499,1355272025.0992892,0.7651537464755499,0.7651537464755499,0.7651537464755499,ADA-USD,crypto,
2025-05-10,2025-05-10 05:30:00,0.7773024778174161,1491055749.585572,0.7773024778174161,0.7773024778174161,0.7773024778174161,ADA-USD,crypto,
2025-05-11,2025-05-11 05:30:00,0.8400596557571808,1390682398.3795056,0.8400596557571808,0.8400596557571808,0.8400596557571808,ADA-USD,crypto,
2025-05-12,2025-05-12 05:30:00,0.8048629924679394,1096359924.9786,0.8048629924679394,0.8048629924679394,0.8048629924679394,ADA-USD,crypto,
2025-05-13,2025-05-13 05:30:00,0.8191103769126542,1891364013.690922,0.8191103769126542,0.8191103769126542,0.8191103769126542,ADA-USD,crypto,
2025-05-14,2025-05-14 05:30:00,0.8312541090164433,1249623977.9694462,0.8312541090164433,0.8312541090164433,0.8312541090164433,ADA-USD,crypto,
2025-05-15,2025-05-15 05:30:00,0.7985815955519888,1166899569.1134908,0.7985815955519888,0.7985815955519888,0.7985815955519888,ADA-USD,crypto,
2025-05-16,2025-05-16 05:30:00,0.760909266948887,1032947704.5832616,0.760909266948887,0.760909266948887,0.760909266948887,ADA-USD,crypto,
2025-05-17,2025-05-17 05:30:00,0.7605802350885046,777814627.6177915,0.7605802350885046,0.7605802350885046,0.7605802350885046,ADA-USD,crypto,
2025-05-18,2025-05-18 05:30:00,0.7424784161936966,906498912.2572886,0.7424784161936966,0.7424784161936966,0.7424784161936966,ADA-USD,crypto,
2025-05-19,2025-05-19 05:30:00,0.7518394820880364,949005467.3644464,0.7518394820880364,0.7518394820880364,0.7518394820880364,ADA-USD,crypto,
2025-05-20,2025-05-20 05:30:00,0.7426046048097757,855716668.7541951,0.7426046048097757,0.7426046048097757,0.7426046048097757,ADA-USD,crypto,
2025-05-21,2025-05-21 05:30:00,0.7456441858290309,690998975.7792397,0.7456441858290309,0.7456441858290309,0.7456441858290309,ADA-USD,crypto,
2025-05-22,2025-05-22 05:30:00,0.772065003489696,1077168981.202006,0.772065003489696,0.772065003489696,0.772065003489696,ADA-USD,crypto,
2025-05-23,2025-05-23 05:30:00,0.8077548195843751,1069425848.6042526,0.8077548195843751,0.8077548195843751,0.8077548195843751,ADA-USD,crypto,
2025-05-24,2025-05-24 05:30:00,0.748254247966839,1417851508.940276,0.748254247966839,0.748254247966839,0.748254247966839,ADA-USD,crypto,
2025-05-25,2025-05-25 05:30:00,0.7460261925160765,630031485.6921482,0.7460261925160765,0.7460261925160765,0.7460261925160765,ADA-USD,crypto,
2025-05-26,2025-05-26 05:30:00,0.7589761692612583,673782320.823423,0.7589761692612583,0.7589761692612583,0.7589761692612583,ADA-USD,crypto,
2025-05-27,2025-05-27 05:30:00,0.7582470752465925,588809796.8894885,0.7582470752465925,0.7582470752465925,0.7582470752465925,ADA-USD,crypto,
2025-05-28,2025-05-28 05:30:00,0.7578018172885506,652902725.7086877,0.7578018172885506,0.7578018172885506,0.7578018172885506,ADA-USD,crypto,
2025-05-29,2025-05-29 05:30:00,0.7465205662397495,546997351.279757,0.7465205662397495,0.7465205662397495,0.7465205662397495,ADA-USD,crypto,
2025-05-30,2025-05-30 05:30:00,0.724272085506191,649806532.9053063,0.724272085506191,0.724272085506191,0.724272085506191,ADA-USD,crypto,
2025-05-31,2025-05-31 05:30:00,0.6912614352706643,935627012.618067,0.6912614352706643,0.6912614352706643,0.6912614352706643,ADA-USD,crypto,
2025-06-01,2025-06-01 05:30:00,0.6863035406713839,721005660.5061203,0.6863035406713839,0.6863035406713839,0.6863035406713839,ADA-USD,crypto,
2025-06-02,2025-06-02 05:30:00,0.6853559510305921,524853161.2361533,0.6853559510305921,0.6853559510305921,0.6853559510305921,ADA-USD,crypto,
2025-06-03,2025-06-03 05:30:00,0.6900620402912112,570636794.5706515,0.6900620402912112,0.6900620402912112,0.6900620402912112,ADA-USD,crypto,
2025-06-04,2025-06-04 05:30:00,0.684833771475063,494639383.16412145,0.684833771475063,0.684833771475063,0.684833771475063,ADA-USD,crypto,
2025-06-05,2025-06-05 05:30:00,0.6662352525151268,400096118.0279466,0.6662352525151268,0.6662352525151268,0.6662352525151268,ADA-USD,crypto,
2025-06-06,2025-06-06 05:30:00,0.6279989717216173,759754191.8443644,0.6279989717216173,0.6279989717216173,0.6279989717216173,ADA-USD,crypto,
2025-06-07,2025-06-07 05:30:00,0.6564156318236438,579132039.6493936,0.6564156318236438,0.6564156318236438,0.6564156318236438,ADA-USD,crypto,
2025-06-08,2025-06-08 05:30:00,0.665097118031322,345182718.07783103,0.665097118031322,0.665097118031322,0.665097118031322,ADA-USD,crypto,
2025-06-09,2025-06-09 05:30:00,0.6696475032429187,445907844.38359064,0.6696475032429187,0.6696475032429187,0.6696475032429187,ADA-USD,crypto,
2025-06-10,2025-06-10 05:30:00,0.7051927875959849,556699781.999879,0.7051927875959849,0.7051927875959849,0.7051927875959849,ADA-USD,crypto,
2025-06-11,2025-06-11 05:30:00,0.7161084051691045,816441834.7804779,0.7161084051691045,0.7161084051691045,0.7161084051691045,ADA-USD,crypto,
2025-06-12,2025-06-12 05:30:00,0.6978609557770317,650490779.2528718,0.6978609557770317,0.6978609557770317,0.6978609557770317,ADA-USD,crypto,
2025-06-13,2025-06-13 05:30:00,0.6645616396607636,644736788.8081536,0.6645616396607636,0.6645616396607636,0.6645616396607636,ADA-USD,crypto,
2025-06-14,2025-06-14 05:30:00,0.6415287116259395,967144196.2984973,0.6415287116259395,0.6415287116259395,0.6415287116259395,ADA-USD,crypto,
2025-06-15,2025-06-15 05:30:00,0.6249531411165467,377703624.01002413,0.6249531411165467,0.6249531411165467,0.6249531411165467,ADA-USD,crypto,
2025-06-16,2025-06-16 05:30:00,0.6338091675682362,306474152.5964094,0.6338091675682362,0.6338091675682362,0.6338091675682362,ADA-USD,crypto,
2025-06-17,2025-06-17 05:30:00,0.6348092267777333,634345979.704381,0.6348092267777333,0.6348092267777333,0.6348092267777333,ADA-USD,crypto,
2025-06-18,2025-06-18 05:30:00,0.6114224843190872,668780456.8391515,0.6114224843190872,0.6114224843190872,0.6114224843190872,ADA-USD,crypto,
2025-06-19,2025-06-19 05:30:00,0.6031520541269734,649432905.7020996,0.6031520541269734,0.6031520541269734,0.6031520541269734,ADA-USD,crypto,
2025-06-20,2025-06-20 05:30:00,0.6022517506298001,411526119.6336923,0.6022517506298001,0.6022517506298001,0.6022517506298001,ADA-USD,crypto,
2025-06-21,2025-06-21 05:30:00,0.5768480561772417,655089381.7343858,0.5768480561772417,0.5768480561772417,0.5768480561772417,ADA-USD,crypto,
2025-06-22,2025-06-22 05:30:00,0.5507083653541873,616320411.8508501,0.5507083653541873,0.5507083653541873,0.5507083653541873,ADA-USD,crypto,
2025-06-23,2025-06-23 05:30:00,0.5411301510006504,1046673222.5903796,0.5411301510006504,0.5411301510006504,0.5411301510006504,ADA-USD,crypto,
2025-06-24,2025-06-24 05:30:00,0.5832401178415064,923344856.19398,0.5832401178415064,0.5832401178415064,0.5832401178415064,ADA-USD,crypto,
2025-06-25,2025-06-25 05:30:00,0.5872194649270592,716773448.9598132,0.5872194649270592,0.5872194649270592,0.5872194649270592,ADA-USD,crypto,
2025-06-26,2025-06-26 05:30:00,0.5667721482568538,549499472.3311824,0.5667721482568538,0.5667721482568538,0.5667721482568538,ADA-USD,crypto,
2025-06-27,2025-06-27 05:30:00,0.5541621947716998,546164591.2662042,0.5541621947716998,0.5541621947716998,0.5541621947716998,ADA-USD,crypto,
2025-06-28,2025-06-28 05:30:00,0.5586998411211989,461343367.5389696,0.5586998411211989,0.5586998411211989,0.5586998411211989,ADA-USD,crypto,
2025-06-29,2025-06-29 05:30:00,0.5655976009022613,328696976.3556034,0.5655976009022613,0.5655976009022613,0.5655976009022613,ADA-USD,crypto,
2025-06-30,2025-06-30 05:30:00,0.5775074724180472,546299719.7888314,0.5775074724180472,0.5775074724180472,0.5775074724180472,ADA-USD,crypto,
2025-07-01,2025-07-01 05:30:00,0.5720180140652412,685730060.096957,0.5720180140652412,0.5720180140652412,0.5720180140652412,ADA-USD,crypto,
2025-07-02,2025-07-02 05:30:00,0.5421512626893101,631715565.0969181,0.5421512626893101,0.5421512626893101,0.5421512626893101,ADA-USD,crypto,
2025-07-03,2025-07-03 05:30:00,0.5846952591552708,934344132.0381689,0.5846952591552708,0.5846952591552708,0.5846952591552708,ADA-USD,crypto,
2025-07-04,2025-07-04 05:30:00,0.5987839336899987,723259758.2613916,0.5987839336899987,0.5987839336899987,0.5987839336899987,ADA-USD,crypto,
2025-07-05,2025-07-05 05:30:00,0.5728146380802783,539620249.5139698,0.5728146380802783,0.5728146380802783,0.5728146380802783,ADA-USD,crypto,
2025-07-06,2025-07-06 05:30:00,0.5760131698614164,287359327.05554503,0.5760131698614164,0.5760131698614164,0.5760131698614164,ADA-USD,crypto,
2025-07-07,2025-07-07 05:30:00,0.5857056935866781,379742988.53059584,0.5857056935866781,0.5857056935866781,0.5857056935866781,ADA-USD,crypto,
2025-07-08,2025-07-08 05:30:00,0.5798100944867142,559194866.5817564,0.5798100944867142,0.5798100944867142,0.5798100944867142,ADA-USD,crypto,
2025-07-09,2025-07-09 05:30:00,0.5882961516358525,487674618.9568239,0.5882961516358525,0.5882961516358525,0.5882961516358525,ADA-USD,crypto,
2025-07-10,2025-07-10 05:30:00,0.6236218758822067,921412284.2952383,0.6236218758822067,0.6236218758822067,0.6236218758822067,ADA-USD,crypto,
2025-07-11,2025-07-11 05:30:00,0.6771328310749256,1062017291.4508075,0.6771328310749256,0.6771328310749256,0.6771328310749256,ADA-USD,crypto,
2025-07-12,2025-07-12 05:30:00,0.7108207334882014,2545650162.8728247,0.7108207334882014,0.7108207334882014,0.7108207334882014,ADA-USD,crypto,
2025-07-13,2025-07-13 05:30:00,0.7087303921384289,1194202622.657187,0.7087303921384289,0.7087303921384289,0.7087303921384289,ADA-USD,crypto,
2025-07-14,2025-07-14 05:30:00,0.7378983923650405,1350750371.5082395,0.7378983923650405,0.7378983923650405,0.7378983923650405,ADA-USD,crypto,
2025-07-15,2025-07-15 00:47:33,0.7313330605259053,1669128472.1979585,0.7313330605259053,0.7313330605259053,0.7313330605259053,ADA-USD,crypto,
2024-11-06,2024-11-06 00:00:00,373.9435499745607,4450774.0,373.59323146235664,376.01465628137396,372.25418447742044,AAPL,stock,True
2024-11-07,2024-11-07 00:00:00,373.4112407632246,2125446.0,371.51386524660404,377.00308845038563,371.3988215547383,AAPL,stock,True
2024-11-08,2024-11-08 00:00:00,371.65085987352313,4755219.0,371.18576961895013,375.0805193154664,370.1996892503596,AAPL,stock,True
2024-11-11,2024-11-11 00:00:00,371.33682186606677,1099302.0,376.372573178899,377.4425118624644,370.77814414725424,AAPL,stock,True
2024-11-12,2024-11-12 00:00:00,376.3987399614867,4711730.0,380.6061603570209,381.03545907390543,376.28056062466527,AAPL,stock,True
2024-11-13,2024-11-13 00:00:00,380.477112940414,3191710.0,375.3669801298646,383.7721510500963,372.54590911577526,AAPL,stock,True
2024-11-14,2024-11-14 00:00:00,375.2479007881911,4017506.0,375.4516484689405,378.1503858155166,373.28898758269384,AAPL,stock,True
2024-11-15,2024-11-15 00:00:00,375.27118224950556,2633294.0,372.2273621100083,375.7684350662777,369.5998575786592,AAPL,stock,True
2024-11-18,2024-11-18 00:00:00,372.3169982991378,566708.0,374.81256135444244,377.99698321184815,368.71020870663364,AAPL,stock,True
2024-11-19,2024-11-19 00:00:00,374.65140738817485,4488634.0,376.8512574151442,377.90154838287935,371.2899878488045,AAPL,stock,True
2024-11-20,2024-11-20 00:00:00,376.7626567613557,2362840.0,377.4179114856477,378.64122975165833,374.36374876546734,AAPL,stock,True
2024-11-21,2024-11-21 00:00:00,377.3326872794227,4087460.0,380.33115638531837,382.53544091868866,375.69405730880555,AAPL,stock,True
2024-11-22,2024-11-22 00:00:00,380.39772984974496,528270.0,380.42339556926277,383.5089134380156,379.99565939735254,AAPL,stock,True
2024-11-25,2024-11-25 00:00:00,380.29199183775194,3637258.0,379.33117365985936,384.0282608089279,375.8938311481066,AAPL,stock,True
2024-11-26,2024-11-26 00:00:00,379.1390421102622,4033223.0,373.9311855390524,379.91260201905175,371.8937334536375,AAPL,stock,True
2024-11-27,2024-11-27 00:00:00,373.73244999350675,3083104.0,368.5821351475645,377.40297162509324,368.42404473151146,AAPL,stock,True
2024-11-28,2024-11-28 00:00:00,368.45546356461165,2336278.0,364.5363738936072,369.3160827995338,364.2271221371649,AAPL,stock,True
2024-11-29,2024-11-29 00:00:00,364.69580176502643,3555973.0,364.75100879763073,365.97057406774945,362.7575660827565,AAPL,stock,True
2024-12-02,2024-12-02 00:00:00,364.7991523767327,2785452.0,362.76788191826535,364.81336020017204,361.0477150407346,AAPL,stock,True
2024-12-03,2024-12-03 00:00:00,362.6154797761096,1381170.0,363.15915726172597,364.27732286039765,361.2010565955109,AAPL,stock,True
2024-12-04,2024-12-04 00:00:00,363.2605149191293,4527182.0,367.6562773542697,370.8086797493055,362.68055232932096,AAPL,stock,True
2024-12-05,2024-12-05 00:00:00,367.67764806920707,2004850.0,369.19436439128043,372.1975991519273,366.7235485094543,AAPL,stock,True
2024-12-06,2024-12-06 00:00:00,369.1874504248398,1117600.0,367.64842717993565,370.00292290842214,364.22211574997135,AAPL,stock,True
2024-12-09,2024-12-09 00:00:00,367.6243671763107,763375.0,371.7773745693122,373.8504640675363,365.9933881063088,AAPL,stock,True
2024-12-10,2024-12-10 00:00:00,371.602026248889,1437678.0,369.3017993075028,372.3818558212455,366.7872934727909,AAPL,stock,True
2024-12-11,2024-12-11 00:00:00,369.45849053712743,1436113.0,374.1110911927039,375.9133794036421,368.7539004442109,AAPL,stock,True
2024-12-12,2024-12-12 00:00:00,374.0375943734629,2476332.0,375.38210288504376,376.4715145574413,372.63596091765817,AAPL,stock,True
2024-12-13,2024-12-13 00:00:00,375.2135381601807,2922132.0,372.0671341839851,376.6458678966022,369.60784650379344,AAPL,stock,True
2024-12-16,2024-12-16 00:00:00,371.9866197395883,1479252.0,368.3556123597692,374.6791524007298,366.55771649426475,AAPL,stock,True
2024-12-17,2024-12-17 00:00:00,368.34283110770895,2102986.0,367.220881562583,369.2268471556374,367.06760602527146,AAPL,stock,True
2024-12-18,2024-12-18 00:00:00,367.1008480852956,4105293.0,365.78119148850163,367.98822617249573,364.5663031002055,AAPL,stock,True
2024-12-19,2024-12-19 00:00:00,365.8385879207309,1583314.0,367.8418715074377,368.5625429350526,365.7245295605689,AAPL,stock,True
2024-12-20,2024-12-20 00:00:00,367.8360030187973,4290914.0,366.3261110334756,367.843957582585,364.1754587218952,AAPL,stock,True
2024-12-23,2024-12-23 00:00:00,366.14117668359233,4410328.0,361.94490064867483,369.07945216394404,360.2132866204086,AAPL,stock,True
2024-12-24,2024-12-24 00:00:00,361.87682074118095,3899417.0,364.7084587730306,367.73585480617277,359.9023827758987,AAPL,stock,True
2024-12-25,2024-12-25 00:00:00,364.6543471595251,3359302.0,369.25840441510843,371.0660080434006,364.0035641603245,AAPL,stock,True
2024-12-26,2024-12-26 00:00:00,369.3209601596666,2347681.0,366.04539128376183,372.90126818431514,363.89516173522503,AAPL,stock,True
2024-12-27,2024-12-27 00:00:00,366.20991075167245,1991704.0,365.2697158853706,368.47289266197635,363.1509440924635,AAPL,stock,True
2024-12-30,2024-12-30 00:00:00,365.22208229088363,4745807.0,360.10642791166197,367.4108935026198,357.5085514554435,AAPL,stock,True
2024-12-31,2024-12-31 00:00:00,360.11539240844525,3510987.0,356.1798991068267,361.5947398971992,354.45079089929743,AAPL,stock,True
2025-01-01,2025-01-01 00:00:00,356.27025425580376,2117412.0,360.90485363562686,362.11756270343994,356.1966472689213,AAPL,stock,True
2025-01-02,2025-01-02 00:00:00,361.03879890500485,4693972.0,360.2749107325094,363.1628942660979,356.8754273882997,AAPL,stock,True
2025-01-03,2025-01-03 00:00:00,360.2120995646927,4574150.0,362.07273515107534,364.61644019677897,357.24716433478295,AAPL,stock,True
2025-01-06,2025-01-06 00:00:00,362.06520207282654,3743085.0,358.8637107650771,363.0133347759589,355.76224306747616,AAPL,stock,True
2025-01-07,2025-01-07 00:00:00,358.73598010211066,2922495.0,356.3367948100442,360.033902030253,353.49895878208486,AAPL,stock,True
2025-01-08,2025-01-08 00:00:00,356.3705979371336,1218236.0,354.40131456067127,358.7802137355791,351.35961267541654,AAPL,stock,True
2025-01-09,2025-01-09 00:00:00,354.4058310469323,2990981.0,349.54663380560453,356.97710831935984,347.4082251221766,AAPL,stock,True
2025-01-10,2025-01-10 00:00:00,349.38869994660485,952900.0,350.0584630527822,350.8391446932456,349.25689955263533,AAPL,stock,True
2025-01-13,2025-01-13 00:00:00,349.918949083056,1167021.0,354.01643446922765,354.1908532548161,347.40352272355454,AAPL,stock,True
2025-01-14,2025-01-14 00:00:00,354.10355697921955,4714032.0,359.0527466163815,360.5329336313063,352.9767955457315,AAPL,stock,True
2025-01-15,2025-01-15 00:00:00,359.14896350842247,2796071.0,356.01952994464153,361.0895818297026,354.4821688730691,AAPL,stock,True
2025-01-16,2025-01-16 00:00:00,355.94666956629356,3653222.0,351.9659532208545,356.3954164039854,351.0233858103326,AAPL,stock,True
2025-01-17,2025-01-17 00:00:00,351.79774499475036,958835.0,356.51190438160836,357.98583829701334,349.0945615566756,AAPL,stock,True
2025-01-20,2025-01-20 00:00:00,356.54180440233597,3310750.0,356.65037328823297,359.33750161562955,353.82343598147963,AAPL,stock,True
2025-01-21,2025-01-21 00:00:00,356.6842609440556,4530542.0,351.41670461393176,359.17437685939626,350.68176701377615,AAPL,stock,True
2025-01-22,2025-01-22 00:00:00,351.49252760849794,855673.0,352.17401155839934,353.71159555159545,348.09314805681214,AAPL,stock,True
2025-01-23,2025-01-23 00:00:00,352.039033693017,4335475.0,350.667740112956,353.40286367657694,347.4308105296138,AAPL,stock,True
2025-01-24,2025-01-24 00:00:00,350.7367736993528,1747862.0,349.25935670287834,350.8865652041658,346.7334733486254,AAPL,stock,True
2025-01-27,2025-01-27 00:00:00,349.2015394157053,3622870.0,345.3093564751197,351.9767681214789,344.9732737955818,AAPL,stock,True
2025-01-28,2025-01-28 00:00:00,345.2338213027094,549645.0,346.5197351617232,346.54203617499365,344.1961610962544,AAPL,stock,True
2025-01-29,2025-01-29 00:00:00,346.62728658132363,4895601.0,346.9733662033785,348.11035397840226,344.9158436462659,AAPL,stock,True
2025-01-30,2025-01-30 00:00:00,346.7932355127927,4595599.0,350.4385489471741,351.78194339818964,345.45272443649293,AAPL,stock,True
2025-01-31,2025-01-31 00:00:00,350.380465491886,3082879.0,345.2219306930095,351.3753510561159,344.7732681895388,AAPL,stock,True
2025-02-03,2025-02-03 00:00:00,345.1326216764109,3488980.0,341.22343739425224,347.2153722241388,338.96393428498203,AAPL,stock,True
2025-02-04,2025-02-04 00:00:00,341.29657358119704,2109830.0,341.2568298159715,344.39635898447995,340.47122419625157,AAPL,stock,True
2025-02-05,2025-02-05 00:00:00,341.34397506056416,3355074.0,337.1003233498151,344.41864545726276,333.921467965442,AAPL,stock,True
2025-02-06,2025-02-06 00:00:00,336.91674202078326,1966740.0,340.26530919653237,343.6044548938429,335.6766204648752,AAPL,stock,True
2025-02-07,2025-02-07 00:00:00,340.0996155175662,1206456.0,341.8695026057756,342.64817807954336,338.43422759963255,AAPL,stock,True
2025-02-10,2025-02-10 00:00:00,342.006792208177,2394123.0,338.3238741053791,344.0247649318192,336.3015117492112,AAPL,stock,True
2025-02-11,2025-02-11 00:00:00,338.1539879607683,1728194.0,336.3099880523155,341.2388862618771,334.6145480808228,AAPL,stock,True
2025-02-12,2025-02-12 00:00:00,336.43428258484494,1937781.0,333.3162836172326,337.46891203052445,332.44674530592164,AAPL,stock,True
2025-02-13,2025-02-13 00:00:00,333.18321172793844,1484173.0,334.99165693581375,336.8088781942435,330.15008090469934,AAPL,stock,True
2025-02-14,2025-02-14 00:00:00,334.8810590418826,863625.0,337.49502081813904,337.63694338436204,333.2833161502422,AAPL,stock,True
2025-02-17,2025-02-17 00:00:00,337.4876999516329,1564037.0,332.78920616035276,337.58568870293715,330.083361507011,AAPL,stock,True
2025-02-18,2025-02-18 00:00:00,332.70957473167135,1584943.0,337.1631512587887,338.0942932673521,332.7070062693346,AAPL,stock,True
2025-02-19,2025-02-19 00:00:00,337.097009317725,3661461.0,332.53265192734494,337.4685831004756,332.3336451762839,AAPL,stock,True
2025-02-20,2025-02-20 00:00:00,332.54673717117697,3710013.0,334.58599678070027,335.66708916236325,329.83493249370383,AAPL,stock,True
2025-02-21,2025-02-21 00:00:00,334.5179379761192,3968435.0,336.13463628662623,337.4342433751887,333.0954921066351,AAPL,stock,True
2025-02-24,2025-02-24 00:00:00,336.2279014409656,3710459.0,335.01889549709534,338.28111414894005,332.3991274113529,AAPL,stock,True
2025-02-25,2025-02-25 00:00:00,335.14014415926266,743192.0,332.9809788505725,337.1068532891872,332.37960344490705,AAPL,stock,True
2025-02-26,2025-02-26 00:00:00,333.0791185929351,1600660.0,329.0711050007682,335.5670038820904,325.89606382610197,AAPL,stock,True
2025-02-27,2025-02-27 00:00:00,329.13534547157474,1935481.0,330.552641354063,331.6306857606531,328.08294735190253,AAPL,stock,True
2025-02-28,2025-02-28 00:00:00,330.4423042019945,3275132.0,329.8236393676743,331.90316903805416,326.5430030895831,AAPL,stock,True
2025-03-03,2025-03-03 00:00:00,329.8462776780858,2653106.0,325.9746284024552,332.32065755218645,325.4398339887543,AAPL,stock,True
2025-03-04,2025-03-04 00:00:00,326.1058183812877,2768127.0,330.17087009637976,331.4192130451773,324.4724104434182,AAPL,stock,True
2025-03-05,2025-03-05 00:00:00,330.31556268422094,612518.0,330.20035204723507,331.84604573027946,327.963490972191,AAPL,stock,True
2025-03-06,2025-03-06 00:00:00,330.33232971554935,2252781.0,333.2369378227211,335.92315594271315,328.1554737887246,AAPL,stock,True
2025-03-07,2025-03-07 00:00:00,333.33555890889335,2748598.0,330.3318339292685,336.0599340795768,330.11209620109537,AAPL,stock,True
2025-03-10,2025-03-10 00:00:00,330.38731929541797,4818334.0,327.98859572955337,333.5084156445724,326.96803220393724,AAPL,stock,True
2025-03-11,2025-03-11 00:00:00,327.99723824648805,4426162.0,323.93167779027516,329.48581433006206,322.94179898932555,AAPL,stock,True
2025-03-12,2025-03-12 00:00:00,323.7888576043017,602593.0,323.4096264412906,324.5329618587871,323.12824048361676,AAPL,stock,True
2025-03-13,2025-03-13 00:00:00,323.2552186073021,1821312.0,327.6742717012979,329.2892453318914,321.6956980425883,AAPL,stock,True
2025-03-14,2025-03-14 00:00:00,327.75780447078637,1308684.0,325.22359186605195,329.421492389247,324.33353348256674,AAPL,stock,True
2025-03-17,2025-03-17 00:00:00,325.1814981328707,1942584.0,325.6099930805367,326.92566269213006,324.5223806551916,AAPL,stock,True
2025-03-18,2025-03-18 00:00:00,325.7136912661887,1684182.0,328.79221926657505,329.90444918347356,323.9936003640802,AAPL,stock,True
2025-03-19,2025-03-19 00:00:00,328.7973365180863,4324664.0,329.3200528882524,331.96150335279304,328.53599852402675,AAPL,stock,True
2025-03-20,2025-03-20 00:00:00,329.38694016865537,3187386.0,326.82281958784114,330.28370228550506,325.46275060396476,AAPL,stock,True
2025-03-21,2025-03-21 00:00:00,326.95118484187446,2559017.0,325.82274709845956,327.10616639863844,323.940251285156,AAPL,stock,True
2025-03-24,2025-03-24 00:00:00,325.9338612730825,1150459.0,329.7133508833512,329.9563491054398,325.5828029621631,AAPL,stock,True
2025-03-25,2025-03-25 00:00:00,329.6637921665986,873474.0,332.34270123395487,332.9227784321757,327.7774458327229,AAPL,stock,True
2025-03-26,2025-03-26 00:00:00,332.1963798728951,3560198.0,334.09784328983585,336.93441990058943,329.8620237118709,AAPL,stock,True
2025-03-27,2025-03-27 00:00:00,334.21802927472766,2679359.0,330.63694773345156,335.66825876180644,330.2998218201235,AAPL,stock,True
2025-03-28,2025-03-28 00:00:00,330.74528547261,1046015.0,326.34705059205845,333.86548605793496,323.1005377136403,AAPL,stock,True
2025-03-31,2025-03-31 00:00:00,326.32206132313206,1688978.0,329.51318951191075,332.53146344818236,325.5256518351865,AAPL,stock,True
2025-04-01,2025-04-01 00:00:00,329.5150960493211,4797963.0,333.4056121898781,336.1199977025743,328.1588527391272,AAPL,stock,True
2025-04-02,2025-04-02 00:00:00,333.38058357740226,2542884.0,337.64751429641575,340.3328290992481,330.69468911549126,AAPL,stock,True
2025-04-03,2025-04-03 00:00:00,337.7232261549829,2444113.0,333.6587656046464,338.48536297883754,331.8317648799235,AAPL,stock,True
2025-04-04,2025-04-04 00:00:00,333.7805848496827,745690.0,331.6632600668397,334.0140296529709,329.91032460068146,AAPL,stock,True
2025-04-07,2025-04-07 00:00:00,331.78947506372975,1218612.0,336.3591155533719,338.1101565417787,329.6957932063339,AAPL,stock,True
2025-04-08,2025-04-08 00:00:00,336.46776213142766,3826601.0,333.0811333016993,337.021831074754,332.4769266275797,AAPL,stock,True
2025-04-09,2025-04-09 00:00:00,333.0700394943224,3421222.0,336.5995354358528,338.0987169425079,331.04764475267837,AAPL,stock,True
2025-04-10,2025-04-10 00:00:00,336.4724143135989,1870277.0,333.6585416300219,339.29800271583474,332.5170475797765,AAPL,stock,True
2025-04-11,2025-04-11 00:00:00,333.72696136349686,2935304.0,329.50986468510814,334.27733131236596,328.730573887129,AAPL,stock,True
2025-04-14,2025-04-14 00:00:00,329.64582528368953,3766772.0,332.3144544134079,334.11677003948523,326.7677562695194,AAPL,stock,True
2025-04-15,2025-04-15 00:00:00,332.39198421857344,1228820.0,332.21038422198484,334.9663593099984,329.05849212280964,AAPL,stock,True
2025-04-16,2025-04-16 00:00:00,332.06584252606643,1718691.0,333.4788040388406,334.9464842646109,331.3288518190499,AAPL,stock,True
2025-04-17,2025-04-17 00:00:00,333.45172445474503,1354737.0,335.4006567939419,337.03885732639355,330.7316724174387,AAPL,stock,True
2025-04-18,2025-04-18 00:00:00,335.53312255571865,2309292.0,331.216095759362,337.55574492104694,331.0378081072788,AAPL,stock,True
2025-04-21,2025-04-21 00:00:00,331.20171439872223,4437375.0,334.0132660287222,337.33507441361104,328.63666474943096,AAPL,stock,True
2025-04-22,2025-04-22 00:00:00,333.9335431990996,1288254.0,333.4350887351783,336.81107238412494,330.80522311070024,AAPL,stock,True
2025-04-23,2025-04-23 00:00:00,333.37033658139495,2881922.0,330.5268019180476,335.1686458985116,328.29692462631147,AAPL,stock,True
2025-04-24,2025-04-24 00:00:00,330.63488088690093,2895506.0,328.3062248944642,331.70510025787195,327.5043865881375,AAPL,stock,True
2025-04-25,2025-04-25 00:00:00,328.43290330755616,3975181.0,326.4591357574574,331.41119882026777,323.27084459408485,AAPL,stock,True
2025-04-28,2025-04-28 00:00:00,326.57669687322266,4842942.0,330.90287783023587,333.6786718040275,326.110439329401,AAPL,stock,True
2025-04-29,2025-04-29 00:00:00,331.0277944626322,2123221.0,330.9794870952125,333.51596631826607,330.43900355766374,AAPL,stock,True
2025-04-30,2025-04-30 00:00:00,331.0081261841533,854136.0,327.807453808315,333.3035613043308,326.40348712516015,AAPL,stock,True
2025-05-01,2025-05-01 00:00:00,327.9021786424827,2252484.0,324.4728017954763,328.5946469868451,321.49542033188794,AAPL,stock,True
2025-05-02,2025-05-02 00:00:00,324.5628938304266,4954794.0,320.8528725904812,325.3586621161069,318.1212837962919,AAPL,stock,True
2025-05-05,2025-05-05 00:00:00,320.85908169405104,2507072.0,325.44698551316895,326.848159208024,320.6791911787666,AAPL,stock,True
2025-05-06,2025-05-06 00:00:00,325.45070826746013,3172296.0,330.11775453598574,333.17426623410944,325.01561262174334,AAPL,stock,True
2025-05-07,2025-05-07 00:00:00,330.2336689793428,1112325.0,326.08317343746256,330.4662488707487,323.18329739132867,AAPL,stock,True
2025-05-08,2025-05-08 00:00:00,326.2129574169381,2284626.0,321.5698682929202,326.6251845684228,319.45173615723746,AAPL,stock,True
2025-05-09,2025-05-09 00:00:00,321.51683785232007,4803176.0,320.31433040268485,324.0989416397757,319.9735345209619,AAPL,stock,True
2025-05-12,2025-05-12 00:00:00,320.2474305523081,2629095.0,323.59494804107266,323.659522929265,319.6174047956314,AAPL,stock,True
2025-05-13,2025-05-13 00:00:00,323.6838602830217,3289093.0,327.00683565669357,329.0277557537702,323.29584446890925,AAPL,stock,True
2025-05-14,2025-05-14 00:00:00,326.9697835841879,3371978.0,323.94409007965754,330.1840226669885,321.5604473007921,AAPL,stock,True
2025-05-15,2025-05-15 00:00:00,323.98157589343276,3934062.0,325.65286756483715,328.00783526451863,323.7938163238778,AAPL,stock,True
2025-05-16,2025-05-16 00:00:00,325.49481110277014,3305345.0,323.9975027265575,328.0220904270863,323.68238265769895,AAPL,stock,True
2025-05-19,2025-05-19 00:00:00,323.8288054810527,2656506.0,325.2092362760052,326.8086386065769,323.73340429122555,AAPL,stock,True
2025-05-20,2025-05-20 00:00:00,325.13838561807944,3204716.0,325.04576672110096,325.97298640053424,323.5202069043267,AAPL,stock,True
2025-05-21,2025-05-21 00:00:00,325.1756823213178,543373.0,321.7031468992362,327.11425413702483,321.4318946104254,AAPL,stock,True
2025-05-22,2025-05-22 00:00:00,321.8107848841413,4426782.0,318.8341612461941,322.6461545617379,318.6613616738232,AAPL,stock,True
2025-05-23,2025-05-23 00:00:00,318.80389381752184,509290.0,316.2948760340995,319.52800338944024,313.92962606095654,AAPL,stock,True
2025-05-26,2025-05-26 00:00:00,316.375379222223,4643250.0,315.06594296085086,318.8792022543335,314.18853247184654,AAPL,stock,True
2025-05-27,2025-05-27 00:00:00,315.1289345846164,4463615.0,311.369386873963,315.67048173329533,310.9072743249951,AAPL,stock,True
2025-05-28,2025-05-28 00:00:00,311.3764939718355,1828184.0,310.7458408356101,313.8778724176032,310.5936767416951,AAPL,stock,True
2025-05-29,2025-05-29 00:00:00,310.5896770732773,768338.0,306.4380814099096,311.6543801105852,304.9171873951725,AAPL,stock,True
2025-05-30,2025-05-30 00:00:00,306.49813198751747,4189807.0,308.398885561458,311.06714769391476,304.1331744816088,AAPL,stock,True
2025-06-02,2025-06-02 00:00:00,308.346718669062,3346270.0,310.3453262772897,310.5753397335934,307.3593589494142,AAPL,stock,True
2025-06-03,2025-06-03 00:00:00,310.38010293363095,1866552.0,307.63460774797016,311.499995199183,307.4816578291181,AAPL,stock,True
2025-06-04,2025-06-04 00:00:00,307.6018810596728,4285275.0,310.7860669184158,313.8297487913306,307.0758883574937,AAPL,stock,True
2025-06-05,2025-06-05 00:00:00,310.83015257812025,2396784.0,314.0695403646013,316.39924435175465,308.4183143362213,AAPL,stock,True
2025-06-06,2025-06-06 00:00:00,314.15535774451564,987857.0,317.5252813189964,320.604811704877,311.56564094027203,AAPL,stock,True
2025-06-09,2025-06-09 00:00:00,317.38969405957977,1397496.0,318.7289924305569,320.4266381518213,316.32407399090283,AAPL,stock,True
2025-06-10,2025-06-10 00:00:00,318.69682415325025,2730739.0,315.2549819797312,319.7035313725807,314.8541351399698,AAPL,stock,True
2025-06-11,2025-06-11 00:00:00,315.3605980046426,3400263.0,315.5666712786471,317.8446928612154,313.9022004955805,AAPL,stock,True
2025-06-12,2025-06-12 00:00:00,315.58679967459,966917.0,319.46438603719554,321.3653133747419,313.69330908428503,AAPL,stock,True
2025-06-13,2025-06-13 00:00:00,319.5117591587201,1399361.0,315.99625935390804,322.5704184458552,314.2398763962346,AAPL,stock,True
2025-06-16,2025-06-16 00:00:00,315.9242763899258,2484721.0,315.1809233630086,316.0183076646834,314.91736125650203,AAPL,stock,True
2025-06-17,2025-06-17 00:00:00,315.2938102621766,1451360.0,315.72421158364267,316.7029615850136,313.9766051306103,AAPL,stock,True
2025-06-18,2025-06-18 00:00:00,315.80117574039133,3957682.0,311.72033564352245,317.733032293041,310.0590478655986,AAPL,stock,True
2025-06-19,2025-06-19 00:00:00,311.72342605465207,899841.0,313.8166245120724,315.8725578600746,311.1410373739026,AAPL,stock,True
2025-06-20,2025-06-20 00:00:00,313.8473634641783,698979.0,309.3620899813044,315.9729519579272,308.9345800410012,AAPL,stock,True
2025-06-23,2025-06-23 00:00:00,309.28665690563656,687868.0,312.22156919379603,312.63767818930455,306.2020552771575,AAPL,stock,True
2025-06-24,2025-06-24 00:00:00,312.3525112024353,3178065.0,316.6581847325765,319.1274085923339,309.85545233030894,AAPL,stock,True
2025-06-25,2025-06-25 00:00:00,316.7674319772499,4672483.0,317.42342618400704,319.9228949773001,315.45480944625757,AAPL,stock,True
2025-06-26,2025-06-26 00:00:00,317.2870816161678,1895210.0,314.84995371444126,317.8469157504141,313.22197406699615,AAPL,stock,True
2025-06-27,2025-06-27 00:00:00,314.7006206589604,3651694.0,314.16870558638277,316.8544551072785,311.78224199355986,AAPL,stock,True
2025-06-30,2025-06-30 00:00:00,314.12693588962884,2320644.0,317.49399954606923,320.60928503501583,311.1670933603923,AAPL,stock,True
2025-07-01,2025-07-01 00:00:00,317.5454051308266,2953826.0,320.5577091910098,322.97488600569267,314.4571967764672,AAPL,stock,True
2025-07-02,2025-07-02 00:00:00,320.65385970870346,3366946.0,322.8937528305845,323.24958075362935,320.34110942368585,AAPL,stock,True
2025-07-03,2025-07-03 00:00:00,322.95380016715234,2692556.0,320.49031532385703,323.2953170944213,320.0086083462546,AAPL,stock,True
2025-07-04,2025-07-04 00:00:00,320.38936643330703,3761507.0,317.0194835858556,322.6506091616065,314.15066384469964,AAPL,stock,True
2025-07-07,2025-07-07 00:00:00,316.8773370528744,4287723.0,321.5844146245612,324.641086821006,314.1604747358007,AAPL,stock,True
2025-07-08,2025-07-08 00:00:00,321.5108058370566,1757771.0,324.5692124987148,324.83629673802506,320.14562220801326,AAPL,stock,True
2025-07-09,2025-07-09 00:00:00,324.3952413892657,1285794.0,328.5957925251906,330.3453623161243,322.34610151426466,AAPL,stock,True
2025-07-10,2025-07-10 00:00:00,328.6976976142026,2306838.0,332.32862103319394,332.6597951768516,327.40491170944614,AAPL,stock,True
2025-07-11,2025-07-11 00:00:00,332.2164126991887,3488832.0,333.0175205380837,335.40394503322716,331.94741370492244,AAPL,stock,True
2025-07-14,2025-07-14 00:00:00,333.09028025087844,4735753.0,331.53072745778707,334.1302410794898,330.2687191767009,AAPL,stock,True
2025-07-15,2025-07-15 00:00:00,331.54105998799963,2576014.0,336.0,336.65121909054324,328.31297675209925,AAPL,stock,True
2024-11-06,2024-11-06 00:00:00,319.1734684507877,722768.0,322.1236122239163,322.2105251989034,317.0600603659953,MSFT,stock,True
2024-11-07,2024-11-07 00:00:00,322.1966015163923,3444523.0,318.5683793411788,322.45272584379,318.45476565903476,MSFT,stock,True
2024-11-08,2024-11-08 00:00:00,318.51091597282397,1787036.0,323.0203280493382,325.83085177763166,317.7874347719468,MSFT,stock,True
2024-11-11,2024-11-11 00:00:00,323.0032776784174,2810181.0,319.82192372567704,325.84146551616357,317.38266322607495,MSFT,stock,True
2024-11-12,2024-11-12 00:00:00,319.676567430356,3969921.0,323.66945319740046,324.14072171294083,317.8914804544755,MSFT,stock,True
2024-11-13,2024-11-13 00:00:00,323.552488865605,2248953.0,326.6788290520352,328.69570563510507,320.44829725509834,MSFT,stock,True
2024-11-14,2024-11-14 00:00:00,326.72048287663984,4981138.0,323.16157156376323,328.36194789294365,322.87916282681016,MSFT,stock,True
2024-11-15,2024-11-15 00:00:00,323.00772843046343,2987991.0,318.56724291758917,325.6091960190415,316.43655886105347,MSFT,stock,True
2024-11-18,2024-11-18 00:00:00,318.6474018934658,2311210.0,317.19278406188243,321.4425479223444,314.80216150350407,MSFT,stock,True
2024-11-19,2024-11-19 00:00:00,317.0301560090545,3665637.0,317.70436566209685,318.1981344048273,315.44977151188436,MSFT,stock,True
2024-11-20,2024-11-20 00:00:00,317.6480779638846,3094705.0,321.4127071855658,321.6450245959538,315.81067280000076,MSFT,stock,True
2024-11-21,2024-11-21 00:00:00,321.30759611277557,3678960.0,319.8312248978664,323.98018737687624,318.43969661343095,MSFT,stock,True
2024-11-22,2024-11-22 00:00:00,319.935978621204,3049581.0,323.15239641928343,323.31709485615045,319.4745967731484,MSFT,stock,True
2024-11-25,2024-11-25 00:00:00,323.0346973180708,3348619.0,327.5443936716653,327.8331634766835,322.240511784181,MSFT,stock,True
2024-11-26,2024-11-26 00:00:00,327.42200358960366,3147354.0,331.67751638888893,333.66215160968324,326.4692693054481,MSFT,stock,True
2024-11-27,2024-11-27 00:00:00,331.71076607322453,1060703.0,330.19610484933145,332.3437457066354,329.8320808718552,MSFT,stock,True
2024-11-28,2024-11-28 00:00:00,330.2334481335849,2350442.0,333.4393466483153,334.608086320242,330.1163880831003,MSFT,stock,True
2024-11-29,2024-11-29 00:00:00,333.28978414625743,3680679.0,336.19736309610465,339.001411983692,331.66218552894463,MSFT,stock,True
2024-12-02,2024-12-02 00:00:00,336.2167617592736,3834317.0,332.8029970438687,338.76466863908445,329.8654451841149,MSFT,stock,True
2024-12-03,2024-12-03 00:00:00,332.77489373217503,1754140.0,333.09262801760013,336.2091210579538,332.34492995432794,MSFT,stock,True
2024-12-04,2024-12-04 00:00:00,333.1582299749813,2157778.0,337.2906849979358,338.0449408818964,331.85940587447476,MSFT,stock,True
2024-12-05,2024-12-05 00:00:00,337.4108920224628,4834050.0,337.2212910194586,338.3831326481281,335.05147424186754,MSFT,stock,True
2024-12-06,2024-12-06 00:00:00,337.2013693912127,3997899.0,340.49674629091044,343.1233656025379,336.8303986875889,MSFT,stock,True
2024-12-09,2024-12-09 00:00:00,340.45743843116475,2220989.0,341.98455280755024,342.4836785319993,338.8906951115298,MSFT,stock,True
2024-12-10,2024-12-10 00:00:00,341.8701036313314,3139284.0,346.26752839419225,346.44956478115523,339.05901608314167,MSFT,stock,True
2024-12-11,2024-12-11 00:00:00,346.25631919311803,4773085.0,342.0320413320777,347.8887184213267,340.49578281302485,MSFT,stock,True
2024-12-12,2024-12-12 00:00:00,342.17691173703645,3451930.0,344.3974321064687,347.4555499859436,341.86553646732915,MSFT,stock,True
2024-12-13,2024-12-13 00:00:00,344.32562293905926,4428377.0,348.33411402190063,348.49847305574343,342.84675679488043,MSFT,stock,True
2024-12-16,2024-12-16 00:00:00,348.43874617329914,877966.0,345.925994737563,351.1654216854757,344.1323991015169,MSFT,stock,True
2024-12-17,2024-12-17 00:00:00,345.91402625485085,2554052.0,348.25039989390746,350.04939356028694,345.29157984974984,MSFT,stock,True
2024-12-18,2024-12-18 00:00:00,348.35960766407874,3109765.0,345.0949350536866,350.14981726351124,342.5639938668855,MSFT,stock,True
2024-12-19,2024-12-19 00:00:00,344.957042704591,4834690.0,340.0855180920998,348.22764600899296,338.2554578347204,MSFT,stock,True
2024-12-20,2024-12-20 00:00:00,340.0222649372391,2034177.0,336.07291476466094,343.2004069251552,333.72494820823306,MSFT,stock,True
2024-12-23,2024-12-23 00:00:00,335.959164885507,1056083.0,339.14565569071266,341.60646545367007,333.86570392189617,MSFT,stock,True
2024-12-24,2024-12-24 00:00:00,339.12705679043444,4055263.0,340.2787555599671,343.05656009915674,336.9698998645372,MSFT,stock,True
2024-12-25,2024-12-25 00:00:00,340.29247070709096,874222.0,345.2321943344686,345.81463108887436,338.02863620816873,MSFT,stock,True
2024-12-26,2024-12-26 00:00:00,345.0881656193943,2564722.0,344.3795752897963,347.1328379521757,344.0551295562021,MSFT,stock,True
2024-12-27,2024-12-27 00:00:00,344.36165263266287,2244091.0,346.37748839163896,347.2044114327744,341.60032705342695,MSFT,stock,True
2024-12-30,2024-12-30 00:00:00,346.2086578105677,2562528.0,350.33574397648425,352.08445678576174,345.4435432319804,MSFT,stock,True
2024-12-31,2024-12-31 00:00:00,350.2390390946039,3583686.0,349.869491493251,352.31676603356743,349.00439917888235,MSFT,stock,True
2025-01-01,2025-01-01 00:00:00,349.71567754951434,517275.0,349.27520699692593,351.79823941162164,348.71264222594255,MSFT,stock,True
2025-01-02,2025-01-02 00:00:00,349.1463707087125,1618873.0,348.46996955916023,352.4029676844556,347.31079852911114,MSFT,stock,True
2025-01-03,2025-01-03 00:00:00,348.52565862968703,2477675.0,353.6760271588256,356.4802136575859,345.08559392770894,MSFT,stock,True
2025-01-06,2025-01-06 00:00:00,353.52387697782007,4253967.0,357.7384498840707,359.7881093701595,350.42325282819104,MSFT,stock,True
2025-01-07,2025-01-07 00:00:00,357.8137113491187,2088748.0,361.7377394029729,363.5931479390074,356.1410210130609,MSFT,stock,True
2025-01-08,2025-01-08 00:00:00,361.74134089139744,2119154.0,363.60934407828023,364.3326928659214,361.41519622539585,MSFT,stock,True
2025-01-09,2025-01-09 00:00:00,363.47561045975704,3574380.0,367.50143995602525,368.5846719635512,363.35904634711,MSFT,stock,True
2025-01-10,2025-01-10 00:00:00,367.556652442954,3210146.0,372.28875679636883,372.9601288339035,365.92843984844995,MSFT,stock,True
2025-01-13,2025-01-13 00:00:00,372.34629192167637,3667022.0,369.77262847707544,375.78803753156586,368.4187833755194,MSFT,stock,True
2025-01-14,2025-01-14 00:00:00,369.5756013727777,4855901.0,371.2176790248181,372.2073701693813,368.8999328566538,MSFT,stock,True
2025-01-15,2025-01-15 00:00:00,371.36273530232137,2862958.0,367.03692111386755,373.5007315543745,363.42811287262356,MSFT,stock,True
2025-01-16,2025-01-16 00:00:00,367.14896283211505,2267346.0,362.00704626801706,368.11584563104526,361.24206177974736,MSFT,stock,True
2025-01-17,2025-01-17 00:00:00,362.0359192632209,2177912.0,363.7010290917599,366.4352225659141,361.21155761839424,MSFT,stock,True
2025-01-20,2025-01-20 00:00:00,363.8236781489648,978272.0,367.35395616182996,368.6051878304455,360.26088581142545,MSFT,stock,True
2025-01-21,2025-01-21 00:00:00,367.3232127623704,3740895.0,371.15476965480593,372.2710627334648,364.59474905123375,MSFT,stock,True
2025-01-22,2025-01-22 00:00:00,371.24195382605836,1390529.0,368.0677655479751,373.77669099280587,367.6228238833443,MSFT,stock,True
2025-01-23,2025-01-23 00:00:00,368.2244716018309,2630296.0,373.69047360112955,377.1805024536149,367.5514394705045,MSFT,stock,True
2025-01-24,2025-01-24 00:00:00,373.72721062048663,1721916.0,369.83705992420283,376.8081885531268,368.9284719803068,MSFT,stock,True
2025-01-27,2025-01-27 00:00:00,369.96916758824347,2500106.0,373.1665551596113,376.3345944977056,368.6715055415336,MSFT,stock,True
2025-01-28,2025-01-28 00:00:00,373.0628368912037,3148556.0,369.31355420158513,375.5468301503131,365.7768919276074,MSFT,stock,True
2025-01-29,2025-01-29 00:00:00,369.3477803944303,3000871.0,363.9070777117095,372.7264285761283,361.1198263584972,MSFT,stock,True
2025-01-30,2025-01-30 00:00:00,363.76292892412056,1653248.0,364.7186277422554,365.3202419827625,360.54234725327,MSFT,stock,True
2025-01-31,2025-01-31 00:00:00,364.6338103125171,4983957.0,366.21137831575624,369.18222490493633,361.26454541656625,MSFT,stock,True
2025-02-03,2025-02-03 00:00:00,366.06117453530305,930927.0,363.30264782471596,369.34877789099625,360.74857984905543,MSFT,stock,True
2025-02-04,2025-02-04 00:00:00,363.4042478431698,2580558.0,359.1357644831125,363.6720498203715,356.23114476846376,MSFT,stock,True
2025-02-05,2025-02-05 00:00:00,358.9730751813493,3049153.0,359.31229747121927,360.8526780364537,356.6597446765744,MSFT,stock,True
2025-02-06,2025-02-06 00:00:00,359.2395842391077,3149351.0,358.47445990851105,361.6464521282189,355.5010630593435,MSFT,stock,True
2025-02-07,2025-02-07 00:00:00,358.40375974217744,1651536.0,362.98220331203976,364.45527572817963,355.78754482989746,MSFT,stock,True
2025-02-10,2025-02-10 00:00:00,362.86477321709384,4140522.0,360.23414899420777,363.6685010661206,358.49499139898955,MSFT,stock,True
2025-02-11,2025-02-11 00:00:00,360.2346467101783,1933580.0,360.2015734587086,362.31759780871965,358.223127001462,MSFT,stock,True
2025-02-12,2025-02-12 00:00:00,360.1457722607439,750353.0,358.11190617712435,362.2738433902672,357.7205852423729,MSFT,stock,True
2025-02-13,2025-02-13 00:00:00,357.9832147420666,4919419.0,354.3871397238578,359.812462290333,353.0063214200554,MSFT,stock,True
2025-02-14,2025-02-14 00:00:00,354.38387715990143,1038595.0,359.29869710923583,361.03703555950216,352.2241420555503,MSFT,stock,True
2025-02-17,2025-02-17 00:00:00,359.43860497104487,588275.0,357.2196059469144,360.43624445045367,354.74753210201277,MSFT,stock,True
2025-02-18,2025-02-18 00:00:00,357.1087039270021,1277722.0,356.51331174296126,359.36165323917214,353.45835599904177,MSFT,stock,True
2025-02-19,2025-02-19 00:00:00,356.34908228119934,1179541.0,360.9832837015211,362.75703259132024,353.034212903998,MSFT,stock,True
2025-02-20,2025-02-20 00:00:00,360.9748206168009,3436040.0,366.012759289605,366.48164696421054,357.9156687106352,MSFT,stock,True
2025-02-21,2025-02-21 00:00:00,366.1596772527971,728950.0,361.27568776881566,369.05878079595107,358.6980571964865,MSFT,stock,True
2025-02-24,2025-02-24 00:00:00,361.38886903681305,2909593.0,363.02153076883843,363.6165550738863,361.3393910018472,MSFT,stock,True
2025-02-25,2025-02-25 00:00:00,363.150318347614,568374.0,359.43832179022814,364.86188115028506,357.1004435831675,MSFT,stock,True
2025-02-26,2025-02-26 00:00:00,359.3641768080244,1540606.0,357.2132419587121,361.5008154197737,355.18345650199626,MSFT,stock,True
2025-02-27,2025-02-27 00:00:00,357.17037591522933,3224840.0,356.19894146413037,360.56950134548373,356.1385631508908,MSFT,stock,True
2025-02-28,2025-02-28 00:00:00,356.23478323976724,1116788.0,355.99417358355095,356.30145843558745,353.9088544509868,MSFT,stock,True
2025-03-03,2025-03-03 00:00:00,356.0064246950495,521809.0,355.93151939247747,357.91022173305265,355.54945129229736,MSFT,stock,True
2025-03-04,2025-03-04 00:00:00,355.86157355773577,3479796.0,358.77284642758576,360.11832033800914,354.28111025300757,MSFT,stock,True
2025-03-05,2025-03-05 00:00:00,358.8397991217179,4654912.0,358.2179824130348,361.6946378949949,357.4626022750398,MSFT,stock,True
2025-03-06,2025-03-06 00:00:00,358.0572151811933,2878200.0,356.8007989907477,361.6027826787557,353.49005026174535,MSFT,stock,True
2025-03-07,2025-03-07 00:00:00,356.89493742797055,3301643.0,358.9301085558713,360.2049171704746,354.2456672350505,MSFT,stock,True
2025-03-10,2025-03-10 00:00:00,359.03749518525933,2345363.0,355.61334006949244,359.8950396045906,355.2397143201121,MSFT,stock,True
2025-03-11,2025-03-11 00:00:00,355.554125659589,628891.0,353.2486982889647,356.09845547081443,350.4978396355659,MSFT,stock,True
2025-03-12,2025-03-12 00:00:00,353.072719124882,3571605.0,357.35266285273576,359.90715549003414,351.6682724531732,MSFT,stock,True
2025-03-13,2025-03-13 00:00:00,357.4431158483086,4129251.0,360.41988185730617,363.5387757369526,354.559054269637,MSFT,stock,True
2025-03-14,2025-03-14 00:00:00,360.5418397865209,4216466.0,357.6838308974218,363.09953288567414,357.083362360952,MSFT,stock,True
2025-03-17,2025-03-17 00:00:00,357.5820586848199,3602762.0,361.61815202853245,363.7057336714819,357.0435167131025,MSFT,stock,True
2025-03-18,2025-03-18 00:00:00,361.5203756228426,2146215.0,360.4788101758623,361.90550920310255,359.68822269893275,MSFT,stock,True
2025-03-19,2025-03-19 00:00:00,360.5837727800512,3647524.0,365.1832788493162,367.07568505555435,357.7788972431647,MSFT,stock,True
2025-03-20,2025-03-20 00:00:00,365.27442713814804,1549777.0,366.24240893860554,369.17963994367193,362.87756772941356,MSFT,stock,True
2025-03-21,2025-03-21 00:00:00,366.0875674919899,3167793.0,363.59572116189844,367.9867908346054,360.03959992681297,MSFT,stock,True
2025-03-24,2025-03-24 00:00:00,363.4949788472768,666903.0,366.48996285726105,369.3858948573104,362.6773499967708,MSFT,stock,True
2025-03-25,2025-03-25 00:00:00,366.4926860835395,1659060.0,371.98661997630023,373.7746119684398,365.4867814370746,MSFT,stock,True
2025-03-26,2025-03-26 00:00:00,372.066351390645,2480607.0,375.62588889982516,377.69636395841695,368.65487971812325,MSFT,stock,True
2025-03-27,2025-03-27 00:00:00,375.7060086546879,4358651.0,381.1254286188403,382.81362445433024,373.31066111586284,MSFT,stock,True
2025-03-28,2025-03-28 00:00:00,381.2566166402856,3982199.0,377.2027128465398,384.8854410309756,373.9125840142723,MSFT,stock,True
2025-03-31,2025-03-31 00:00:00,377.25852684886814,2056171.0,373.6529328303108,377.58887886293377,371.4012852567299,MSFT,stock,True
2025-04-01,2025-04-01 00:00:00,373.4925076204232,4070718.0,373.655004176029,375.1984566334825,370.6065515235691,MSFT,stock,True
2025-04-02,2025-04-02 00:00:00,373.4523532505254,4172473.0,377.8777111969254,379.5342560347271,369.82176089995073,MSFT,stock,True
2025-04-03,2025-04-03 00:00:00,377.9756600204862,4369894.0,373.1800658796699,380.92525456532763,369.5236509313717,MSFT,stock,True
2025-04-04,2025-04-04 00:00:00,373.19228893875214,2383570.0,372.90531503961404,375.32050521979687,372.7433225730735,MSFT,stock,True
2025-04-07,2025-04-07 00:00:00,372.80284458215937,1628055.0,372.5452098870298,374.9518426979622,370.10229356168287,MSFT,stock,True
2025-04-08,2025-04-08 00:00:00,372.56844673341703,3478228.0,376.5901449529124,379.5726103924024,369.6619368854327,MSFT,stock,True
2025-04-09,2025-04-09 00:00:00,376.6557719784456,3165082.0,374.83561204636334,379.2822893491598,373.5023120873514,MSFT,stock,True
2025-04-10,2025-04-10 00:00:00,374.6504060628777,2413459.0,373.4235501789898,375.2713115504038,371.5264449208015,MSFT,stock,True
2025-04-11,2025-04-11 00:00:00,373.441953727734,2574293.0,371.75954929053967,373.80442232389476,371.1000228209988,MSFT,stock,True
2025-04-14,2025-04-14 00:00:00,371.8911722722348,1989854.0,370.84057247111974,372.54806593827925,370.3855348119302,MSFT,stock,True
2025-04-15,2025-04-15 00:00:00,370.99802111296964,3157391.0,369.56396483845,371.4172325001192,369.4022016667432,MSFT,stock,True
2025-04-16,2025-04-16 00:00:00,369.648394461839,692954.0,372.1200350230742,372.31029754095306,369.39300460449584,MSFT,stock,True
2025-04-17,2025-04-17 00:00:00,372.20408718794897,3549573.0,377.2975999740795,378.9449206436739,370.86755809013397,MSFT,stock,True
2025-04-18,2025-04-18 00:00:00,377.18778158538424,2527114.0,377.15538266948346,380.69559473962744,376.6325454815355,MSFT,stock,True
2025-04-21,2025-04-21 00:00:00,377.2000567513373,3691300.0,379.7192551419414,381.6819462661819,375.25335559825174,MSFT,stock,True
2025-04-22,2025-04-22 00:00:00,379.6092190773854,4151420.0,380.25805120215676,383.8681239574092,378.3092823648267,MSFT,stock,True
2025-04-23,2025-04-23 00:00:00,380.32667670236447,2372841.0,375.1759216821814,381.89970646828186,372.14809612007747,MSFT,stock,True
2025-04-24,2025-04-24 00:00:00,375.0946277492749,2912424.0,376.5796943321425,379.64799920110636,373.63719158554994,MSFT,stock,True
2025-04-25,2025-04-25 00:00:00,376.4990482612976,873827.0,374.7859699855747,376.90989378992725,374.74171473672084,MSFT,stock,True
2025-04-28,2025-04-28 00:00:00,374.61048253882615,2722714.0,376.62687509470123,380.1651819537562,373.285060365971,MSFT,stock,True
2025-04-29,2025-04-29 00:00:00,376.62703245106104,3584840.0,374.9496435164269,379.9875979523605,372.17795822317345,MSFT,stock,True
2025-04-30,2025-04-30 00:00:00,374.90553258850633,2788276.0,369.8298013076021,375.4564763120892,368.9384125848397,MSFT,stock,True
2025-05-01,2025-05-01 00:00:00,369.7466495836955,3608416.0,368.19563207464813,370.95082368834045,364.9586339306219,MSFT,stock,True
2025-05-02,2025-05-02 00:00:00,368.17762405856683,1665805.0,372.45874114873214,374.59684320005334,365.0694664298628,MSFT,stock,True
2025-05-05,2025-05-05 00:00:00,372.50409891595785,722654.0,370.43831614458446,374.22227674899176,369.57041242099325,MSFT,stock,True
2025-05-06,2025-05-06 00:00:00,370.42311306078483,1256215.0,370.6640471296932,374.3463293515836,367.7036538347781,MSFT,stock,True
2025-05-07,2025-05-07 00:00:00,370.66375593622655,1836569.0,367.046790263746,373.9887288374664,366.9516315361135,MSFT,stock,True
2025-05-08,2025-05-08 00:00:00,367.0002132116161,2231890.0,364.5687694428248,369.34600648882986,362.52126873095574,MSFT,stock,True
2025-05-09,2025-05-09 00:00:00,364.65245859161274,963465.0,369.79051863377373,373.43111388208047,362.369682999412,MSFT,stock,True
2025-05-12,2025-05-12 00:00:00,369.7188243414556,2178018.0,369.97775667790313,370.4757261216687,366.7494658736654,MSFT,stock,True
2025-05-13,2025-05-13 00:00:00,370.1185850407354,3273495.0,374.7873969502719,376.2500821780527,367.9027384873769,MSFT,stock,True
2025-05-14,2025-05-14 00:00:00,374.8767347180744,2812735.0,375.4744247539745,377.5411684675896,372.3127183991978,MSFT,stock,True
2025-05-15,2025-05-15 00:00:00,375.3427563319641,916994.0,373.591452716235,377.83223656274856,371.8579514325325,MSFT,stock,True
2025-05-16,2025-05-16 00:00:00,373.45684349712997,957381.0,373.10667357130006,375.00010444527277,372.3817213014913,MSFT,stock,True
2025-05-19,2025-05-19 00:00:00,372.9291679629323,3798925.0,372.66426231418336,373.8445433089919,369.1330642929093,MSFT,stock,True
2025-05-20,2025-05-20 00:00:00,372.7315012803857,2241332.0,368.7237986583348,373.3645641812834,366.2933516970876,MSFT,stock,True
2025-05-21,2025-05-21 00:00:00,368.73363984334753,1442126.0,369.71182972675246,372.01992813410186,365.7579347611977,MSFT,stock,True
2025-05-22,2025-05-22 00:00:00,369.663703317863,4749643.0,364.9389470453968,373.1204027380554,363.00718752144235,MSFT,stock,True
2025-05-23,2025-05-23 00:00:00,365.01265069647644,2128418.0,360.70651205709584,367.75747988171304,357.70056123941936,MSFT,stock,True
2025-05-26,2025-05-26 00:00:00,360.7674302476595,4043568.0,359.60558338678914,364.0456753382252,357.8646348650311,MSFT,stock,True
2025-05-27,2025-05-27 00:00:00,359.4275027825421,3802715.0,354.7333772556138,360.6488905757092,354.3101203216158,MSFT,stock,True
2025-05-28,2025-05-28 00:00:00,354.6670498333403,2578549.0,355.5011149944805,355.6005625100384,351.5356247239656,MSFT,stock,True
2025-05-29,2025-05-29 00:00:00,355.5956894733806,1726449.0,354.645972817807,356.5740390565764,353.28778016723015,MSFT,stock,True
2025-05-30,2025-05-30 00:00:00,354.5888957776492,3073218.0,359.56961247763087,361.92337050768316,352.31520895583213,MSFT,stock,True
2025-06-02,2025-06-02 00:00:00,359.61292195573776,1403867.0,354.8897100328571,360.1198709202229,354.58281071508327,MSFT,stock,True
2025-06-03,2025-06-03 00:00:00,354.73746367592196,571524.0,355.9991512740717,358.0052533991041,353.1274430316821,MSFT,stock,True
2025-06-04,2025-06-04 00:00:00,355.9996453031855,2536682.0,358.25891213290873,360.1024495173975,353.4454383327523,MSFT,stock,True
2025-06-05,2025-06-05 00:00:00,358.32175098871414,1674788.0,362.59180364830326,364.38300625404247,356.5048429757172,MSFT,stock,True
2025-06-06,2025-06-06 00:00:00,362.6411945058467,3589275.0,359.87731606303856,365.27356836101416,358.7910768202052,MSFT,stock,True
2025-06-09,2025-06-09 00:00:00,359.86822579846887,737603.0,357.3456486392085,361.194720414799,355.5990276708186,MSFT,stock,True
2025-06-10,2025-06-10 00:00:00,357.3085379345608,869149.0,359.3000091283513,360.0754095863287,353.99722476014983,MSFT,stock,True
2025-06-11,2025-06-11 00:00:00,359.2151346225897,3426061.0,359.47755691641817,359.96583293241423,356.06713899287934,MSFT,stock,True
2025-06-12,2025-06-12 00:00:00,359.3660270897409,1787553.0,357.4369521423525,360.58662208492757,354.45106642569147,MSFT,stock,True
2025-06-13,2025-06-13 00:00:00,357.42249073501307,3239600.0,355.59684077133875,357.84011441088944,353.11117497268043,MSFT,stock,True
2025-06-16,2025-06-16 00:00:00,355.48823789772877,4487087.0,354.93812854977665,356.5571084625814,352.6336619881651,MSFT,stock,True
2025-06-17,2025-06-17 00:00:00,354.89759001078846,4224795.0,351.6046007302995,357.55944292562407,349.9769000349832,MSFT,stock,True
2025-06-18,2025-06-18 00:00:00,351.6303532512485,3089293.0,353.56917456285913,354.96113604025413,350.55518047224604,MSFT,stock,True
2025-06-19,2025-06-19 00:00:00,353.650233820643,2174175.0,354.383489258365,355.94877558665485,352.4993127830383,MSFT,stock,True
2025-06-20,2025-06-20 00:00:00,354.4304467025961,3090069.0,352.0451130688624,354.53548163885296,348.55415383424327,MSFT,stock,True
2025-06-23,2025-06-23 00:00:00,351.88935000970736,4967544.0,347.83361230629004,353.41939799861854,347.1323091182118,MSFT,stock,True
2025-06-24,2025-06-24 00:00:00,347.96453173297033,3301586.0,344.87100669263776,348.1889645817296,341.76503373572035,MSFT,stock,True
2025-06-25,2025-06-25 00:00:00,344.79248674738386,3904881.0,343.52315086910966,346.52367104974337,340.65746322916056,MSFT,stock,True
2025-06-26,2025-06-26 00:00:00,343.6203318229888,730263.0,345.6303281415352,347.411178920851,341.2091143723669,MSFT,stock,True
2025-06-27,2025-06-27 00:00:00,345.4606061941689,3053408.0,350.4244391408801,352.3407642707602,344.7694162744205,MSFT,stock,True
2025-06-30,2025-06-30 00:00:00,350.28944792884135,2933887.0,350.11509012363274,352.5791761448069,349.5502857445568,MSFT,stock,True
2025-07-01,2025-07-01 00:00:00,350.2217919833264,1588800.0,351.1969191613326,353.6357394251093,348.2560068491867,MSFT,stock,True
2025-07-02,2025-07-02 00:00:00,351.228449168146,1124959.0,353.4682735889169,354.06356616714373,348.256973231643,MSFT,stock,True
2025-07-03,2025-07-03 00:00:00,353.51479578444565,2430396.0,349.6760064127648,356.58210094798545,347.7857579237423,MSFT,stock,True
2025-07-04,2025-07-04 00:00:00,349.71203379299635,1357676.0,347.4438039936331,350.0663677039259,345.42181920157697,MSFT,stock,True
2025-07-07,2025-07-07 00:00:00,347.271194555438,1418068.0,352.12106658074134,355.0529602229621,345.45974456687156,MSFT,stock,True
2025-07-08,2025-07-08 00:00:00,352.1907632326135,1284176.0,355.2826348074158,358.4242203249655,350.58980192031896,MSFT,stock,True
2025-07-09,2025-07-09 00:00:00,355.39685523528914,587604.0,355.02732916260993,358.327591477869,354.03931916400734,MSFT,stock,True
2025-07-10,2025-07-10 00:00:00,354.9831829210867,1828204.0,358.1184864074772,358.89350811718026,352.4522200069371,MSFT,stock,True
2025-07-11,2025-07-11 00:00:00,358.19423065491503,1206898.0,358.67191405780204,360.1100179221116,355.83407129999,MSFT,stock,True
2025-07-14,2025-07-14 00:00:00,358.76554532101835,3222665.0,362.5810250906764,363.64777464645755,358.6921766565027,MSFT,stock,True
2025-07-15,2025-07-15 00:00:00,362.5512175451444,4711508.0,364.0,366.9019785979534,360.9877249036235,MSFT,stock,True
2024-11-06,2024-11-06 00:00:00,375.2096399258876,1014763.0,371.0472253800659,378.6331173477045,370.2865326879391,GOOGL,stock,True
2024-11-07,2024-11-07 00:00:00,370.87252865488995,3234075.0,375.23102942323715,377.6207444759852,370.42208591927124,GOOGL,stock,True
2024-11-08,2024-11-08 00:00:00,375.3320712924617,1322063.0,376.4018801469298,380.02953084682605,371.6563827147955,GOOGL,stock,True
2024-11-11,2024-11-11 00:00:00,376.5050018721458,2458292.0,371.39225967741544,379.33965475211596,368.52792618668417,GOOGL,stock,True
2024-11-12,2024-11-12 00:00:00,371.4670145599694,1477379.0,368.61225971878196,374.5239537888858,366.01112546318393,GOOGL,stock,True
2024-11-13,2024-11-13 00:00:00,368.49125742968573,1612514.0,363.750397919341,371.1198357905906,363.08340783081127,GOOGL,stock,True
2024-11-14,2024-11-14 00:00:00,363.7276701661254,3696937.0,367.84897890680537,371.0608640738743,361.42451035500113,GOOGL,stock,True
2024-11-15,2024-11-15 00:00:00,368.01303947864653,507960.0,371.0888364811184,372.86773314207335,367.2857973215776,GOOGL,stock,True
2024-11-18,2024-11-18 00:00:00,370.9725148116745,2012303.0,372.67562793262124,372.71714435754257,370.3125799945826,GOOGL,stock,True
2024-11-19,2024-11-19 00:00:00,372.7999945761702,2273347.0,372.2718395405111,373.04407593499616,371.62758836006924,GOOGL,stock,True
2024-11-20,2024-11-20 00:00:00,372.33449524638405,3918092.0,376.00503950028474,378.8611071456972,371.8081170636163,GOOGL,stock,True
2024-11-21,2024-11-21 00:00:00,376.1581761824815,1454093.0,377.5397980287882,379.95367811098805,373.8106369992956,GOOGL,stock,True
2024-11-22,2024-11-22 00:00:00,377.45582069641586,4211438.0,376.724290382906,379.46713334568295,375.4075993861292,GOOGL,stock,True
2024-11-25,2024-11-25 00:00:00,376.8848410322746,4706476.0,373.4532424684105,377.23002004499074,372.6169404302198,GOOGL,stock,True
2024-11-26,2024-11-26 00:00:00,373.55747810556403,1718456.0,372.106767841196,374.60177782869397,371.50760306888316,GOOGL,stock,True
2024-11-27,2024-11-27 00:00:00,371.93127778038166,757191.0,373.39083252157326,375.6130925921839,369.26761645207915,GOOGL,stock,True
2024-11-28,2024-11-28 00:00:00,373.324979114424,4238265.0,368.4670937539804,373.9457321623049,367.8473740375436,GOOGL,stock,True
2024-11-29,2024-11-29 00:00:00,368.44207135511334,4205810.0,371.5675101112137,372.1232659805902,367.9246488171752,GOOGL,stock,True
2024-12-02,2024-12-02 00:00:00,371.4447860913442,4291371.0,371.0774992753335,373.70676801463054,369.64255737191553,GOOGL,stock,True
2024-12-03,2024-12-03 00:00:00,370.91017844427745,1766060.0,374.3798811030913,374.44285174817065,367.7897680266252,GOOGL,stock,True
2024-12-04,2024-12-04 00:00:00,374.454074574656,2373274.0,371.7420462441803,377.65693012897214,370.0343253470619,GOOGL,stock,True
2024-12-05,2024-12-05 00:00:00,371.8156401662298,2983778.0,372.46284929138113,375.69140393904746,368.2896007411391,GOOGL,stock,True
2024-12-06,2024-12-06 00:00:00,372.3698186729241,4406008.0,371.5954924942844,373.84583386560536,368.3844381264795,GOOGL,stock,True
2024-12-09,2024-12-09 00:00:00,371.6456958947597,3103761.0,372.87063597476345,376.22127841767946,369.1108090973665,GOOGL,stock,True
2024-12-10,2024-12-10 00:00:00,373.00009227321976,1833433.0,369.63487916027594,373.63971786832633,368.10558920337076,GOOGL,stock,True
2024-12-11,2024-12-11 00:00:00,369.4890644101305,1902048.0,366.15495843333304,372.2795352567099,363.6675197455582,GOOGL,stock,True
2024-12-12,2024-12-12 00:00:00,366.2836989715374,870533.0,367.939321418098,368.6636408996957,366.25650737511086,GOOGL,stock,True
2024-12-13,2024-12-13 00:00:00,367.85139578008324,637546.0,364.9624892479294,369.10931264673746,363.32368428801294,GOOGL,stock,True
2024-12-16,2024-12-16 00:00:00,364.89498214509405,4169157.0,361.4497033361055,368.36432359501663,358.60653659962225,GOOGL,stock,True
2024-12-17,2024-12-17 00:00:00,361.4637761393283,858447.0,365.1646478344056,367.6600528291938,359.37085696632477,GOOGL,stock,True
2024-12-18,2024-12-18 00:00:00,365.138038871905,2403750.0,366.7895361967401,369.17020853730526,364.63335664355844,GOOGL,stock,True
2024-12-19,2024-12-19 00:00:00,366.67383495262743,4526911.0,371.33576407439625,373.5234528824619,363.40197710163267,GOOGL,stock,True
2024-12-20,2024-12-20 00:00:00,371.45504723910256,2270264.0,374.85835586433524,377.58231286664574,369.9965070920596,GOOGL,stock,True
2024-12-23,2024-12-23 00:00:00,374.8673405068338,3223970.0,372.66886780578926,377.21584483639225,370.14447815681353,GOOGL,stock,True
2024-12-24,2024-12-24 00:00:00,372.5026754667123,638912.0,368.5642184717127,373.0866904244918,367.388509153538,GOOGL,stock,True
2024-12-25,2024-12-25 00:00:00,368.65397614437256,1062639.0,367.1479496984357,370.260054523753,365.2756264665616,GOOGL,stock,True
2024-12-26,2024-12-26 00:00:00,366.98314407821925,4845421.0,361.9353437802091,367.4847695270771,361.4789580939003,GOOGL,stock,True
2024-12-27,2024-12-27 00:00:00,361.92594514113927,3486722.0,363.3906099130378,363.6832797698435,358.92263257131935,GOOGL,stock,True
2024-12-30,2024-12-30 00:00:00,363.32169549446843,3441248.0,364.4895910311274,366.1617335942855,362.9036076668123,GOOGL,stock,True
2024-12-31,2024-12-31 00:00:00,364.4540110758812,3311173.0,364.81611718333147,367.48335711991496,363.93754479699356,GOOGL,stock,True
2025-01-01,2025-01-01 00:00:00,364.8323422145638,4311345.0,362.39088966421957,367.45449003762906,358.9619014775103,GOOGL,stock,True
2025-01-02,2025-01-02 00:00:00,362.2958870367344,1605020.0,364.7670160642529,368.3168606215728,362.0358138264409,GOOGL,stock,True
2025-01-03,2025-01-03 00:00:00,364.8095981992809,4599503.0,360.8848275985577,367.39252062198636,357.56114632096194,GOOGL,stock,True
2025-01-06,2025-01-06 00:00:00,360.73609635373197,1050845.0,362.727543748158,363.8222380306049,360.64700617823996,GOOGL,stock,True
2025-01-07,2025-01-07 00:00:00,362.5862849261226,2179247.0,365.2095310797777,368.17211082875696,360.6079729725326,GOOGL,stock,True
2025-01-08,2025-01-08 00:00:00,365.14951811239655,1839598.0,365.62689531564695,367.2232335486076,362.6427281028705,GOOGL,stock,True
2025-01-09,2025-01-09 00:00:00,365.7318768512109,1991867.0,364.13361021260664,368.44483723507994,363.19265463708285,GOOGL,stock,True
2025-01-10,2025-01-10 00:00:00,364.22151999415223,4587765.0,368.82544452481096,370.3232178416687,361.8906671263077,GOOGL,stock,True
2025-01-13,2025-01-13 00:00:00,368.7127887602544,3301519.0,374.02821308099357,377.6808030898238,367.4596375384032,GOOGL,stock,True
2025-01-14,2025-01-14 00:00:00,374.0973105316637,603937.0,375.5873723124927,377.31844744562943,370.97843081776045,GOOGL,stock,True
2025-01-15,2025-01-15 00:00:00,375.70501240753674,2381720.0,376.7714155835846,378.97740677217934,374.1553680260763,GOOGL,stock,True
2025-01-16,2025-01-16 00:00:00,376.5743827543669,4273579.0,380.6009141246995,381.7999271195387,372.8570351470478,GOOGL,stock,True
2025-01-17,2025-01-17 00:00:00,380.72158866914947,4277357.0,375.8636389101458,382.876012697581,372.1991044374365,GOOGL,stock,True
2025-01-20,2025-01-20 00:00:00,375.95736916412,3495794.0,380.9511005015077,382.95700468253244,375.84001126851655,GOOGL,stock,True
2025-01-21,2025-01-21 00:00:00,380.7760047156361,2864036.0,377.974367914973,382.6593494598423,375.61879376402754,GOOGL,stock,True
2025-01-22,2025-01-22 00:00:00,377.9843431074832,883072.0,382.0294920965364,382.5368791709208,377.12125622965584,GOOGL,stock,True
2025-01-23,2025-01-23 00:00:00,381.9817167792227,1242161.0,376.8112913334153,385.33730020509773,373.94218908057917,GOOGL,stock,True
2025-01-24,2025-01-24 00:00:00,376.94750276168156,3259678.0,376.40289153456905,379.6785905359388,373.1818582665124,GOOGL,stock,True
2025-01-27,2025-01-27 00:00:00,376.4934411077066,3382174.0,381.97531849450513,384.02678192395706,373.0268152384774,GOOGL,stock,True
2025-01-28,2025-01-28 00:00:00,382.063727723899,2439992.0,378.4445565407774,385.4700616940661,377.7250097020923,GOOGL,stock,True
2025-01-29,2025-01-29 00:00:00,378.4436634060842,947777.0,382.1128499189593,383.12168741430247,377.8492095479765,GOOGL,stock,True
2025-01-30,2025-01-30 00:00:00,382.12915914361196,2667633.0,384.7849289229792,386.38753861926,380.98486202292463,GOOGL,stock,True
2025-01-31,2025-01-31 00:00:00,384.7417490159831,1425797.0,390.0544847056407,391.11698877081716,381.69058545808986,GOOGL,stock,True
2025-02-03,2025-02-03 00:00:00,390.0619158041841,4029197.0,386.92054862148393,392.7438757607406,386.118587463328,GOOGL,stock,True
2025-02-04,2025-02-04 00:00:00,386.98316256126077,3623981.0,382.66713253971136,387.2198723293345,380.9620684131044,GOOGL,stock,True
2025-02-05,2025-02-05 00:00:00,382.53050695593925,1380897.0,388.1276128860094,391.6181946328812,379.06618455363514,GOOGL,stock,True
2025-02-06,2025-02-06 00:00:00,388.22828021617687,4431661.0,393.9145031561022,394.18408171480837,385.605079864167,GOOGL,stock,True
2025-02-07,2025-02-07 00:00:00,393.969624742155,4395676.0,389.89904284965314,396.0692028784055,388.27365845632187,GOOGL,stock,True
2025-02-10,2025-02-10 00:00:00,389.9585184364535,2878168.0,386.87398262255095,391.5524401926034,386.25135910882227,GOOGL,stock,True
2025-02-11,2025-02-11 00:00:00,386.7303195484418,3179313.0,383.67729857693854,388.134853758923,380.66360308190747,GOOGL,stock,True
2025-02-12,2025-02-12 00:00:00,383.59808470402635,3283011.0,387.2158956888315,388.2913536076005,380.25820816478915,GOOGL,stock,True
2025-02-13,2025-02-13 00:00:00,387.26728218827753,3949789.0,383.9145916799505,390.1675061235261,380.58069041605626,GOOGL,stock,True
2025-02-14,2025-02-14 00:00:00,383.85059498435874,2173715.0,378.8960468794317,384.3261867980119,377.5211291377303,GOOGL,stock,True
2025-02-17,2025-02-17 00:00:00,378.70731547780423,4643236.0,380.11089572743634,381.50545473253436,375.59628403041995,GOOGL,stock,True
2025-02-18,2025-02-18 00:00:00,380.0541611948291,3642176.0,378.03948300634084,383.63178396774015,375.8897721012929,GOOGL,stock,True
2025-02-19,2025-02-19 00:00:00,378.16899022196054,935181.0,381.2798463971817,384.0060985770456,376.8478453656681,GOOGL,stock,True
2025-02-20,2025-02-20 00:00:00,381.2970681272016,2095238.0,380.08824488739657,383.6053833958561,379.85117399979464,GOOGL,stock,True
2025-02-21,2025-02-21 00:00:00,379.9186702931391,4310705.0,378.00127597242823,382.3074769355206,376.6668375913937,GOOGL,stock,True
2025-02-24,2025-02-24 00:00:00,378.11384493669146,4577118.0,374.03498691571684,379.1914754267368,372.386711149164,GOOGL,stock,True
2025-02-25,2025-02-25 00:00:00,373.94789979469846,3190803.0,375.81335413143955,377.2482030196593,372.711060799855,GOOGL,stock,True
2025-02-26,2025-02-26 00:00:00,375.77725748494504,2748197.0,373.9376070718453,377.20874538656307,373.21322438587464,GOOGL,stock,True
2025-02-27,2025-02-27 00:00:00,373.99284101226755,2779217.0,374.06185293616636,374.1981275842512,371.85165062288445,GOOGL,stock,True
2025-02-28,2025-02-28 00:00:00,374.1584210933552,1483482.0,371.2334516945511,374.88521134905005,369.5280468718514,GOOGL,stock,True
2025-03-03,2025-03-03 00:00:00,371.16048241277457,709768.0,376.1063245109006,378.4925670553293,368.48325539737283,GOOGL,stock,True
2025-03-04,2025-03-04 00:00:00,375.930486534849,2642464.0,373.8138709005007,379.5906747671509,373.69983502308713,GOOGL,stock,True
2025-03-05,2025-03-05 00:00:00,373.781518439114,3323140.0,370.1464607065968,375.5599950684266,368.52234585729155,GOOGL,stock,True
2025-03-06,2025-03-06 00:00:00,370.0011569137124,4566448.0,374.287268263548,374.6085873318114,368.21543303900904,GOOGL,stock,True
2025-03-07,2025-03-07 00:00:00,374.35503158201175,1970765.0,371.25523578642503,376.70661167669186,370.87771580732823,GOOGL,stock,True
2025-03-10,2025-03-10 00:00:00,371.3039262651795,2029887.0,367.63746154142405,371.8714731466508,366.4478910832145,GOOGL,stock,True
2025-03-11,2025-03-11 00:00:00,367.53342056792326,2466454.0,372.36981593302227,374.5822254178807,367.1655870627242,GOOGL,stock,True
2025-03-12,2025-03-12 00:00:00,372.3049966731041,4982955.0,368.50296600532863,375.33736085526596,367.351548927163,GOOGL,stock,True
2025-03-13,2025-03-13 00:00:00,368.5097508649651,2268351.0,373.6594691644631,376.48110235728535,367.89854987821195,GOOGL,stock,True
2025-03-14,2025-03-14 00:00:00,373.70498597193466,4957438.0,377.4282256582004,378.97084466735873,371.3527146427555,GOOGL,stock,True
2025-03-17,2025-03-17 00:00:00,377.5449980473172,4683945.0,376.8587495556455,379.7264044230953,376.1527734343328,GOOGL,stock,True
2025-03-18,2025-03-18 00:00:00,377.0235350152481,3123585.0,374.70410179278247,377.8143989636565,373.2455739751809,GOOGL,stock,True
2025-03-19,2025-03-19 00:00:00,374.6191629898901,1934084.0,377.4357216971538,379.7681120426047,372.5465445146253,GOOGL,stock,True
2025-03-20,2025-03-20 00:00:00,377.40326345034345,4140482.0,374.9579972562296,380.63239094865247,371.5461553133046,GOOGL,stock,True
2025-03-21,2025-03-21 00:00:00,375.0768471756532,1643313.0,375.0192212976389,377.3848291463004,374.01151310037034,GOOGL,stock,True
2025-03-24,2025-03-24 00:00:00,374.9911383338741,2039099.0,373.82357170756666,377.95989368343635,370.6610485040707,GOOGL,stock,True
2025-03-25,2025-03-25 00:00:00,373.96881397854105,1536515.0,375.08230088569894,378.067057531936,371.1157330224831,GOOGL,stock,True
2025-03-26,2025-03-26 00:00:00,375.102022259854,1969181.0,373.3101389797649,377.58939003480793,370.0498264998007,GOOGL,stock,True
2025-03-27,2025-03-27 00:00:00,373.2336793054442,1956187.0,376.3693027790283,377.12393654598895,371.6011152123407,GOOGL,stock,True
2025-03-28,2025-03-28 00:00:00,376.3804454653601,3184677.0,374.3228691456904,378.6438615316434,371.31125019466174,GOOGL,stock,True
2025-03-31,2025-03-31 00:00:00,374.47365363884944,3724058.0,378.5331093690986,379.60102723768006,374.2988844287209,GOOGL,stock,True
2025-04-01,2025-04-01 00:00:00,378.4597304277988,4248796.0,380.09409886541613,381.80966463483844,376.21106650407864,GOOGL,stock,True
2025-04-02,2025-04-02 00:00:00,379.9957469205792,635334.0,380.8451496464319,383.0106446783053,377.47169754576447,GOOGL,stock,True
2025-04-03,2025-04-03 00:00:00,380.6730125975791,3917460.0,378.3889338218795,383.79941872948666,376.1280306814748,GOOGL,stock,True
2025-04-04,2025-04-04 00:00:00,378.42610944561244,3604985.0,377.3193463287945,381.73537920527286,375.9597334335234,GOOGL,stock,True
2025-04-07,2025-04-07 00:00:00,377.44865326684555,4440859.0,373.91768755216975,381.1143173590766,373.1422595835668,GOOGL,stock,True
2025-04-08,2025-04-08 00:00:00,373.85061028516714,4952330.0,375.9409629023119,376.65813577503474,370.4531424806611,GOOGL,stock,True
2025-04-09,2025-04-09 00:00:00,375.936218956055,3629769.0,379.4765316336093,380.272354803367,375.4812051301772,GOOGL,stock,True
2025-04-10,2025-04-10 00:00:00,379.28676177775856,3086413.0,381.23025171540206,383.2600369807987,377.9326987232315,GOOGL,stock,True
2025-04-11,2025-04-11 00:00:00,381.34556484264544,2359032.0,382.67423517831116,384.616977629966,380.8552621984755,GOOGL,stock,True
2025-04-14,2025-04-14 00:00:00,382.77059966603554,3446920.0,382.97189059094114,386.5733479545476,382.45443279426166,GOOGL,stock,True
2025-04-15,2025-04-15 00:00:00,383.0797866107281,832140.0,382.9258140702629,384.1200590967992,379.9742339466397,GOOGL,stock,True
2025-04-16,2025-04-16 00:00:00,382.7716691331395,895612.0,387.493016230883,388.77659991790085,381.9713162019295,GOOGL,stock,True
2025-04-17,2025-04-17 00:00:00,387.39845803319315,4481609.0,391.79449694530393,393.66129997190524,384.44558682285907,GOOGL,stock,True
2025-04-18,2025-04-18 00:00:00,391.93546446921266,4191762.0,389.6454679686106,394.56659131887005,388.57009378746807,GOOGL,stock,True
2025-04-21,2025-04-21 00:00:00,389.7405398616982,4539632.0,393.94033521743376,397.80514411437184,389.376067103227,GOOGL,stock,True
2025-04-22,2025-04-22 00:00:00,393.9263724486661,3331819.0,394.2904936531785,396.44146921637684,392.13747986227486,GOOGL,stock,True
2025-04-23,2025-04-23 00:00:00,394.38571429609215,4478453.0,391.8475334540626,397.87149548220805,388.5770528959069,GOOGL,stock,True
2025-04-24,2025-04-24 00:00:00,392.0099341817772,3520861.0,397.53801920900514,400.83414467470897,390.06109129916086,GOOGL,stock,True
2025-04-25,2025-04-25 00:00:00,397.33094811670014,1632429.0,401.90461712080986,402.77263823762195,396.8850267358537,GOOGL,stock,True
2025-04-28,2025-04-28 00:00:00,401.893657107737,3074395.0,397.8715341325041,404.2751268746014,395.63665804558167,GOOGL,stock,True
2025-04-29,2025-04-29 00:00:00,397.7410341807075,1903874.0,396.9696733747346,399.05725524151126,395.29121718439933,GOOGL,stock,True
2025-04-30,2025-04-30 00:00:00,397.14302505633833,3779438.0,402.78629434592375,404.1931918100071,395.17756786686175,GOOGL,stock,True
2025-05-01,2025-05-01 00:00:00,402.6197143116892,3805426.0,404.54844311118546,406.79048851621667,399.4541336846432,GOOGL,stock,True
2025-05-02,2025-05-02 00:00:00,404.3504353717216,3301030.0,404.43104083252786,407.0316921207363,404.3126738495354,GOOGL,stock,True
2025-05-05,2025-05-05 00:00:00,404.37030438491274,4346353.0,409.81494338667983,410.39014632708336,402.8574678712747,GOOGL,stock,True
2025-05-06,2025-05-06 00:00:00,409.5928803514936,4464861.0,409.40546803907813,412.2856071122725,407.00684546786715,GOOGL,stock,True
2025-05-07,2025-05-07 00:00:00,409.1899590035224,4143311.0,406.08338449973843,410.22915023753495,404.8760019959747,GOOGL,stock,True
2025-05-08,2025-05-08 00:00:00,405.9582830408155,1889808.0,409.3887129590461,410.64946991967594,405.0647132314462,GOOGL,stock,True
2025-05-09,2025-05-09 00:00:00,409.35857144963524,1369229.0,410.68704551848793,413.0341639002745,409.348459914262,GOOGL,stock,True
2025-05-12,2025-05-12 00:00:00,410.62916512925983,3405482.0,415.9746907971165,416.40588901212146,408.3887955548808,GOOGL,stock,True
2025-05-13,2025-05-13 00:00:00,416.09074794343053,3860001.0,419.3599439387185,422.54823330282056,413.0651257825172,GOOGL,stock,True
2025-05-14,2025-05-14 00:00:00,419.200527873243,4726436.0,418.4494521603225,421.38147521466135,415.9325521309029,GOOGL,stock,True
2025-05-15,2025-05-15 00:00:00,418.40311088588953,1070108.0,412.6724039096568,422.0451752535001,411.5125802650345,GOOGL,stock,True
2025-05-16,2025-05-16 00:00:00,412.7982697584477,2228021.0,409.08746374239917,414.6451781297289,405.65922035763236,GOOGL,stock,True
2025-05-19,2025-05-19 00:00:00,409.2384609486996,3344205.0,413.14269493167865,417.01759334554276,408.05484361897044,GOOGL,stock,True
2025-05-20,2025-05-20 00:00:00,413.0770423741147,2820793.0,407.5944554033001,416.2024994564205,406.00776372040457,GOOGL,stock,True
2025-05-21,2025-05-21 00:00:00,407.6682902534208,4824788.0,409.443591821409,411.5210868950395,405.26878425864123,GOOGL,stock,True
2025-05-22,2025-05-22 00:00:00,409.39727174812623,3827805.0,414.19826473675124,415.76532198388793,405.7774892664462,GOOGL,stock,True
2025-05-23,2025-05-23 00:00:00,414.28013431723065,2426321.0,418.5267273248629,420.0544839781533,412.12668677881464,GOOGL,stock,True
2025-05-26,2025-05-26 00:00:00,418.678047133718,2277288.0,424.8420142176113,426.89460996517477,414.5006339375579,GOOGL,stock,True
2025-05-27,2025-05-27 00:00:00,424.73938967077316,3862163.0,429.94749881654303,430.9118113134852,421.8433841143937,GOOGL,stock,True
2025-05-28,2025-05-28 00:00:00,429.8280191838293,1260574.0,427.4368492588397,430.3996891977555,427.13817982112283,GOOGL,stock,True
2025-05-29,2025-05-29 00:00:00,427.52644327633305,2100774.0,422.31927852706167,431.176482410938,419.99772645254143,GOOGL,stock,True
2025-05-30,2025-05-30 00:00:00,422.11283008061076,3468000.0,417.00724258960133,423.45959240096494,416.9314401900373,GOOGL,stock,True
2025-06-02,2025-06-02 00:00:00,417.05935952997646,3876643.0,411.0518084676012,419.86808027764226,409.7889345581622,GOOGL,stock,True
2025-06-03,2025-06-03 00:00:00,410.92272243303796,4610527.0,411.475700985516,414.50309397940117,410.7508100141571,GOOGL,stock,True
2025-06-04,2025-06-04 00:00:00,411.2924699843209,1194990.0,415.3256983513576,419.30147971061785,411.11256071109455,GOOGL,stock,True
2025-06-05,2025-06-05 00:00:00,415.12583099159696,3812351.0,414.82457307111144,415.8213294396761,412.739737971997,GOOGL,stock,True
2025-06-06,2025-06-06 00:00:00,414.9608691028824,3038462.0,417.6582542814354,419.88587479903754,411.61307325001354,GOOGL,stock,True
2025-06-09,2025-06-09 00:00:00,417.4749952525899,2385039.0,413.441437697281,419.75723528606045,411.3156943562865,GOOGL,stock,True
2025-06-10,2025-06-10 00:00:00,413.45582465445835,4013585.0,413.8807858657136,414.0641446100071,412.7124697303713,GOOGL,stock,True
2025-06-11,2025-06-11 00:00:00,413.7837624495975,3831153.0,419.64926501212875,419.90624752125404,411.25730550532813,GOOGL,stock,True
2025-06-12,2025-06-12 00:00:00,419.4897718909987,1006000.0,414.622646298036,421.09595379548284,413.5295468965656,GOOGL,stock,True
2025-06-13,2025-06-13 00:00:00,414.57484166128245,3122008.0,416.75070633031294,418.4031954397663,414.5178019474571,GOOGL,stock,True
2025-06-16,2025-06-16 00:00:00,416.5445257180561,1073516.0,416.2604275332725,417.1484389033706,415.99018437544106,GOOGL,stock,True
2025-06-17,2025-06-17 00:00:00,416.2047558643305,2421919.0,420.78788732787973,423.3923309348992,412.2376421487752,GOOGL,stock,True
2025-06-18,2025-06-18 00:00:00,420.6651678218931,4952724.0,421.83630928267183,425.94437417709923,418.6383348208654,GOOGL,stock,True
2025-06-19,2025-06-19 00:00:00,421.78084541315843,1943257.0,427.7034475099184,430.81225770808004,418.6558975972942,GOOGL,stock,True
2025-06-20,2025-06-20 00:00:00,427.84232830799317,551934.0,427.4774458603166,430.5241247983633,424.65831293656817,GOOGL,stock,True
2025-06-23,2025-06-23 00:00:00,427.32645546340825,1011562.0,423.16601797392383,427.71434553230597,420.47257098002797,GOOGL,stock,True
2025-06-24,2025-06-24 00:00:00,423.30299224790923,1820215.0,423.7264019751594,427.5092822056218,422.61501448256826,GOOGL,stock,True
2025-06-25,2025-06-25 00:00:00,423.83139347492977,2533846.0,425.32887707416006,426.2131409766637,423.3759403561686,GOOGL,stock,True
2025-06-26,2025-06-26 00:00:00,425.4835411716542,2143861.0,425.4367820869534,428.7528830047099,421.23722134551286,GOOGL,stock,True
2025-06-27,2025-06-27 00:00:00,425.3879235741048,1063204.0,422.6134177196486,425.74727004764634,418.87612677804395,GOOGL,stock,True
2025-06-30,2025-06-30 00:00:00,422.7387798626296,845655.0,425.5923591807326,425.7825049313795,420.4348495138489,GOOGL,stock,True
2025-07-01,2025-07-01 00:00:00,425.74147074697635,2401276.0,426.4183523576246,430.5743115997718,422.0118964462989,GOOGL,stock,True
2025-07-02,2025-07-02 00:00:00,426.3855544075276,4069723.0,428.99403989449314,429.7289296181588,425.03872103608495,GOOGL,stock,True
2025-07-03,2025-07-03 00:00:00,428.9342843739783,565593.0,426.33058821492983,431.05843412565946,424.74865311885844,GOOGL,stock,True
2025-07-04,2025-07-04 00:00:00,426.2501443534908,2229095.0,431.6453490557112,434.79938785999065,423.27365764788516,GOOGL,stock,True
2025-07-07,2025-07-07 00:00:00,431.6705109708287,1080788.0,426.8775765622346,434.4741291012467,426.74696989180336,GOOGL,stock,True
2025-07-08,2025-07-08 00:00:00,426.9722665014416,1023719.0,433.1867062577645,435.707556451617,425.2510571618936,GOOGL,stock,True
2025-07-09,2025-07-09 00:00:00,433.0922898400132,3623463.0,438.93156203191626,441.95743768796643,429.3612667085854,GOOGL,stock,True
2025-07-10,2025-07-10 00:00:00,439.0438710025024,2135040.0,436.32989959853296,443.04076672768537,435.2939525086681,GOOGL,stock,True
2025-07-11,2025-07-11 00:00:00,436.27167145707494,4726515.0,434.9146198050868,437.3373295359481,433.7301987947695,GOOGL,stock,True
2025-07-14,2025-07-14 00:00:00,435.02780018756795,2439348.0,431.72181398958287,435.19364924316653,429.4577892134657,GOOGL,stock,True
2025-07-15,2025-07-15 00:00:00,431.64037418090777,2817693.0,426.0,435.8367274937377,425.8335151818652,GOOGL,stock,True
2024-11-06,2024-11-06 00:00:00,319.68938505709406,2250418.0,323.82297233670283,324.44948038722544,318.0973085023623,AMZN,stock,True
2024-11-07,2024-11-07 00:00:00,323.9106030757449,1053239.0,325.3673729334004,325.39981980361875,323.2298129716871,AMZN,stock,True
2024-11-08,2024-11-08 00:00:00,325.37073945509,3244004.0,328.6159878753652,329.64803301638835,324.6954966470491,AMZN,stock,True
2024-11-11,2024-11-11 00:00:00,328.75901905186475,3505735.0,333.70249975133316,333.8127598948732,328.2787119236009,AMZN,stock,True
2024-11-12,2024-11-12 00:00:00,333.7334855882441,2278070.0,332.9434759400072,336.2538584533043,330.4674145002205,AMZN,stock,True
2024-11-13,2024-11-13 00:00:00,333.02215244228984,4966408.0,332.0925935320954,333.8804115716495,331.75317185176397,AMZN,stock,True
2024-11-14,2024-11-14 00:00:00,331.93752596993437,4869285.0,329.2191827600435,334.46437292423815,326.1460621673337,AMZN,stock,True
2024-11-15,2024-11-15 00:00:00,329.2335021836904,3242502.0,332.5113987732904,334.3618001830625,327.71358278742326,AMZN,stock,True
2024-11-18,2024-11-18 00:00:00,332.46904774706667,4354240.0,331.2176814786706,333.87089432609855,329.93697656675533,AMZN,stock,True
2024-11-19,2024-11-19 00:00:00,331.34866983340993,2014208.0,330.9528392528628,333.7335308610614,328.18969011907024,AMZN,stock,True
2024-11-20,2024-11-20 00:00:00,330.99656095691665,2441257.0,333.371397204789,334.482131760024,330.8884579246393,AMZN,stock,True
2024-11-21,2024-11-21 00:00:00,333.4157424442216,1221986.0,335.5190558466106,338.3618339059644,331.66986461461175,AMZN,stock,True
2024-11-22,2024-11-22 00:00:00,335.33488641590026,518615.0,336.81436585491474,338.32447493155183,334.3762198597835,AMZN,stock,True
2024-11-25,2024-11-25 00:00:00,336.630170437868,1112452.0,337.47702315680954,339.69647454668996,333.38360973826764,AMZN,stock,True
2024-11-26,2024-11-26 00:00:00,337.4205434914535,942320.0,341.4745769425595,342.9005005917595,335.8486830513401,AMZN,stock,True
2024-11-27,2024-11-27 00:00:00,341.29532831784525,1588228.0,339.7486575845525,344.49235793897077,336.74292719016915,AMZN,stock,True
2024-11-28,2024-11-28 00:00:00,339.70064896929495,3994157.0,336.2046851622337,342.15815771644077,335.3908592078898,AMZN,stock,True
2024-11-29,2024-11-29 00:00:00,336.31523024976127,4609715.0,338.5772747705967,340.04490737793503,335.69798249332274,AMZN,stock,True
2024-12-02,2024-12-02 00:00:00,338.481653162994,4976914.0,342.65571809590614,342.96738484904625,335.1555901458568,AMZN,stock,True
2024-12-03,2024-12-03 00:00:00,342.6580674948115,4803898.0,346.78029917427756,348.40031921089525,339.3876138316935,AMZN,stock,True
2024-12-04,2024-12-04 00:00:00,346.8296687698293,3990796.0,343.26429021947985,348.0840257212993,340.33616514561606,AMZN,stock,True
2024-12-05,2024-12-05 00:00:00,343.1016582306638,3333424.0,338.4300133367359,343.6893955933806,337.0670616446594,AMZN,stock,True
2024-12-06,2024-12-06 00:00:00,338.26867211053786,4966564.0,341.68234338901806,343.28491198104484,337.25438641465723,AMZN,stock,True
2024-12-09,2024-12-09 00:00:00,341.63978870800327,1752756.0,346.7688870704931,348.9809872993742,339.1267471356954,AMZN,stock,True
2024-12-10,2024-12-10 00:00:00,346.7948714711086,3688762.0,342.0571410571462,349.396400562592,339.2066030355422,AMZN,stock,True
2024-12-11,2024-12-11 00:00:00,342.12806131901715,4975383.0,339.30952157623483,343.5266488661086,337.52048310484827,AMZN,stock,True
2024-12-12,2024-12-12 00:00:00,339.12715612161355,3717944.0,339.8901552562314,342.1558764297039,337.78916907454504,AMZN,stock,True
2024-12-13,2024-12-13 00:00:00,339.71852170872216,4336575.0,337.76533981297547,342.9949645850347,337.4275890838726,AMZN,stock,True
2024-12-16,2024-12-16 00:00:00,337.88802148511985,4144328.0,333.02655502679966,340.2356821703434,330.31968235558725,AMZN,stock,True
2024-12-17,2024-12-17 00:00:00,333.0984372464664,2587077.0,337.19108891489526,338.77250915802574,330.0100097036805,AMZN,stock,True
2024-12-18,2024-12-18 00:00:00,337.0955430290656,1295626.0,336.5731194415814,337.47608731071824,333.6385757800512,AMZN,stock,True
2024-12-19,2024-12-19 00:00:00,336.7012806615314,1655252.0,341.14997753655297,342.4461392902627,334.49807655663415,AMZN,stock,True
2024-12-20,2024-12-20 00:00:00,341.17464886519156,3780671.0,341.4776839447925,344.23478096693816,338.4084834398913,AMZN,stock,True
2024-12-23,2024-12-23 00:00:00,341.2923182315995,4999847.0,342.1454372565203,344.64162719895256,340.5556314938832,AMZN,stock,True
2024-12-24,2024-12-24 00:00:00,342.00826733404864,1810174.0,338.10776996453046,345.0222968125703,336.88612702510346,AMZN,stock,True
2024-12-25,2024-12-25 00:00:00,338.232193915159,2823803.0,336.73919934349686,340.72654509311235,333.43464089334424,AMZN,stock,True
2024-12-26,2024-12-26 00:00:00,336.796668592599,956706.0,339.73306942031087,340.49162877625025,335.60640783233697,AMZN,stock,True
2024-12-27,2024-12-27 00:00:00,339.56733663514217,4664456.0,344.1685570947687,345.2994764705612,338.2846044660694,AMZN,stock,True
2024-12-30,2024-12-30 00:00:00,344.01550100631727,2222953.0,346.3476292255447,347.6620341401686,343.0771793561705,AMZN,stock,True
2024-12-31,2024-12-31 00:00:00,346.2374398038729,4507088.0,346.9722294441452,348.07406887730866,342.8898542145703,AMZN,stock,True
2025-01-01,2025-01-01 00:00:00,346.84726337106906,3506266.0,349.5479325366272,350.77604393490486,343.5110434965092,AMZN,stock,True
2025-01-02,2025-01-02 00:00:00,349.58378936143265,629368.0,350.58124746741976,352.05710265840713,347.07706970930684,AMZN,stock,True
2025-01-03,2025-01-03 00:00:00,350.611888396044,965138.0,350.10671646880985,353.55397105462356,349.4531370196165,AMZN,stock,True
2025-01-06,2025-01-06 00:00:00,350.12949828741915,3757891.0,346.331005150591,351.4771528970873,345.9219750190376,AMZN,stock,True
2025-01-07,2025-01-07 00:00:00,346.24503655424866,1364349.0,349.7394994689586,352.93840543980986,344.1723313036421,AMZN,stock,True
2025-01-08,2025-01-08 00:00:00,349.56122615775666,3273436.0,348.3461349662032,350.769781345098,345.3223222634951,AMZN,stock,True
2025-01-09,2025-01-09 00:00:00,348.45218101891686,2222539.0,348.737001591861,351.1611492909004,345.41460853085096,AMZN,stock,True
2025-01-10,2025-01-10 00:00:00,348.6976578495787,4588105.0,344.3409970468749,351.2225528196651,341.1655764255726,AMZN,stock,True
2025-01-13,2025-01-13 00:00:00,344.3564216325039,4914157.0,343.15433196807373,344.9391971488046,339.87583033286523,AMZN,stock,True
2025-01-14,2025-01-14 00:00:00,343.1575457592858,2962160.0,341.5110298031595,345.6403490163925,338.42582113161825,AMZN,stock,True
2025-01-15,2025-01-15 00:00:00,341.3389045005738,4625439.0,341.8930171113409,342.3363783998378,338.16785107847716,AMZN,stock,True
2025-01-16,2025-01-16 00:00:00,341.9749800590482,1599956.0,339.05398695321804,344.16961141631265,338.1496936526162,AMZN,stock,True
2025-01-17,2025-01-17 00:00:00,339.05646850929054,1547587.0,339.2527130349213,342.06058221212527,339.02531686672364,AMZN,stock,True
2025-01-20,2025-01-20 00:00:00,339.09801764300926,2183088.0,341.9115751349501,344.9791023992889,336.3047497796728,AMZN,stock,True
2025-01-21,2025-01-21 00:00:00,341.8616508090513,2118080.0,344.9436253690761,345.26864305863904,341.528876814305,AMZN,stock,True
2025-01-22,2025-01-22 00:00:00,344.79727933790576,3286258.0,349.07374685387543,350.6388752076175,343.97352091468036,AMZN,stock,True
2025-01-23,2025-01-23 00:00:00,349.04283372054056,1301604.0,346.57180604506834,351.3917701567431,343.66629010641805,AMZN,stock,True
2025-01-24,2025-01-24 00:00:00,346.6633228997275,1727494.0,345.97529416666026,349.95859626123575,343.90280247402256,AMZN,stock,True
2025-01-27,2025-01-27 00:00:00,345.9787763547454,1401095.0,344.31687924763787,347.30482302043663,341.1691795593192,AMZN,stock,True
2025-01-28,2025-01-28 00:00:00,344.3632589784638,2219057.0,345.63508102897293,347.57296506929396,343.89721687330245,AMZN,stock,True
2025-01-29,2025-01-29 00:00:00,345.72806984399654,836190.0,346.3362061510117,349.29638967628256,343.4857616886403,AMZN,stock,True
2025-01-30,2025-01-30 00:00:00,346.31830606708587,4397725.0,349.4210647839096,350.36737520409304,344.7248494216538,AMZN,stock,True
2025-01-31,2025-01-31 00:00:00,349.443098342914,4325133.0,347.82278719369805,351.7572011049295,344.47747668389457,AMZN,stock,True
2025-02-03,2025-02-03 00:00:00,347.6325384219798,2564139.0,350.35365551743877,351.91594260756386,346.97936559771347,AMZN,stock,True
2025-02-04,2025-02-04 00:00:00,350.3028611296012,1882735.0,353.60738956183104,356.2359409593541,347.5883483265544,AMZN,stock,True
2025-02-05,2025-02-05 00:00:00,353.6009376863533,3854067.0,357.81044210988233,359.76937107878706,350.9617672591757,AMZN,stock,True
2025-02-06,2025-02-06 00:00:00,357.8357706574529,3033460.0,358.65485288139575,358.7220334593573,354.75057205499894,AMZN,stock,True
2025-02-07,2025-02-07 00:00:00,358.6784222063815,3135231.0,359.96643537230096,361.1464780768549,355.2736314242869,AMZN,stock,True
2025-02-10,2025-02-10 00:00:00,360.0776081176859,502989.0,364.2084334433349,366.7510227217304,358.9101045431015,AMZN,stock,True
2025-02-11,2025-02-11 00:00:00,364.2930585990643,1000300.0,361.04507514483265,365.4679735539493,359.46867569308324,AMZN,stock,True
2025-02-12,2025-02-12 00:00:00,361.02597246383834,2680938.0,355.99191892147195,361.92998053636904,355.04044194005303,AMZN,stock,True
2025-02-13,2025-02-13 00:00:00,355.8298115496335,2319640.0,360.2654153688444,363.84897597359,355.18888280570536,AMZN,stock,True
2025-02-14,2025-02-14 00:00:00,360.10294741481044,4201980.0,361.96670564205647,364.85462824820826,360.0302672411346,AMZN,stock,True
2025-02-17,2025-02-17 00:00:00,361.9304427174572,1095354.0,362.84291478569537,363.7408880143844,359.37608164127766,AMZN,stock,True
2025-02-18,2025-02-18 00:00:00,362.86832199938067,1864200.0,358.0192106457254,365.325327846678,355.39588736467175,AMZN,stock,True
2025-02-19,2025-02-19 00:00:00,357.9004879873156,4897373.0,358.24646266418677,358.30407836037875,356.6234043514545,AMZN,stock,True
2025-02-20,2025-02-20 00:00:00,358.20458254085895,1301306.0,356.3959925257208,361.1960948922974,354.0875768253421,AMZN,stock,True
2025-02-21,2025-02-21 00:00:00,356.3994619689519,1978748.0,355.27478047228914,359.37322297403483,351.7489969127018,AMZN,stock,True
2025-02-24,2025-02-24 00:00:00,355.1601081078787,3231097.0,354.08651002518576,356.5995863081083,353.3886542896503,AMZN,stock,True
2025-02-25,2025-02-25 00:00:00,354.00197339341554,1542935.0,358.0051069666754,360.9874259003307,351.2989881281201,AMZN,stock,True
2025-02-26,2025-02-26 00:00:00,357.8722908574422,4484793.0,352.87596078835867,361.3308337021477,349.74736299470067,AMZN,stock,True
2025-02-27,2025-02-27 00:00:00,352.9304221773892,2824630.0,354.24106638922007,356.0686859224902,349.5051292275317,AMZN,stock,True
2025-02-28,2025-02-28 00:00:00,354.193968213108,3525463.0,352.7381673501362,355.9550477951256,351.4828134323188,AMZN,stock,True
2025-03-03,2025-03-03 00:00:00,352.56470022432234,1809092.0,349.763496962478,354.13266644837285,348.95577717138497,AMZN,stock,True
2025-03-04,2025-03-04 00:00:00,349.82140106274363,4683457.0,345.313002704,351.882472260194,342.2463494247888,AMZN,stock,True
2025-03-05,2025-03-05 00:00:00,345.4023514907418,4084805.0,349.3299525617769,352.2786107346812,342.7928775986733,AMZN,stock,True
2025-03-06,2025-03-06 00:00:00,349.47964002100906,3445832.0,348.71250660729527,351.2624585528004,346.99226584268155,AMZN,stock,True
2025-03-07,2025-03-07 00:00:00,348.5233793290226,4673371.0,347.2576310748412,350.1557377664159,345.2329261264747,AMZN,stock,True
2025-03-10,2025-03-10 00:00:00,347.1809623694107,747897.0,349.83600300923445,350.06244795986765,344.02075935066546,AMZN,stock,True
2025-03-11,2025-03-11 00:00:00,349.6772685758347,2047507.0,348.0359871576681,350.39027907894024,344.8266049060429,AMZN,stock,True
2025-03-12,2025-03-12 00:00:00,347.9829544958466,2511855.0,353.09689051174576,354.5374336715147,345.48233889159695,AMZN,stock,True
2025-03-13,2025-03-13 00:00:00,353.2230417415314,1683186.0,353.7592873853081,354.82484467427753,351.6472201879503,AMZN,stock,True
2025-03-14,2025-03-14 00:00:00,353.65119153992475,1425556.0,355.81259034237127,358.62383921329575,350.67794499523643,AMZN,stock,True
2025-03-17,2025-03-17 00:00:00,355.9475480285721,2299668.0,353.9044782871903,356.1737082444335,351.07792526400067,AMZN,stock,True
2025-03-18,2025-03-18 00:00:00,353.89580993018336,1491620.0,350.20093500669293,355.7706894219198,350.0994972124013,AMZN,stock,True
2025-03-19,2025-03-19 00:00:00,350.1152367024284,1546195.0,346.7304167825165,352.73952979393766,345.0737624628332,AMZN,stock,True
2025-03-20,2025-03-20 00:00:00,346.7225565686027,4271461.0,349.48760843281,352.3015719331994,343.7784712834021,AMZN,stock,True
2025-03-21,2025-03-21 00:00:00,349.5184504554039,1680639.0,348.9044282347714,351.0566574926589,347.4074402164481,AMZN,stock,True
2025-03-24,2025-03-24 00:00:00,348.94641213870045,1343875.0,352.2122017802433,352.9185510156045,345.7988697509422,AMZN,stock,True
2025-03-25,2025-03-25 00:00:00,352.16572931047534,3237640.0,349.7920600072088,354.580104417954,349.0869745259149,AMZN,stock,True
2025-03-26,2025-03-26 00:00:00,349.90869386427147,754574.0,349.3186987105961,350.88554202226555,346.39613043527373,AMZN,stock,True
2025-03-27,2025-03-27 00:00:00,349.40934647720934,3392960.0,348.7773080482073,352.55288535182694,348.54964084426655,AMZN,stock,True
2025-03-28,2025-03-28 00:00:00,348.79415003593414,3195765.0,353.17469093487904,354.0765040528498,348.15088151189053,AMZN,stock,True
2025-03-31,2025-03-31 00:00:00,353.2156469654749,3915582.0,354.5629945125606,355.3681387670492,349.8489906674387,AMZN,stock,True
2025-04-01,2025-04-01 00:00:00,354.66049476396614,727779.0,350.9968101996784,355.6100305008375,350.9041697363153,AMZN,stock,True
2025-04-02,2025-04-02 00:00:00,351.1363844637286,1159846.0,351.23609936037684,351.4252923934564,349.3894898898478,AMZN,stock,True
2025-04-03,2025-04-03 00:00:00,351.3017513852572,1111218.0,356.1316496461759,358.3774900025125,350.6859061157668,AMZN,stock,True
2025-04-04,2025-04-04 00:00:00,356.15279971092764,2434098.0,354.4968204179784,357.9149078447742,352.27862391153366,AMZN,stock,True
2025-04-07,2025-04-07 00:00:00,354.6456482132403,2305110.0,355.61567306719866,356.372219535398,351.5915863308261,AMZN,stock,True
2025-04-08,2025-04-08 00:00:00,355.74827851422424,3886694.0,351.60345773029366,357.0190555010216,348.47509307483847,AMZN,stock,True
2025-04-09,2025-04-09 00:00:00,351.43153844343584,2905415.0,346.5361362947494,354.07280442730627,345.2501043395657,AMZN,stock,True
2025-04-10,2025-04-10 00:00:00,346.48419891694857,930865.0,346.83309121493306,348.35180770945766,343.889160961165,AMZN,stock,True
2025-04-11,2025-04-11 00:00:00,346.7525463731626,4272839.0,349.9705076937239,351.9823677653494,346.0798735172229,AMZN,stock,True
2025-04-14,2025-04-14 00:00:00,349.9779622151207,3818161.0,353.3285472710192,353.66299610099844,349.38280084139853,AMZN,stock,True
2025-04-15,2025-04-15 00:00:00,353.34838439754355,4468552.0,352.0894733649269,353.8105988990171,351.6433226686955,AMZN,stock,True
2025-04-16,2025-04-16 00:00:00,352.22909148810885,3058928.0,351.94500933903294,354.9514524730495,348.85414870846455,AMZN,stock,True
2025-04-17,2025-04-17 00:00:00,352.0934762271085,1078879.0,357.2092390393327,359.2812896344222,348.8750038890746,AMZN,stock,True
2025-04-18,2025-04-18 00:00:00,357.1113087644041,4075389.0,354.2986492901658,359.37528491638733,350.7910015367376,AMZN,stock,True
2025-04-21,2025-04-21 00:00:00,354.15497791974326,2774995.0,355.8178929276964,357.7527603246365,350.90629920929473,AMZN,stock,True
2025-04-22,2025-04-22 00:00:00,355.7550705676562,2478893.0,357.7795124779646,360.5272817803381,352.96294942395144,AMZN,stock,True
2025-04-23,2025-04-23 00:00:00,357.74679903516005,4630255.0,356.85613732468687,360.84095396343594,354.49644059044624,AMZN,stock,True
2025-04-24,2025-04-24 00:00:00,356.859442350772,4405365.0,358.6494376510549,359.02832263453547,356.72158872525443,AMZN,stock,True
2025-04-25,2025-04-25 00:00:00,358.654588545947,3654906.0,362.7878343000693,364.4393548951305,355.16703397695426,AMZN,stock,True
2025-04-28,2025-04-28 00:00:00,362.7063107709577,4013745.0,363.6527893594718,365.41930216279974,361.90540561873956,AMZN,stock,True
2025-04-29,2025-04-29 00:00:00,363.6153094669008,4170872.0,359.84247577311675,367.02290817860217,356.61040305553075,AMZN,stock,True
2025-04-30,2025-04-30 00:00:00,359.83174786652785,2421673.0,361.6745918603348,362.925974276416,356.5547061709109,AMZN,stock,True
2025-05-01,2025-05-01 00:00:00,361.5582828778103,4860438.0,357.2124837127209,364.89611122520853,357.10539084797233,AMZN,stock,True
2025-05-02,2025-05-02 00:00:00,357.35700056696237,3155388.0,353.08036604371597,358.70994846789506,351.17414999429803,AMZN,stock,True
2025-05-05,2025-05-05 00:00:00,353.05714189330564,3605915.0,350.87779353342455,353.9313619171537,348.31431349643105,AMZN,stock,True
2025-05-06,2025-05-06 00:00:00,350.9597949918834,519940.0,345.78943835522944,351.7421429208517,344.1631648235499,AMZN,stock,True
2025-05-07,2025-05-07 00:00:00,345.8323191569498,4889834.0,349.60682330710745,352.6045238615102,344.135184560364,AMZN,stock,True
2025-05-08,2025-05-08 00:00:00,349.68667047134426,2208003.0,344.63130315851095,349.81566217261394,343.33588015086156,AMZN,stock,True
2025-05-09,2025-05-09 00:00:00,344.7280938553705,2911891.0,346.4006065731671,348.7530490594826,343.6955344187108,AMZN,stock,True
2025-05-12,2025-05-12 00:00:00,346.5490901573423,2196970.0,349.7607228356459,350.9975174549099,343.226583664728,AMZN,stock,True
2025-05-13,2025-05-13 00:00:00,349.7672660000833,2252438.0,349.14580439597836,353.1844418652579,347.6057260694603,AMZN,stock,True
2025-05-14,2025-05-14 00:00:00,349.0643096868274,2222416.0,353.5832639624535,354.52334177357335,346.2305355830382,AMZN,stock,True
2025-05-15,2025-05-15 00:00:00,353.603016229629,3476869.0,349.14218051072334,357.1232920094932,348.42113250868897,AMZN,stock,True
2025-05-16,2025-05-16 00:00:00,349.180595465938,1345524.0,344.0808839505772,349.554111391497,341.5157622212248,AMZN,stock,True
2025-05-19,2025-05-19 00:00:00,343.9632729069773,4765931.0,347.5580463515416,347.6764110634728,343.1037477732692,AMZN,stock,True
2025-05-20,2025-05-20 00:00:00,347.58509090319836,4364808.0,346.0894684868266,347.83766058637684,344.74801102061855,AMZN,stock,True
2025-05-21,2025-05-21 00:00:00,346.0807270246966,3631042.0,344.8109244113627,347.5843273711471,342.39374021292554,AMZN,stock,True
2025-05-22,2025-05-22 00:00:00,344.8772862525848,3706559.0,349.43347325144026,350.266836679981,344.483821739671,AMZN,stock,True
2025-05-23,2025-05-23 00:00:00,349.4296700616055,612846.0,353.82177731834145,356.58330565710077,348.7942773772685,AMZN,stock,True
2025-05-26,2025-05-26 00:00:00,353.77303478634394,2805855.0,348.7651095772662,354.3201964773132,348.3668696946702,AMZN,stock,True
2025-05-27,2025-05-27 00:00:00,348.62962188014785,2275481.0,352.19951889874466,352.5064645504308,347.58164418695696,AMZN,stock,True
2025-05-28,2025-05-28 00:00:00,352.18811084580733,2904474.0,356.41982816136556,359.79788963399204,349.93266204568766,AMZN,stock,True
2025-05-29,2025-05-29 00:00:00,356.29398328662086,3396581.0,359.3151336251262,359.3581156296707,355.43396052939124,AMZN,stock,True
2025-05-30,2025-05-30 00:00:00,359.23973305794664,4949759.0,363.2608389516766,366.1767875683297,357.69460883951916,AMZN,stock,True
2025-06-02,2025-06-02 00:00:00,363.2718742718529,865648.0,365.4130655055569,367.0237886613487,359.7902374434561,AMZN,stock,True
2025-06-03,2025-06-03 00:00:00,365.5175255831077,1392510.0,370.5011120851553,372.90923525932897,362.34781385794406,AMZN,stock,True
2025-06-04,2025-06-04 00:00:00,370.4400481909175,566722.0,368.0700065838496,370.7730632834751,364.5882230275393,AMZN,stock,True
2025-06-05,2025-06-05 00:00:00,368.0864855272071,3804172.0,365.44997162466626,371.129234498414,362.99763843690994,AMZN,stock,True
2025-06-06,2025-06-06 00:00:00,365.60555733426577,2130134.0,360.5561133763977,368.2967921231668,359.9589146263061,AMZN,stock,True
2025-06-09,2025-06-09 00:00:00,360.3611661976831,1722171.0,360.0027747264968,360.7234116013992,358.6994737951508,AMZN,stock,True
2025-06-10,2025-06-10 00:00:00,359.8609836752913,1405224.0,362.2760080205915,365.790622550192,356.52417054445607,AMZN,stock,True
2025-06-11,2025-06-11 00:00:00,362.12064378049405,1540696.0,367.2637323160155,367.7558727882017,358.53815937026934,AMZN,stock,True
2025-06-12,2025-06-12 00:00:00,367.33469562524016,2645499.0,364.5405035859212,369.40867811994235,362.2536420254487,AMZN,stock,True
2025-06-13,2025-06-13 00:00:00,364.5706725248425,3408888.0,367.76962139574914,369.74652876299115,361.0246422165166,AMZN,stock,True
2025-06-16,2025-06-16 00:00:00,367.8539949482565,1458587.0,366.2852684384106,368.73232536817824,364.0554931086354,AMZN,stock,True
2025-06-17,2025-06-17 00:00:00,366.36315866144963,3875831.0,370.2389962466763,372.49056214606594,363.79806399359296,AMZN,stock,True
2025-06-18,2025-06-18 00:00:00,370.0642117653775,4746689.0,366.18705836485987,371.5775564498764,363.7736652978442,AMZN,stock,True
2025-06-19,2025-06-19 00:00:00,366.3168002670272,4778194.0,362.7448096405965,369.5842814196727,362.617602383523,AMZN,stock,True
2025-06-20,2025-06-20 00:00:00,362.57294715941146,1041516.0,366.3012579930498,368.0275692021623,359.71698975329565,AMZN,stock,True
2025-06-23,2025-06-23 00:00:00,366.23940130796086,3477638.0,366.216993425986,368.82905072303566,362.5984550814935,AMZN,stock,True
2025-06-24,2025-06-24 00:00:00,366.29477060789765,4884187.0,365.32383860223007,367.85061126808534,363.5421526961487,AMZN,stock,True
2025-06-25,2025-06-25 00:00:00,365.18777417957267,799796.0,366.53194011879896,369.7686882341137,364.964804296881,AMZN,stock,True
2025-06-26,2025-06-26 00:00:00,366.51211650876076,3452243.0,364.3081852760271,367.22318062235047,362.80790053658603,AMZN,stock,True
2025-06-27,2025-06-27 00:00:00,364.3948127852252,2418916.0,360.74048696938473,364.9147444548214,359.5617990869314,AMZN,stock,True
2025-06-30,2025-06-30 00:00:00,360.83794246452084,3166481.0,360.0342751326877,362.8703984812054,358.52386861791115,AMZN,stock,True
2025-07-01,2025-07-01 00:00:00,359.94761037155087,1150426.0,361.61450422601877,363.09537547835873,357.66845177131574,AMZN,stock,True
2025-07-02,2025-07-02 00:00:00,361.43467420763415,2569942.0,362.3583328556279,363.6922307593039,360.4514472103459,AMZN,stock,True
2025-07-03,2025-07-03 00:00:00,362.19885954710054,4277620.0,365.6021204166204,366.8152120190172,361.1592381167425,AMZN,stock,True
2025-07-04,2025-07-04 00:00:00,365.74526843915623,4539858.0,368.8716654765971,370.79202140707787,364.32768045828857,AMZN,stock,True
2025-07-07,2025-07-07 00:00:00,368.68873404199365,4297376.0,364.8980439385909,370.4393301957679,363.679793819523,AMZN,stock,True
2025-07-08,2025-07-08 00:00:00,364.7038215004531,3430826.0,362.23404046802534,368.2052058624894,361.47587861353907,AMZN,stock,True
2025-07-09,2025-07-09 00:00:00,362.2878208664585,3831065.0,365.89353470773204,367.9229036492754,361.84533290050865,AMZN,stock,True
2025-07-10,2025-07-10 00:00:00,365.84427841943887,2790233.0,363.1759079737582,367.4703079477628,359.9380333542388,AMZN,stock,True
2025-07-11,2025-07-11 00:00:00,363.11062453623964,2255018.0,364.96637702934714,365.98070031827194,361.63343758693395,AMZN,stock,True
2025-07-14,2025-07-14 00:00:00,365.03115759467244,2816888.0,364.8363223976085,367.8157142880414,362.33541277998575,AMZN,stock,True
2025-07-15,2025-07-15 00:00:00,364.81355828076295,1529116.0,360.0,366.00742356866857,357.95046202244527,AMZN,stock,True
2024-11-06,2024-11-06 00:00:00,348.5743381103204,2565140.0,344.4574463338018,350.1658416473974,341.61809967104483,TSLA,stock,True
2024-11-07,2024-11-07 00:00:00,344.4045761618561,1745458.0,347.9745454496763,348.3038503664733,341.97491360072746,TSLA,stock,True
2024-11-08,2024-11-08 00:00:00,348.10658281928386,3830835.0,352.3292037535572,355.8084478016521,347.5619243853393,TSLA,stock,True
2024-11-11,2024-11-11 00:00:00,352.34257650265056,4430292.0,349.74767250745896,354.66327533531336,349.66403832436066,TSLA,stock,True
2024-11-12,2024-11-12 00:00:00,349.77816571536397,3616695.0,350.1218495227369,352.5115895009356,346.3094104900605,TSLA,stock,True
2024-11-13,2024-11-13 00:00:00,349.97108956583014,1285228.0,354.0585883323615,355.5449035093273,348.7360640318558,TSLA,stock,True
2024-11-14,2024-11-14 00:00:00,354.0722199889403,1474652.0,351.2321102660946,355.7153120864607,350.41124531952335,TSLA,stock,True
2024-11-15,2024-11-15 00:00:00,351.31818554148674,2921598.0,353.7221685084474,353.75762897970566,350.13219226711806,TSLA,stock,True
2024-11-18,2024-11-18 00:00:00,353.8562862210824,2173091.0,351.3531984173472,356.15604621635526,349.65474693699235,TSLA,stock,True
2024-11-19,2024-11-19 00:00:00,351.34025905481616,548431.0,350.74800488129017,354.58558972060786,349.84685517537014,TSLA,stock,True
2024-11-20,2024-11-20 00:00:00,350.58394475023806,4187042.0,346.28889256147784,353.78123097652394,345.7130220558782,TSLA,stock,True
2024-11-21,2024-11-21 00:00:00,346.4023830603377,1201169.0,347.53984737502566,349.9202499961597,344.6676777036293,TSLA,stock,True
2024-11-22,2024-11-22 00:00:00,347.43353158388925,1462541.0,347.7041368196543,348.9909811090654,346.44884720735956,TSLA,stock,True
2024-11-25,2024-11-25 00:00:00,347.8110575609979,4463123.0,351.5224041242343,354.38124011931956,347.4846130118676,TSLA,stock,True
2024-11-26,2024-11-26 00:00:00,351.5615019049341,2168126.0,353.080783081123,353.3186593993703,349.3649727334105,TSLA,stock,True
2024-11-27,2024-11-27 00:00:00,353.03578440728376,540882.0,356.6555912602746,359.57106369695913,351.1444217087662,TSLA,stock,True
2024-11-28,2024-11-28 00:00:00,356.6430812672332,2171630.0,361.8642722300164,365.1267638221545,355.44704514365554,TSLA,stock,True
2024-11-29,2024-11-29 00:00:00,361.86932767984933,4758855.0,360.68343858759357,361.9521607085595,357.9807121157023,TSLA,stock,True
2024-12-02,2024-12-02 00:00:00,360.5395652148251,4229688.0,359.9927594047893,360.7887835741492,359.0203695390362,TSLA,stock,True
2024-12-03,2024-12-03 00:00:00,359.86892569478067,3523695.0,364.79236177707196,367.2617284068718,358.3017014954423,TSLA,stock,True
2024-12-04,2024-12-04 00:00:00,364.6658108507277,764259.0,366.08172798403876,366.4143608924786,363.02469741201827,TSLA,stock,True
2024-12-05,2024-12-05 00:00:00,365.98766567483284,1862670.0,363.6190120164455,367.508121809544,360.2395917017213,TSLA,stock,True
2024-12-06,2024-12-06 00:00:00,363.4193823766875,2329108.0,363.3873055998596,366.0788897941665,362.17960563185767,TSLA,stock,True
2024-12-09,2024-12-09 00:00:00,363.22148718492525,3681443.0,362.5832840465193,365.67774407174,360.99585840469564,TSLA,stock,True
2024-12-10,2024-12-10 00:00:00,362.53389962008436,803209.0,359.0748064597013,363.6930618437186,356.1750791325524,TSLA,stock,True
2024-12-11,2024-12-11 00:00:00,358.9881115893626,3170767.0,358.53079356353186,359.96112391618584,355.27127032504865,TSLA,stock,True
2024-12-12,2024-12-12 00:00:00,358.52780497337056,1296400.0,357.33105069232244,360.6138893339925,355.03675196736765,TSLA,stock,True
2024-12-13,2024-12-13 00:00:00,357.1678718264445,3847429.0,353.4192523657199,359.8586941046149,352.7337621007393,TSLA,stock,True
2024-12-16,2024-12-16 00:00:00,353.49656998704944,4232270.0,352.6499525024807,356.8737810361264,349.3034273497944,TSLA,stock,True
2024-12-17,2024-12-17 00:00:00,352.4826524606918,4594606.0,351.5445326177738,353.23176461923674,350.69885539324076,TSLA,stock,True
2024-12-18,2024-12-18 00:00:00,351.68346807324747,3446103.0,354.314209241148,354.3285124822707,350.5737262388213,TSLA,stock,True
2024-12-19,2024-12-19 00:00:00,354.24154099867724,2696018.0,358.71232736519016,360.81359273755976,351.00742859136307,TSLA,stock,True
2024-12-20,2024-12-20 00:00:00,358.74347569030084,2200632.0,359.9711907397265,360.3037363832549,358.3851483064468,TSLA,stock,True
2024-12-23,2024-12-23 00:00:00,360.07006436853675,675077.0,356.3204944123626,363.18475108388157,355.27373882163664,TSLA,stock,True
2024-12-24,2024-12-24 00:00:00,356.27826115186787,4028891.0,357.4067831508705,358.5944650073395,353.6410236174576,TSLA,stock,True
2024-12-25,2024-12-25 00:00:00,357.4465248686328,2776128.0,361.82901252971465,361.91828766238103,355.27829205565115,TSLA,stock,True
2024-12-26,2024-12-26 00:00:00,361.6737261163692,1472662.0,363.4104296708882,366.36131617190955,359.7123765508046,TSLA,stock,True
2024-12-27,2024-12-27 00:00:00,363.5093462530652,728011.0,366.76175669461566,366.7822329385272,360.732324616056,TSLA,stock,True
2024-12-30,2024-12-30 00:00:00,366.68585924590894,3666711.0,371.0208548540694,373.57694683539586,365.39208457637284,TSLA,stock,True
2024-12-31,2024-12-31 00:00:00,370.87219205877057,4949499.0,366.48577873052693,372.8547186354411,365.39403755395574,TSLA,stock,True
2025-01-01,2025-01-01 00:00:00,366.5012763249541,2966195.0,368.3344463045802,371.1378401689085,364.60598894002015,TSLA,stock,True
2025-01-02,2025-01-02 00:00:00,368.23339816490693,1455527.0,363.2979205493001,371.52838939118567,361.38151773248245,TSLA,stock,True
2025-01-03,2025-01-03 00:00:00,363.35615540965574,3450532.0,363.6947207246862,364.978449862816,363.11391160127425,TSLA,stock,True
2025-01-06,2025-01-06 00:00:00,363.6850721746603,2731772.0,366.6503692162402,368.0255146271209,362.89021080791883,TSLA,stock,True
2025-01-07,2025-01-07 00:00:00,366.6908659618313,2283438.0,367.8230404421553,368.6925540217529,364.57561242480483,TSLA,stock,True
2025-01-08,2025-01-08 00:00:00,367.70897493878954,1036824.0,366.17015135549616,369.2933873525277,362.8306880106667,TSLA,stock,True
2025-01-09,2025-01-09 00:00:00,366.09328825025085,2265341.0,364.98696511066146,367.2547974460597,364.75960161909876,TSLA,stock,True
2025-01-10,2025-01-10 00:00:00,364.79242942034256,4010015.0,365.20538872839677,368.05713033968937,362.725491009641,TSLA,stock,True
2025-01-13,2025-01-13 00:00:00,365.1377344091534,3537906.0,366.5180049009141,367.9557266456171,363.5022688122705,TSLA,stock,True
2025-01-14,2025-01-14 00:00:00,366.56648466782855,842388.0,364.58787229913514,368.80147552173156,362.1345029715986,TSLA,stock,True
2025-01-15,2025-01-15 00:00:00,364.4603012507656,2189603.0,361.20323123850534,365.4270087375735,358.3757335207472,TSLA,stock,True
2025-01-16,2025-01-16 00:00:00,361.3043596168237,2596715.0,366.6754612683669,368.48240553395533,357.7965830445295,TSLA,stock,True
2025-01-17,2025-01-17 00:00:00,366.69039221405245,1612276.0,370.70226172967045,370.7606800323088,363.9295704828891,TSLA,stock,True
2025-01-20,2025-01-20 00:00:00,370.716952385998,4026055.0,371.2252012928856,374.66683161267883,370.1686701571965,TSLA,stock,True
2025-01-21,2025-01-21 00:00:00,371.20224502054987,2725843.0,374.866334702118,375.63404199316807,370.2281114773024,TSLA,stock,True
2025-01-22,2025-01-22 00:00:00,374.67929074194365,924294.0,375.5242592914313,379.1380769739881,371.6794318642085,TSLA,stock,True
2025-01-23,2025-01-23 00:00:00,375.56864866371046,726794.0,379.73906094941805,381.46542477232805,371.8603887975603,TSLA,stock,True
2025-01-24,2025-01-24 00:00:00,379.56639644056105,746316.0,383.88854891503547,385.51527634158504,378.7693913320891,TSLA,stock,True
2025-01-27,2025-01-27 00:00:00,383.7954367113786,2882466.0,384.5267480203172,385.05455670059234,381.92406916652305,TSLA,stock,True
2025-01-28,2025-01-28 00:00:00,384.38236922129664,637118.0,379.8479086954503,387.6429667252653,377.0299042312164,TSLA,stock,True
2025-01-29,2025-01-29 00:00:00,379.9394614525542,3493175.0,380.2918244473332,381.23846501624274,379.426975146162,TSLA,stock,True
2025-01-30,2025-01-30 00:00:00,380.2966519174908,2876018.0,384.8099914784866,388.4461538053542,379.44378667482454,TSLA,stock,True
2025-01-31,2025-01-31 00:00:00,384.9387339454173,3446718.0,385.8432574886102,387.9193660245171,383.25351634843315,TSLA,stock,True
2025-02-03,2025-02-03 00:00:00,385.7349871243205,4061938.0,385.0364294304527,386.64891039583233,382.6491860549396,TSLA,stock,True
2025-02-04,2025-02-04 00:00:00,385.09275078920257,4064508.0,379.587406227481,387.907427295627,378.53576082930755,TSLA,stock,True
2025-02-05,2025-02-05 00:00:00,379.3884828688203,2014526.0,378.10745507097397,380.091373733153,374.628265218464,TSLA,stock,True
2025-02-06,2025-02-06 00:00:00,377.9716948562193,1136567.0,375.6682462421666,378.60633823027746,375.23131819487685,TSLA,stock,True
2025-02-07,2025-02-07 00:00:00,375.57192124720814,1200887.0,375.59365190880266,376.2371735776231,373.2416668593821,TSLA,stock,True
2025-02-10,2025-02-10 00:00:00,375.5929549268299,4667403.0,372.5597135323654,377.06448702764095,371.8468989285138,TSLA,stock,True
2025-02-11,2025-02-11 00:00:00,372.4914630101653,1062941.0,374.3537062219531,376.9809934969292,372.3162809311164,TSLA,stock,True
2025-02-12,2025-02-12 00:00:00,374.3053213944729,4454717.0,379.02246719043404,381.9413008657066,372.20180778770055,TSLA,stock,True
2025-02-13,2025-02-13 00:00:00,379.1645300151545,1390449.0,377.76100992096275,381.88816428940527,375.4995053177107,TSLA,stock,True
2025-02-14,2025-02-14 00:00:00,377.8024127700052,3182364.0,372.555414210749,379.10083942911206,372.28464453552147,TSLA,stock,True
2025-02-17,2025-02-17 00:00:00,372.3542972150643,3151481.0,377.4161152188684,381.12821567445235,369.97837411209406,TSLA,stock,True
2025-02-18,2025-02-18 00:00:00,377.48171574464124,3612459.0,380.2793351210821,381.2024430819164,376.27894133176386,TSLA,stock,True
2025-02-19,2025-02-19 00:00:00,380.35746874494794,1556683.0,384.53018150990897,384.78674809923825,378.5686490088325,TSLA,stock,True
2025-02-20,2025-02-20 00:00:00,384.6977644481346,4925814.0,389.9356840518708,391.4855929679785,384.40952322288626,TSLA,stock,True
2025-02-21,2025-02-21 00:00:00,390.06663910849204,1468879.0,386.3024834415488,391.6650743389281,383.81907176217385,TSLA,stock,True
2025-02-24,2025-02-24 00:00:00,386.2850102981835,4725471.0,388.2265718749899,391.4946894291843,382.7791862920225,TSLA,stock,True
2025-02-25,2025-02-25 00:00:00,388.20281676066986,1089944.0,383.1316618578109,391.5010362134212,382.07639500295664,TSLA,stock,True
2025-02-26,2025-02-26 00:00:00,382.9449087683549,1262686.0,388.4862879694046,389.43712526925714,382.4080681586814,TSLA,stock,True
2025-02-27,2025-02-27 00:00:00,388.4077648831706,4119154.0,388.5241417133184,390.90993476024613,387.62445316539646,TSLA,stock,True
2025-02-28,2025-02-28 00:00:00,388.4034927045353,4344299.0,391.0086813627394,394.82067477153316,387.61716022408575,TSLA,stock,True
2025-03-03,2025-03-03 00:00:00,391.015743051926,1426911.0,394.52323987277225,396.5759476786491,388.32643161962176,TSLA,stock,True
2025-03-04,2025-03-04 00:00:00,394.5893552595736,832950.0,388.80655825526793,396.6405835825844,386.64126059023585,TSLA,stock,True
2025-03-05,2025-03-05 00:00:00,388.71591189422685,4637501.0,394.3193258699583,397.02058837875546,386.8150714851709,TSLA,stock,True
2025-03-06,2025-03-06 00:00:00,394.49093694651464,2428017.0,400.3977758203323,402.4932923792269,394.26295858905576,TSLA,stock,True
2025-03-07,2025-03-07 00:00:00,400.4018405159003,753855.0,399.1105575916237,401.9985397589358,397.2047506146861,TSLA,stock,True
2025-03-10,2025-03-10 00:00:00,399.00857563962444,2270544.0,400.2017573424522,401.8357125829829,398.7188073977163,TSLA,stock,True
2025-03-11,2025-03-11 00:00:00,400.1416769674032,2769595.0,396.4388044808365,400.649099237197,395.45906115951203,TSLA,stock,True
2025-03-12,2025-03-12 00:00:00,396.61176183093494,3121616.0,394.16200072055517,399.3601094889859,390.6464970735142,TSLA,stock,True
2025-03-13,2025-03-13 00:00:00,393.9533362297392,1908032.0,390.53437890551504,394.828365581783,390.2828545527403,TSLA,stock,True
2025-03-14,2025-03-14 00:00:00,390.443927652325,4539287.0,392.6857724723809,395.45126169220566,387.427090283159,TSLA,stock,True
2025-03-17,2025-03-17 00:00:00,392.57087894576404,1179180.0,398.21846113880997,398.3560640696404,392.3325484178383,TSLA,stock,True
2025-03-18,2025-03-18 00:00:00,398.38095084358514,2028765.0,402.6758983793737,406.07655817214726,395.92861454605367,TSLA,stock,True
2025-03-19,2025-03-19 00:00:00,402.81749333274587,3093375.0,398.9957048573842,404.3720805967158,396.19988854708583,TSLA,stock,True
2025-03-20,2025-03-20 00:00:00,399.1651209548606,1214817.0,399.2629572049128,402.0079048747113,397.25941819861765,TSLA,stock,True
2025-03-21,2025-03-21 00:00:00,399.2600768711247,2696200.0,395.37358050638056,401.9434535563968,395.14499605376557,TSLA,stock,True
2025-03-24,2025-03-24 00:00:00,395.17611452145036,3821547.0,398.81616980295564,401.9453449316221,394.6041538754753,TSLA,stock,True
2025-03-25,2025-03-25 00:00:00,398.8312295396337,4739241.0,395.86832714103844,402.52510071343715,392.88335450245734,TSLA,stock,True
2025-03-26,2025-03-26 00:00:00,395.85062506879166,883292.0,399.91828498786157,403.7908073701171,392.6881017103087,TSLA,stock,True
2025-03-27,2025-03-27 00:00:00,399.91537950567005,2455636.0,403.8788064761068,404.7852552814248,399.2214230858806,TSLA,stock,True
2025-03-28,2025-03-28 00:00:00,403.880750434277,4623478.0,406.01964104669025,408.5982475160508,400.61767438754845,TSLA,stock,True
2025-03-31,2025-03-31 00:00:00,405.97225144525765,4195162.0,406.9047234544226,407.25324709788276,405.28385331784517,TSLA,stock,True
2025-04-01,2025-04-01 00:00:00,406.82006553297254,4402465.0,412.0800102355852,412.864085848796,405.4784725400165,TSLA,stock,True
2025-04-02,2025-04-02 00:00:00,411.86508511392725,3619686.0,415.1559531645707,416.4987149641497,411.8516054262643,TSLA,stock,True
2025-04-03,2025-04-03 00:00:00,415.27405326206065,3596652.0,414.45313646342487,418.39238862730406,411.6833420972233,TSLA,stock,True
2025-04-04,2025-04-04 00:00:00,414.3390417769822,1061098.0,413.59052439426017,416.6377478768515,412.1794809936182,TSLA,stock,True
2025-04-07,2025-04-07 00:00:00,413.7030919439977,2467055.0,410.38077345850564,417.4034012215579,409.34396378241706,TSLA,stock,True
2025-04-08,2025-04-08 00:00:00,410.42948184932004,717079.0,410.7110739430358,413.94240175371726,410.35773834632994,TSLA,stock,True
2025-04-09,2025-04-09 00:00:00,410.67226566406345,1841415.0,407.3761210575357,414.162965754185,403.5310173249077,TSLA,stock,True
2025-04-10,2025-04-10 00:00:00,407.37036306408874,2272760.0,404.41660714070485,411.4095028663239,400.85890362056114,TSLA,stock,True
2025-04-11,2025-04-11 00:00:00,404.39719933507797,2028765.0,406.31715024549703,409.2338893654005,404.2829504158605,TSLA,stock,True
2025-04-14,2025-04-14 00:00:00,406.211049892563,2990047.0,408.13702841802865,410.3189071281472,403.2079129768114,TSLA,stock,True
2025-04-15,2025-04-15 00:00:00,408.1182225721957,1872094.0,404.1112685242178,411.746882225734,402.1433834375099,TSLA,stock,True
2025-04-16,2025-04-16 00:00:00,404.2396880657249,1927033.0,404.618635692084,406.5372493614594,402.02882769073426,TSLA,stock,True
2025-04-17,2025-04-17 00:00:00,404.78264333560816,3150782.0,400.0596484415499,405.7809522898515,396.7364878551627,TSLA,stock,True
2025-04-18,2025-04-18 00:00:00,400.1680280940246,2762189.0,396.70130330440793,402.61593191704225,395.0624770141342,TSLA,stock,True
2025-04-21,2025-04-21 00:00:00,396.5896913463676,2683768.0,398.53351878906267,401.40704511098056,395.51198631876315,TSLA,stock,True
2025-04-22,2025-04-22 00:00:00,398.5901259668449,2738421.0,392.7164417846388,402.2818174845525,389.8877601637458,TSLA,stock,True
2025-04-23,2025-04-23 00:00:00,392.5496992040115,3161142.0,389.1134224426041,395.5183165048496,388.04577814045746,TSLA,stock,True
2025-04-24,2025-04-24 00:00:00,389.21750263308815,572462.0,385.2340941168423,391.1485039808586,382.4164144786574,TSLA,stock,True
2025-04-25,2025-04-25 00:00:00,385.2015064821422,3064466.0,381.5181425218977,385.6087396143076,381.29513894864067,TSLA,stock,True
2025-04-28,2025-04-28 00:00:00,381.312898094802,4748035.0,377.7516620278344,383.5744641069101,375.50898336529644,TSLA,stock,True
2025-04-29,2025-04-29 00:00:00,377.80019276192644,974245.0,379.08737058113,380.5189567759343,374.8384607752076,TSLA,stock,True
2025-04-30,2025-04-30 00:00:00,378.95115988554016,3778476.0,377.2607836834786,382.28258982688016,376.3610426146693,TSLA,stock,True
2025-05-01,2025-05-01 00:00:00,377.39414290957706,1037114.0,377.9449811183159,378.205316399997,375.49119346102117,TSLA,stock,True
2025-05-02,2025-05-02 00:00:00,377.81953944316564,3093489.0,379.20373302541606,382.1209306574986,376.38777169121664,TSLA,stock,True
2025-05-05,2025-05-05 00:00:00,379.25731337778046,2753252.0,378.19720652116223,380.3986808046782,375.7004743159659,TSLA,stock,True
2025-05-06,2025-05-06 00:00:00,378.200222022754,3420063.0,373.3500346481418,379.3805100144209,372.00255414075633,TSLA,stock,True
2025-05-07,2025-05-07 00:00:00,373.2321939080968,4345414.0,370.49579010262573,375.9565718116171,367.08041249619606,TSLA,stock,True
2025-05-08,2025-05-08 00:00:00,370.3882188571032,3078334.0,365.74199862637676,373.86639640132074,364.88954333723694,TSLA,stock,True
2025-05-09,2025-05-09 00:00:00,365.57635976383585,1330458.0,362.57364517173306,367.0318766289793,360.06386488058445,TSLA,stock,True
2025-05-12,2025-05-12 00:00:00,362.70501299858995,4601195.0,362.3267338144834,365.26966276810805,358.99071602618426,TSLA,stock,True
2025-05-13,2025-05-13 00:00:00,362.315916504608,1638012.0,357.9071303864285,364.7002121340531,357.4766232465873,TSLA,stock,True
2025-05-14,2025-05-14 00:00:00,357.77931301757496,2393689.0,359.2312719959679,361.57678758528834,355.3404763791293,TSLA,stock,True
2025-05-15,2025-05-15 00:00:00,359.0949608643019,3987232.0,356.7101962401679,362.331107930503,354.09560654876094,TSLA,stock,True
2025-05-16,2025-05-16 00:00:00,356.60415430246775,2204856.0,356.7903977915248,356.83640638085734,354.53986869763236,TSLA,stock,True
2025-05-19,2025-05-19 00:00:00,356.9069206415914,552065.0,357.48279813449204,360.07552055460866,353.8295738411805,TSLA,stock,True
2025-05-20,2025-05-20 00:00:00,357.2969822296196,1874097.0,352.67783247577063,360.59729873479466,349.8202910391031,TSLA,stock,True
2025-05-21,2025-05-21 00:00:00,352.6169254109697,3073813.0,352.98253752286314,353.25994531613276,351.2723126114505,TSLA,stock,True
2025-05-22,2025-05-22 00:00:00,352.8597142872084,3555713.0,349.3528408283166,355.26605372315447,348.63126328969764,TSLA,stock,True
2025-05-23,2025-05-23 00:00:00,349.347435423969,3494871.0,345.07800935170826,351.68907268340723,344.44326641250575,TSLA,stock,True
2025-05-26,2025-05-26 00:00:00,345.08752961474056,3706399.0,345.14560600327434,346.1764012448354,341.80684490382276,TSLA,stock,True
2025-05-27,2025-05-27 00:00:00,345.1970139360784,2985420.0,344.17131229253863,346.71008713505154,343.3644674219054,TSLA,stock,True
2025-05-28,2025-05-28 00:00:00,343.99162828131455,4732418.0,340.8293930499241,345.68339453686923,340.6964586192168,TSLA,stock,True
2025-05-29,2025-05-29 00:00:00,340.7367848777607,4968593.0,340.1056516988778,342.34458447179674,339.20570047993607,TSLA,stock,True
2025-05-30,2025-05-30 00:00:00,340.02367567572406,3519996.0,341.2812381929864,341.8301331856995,337.2311250649119,TSLA,stock,True
2025-06-02,2025-06-02 00:00:00,341.1060626436965,4473445.0,344.72729050669784,345.04239002348146,339.1257595275635,TSLA,stock,True
2025-06-03,2025-06-03 00:00:00,344.70285571746126,2534550.0,348.9910638265674,351.5055168832543,342.1026126470196,TSLA,stock,True
2025-06-04,2025-06-04 00:00:00,348.8323956608301,4108905.0,346.8120291433309,350.6273287998081,344.76993601566033,TSLA,stock,True
2025-06-05,2025-06-05 00:00:00,346.8523463840687,4809154.0,349.2611313225767,351.5587448714634,345.42800116345836,TSLA,stock,True
2025-06-06,2025-06-06 00:00:00,349.133247254749,1676594.0,351.33782643364884,352.2182546260035,348.77321080996427,TSLA,stock,True
2025-06-09,2025-06-09 00:00:00,351.2529480421831,3293132.0,354.20501729746314,355.2698282436602,348.05154798856825,TSLA,stock,True
2025-06-10,2025-06-10 00:00:00,354.1511324398321,1516366.0,356.46671499627973,358.21374024310535,351.93818728269696,TSLA,stock,True
2025-06-11,2025-06-11 00:00:00,356.39976555026,616773.0,360.88583689414014,362.0716907796595,353.14980298844426,TSLA,stock,True
2025-06-12,2025-06-12 00:00:00,361.0426444600802,1619473.0,361.16278362884225,361.7680336187252,358.2541823657257,TSLA,stock,True
2025-06-13,2025-06-13 00:00:00,361.20687937958735,950941.0,364.28081638387096,367.0438530759745,358.1523817133527,TSLA,stock,True
2025-06-16,2025-06-16 00:00:00,364.4099239508159,3509155.0,359.6841790078869,364.9219143882309,356.51797740630474,TSLA,stock,True
2025-06-17,2025-06-17 00:00:00,359.81064806478264,3133088.0,363.7520470729849,365.8021706136985,356.373179680686,TSLA,stock,True
2025-06-18,2025-06-18 00:00:00,363.85236234538326,2416131.0,366.69715815770843,367.25357508867927,363.70319904838595,TSLA,stock,True
2025-06-19,2025-06-19 00:00:00,366.77041717254775,2782895.0,371.19590134101173,372.1878309636133,363.321183496596,TSLA,stock,True
2025-06-20,2025-06-20 00:00:00,371.2220736428334,4026851.0,367.935899383053,374.38154285890704,367.8793844811734,TSLA,stock,True
2025-06-23,2025-06-23 00:00:00,367.80384087009475,4848419.0,364.0471988164634,370.4279649603161,362.08583071990057,TSLA,stock,True
2025-06-24,2025-06-24 00:00:00,363.9479810777479,3606762.0,362.3842995433269,367.56153076158466,359.0835051642528,TSLA,stock,True
2025-06-25,2025-06-25 00:00:00,362.52466494512163,2052182.0,363.28650868859904,364.8366077417537,360.1192884664533,TSLA,stock,True
2025-06-26,2025-06-26 00:00:00,363.15477588481286,2027418.0,362.72290155181634,364.22383306796615,360.56485245855134,TSLA,stock,True
2025-06-27,2025-06-27 00:00:00,362.83028052332554,2804609.0,362.97589689417197,363.026385279714,360.6623732305918,TSLA,stock,True
2025-06-30,2025-06-30 00:00:00,363.11965216609286,899565.0,358.55316581707126,366.31475685550333,356.0985023864901,TSLA,stock,True
2025-07-01,2025-07-01 00:00:00,358.37069024628386,2410246.0,360.8250836895276,362.1265519712553,356.414977953507,TSLA,stock,True
2025-07-02,2025-07-02 00:00:00,360.87449653779436,3578113.0,359.214478785939,363.6895512928171,358.1324169990092,TSLA,stock,True
2025-07-03,2025-07-03 00:00:00,359.0887802227898,4806403.0,353.88465688897764,361.8504578524225,352.93807498973626,TSLA,stock,True
2025-07-04,2025-07-04 00:00:00,354.0194397305085,4765479.0,353.6582646174382,355.857973119056,352.3756656599741,TSLA,stock,True
2025-07-07,2025-07-07 00:00:00,353.49755928922366,3541940.0,357.5488360306114,357.8851774898537,350.2226055218052,TSLA,stock,True
2025-07-08,2025-07-08 00:00:00,357.3922313826039,2635673.0,355.58161495018425,359.05788211287035,352.35416915393364,TSLA,stock,True
2025-07-09,2025-07-09 00:00:00,355.5221709408039,2628926.0,356.55145603502814,359.58774555555766,355.24622943270003,TSLA,stock,True
2025-07-10,2025-07-10 00:00:00,356.68413657105907,1962480.0,354.0415444748088,358.0907705016735,353.5728028729996,TSLA,stock,True
2025-07-11,2025-07-11 00:00:00,354.0886016075791,4214743.0,358.50417214617573,359.6902685188487,351.5967513886783,TSLA,stock,True
2025-07-14,2025-07-14 00:00:00,358.3108630264636,1230026.0,356.68543863181344,359.15278179446545,354.0726157921628,TSLA,stock,True
2025-07-15,2025-07-15 00:00:00,356.6969503629047,3301202.0,358.0,360.39707140944955,353.9750059837143,TSLA,stock,True
2024-11-06,2024-11-06 00:00:00,1091.6716550624285,28545513.0,1090.6816403125626,1099.4409079516604,1084.0804147384747,SPY,index,True
2024-11-07,2024-11-07 00:00:00,1090.7773463027108,7281769.0,1090.3280828144827,1100.3345743745901,1086.281956783691,SPY,index,True
2024-11-08,2024-11-08 00:00:00,1090.6504990637513,28444041.0,1094.6609639238634,1102.186768083212,1090.5745966987233,SPY,index,True
2024-11-11,2024-11-11 00:00:00,1094.6795648056943,16712040.0,1101.6840533739203,1109.0394498162948,1093.3914464202167,SPY,index,True
2024-11-12,2024-11-12 00:00:00,1102.0017379245896,7281975.0,1099.1673513458593,1109.341995816669,1091.627434948009,SPY,index,True
2024-11-13,2024-11-13 00:00:00,1098.7251892215425,35557234.0,1101.8332927228164,1105.418198287627,1094.5154934676664,SPY,index,True
2024-11-14,2024-11-14 00:00:00,1101.7032695884152,23497957.0,1093.9583495432748,1103.0380531428707,1091.2659359184645,SPY,index,True
2024-11-15,2024-11-15 00:00:00,1093.7837672390021,22632770.0,1092.6683119756792,1100.0577004016623,1091.317762682153,SPY,index,True
2024-11-18,2024-11-18 00:00:00,1092.3762961134275,23807337.0,1101.6472578777316,1105.5390067738938,1085.0661797680239,SPY,index,True
2024-11-19,2024-11-19 00:00:00,1101.6747613059426,45608761.0,1111.8686308510653,1115.4384513087991,1093.1526937604933,SPY,index,True
2024-11-20,2024-11-20 00:00:00,1112.1551036124154,22026874.0,1112.495522209432,1113.2532197148707,1102.9974800611708,SPY,index,True
2024-11-21,2024-11-21 00:00:00,1112.1035438601357,30627104.0,1111.7241461356489,1112.6169082164686,1111.266369165362,SPY,index,True
2024-11-22,2024-11-22 00:00:00,1111.9990165657343,29029415.0,1120.885587909582,1126.0116919384907,1110.6814116541943,SPY,index,True
2024-11-25,2024-11-25 00:00:00,1120.6301763458878,30243838.0,1121.7917236335547,1126.5067501615758,1115.0444665264522,SPY,index,True
2024-11-26,2024-11-26 00:00:00,1121.3902525769363,18922722.0,1120.8835687999233,1124.1463015829154,1113.765647711833,SPY,index,True
2024-11-27,2024-11-27 00:00:00,1121.031586583996,36614428.0,1128.5934447052314,1132.3344148417773,1113.715102458045,SPY,index,True
2024-11-28,2024-11-28 00:00:00,1128.3709137885355,21326106.0,1129.1169039008778,1134.458886598214,1124.4463761250806,SPY,index,True
2024-11-29,2024-11-29 00:00:00,1129.2401415045078,22481962.0,1124.7297800155088,1130.1767693715992,1118.6314761218352,SPY,index,True
2024-12-02,2024-12-02 00:00:00,1124.3399140275212,7309979.0,1127.4191541186326,1132.6714239468465,1115.7630720477423,SPY,index,True
2024-12-03,2024-12-03 00:00:00,1127.264687188447,35783052.0,1133.4437771713106,1144.1239334176182,1120.258264705041,SPY,index,True
2024-12-04,2024-12-04 00:00:00,1133.0925854066234,23890938.0,1130.9582128360419,1135.4657718136164,1123.003586569749,SPY,index,True
2024-12-05,2024-12-05 00:00:00,1131.0624620690066,22230704.0,1124.6351995449038,1133.6809776392327,1119.1834149918534,SPY,index,True
2024-12-06,2024-12-06 00:00:00,1124.165096780057,49510214.0,1121.6956681302315,1126.9902784231,1111.982557472757,SPY,index,True
2024-12-09,2024-12-09 00:00:00,1121.3092460178189,32229805.0,1118.5948525610186,1122.7805127426502,1115.2365100924505,SPY,index,True
2024-12-10,2024-12-10 00:00:00,1118.9076537676026,32587232.0,1123.720313991053,1126.4417693668331,1111.8424294348558,SPY,index,True
2024-12-11,2024-12-11 00:00:00,1123.6078637814585,34778026.0,1113.502355786534,1126.5304009626466,1104.7128466430493,SPY,index,True
2024-12-12,2024-12-12 00:00:00,1113.1870467829108,41502240.0,1117.4137363495827,1124.9376532648882,1107.9061143443375,SPY,index,True
2024-12-13,2024-12-13 00:00:00,1117.560704380729,46792123.0,1107.3234813750541,1124.6048507521712,1105.374538274663,SPY,index,True
2024-12-16,2024-12-16 00:00:00,1107.602174597611,10508042.0,1100.8281251610645,1117.0341039400496,1090.642693515218,SPY,index,True
2024-12-17,2024-12-17 00:00:00,1100.849568177058,32557291.0,1095.5875390848828,1106.874266483761,1094.4581133260472,SPY,index,True
2024-12-18,2024-12-18 00:00:00,1095.2033550596839,39411721.0,1087.549956170935,1095.5743577088238,1084.0315155989854,SPY,index,True
2024-12-19,2024-12-19 00:00:00,1087.4982407817677,32688587.0,1081.5824587352079,1089.7756022898143,1079.908972990653,SPY,index,True
2024-12-20,2024-12-20 00:00:00,1081.5399457714182,26217629.0,1076.8246762600945,1084.6772950566626,1066.6777254722413,SPY,index,True
2024-12-23,2024-12-23 00:00:00,1076.6286203033826,27640524.0,1075.426934003516,1082.7213840096438,1064.758379501332,SPY,index,True
2024-12-24,2024-12-24 00:00:00,1075.221928831071,31561036.0,1077.844289439407,1082.5042856986581,1067.7843515629188,SPY,index,True
2024-12-25,2024-12-25 00:00:00,1077.5007187340614,31089443.0,1085.3044730032523,1091.7996821123074,1075.7856842471222,SPY,index,True
2024-12-26,2024-12-26 00:00:00,1085.6582582603826,11225655.0,1088.4152075552372,1089.8050813931754,1084.0346751276807,SPY,index,True
2024-12-27,2024-12-27 00:00:00,1088.605476823133,29039662.0,1091.9658715938049,1097.6604038536614,1078.4095397461538,SPY,index,True
2024-12-30,2024-12-30 00:00:00,1092.3210112433649,8733866.0,1090.6098019294184,1095.667437785954,1088.682966096819,SPY,index,True
2024-12-31,2024-12-31 00:00:00,1090.737492507865,33214230.0,1085.7823196494114,1096.4933396596984,1077.8374578974594,SPY,index,True
2025-01-01,2025-01-01 00:00:00,1085.5147424938057,39530524.0,1090.4036733445757,1096.8933232009622,1082.2213349000908,SPY,index,True
2025-01-02,2025-01-02 00:00:00,1090.755706931706,11002273.0,1097.5749800794522,1099.832574721982,1088.651055861643,SPY,index,True
2025-01-03,2025-01-03 00:00:00,1097.6300841358648,49797794.0,1098.754819293335,1107.053147752528,1095.6430522086641,SPY,index,True
2025-01-06,2025-01-06 00:00:00,1098.3009769477765,38541795.0,1095.8357527998214,1098.695936119585,1088.2569691896647,SPY,index,True
2025-01-07,2025-01-07 00:00:00,1095.4792273722826,28703551.0,1091.3633927495262,1101.3477271587653,1081.1559470801976,SPY,index,True
2025-01-08,2025-01-08 00:00:00,1091.4570359733011,32590044.0,1094.3653018911916,1097.1952896799735,1086.5442217866923,SPY,index,True
2025-01-09,2025-01-09 00:00:00,1094.082945457858,24383649.0,1093.3521822421976,1098.0831561198193,1092.671918746508,SPY,index,True
2025-01-10,2025-01-10 00:00:00,1092.8871711817533,9658692.0,1094.537082654617,1099.9336400935692,1083.3459961352262,SPY,index,True
2025-01-13,2025-01-13 00:00:00,1094.50835740159,7729545.0,1093.6002725893038,1102.4358275214677,1092.2556767607311,SPY,index,True
2025-01-14,2025-01-14 00:00:00,1093.1901353248263,21822706.0,1100.583459067736,1106.982684825613,1091.9785071847687,SPY,index,True
2025-01-15,2025-01-15 00:00:00,1100.2720989899688,30690167.0,1102.0687378610664,1109.0770405984813,1093.7104405133261,SPY,index,True
2025-01-16,2025-01-16 00:00:00,1101.9794331071475,39716095.0,1101.9526275343003,1112.3117155401617,1095.268636093267,SPY,index,True
2025-01-17,2025-01-17 00:00:00,1101.6787547514846,31354231.0,1106.5065377976605,1113.938508689858,1099.6715622740987,SPY,index,True
2025-01-20,2025-01-20 00:00:00,1106.7831041131537,48426879.0,1105.5985710217674,1110.2373923179164,1097.1517248979364,SPY,index,True
2025-01-21,2025-01-21 00:00:00,1105.2659852489962,40920270.0,1111.7819932447853,1119.4929937354616,1098.3837068675336,SPY,index,True
2025-01-22,2025-01-22 00:00:00,1112.067152525619,42282328.0,1108.977575232431,1119.409930054519,1100.4268521115628,SPY,index,True
2025-01-23,2025-01-23 00:00:00,1108.6646333186723,39979829.0,1105.7912725488118,1114.1855059799461,1103.0870733006523,SPY,index,True
2025-01-24,2025-01-24 00:00:00,1106.0293304257307,37486650.0,1103.4448161030673,1114.3858106122218,1101.6814961890325,SPY,index,True
2025-01-27,2025-01-27 00:00:00,1103.0121219964542,31012701.0,1095.1882278032192,1113.1216127832106,1091.744999146221,SPY,index,True
2025-01-28,2025-01-28 00:00:00,1094.8939426180855,11999811.0,1100.3661657709258,1108.6453325759405,1087.2761200518016,SPY,index,True
2025-01-29,2025-01-29 00:00:00,1100.2349625305933,23500407.0,1105.0276269712829,1109.4619272207888,1090.6816309992014,SPY,index,True
2025-01-30,2025-01-30 00:00:00,1105.3080266041209,15755057.0,1115.4905652544342,1122.8851794938862,1103.6191274297307,SPY,index,True
2025-01-31,2025-01-31 00:00:00,1115.0426779587956,25212860.0,1105.667528487069,1125.5905073044255,1101.14254861032,SPY,index,True
2025-02-03,2025-02-03 00:00:00,1105.6268693939219,31841051.0,1107.0578319885662,1117.1009491341015,1099.5426607118147,SPY,index,True
2025-02-04,2025-02-04 00:00:00,1107.2816095259504,25729209.0,1104.9647800864504,1109.4206716004428,1095.6221914708833,SPY,index,True
2025-02-05,2025-02-05 00:00:00,1104.6349248024785,16372145.0,1103.748330102108,1110.0277604862463,1094.034383326569,SPY,index,True
2025-02-06,2025-02-06 00:00:00,1103.570973823153,11256669.0,1104.2213810235417,1112.4850862580624,1101.5599753008137,SPY,index,True
2025-02-07,2025-02-07 00:00:00,1104.5973140094713,43052417.0,1105.3176356925678,1105.5844094663462,1097.014219626706,SPY,index,True
2025-02-10,2025-02-10 00:00:00,1105.1765007275742,12430364.0,1104.2518373290875,1116.007776734544,1101.9606415026517,SPY,index,True
2025-02-11,2025-02-11 00:00:00,1104.6430399130545,32409753.0,1101.734074987407,1112.4389388845882,1095.1460884625797,SPY,index,True
2025-02-12,2025-02-12 00:00:00,1101.9734556735903,10726600.0,1091.2105581238818,1109.9131375277536,1083.5304930795728,SPY,index,True
2025-02-13,2025-02-13 00:00:00,1091.5691805133397,45671019.0,1097.0026117230284,1101.3184609445327,1081.2965890051105,SPY,index,True
2025-02-14,2025-02-14 00:00:00,1097.0237476443613,33586344.0,1100.3544128051597,1101.302767548652,1093.5524952244375,SPY,index,True
2025-02-17,2025-02-17 00:00:00,1100.1556631012493,37672680.0,1092.797040920977,1109.066589456194,1084.4297083648457,SPY,index,True
2025-02-18,2025-02-18 00:00:00,1092.7630909450352,21548008.0,1094.4267496505342,1095.2884326222033,1088.994961502845,SPY,index,True
2025-02-19,2025-02-19 00:00:00,1094.4984950373068,36732820.0,1095.24709434671,1096.414768547084,1091.9093641960508,SPY,index,True
2025-02-20,2025-02-20 00:00:00,1095.3340820384167,48723796.0,1103.9209711321791,1111.6520863762817,1092.8220458922142,SPY,index,True
2025-02-21,2025-02-21 00:00:00,1103.6216304552358,24230338.0,1100.672236430139,1110.111335988834,1094.0337091050897,SPY,index,True
2025-02-24,2025-02-24 00:00:00,1100.5476430773683,11745092.0,1103.4892479470539,1108.7136747291172,1093.319482579904,SPY,index,True
2025-02-25,2025-02-25 00:00:00,1103.8598622124334,7079583.0,1104.742164071484,1107.6520706237593,1097.0689417787926,SPY,index,True
2025-02-26,2025-02-26 00:00:00,1105.1055229395495,8381041.0,1098.3354213387745,1105.5882893186158,1087.83057595401,SPY,index,True
2025-02-27,2025-02-27 00:00:00,1098.3640065782256,16993270.0,1100.4380719080038,1110.148308805679,1094.2061028934263,SPY,index,True
2025-02-28,2025-02-28 00:00:00,1100.3726514954285,39138295.0,1095.224234652722,1105.4447977966495,1091.92143754786,SPY,index,True
2025-03-03,2025-03-03 00:00:00,1095.2718714823664,46539570.0,1104.3517895800976,1110.5551869749002,1089.7172206863097,SPY,index,True
2025-03-04,2025-03-04 00:00:00,1104.4151337022952,31351891.0,1101.3967339563699,1107.0369802265307,1093.9685340321141,SPY,index,True
2025-03-05,2025-03-05 00:00:00,1101.6746269198472,19115794.0,1091.1392141190565,1107.3030041683505,1081.4305259551159,SPY,index,True
2025-03-06,2025-03-06 00:00:00,1090.9280571647103,14118945.0,1084.704390071601,1098.8736537500158,1083.2323886349727,SPY,index,True
2025-03-07,2025-03-07 00:00:00,1084.3994057726109,41437337.0,1092.8602597067654,1094.5588828914817,1077.3677790124445,SPY,index,True
2025-03-10,2025-03-10 00:00:00,1092.840940314166,41255951.0,1103.3300891189417,1106.0013565605232,1087.5896528080414,SPY,index,True
2025-03-11,2025-03-11 00:00:00,1103.3602213211602,17084968.0,1094.3653131163803,1110.5697366964623,1091.442372223136,SPY,index,True
2025-03-12,2025-03-12 00:00:00,1094.6834326095568,27658321.0,1100.0729398707379,1104.4607897506025,1085.903616239505,SPY,index,True
2025-03-13,2025-03-13 00:00:00,1099.7945793468202,15411594.0,1096.3860230239275,1109.9947800056414,1090.626097937494,SPY,index,True
2025-03-14,2025-03-14 00:00:00,1096.5146196157625,21240069.0,1100.6997769592951,1105.927337260556,1094.9444138778117,SPY,index,True
2025-03-17,2025-03-17 00:00:00,1101.0490183715312,7055181.0,1098.7317197176549,1110.4771056092943,1088.073842122542,SPY,index,True
2025-03-18,2025-03-18 00:00:00,1098.892601055985,37682307.0,1100.8046328787336,1109.718954173339,1093.3423060436307,SPY,index,True
2025-03-19,2025-03-19 00:00:00,1101.138414176736,5989610.0,1097.860970971508,1102.0702717579877,1090.4410705609741,SPY,index,True
2025-03-20,2025-03-20 00:00:00,1097.5323959999175,14803629.0,1100.8804700599082,1104.5503418737833,1088.2027505479648,SPY,index,True
2025-03-21,2025-03-21 00:00:00,1100.706180327984,30580119.0,1106.5953455888364,1108.9695321493678,1093.1614485621178,SPY,index,True
2025-03-24,2025-03-24 00:00:00,1106.4028932019833,40559539.0,1099.591333366435,1107.0294732038178,1096.377798597061,SPY,index,True
2025-03-25,2025-03-25 00:00:00,1099.51291331611,32481580.0,1108.2641008241558,1118.4829504333095,1091.9732005081173,SPY,index,True
2025-03-26,2025-03-26 00:00:00,1108.0815172732132,41363990.0,1104.41845251608,1115.8684660965134,1100.7565284621683,SPY,index,True
2025-03-27,2025-03-27 00:00:00,1104.4021614019234,41831396.0,1101.2969788992316,1108.1793928185525,1091.3566784013237,SPY,index,True
2025-03-28,2025-03-28 00:00:00,1101.563344099358,27534547.0,1104.0242633227658,1108.979036516926,1094.0902931253866,SPY,index,True
2025-03-31,2025-03-31 00:00:00,1104.2423620846605,21095215.0,1110.6723078098921,1111.4948534457383,1103.170115399343,SPY,index,True
2025-04-01,2025-04-01 00:00:00,1111.0371791218888,48356867.0,1122.1601958298322,1128.1262164542488,1101.3045197706551,SPY,index,True
2025-04-02,2025-04-02 00:00:00,1122.1991722194384,24992418.0,1121.9725876560578,1128.9273202913353,1116.5119382748082,SPY,index,True
2025-04-03,2025-04-03 00:00:00,1121.7241985228104,28812606.0,1118.6763536212572,1122.9536841933068,1111.1333569109547,SPY,index,True
2025-04-04,2025-04-04 00:00:00,1118.5717845274824,14070240.0,1116.262771276104,1121.7423055783802,1109.5241505564459,SPY,index,True
2025-04-07,2025-04-07 00:00:00,1116.1020646001432,17332502.0,1114.5807339466774,1116.5470095061169,1114.3005334926634,SPY,index,True
2025-04-08,2025-04-08 00:00:00,1114.229993467231,23720321.0,1122.5065019298984,1122.9202245637798,1105.0828050141056,SPY,index,True
2025-04-09,2025-04-09 00:00:00,1122.7984122188182,44682192.0,1122.7824832478245,1133.4866705148227,1117.0484178122908,SPY,index,True
2025-04-10,2025-04-10 00:00:00,1122.3303124302538,15901480.0,1128.8273271483008,1133.7650702935703,1114.7441014118697,SPY,index,True
2025-04-11,2025-04-11 00:00:00,1129.0100025457205,48329136.0,1138.3485195681849,1147.6608980422009,1122.0644598259496,SPY,index,True
2025-04-14,2025-04-14 00:00:00,1138.1405605141206,20044780.0,1147.707298186187,1149.7068908592914,1135.2731987503323,SPY,index,True
2025-04-15,2025-04-15 00:00:00,1147.7831208866,9785014.0,1152.4263872514832,1157.4200014626608,1140.119627758319,SPY,index,True
2025-04-16,2025-04-16 00:00:00,1152.3176908143175,36227436.0,1156.0597018762553,1158.9169846107243,1151.7037044435365,SPY,index,True
2025-04-17,2025-04-17 00:00:00,1155.763779412565,7745049.0,1166.7513975179554,1175.445607000779,1152.1616002954543,SPY,index,True
2025-04-18,2025-04-18 00:00:00,1166.2393121897308,17396155.0,1174.245474293526,1180.8256918821476,1154.8170458303873,SPY,index,True
2025-04-21,2025-04-21 00:00:00,1174.062464778492,37023738.0,1167.4352112349357,1181.0708831068262,1160.5942614603587,SPY,index,True
2025-04-22,2025-04-22 00:00:00,1167.3497569120057,38514417.0,1160.5375663660327,1176.1469633678919,1160.1717494085747,SPY,index,True
2025-04-23,2025-04-23 00:00:00,1160.4780297578507,30997821.0,1156.3665470385524,1167.8593059164446,1155.659937674066,SPY,index,True
2025-04-24,2025-04-24 00:00:00,1156.3234188080257,17608695.0,1160.7722787237128,1166.2662282431322,1147.710239989643,SPY,index,True
2025-04-25,2025-04-25 00:00:00,1160.9593312861878,22808560.0,1164.4330591113533,1168.2067368404437,1159.3232593760622,SPY,index,True
2025-04-28,2025-04-28 00:00:00,1164.1171918401865,25557913.0,1171.6795857643963,1174.7263765611694,1154.6929789241458,SPY,index,True
2025-04-29,2025-04-29 00:00:00,1171.295923324996,8243394.0,1179.2805417538134,1186.7972110867047,1164.1402548915498,SPY,index,True
2025-04-30,2025-04-30 00:00:00,1178.8945992392748,24255590.0,1182.3544816305907,1188.2496205479467,1176.2199312894054,SPY,index,True
2025-05-01,2025-05-01 00:00:00,1182.6199327997567,34228423.0,1194.3357857673798,1195.1395993200815,1181.8702577655097,SPY,index,True
2025-05-02,2025-05-02 00:00:00,1194.1240397216407,28822860.0,1204.4961281536612,1212.694518103681,1193.9160921829935,SPY,index,True
2025-05-05,2025-05-05 00:00:00,1204.5012762340018,29084379.0,1211.4202199291456,1221.8393995312583,1199.2935807417462,SPY,index,True
2025-05-06,2025-05-06 00:00:00,1211.0718077361876,10299973.0,1210.4148682527675,1219.4896232268948,1208.8023795224003,SPY,index,True
2025-05-07,2025-05-07 00:00:00,1210.3566337340374,46628436.0,1201.587484318345,1217.1343648905965,1197.720258936204,SPY,index,True
2025-05-08,2025-05-08 00:00:00,1201.7107941426157,45535074.0,1191.1569027549233,1207.0713084053755,1187.796014935602,SPY,index,True
2025-05-09,2025-05-09 00:00:00,1190.9387627096469,8425748.0,1191.819100565838,1196.4174196727208,1187.4943362066533,SPY,index,True
2025-05-12,2025-05-12 00:00:00,1191.4964805650209,34593475.0,1186.2665330636733,1197.2842249267005,1185.0158485847464,SPY,index,True
2025-05-13,2025-05-13 00:00:00,1186.604228096727,41793293.0,1180.2859103549583,1195.008020821423,1169.3623612380452,SPY,index,True
2025-05-14,2025-05-14 00:00:00,1180.4122919377867,44279239.0,1186.0633611116361,1193.3784999170118,1175.8862632871428,SPY,index,True
2025-05-15,2025-05-15 00:00:00,1186.1865502096734,9465806.0,1186.111470755692,1190.411977778342,1174.8592431695479,SPY,index,True
2025-05-16,2025-05-16 00:00:00,1186.3389768382938,45340603.0,1176.2030719976933,1189.337922573112,1175.4769664180053,SPY,index,True
2025-05-19,2025-05-19 00:00:00,1176.4376381959462,20526299.0,1183.924122932086,1187.5040766911513,1175.4683496876658,SPY,index,True
2025-05-20,2025-05-20 00:00:00,1183.6050537923252,29785696.0,1177.7485722040788,1188.2656957291217,1171.7855961481077,SPY,index,True
2025-05-21,2025-05-21 00:00:00,1177.8174994404324,22579137.0,1183.8163476559146,1185.8057074914047,1175.3133889217581,SPY,index,True
2025-05-22,2025-05-22 00:00:00,1183.3599642232882,12439396.0,1187.9835366344848,1189.539060467631,1174.9433631209056,SPY,index,True
2025-05-23,2025-05-23 00:00:00,1188.2220372038814,17329852.0,1197.8302439773995,1204.835775660479,1178.546183012896,SPY,index,True
2025-05-26,2025-05-26 00:00:00,1197.3296319101803,40526832.0,1190.3790763642423,1205.8957834567007,1183.8525380761582,SPY,index,True
2025-05-27,2025-05-27 00:00:00,1189.9986735736015,34321627.0,1200.4111207029332,1203.9347226812995,1188.6843151196363,SPY,index,True
2025-05-28,2025-05-28 00:00:00,1200.548979835487,43638729.0,1210.411316161107,1219.7821931270048,1189.144486490366,SPY,index,True
2025-05-29,2025-05-29 00:00:00,1210.5065870413466,16080037.0,1206.2669478217495,1221.5408203036732,1195.2933404227958,SPY,index,True
2025-05-30,2025-05-30 00:00:00,1205.9448101977766,47408190.0,1217.4534914388526,1226.9462437810607,1202.4244152117576,SPY,index,True
2025-06-02,2025-06-02 00:00:00,1217.5653012502216,13711326.0,1226.6393062956924,1232.6315633477147,1216.6640997961708,SPY,index,True
2025-06-03,2025-06-03 00:00:00,1226.894973625293,6338624.0,1216.8978343374072,1237.7559185314597,1211.1377305991543,SPY,index,True
2025-06-04,2025-06-04 00:00:00,1217.2782033878186,38145340.0,1222.132656698124,1222.6432161848631,1206.9662810811847,SPY,index,True
2025-06-05,2025-06-05 00:00:00,1222.294036464259,33828715.0,1219.726208538197,1231.6939586248,1216.7230149489585,SPY,index,True
2025-06-06,2025-06-06 00:00:00,1219.3310050629316,29312973.0,1225.9413875081095,1231.2165667509696,1211.9251365808948,SPY,index,True
2025-06-09,2025-06-09 00:00:00,1225.7421371867988,43386055.0,1235.643284359464,1245.5370693133088,1217.446766382769,SPY,index,True
2025-06-10,2025-06-10 00:00:00,1235.8679424616948,46272610.0,1238.8559502531464,1241.5418386018544,1228.8791270807774,SPY,index,True
2025-06-11,2025-06-11 00:00:00,1238.61933713655,24648415.0,1244.0172557191588,1253.9678413457927,1232.680053865316,SPY,index,True
2025-06-12,2025-06-12 00:00:00,1244.1668404093168,40784128.0,1246.8847353517644,1256.0395209026633,1241.1444250155469,SPY,index,True
2025-06-13,2025-06-13 00:00:00,1247.3267934500855,48606056.0,1246.1674844257789,1250.7348738209018,1245.0204748248261,SPY,index,True
2025-06-16,2025-06-16 00:00:00,1246.4545962720229,10029814.0,1236.319624848334,1249.12500280559,1229.0535922669058,SPY,index,True
2025-06-17,2025-06-17 00:00:00,1235.8210248954767,23329292.0,1246.471890687106,1250.9029845811658,1235.1159085097052,SPY,index,True
2025-06-18,2025-06-18 00:00:00,1246.596146542368,44980751.0,1256.2129095641021,1267.246865719883,1244.5979266236511,SPY,index,True
2025-06-19,2025-06-19 00:00:00,1256.42444147517,44395657.0,1254.664591045206,1263.8943585796746,1254.606357599125,SPY,index,True
2025-06-20,2025-06-20 00:00:00,1254.5814075455862,22696233.0,1266.2189826140734,1271.1168940560283,1242.530789772506,SPY,index,True
2025-06-23,2025-06-23 00:00:00,1266.427555733217,26657606.0,1272.9913161100985,1280.39994288197,1263.3982793051553,SPY,index,True
2025-06-24,2025-06-24 00:00:00,1272.4776824886906,40569613.0,1283.4918162014867,1285.2834145716085,1269.2674021889202,SPY,index,True
2025-06-25,2025-06-25 00:00:00,1283.5747634771574,19267144.0,1283.0862435195172,1284.204364691765,1274.7430511614916,SPY,index,True
2025-06-26,2025-06-26 00:00:00,1282.7663201211876,29849814.0,1273.4482747992313,1293.9883427435113,1272.6466376295596,SPY,index,True
2025-06-27,2025-06-27 00:00:00,1273.7938220122583,27686597.0,1284.246331712541,1289.5202171995636,1264.848167322529,SPY,index,True
2025-06-30,2025-06-30 00:00:00,1284.2789798595873,26469829.0,1279.2146330100798,1289.859011535335,1268.9012440206614,SPY,index,True
2025-07-01,2025-07-01 00:00:00,1279.5455613361594,25960673.0,1290.7265189442376,1295.1094117212956,1278.7517339612107,SPY,index,True
2025-07-02,2025-07-02 00:00:00,1290.9292185952997,25038878.0,1283.641083987933,1302.838553331673,1271.2995760661995,SPY,index,True
2025-07-03,2025-07-03 00:00:00,1283.6356849125416,5075959.0,1271.2375968431736,1295.793582490848,1259.714357922945,SPY,index,True
2025-07-04,2025-07-04 00:00:00,1270.7064372615553,42850654.0,1267.9469200978378,1280.7591219751769,1261.3039787110004,SPY,index,True
2025-07-07,2025-07-07 00:00:00,1267.4554287597452,37547288.0,1262.57520205722,1273.3287659749449,1260.5789019822896,SPY,index,True
2025-07-08,2025-07-08 00:00:00,1262.669863168778,28395231.0,1259.5897248883539,1270.4296278752777,1251.555749848754,SPY,index,True
2025-07-09,2025-07-09 00:00:00,1259.7286957831857,22272441.0,1262.4434566892355,1265.1532232519198,1258.0162657900155,SPY,index,True
2025-07-10,2025-07-10 00:00:00,1262.6042328701174,7686595.0,1273.4878886665424,1283.6204399832577,1253.3447258620488,SPY,index,True
2025-07-11,2025-07-11 00:00:00,1273.128458943961,44931881.0,1260.8077098676224,1275.9877134681194,1252.7455542339746,SPY,index,True
2025-07-14,2025-07-14 00:00:00,1260.5722848101498,27967203.0,1253.7126469773732,1262.9008879335395,1241.3600600243599,SPY,index,True
2025-07-15,2025-07-15 00:00:00,1253.5098557788892,47047226.0,1252.0,1258.9802504919433,1249.4298380638575,SPY,index,True
2024-11-06,2024-11-06 00:00:00,1491.2823931575465,20043966.0,1482.107503825667,1494.3834084533173,1477.4262625941699,QQQ,index,True
2024-11-07,2024-11-07 00:00:00,1481.919652439318,25654392.0,1469.6536971977232,1490.0534889194407,1463.6300469848238,QQQ,index,True
2024-11-08,2024-11-08 00:00:00,1470.0807555112658,37858500.0,1468.2585805562005,1472.6721734820708,1459.3284615852451,QQQ,index,True
2024-11-11,2024-11-11 00:00:00,1468.0237341624236,49813452.0,1461.012065182264,1478.2023366288056,1457.1378463300064,QQQ,index,True
2024-11-12,2024-11-12 00:00:00,1461.0500696653048,13505600.0,1465.5462573467337,1470.5593727883986,1459.713402737612,QQQ,index,True
2024-11-13,2024-11-13 00:00:00,1464.9966940077,20851089.0,1471.3503892457752,1478.3325885441764,1456.7981114886536,QQQ,index,True
2024-11-14,2024-11-14 00:00:00,1471.106206807013,24340518.0,1461.6965071809595,1475.956340734484,1461.472292311256,QQQ,index,True
2024-11-15,2024-11-15 00:00:00,1461.6087204193739,32168644.0,1458.7429201165246,1462.2568289146604,1454.3133835952387,QQQ,index,True
2024-11-18,2024-11-18 00:00:00,1458.4881043791045,23964879.0,1444.3059627994091,1461.4980387531893,1435.9817374619201,QQQ,index,True
2024-11-19,2024-11-19 00:00:00,1443.8782498817818,38744364.0,1450.820355546817,1461.6247332463422,1440.863132653307,QQQ,index,True
2024-11-20,2024-11-20 00:00:00,1450.3659930394194,40161700.0,1446.609160430801,1451.9512525653095,1444.5335780379833,QQQ,index,True
2024-11-21,2024-11-21 00:00:00,1446.3877366172087,10166713.0,1436.9263378238854,1448.2189649943155,1425.4528504543132,QQQ,index,True
2024-11-22,2024-11-22 00:00:00,1437.0085320044295,41002283.0,1436.2868325115032,1445.7350800531729,1432.9293347025095,QQQ,index,True
2024-11-25,2024-11-25 00:00:00,1435.900753438583,49658777.0,1446.9370199249588,1452.535102787799,1425.624779112121,QQQ,index,True
2024-11-26,2024-11-26 00:00:00,1447.0698761047113,28005369.0,1436.9569530623999,1449.9417961367465,1432.360211647531,QQQ,index,True
2024-11-27,2024-11-27 00:00:00,1437.070537588489,48947492.0,1437.2323599759327,1439.2882529060885,1427.6414242353817,QQQ,index,True
2024-11-28,2024-11-28 00:00:00,1436.9916561636144,33490234.0,1429.6430227752128,1437.5662013878084,1417.529966726868,QQQ,index,True
2024-11-29,2024-11-29 00:00:00,1429.475984319062,40073102.0,1430.176277885861,1430.957362115753,1416.298526898146,QQQ,index,True
2024-12-02,2024-12-02 00:00:00,1429.8831401688626,27290174.0,1432.8705902942338,1441.809380552509,1428.394754969642,QQQ,index,True
2024-12-03,2024-12-03 00:00:00,1432.7895276248541,37753104.0,1421.9021970892761,1437.9418160882135,1409.8852309943122,QQQ,index,True
2024-12-04,2024-12-04 00:00:00,1421.9132120732806,42007545.0,1423.0599195811756,1430.0434613528905,1413.1550362069763,QQQ,index,True
2024-12-05,2024-12-05 00:00:00,1423.3890069776983,28655598.0,1416.398429184013,1432.1828223012405,1406.410069222056,QQQ,index,True
2024-12-06,2024-12-06 00:00:00,1416.7229917123318,16717334.0,1408.4248138186356,1424.8321476185597,1396.1247735040836,QQQ,index,True
2024-12-09,2024-12-09 00:00:00,1408.0289124856629,40806164.0,1417.0552023759496,1430.8717166894537,1396.4488608152499,QQQ,index,True
2024-12-10,2024-12-10 00:00:00,1416.4817703037452,7042477.0,1419.3749555266781,1422.8309915087405,1408.756864390052,QQQ,index,True
2024-12-11,2024-12-11 00:00:00,1418.9606560957823,22388470.0,1421.7709465432365,1427.6667382019923,1409.800591450019,QQQ,index,True
2024-12-12,2024-12-12 00:00:00,1422.1430841805059,29641713.0,1409.6112064504257,1423.9206258167987,1403.522694325878,QQQ,index,True
2024-12-13,2024-12-13 00:00:00,1409.69275059789,30492056.0,1409.3541805498837,1418.3839654430874,1408.6231088112916,QQQ,index,True
2024-12-16,2024-12-16 00:00:00,1408.8836098826632,8553865.0,1408.6436387820015,1422.1133821337278,1403.4887687545443,QQQ,index,True
2024-12-17,2024-12-17 00:00:00,1409.0217606519843,42025269.0,1397.5234748465205,1412.5220434223727,1384.345335003835,QQQ,index,True
2024-12-18,2024-12-18 00:00:00,1397.1800363949264,10205605.0,1392.1571705647443,1402.5755024902944,1390.682013804574,QQQ,index,True
2024-12-19,2024-12-19 00:00:00,1391.8328618903486,32375323.0,1378.4718656328375,1393.9729516959762,1367.4658798250903,QQQ,index,True
2024-12-20,2024-12-20 00:00:00,1378.51755333705,47930957.0,1391.2319742075613,1392.8766905253838,1368.1035683093257,QQQ,index,True
2024-12-23,2024-12-23 00:00:00,1390.824215878878,15392572.0,1382.6839263175852,1392.2458233725308,1381.7296444505366,QQQ,index,True
2024-12-24,2024-12-24 00:00:00,1382.4610669069477,8743456.0,1389.7684939511628,1391.5440048015214,1377.9947418507347,QQQ,index,True
2024-12-25,2024-12-25 00:00:00,1389.638008084528,24856587.0,1386.9919886223965,1391.6213159382532,1383.880752794936,QQQ,index,True
2024-12-26,2024-12-26 00:00:00,1387.0098364457708,16755898.0,1394.2798360452825,1400.3813120039715,1384.719484711268,QQQ,index,True
2024-12-27,2024-12-27 00:00:00,1394.3114027344418,29609662.0,1394.1948326270347,1403.0634979152694,1388.0862993837136,QQQ,index,True
2024-12-30,2024-12-30 00:00:00,1393.9757240546253,5837927.0,1390.2491593543427,1406.7698299348074,1387.6263633011154,QQQ,index,True
2024-12-31,2024-12-31 00:00:00,1389.7134639631213,32295377.0,1378.5071759003677,1397.512054354895,1376.8889696216552,QQQ,index,True
2025-01-01,2025-01-01 00:00:00,1378.6641904933374,22701382.0,1367.8397532861818,1385.1401664278228,1359.9653313934991,QQQ,index,True
2025-01-02,2025-01-02 00:00:00,1368.175512295004,17335336.0,1380.9685048436374,1392.1654875358536,1362.445937288737,QQQ,index,True
2025-01-03,2025-01-03 00:00:00,1381.3763126258575,35510455.0,1373.0799307689742,1387.575971055899,1359.7562479495186,QQQ,index,True
2025-01-06,2025-01-06 00:00:00,1373.4120193349547,37588291.0,1365.4387860297727,1387.047672206409,1356.6932244557904,QQQ,index,True
2025-01-07,2025-01-07 00:00:00,1365.034698220529,19096102.0,1373.1098024868297,1386.5818526663775,1351.9142225689952,QQQ,index,True
2025-01-08,2025-01-08 00:00:00,1373.2866290555999,33645023.0,1382.1722614680084,1383.010378350367,1361.044956809311,QQQ,index,True
2025-01-09,2025-01-09 00:00:00,1381.8847145954348,21676017.0,1379.6443217898109,1386.130823676061,1372.266326471779,QQQ,index,True
2025-01-10,2025-01-10 00:00:00,1379.4650211138855,27062475.0,1384.1480649836958,1391.5223022304822,1376.022001011026,QQQ,index,True
2025-01-13,2025-01-13 00:00:00,1383.8386192593327,11548922.0,1385.4476339152009,1389.4680302135118,1379.141482405574,QQQ,index,True
2025-01-14,2025-01-14 00:00:00,1385.1670826367247,48846748.0,1398.7343107415602,1400.8608249576644,1382.1145885918143,QQQ,index,True
2025-01-15,2025-01-15 00:00:00,1398.8257158170904,13445674.0,1411.8373605040363,1417.2501601767415,1392.7190669470565,QQQ,index,True
2025-01-16,2025-01-16 00:00:00,1411.6213510802847,31946106.0,1420.1178432383354,1428.0917960548436,1407.59462855554,QQQ,index,True
2025-01-17,2025-01-17 00:00:00,1420.204748055828,8596259.0,1407.3297529132644,1425.6003667050024,1396.048848223242,QQQ,index,True
2025-01-20,2025-01-20 00:00:00,1407.243999755344,46510935.0,1419.4228147692465,1432.569918854421,1405.968648676232,QQQ,index,True
2025-01-21,2025-01-21 00:00:00,1419.1445300557236,25514564.0,1421.6792680289275,1433.0788948554975,1406.283038318486,QQQ,index,True
2025-01-22,2025-01-22 00:00:00,1421.9166208667968,31830530.0,1416.4131551632636,1429.1795514510984,1410.1371414760708,QQQ,index,True
2025-01-23,2025-01-23 00:00:00,1416.4628462614953,14852587.0,1405.6578771328705,1423.9258737968687,1402.9936697949365,QQQ,index,True
2025-01-24,2025-01-24 00:00:00,1405.6409082523312,28696542.0,1401.7955218658049,1414.5568983570802,1391.115258981068,QQQ,index,True
2025-01-27,2025-01-27 00:00:00,1401.798376336705,35288499.0,1408.1385982434397,1417.3656403473067,1388.6803771194955,QQQ,index,True
2025-01-28,2025-01-28 00:00:00,1408.5958867959866,43721817.0,1415.119023512175,1423.61964660404,1404.912621160405,QQQ,index,True
2025-01-29,2025-01-29 00:00:00,1414.6958633764266,6763793.0,1413.0856411242894,1419.5159555493146,1399.5110342173932,QQQ,index,True
2025-01-30,2025-01-30 00:00:00,1413.1154444838248,6996073.0,1417.569014469911,1420.4834855797785,1412.6190173602579,QQQ,index,True
2025-01-31,2025-01-31 00:00:00,1417.558235761051,22271145.0,1412.792896250977,1421.8855013436466,1406.9487119825192,QQQ,index,True
2025-02-03,2025-02-03 00:00:00,1412.745146462685,5203671.0,1417.1528198492983,1420.9048500750712,1412.4111824913475,QQQ,index,True
2025-02-04,2025-02-04 00:00:00,1417.4995289335477,40878713.0,1403.4712660419161,1430.2253336980625,1402.2016180047542,QQQ,index,True
2025-02-05,2025-02-05 00:00:00,1403.147809742009,36362835.0,1405.8058150892396,1408.184361522431,1391.5523897086455,QQQ,index,True
2025-02-06,2025-02-06 00:00:00,1405.6403176366014,45632017.0,1398.4184244223986,1408.2381116215922,1384.7452462396204,QQQ,index,True
2025-02-07,2025-02-07 00:00:00,1398.8753389914013,15941521.0,1396.7341503399073,1403.304014147621,1386.6445132321076,QQQ,index,True
2025-02-10,2025-02-10 00:00:00,1396.6967122431613,29373352.0,1397.512344182643,1409.0458054474104,1387.119101624866,QQQ,index,True
2025-02-11,2025-02-11 00:00:00,1396.9356787034123,42194630.0,1408.8084014293702,1413.403123432306,1386.253185942137,QQQ,index,True
2025-02-12,2025-02-12 00:00:00,1408.8154595029519,41611283.0,1398.421577563683,1418.689083534766,1398.1501615864138,QQQ,index,True
2025-02-13,2025-02-13 00:00:00,1398.4873912404605,23356165.0,1386.0377745895785,1398.981049562221,1372.9811385293442,QQQ,index,True
2025-02-14,2025-02-14 00:00:00,1385.770788865379,8631544.0,1394.5375776403728,1396.6716494139198,1376.5776232393748,QQQ,index,True
2025-02-17,2025-02-17 00:00:00,1394.6904947310563,30262302.0,1404.5363204677608,1416.4506915585107,1381.076130773121,QQQ,index,True
2025-02-18,2025-02-18 00:00:00,1404.082916908211,9159320.0,1397.9828111692043,1415.5730025589298,1385.0575818271275,QQQ,index,True
2025-02-19,2025-02-19 00:00:00,1398.1864549320242,40876478.0,1410.5560305176805,1416.700652202301,1396.23214360544,QQQ,index,True
2025-02-20,2025-02-20 00:00:00,1410.5979490297525,23168701.0,1397.9523707402886,1412.70373452651,1384.3868442289274,QQQ,index,True
2025-02-21,2025-02-21 00:00:00,1397.760540626753,48972545.0,1396.584413452596,1399.6844989785232,1391.676622178151,QQQ,index,True
2025-02-24,2025-02-24 00:00:00,1396.1942209918486,22176635.0,1406.487824913502,1408.651640919069,1382.6062634981772,QQQ,index,True
2025-02-25,2025-02-25 00:00:00,1406.7355253343458,46706574.0,1400.3066527534847,1418.4771197946534,1389.9335459748133,QQQ,index,True
2025-02-26,2025-02-26 00:00:00,1400.6320891947837,27418432.0,1404.2322114108824,1411.2337220392733,1393.994730975372,QQQ,index,True
2025-02-27,2025-02-27 00:00:00,1404.3228632436706,37212043.0,1412.474727162495,1414.5291520692006,1399.9093371182169,QQQ,index,True
2025-02-28,2025-02-28 00:00:00,1412.2269209410276,11181767.0,1423.0918489653527,1432.218992803116,1398.466904937849,QQQ,index,True
2025-03-03,2025-03-03 00:00:00,1423.5144669947642,37511751.0,1432.7371101238944,1445.966960471284,1417.8398849523287,QQQ,index,True
2025-03-04,2025-03-04 00:00:00,1433.2353864281074,32038686.0,1423.9821761967216,1438.6101084447102,1419.2263578103982,QQQ,index,True
2025-03-05,2025-03-05 00:00:00,1424.4123901225178,27423721.0,1437.0503355386347,1437.739653404127,1411.4854381445941,QQQ,index,True
2025-03-06,2025-03-06 00:00:00,1437.1997672901841,36944005.0,1440.489277400317,1442.3297021527392,1434.4130659267666,QQQ,index,True
2025-03-07,2025-03-07 00:00:00,1440.205457795368,30452158.0,1429.5921054324417,1452.8682262799255,1419.9862451242943,QQQ,index,True
2025-03-10,2025-03-10 00:00:00,1429.9630868471745,27166566.0,1431.4082455329526,1442.044637942522,1429.1929616739371,QQQ,index,True
2025-03-11,2025-03-11 00:00:00,1431.7445067429094,41713296.0,1442.491393199699,1451.746953995694,1431.6742889953455,QQQ,index,True
2025-03-12,2025-03-12 00:00:00,1442.5473105484543,5429470.0,1432.5567082702294,1443.3787309710472,1424.7934557941744,QQQ,index,True
2025-03-13,2025-03-13 00:00:00,1432.5054047718331,27787146.0,1430.8476271392983,1445.6561442406296,1423.1402950545826,QQQ,index,True
2025-03-14,2025-03-14 00:00:00,1431.2879465292958,46504144.0,1424.080987097634,1445.1417056167438,1413.8248295288918,QQQ,index,True
2025-03-17,2025-03-17 00:00:00,1424.5817086225807,37293342.0,1412.369196642218,1425.1627155043168,1399.711584551644,QQQ,index,True
2025-03-18,2025-03-18 00:00:00,1412.0071209997298,43458900.0,1419.8683737621595,1424.358461374407,1404.5835498123572,QQQ,index,True
2025-03-19,2025-03-19 00:00:00,1420.154239168255,9697342.0,1407.530676697901,1422.835234145936,1395.2022062217607,QQQ,index,True
2025-03-20,2025-03-20 00:00:00,1407.5026508704443,35741369.0,1409.9919124576252,1420.0831712988704,1407.1632845463907,QQQ,index,True
2025-03-21,2025-03-21 00:00:00,1410.4121510713396,29315361.0,1415.643598386827,1420.4898239745553,1408.0959484323948,QQQ,index,True
2025-03-24,2025-03-24 00:00:00,1415.4936639072207,7172737.0,1410.8626757981667,1423.0329257855797,1401.6011152578774,QQQ,index,True
2025-03-25,2025-03-25 00:00:00,1410.6104300988607,11965421.0,1405.6845151525474,1413.4790862338336,1400.9446840561657,QQQ,index,True
2025-03-26,2025-03-26 00:00:00,1405.894219639023,47602711.0,1396.6687919943618,1412.5426916695167,1383.749905794748,QQQ,index,True
2025-03-27,2025-03-27 00:00:00,1396.0580311899782,38658721.0,1388.4952097632515,1404.2376348560363,1386.4465199388535,QQQ,index,True
2025-03-28,2025-03-28 00:00:00,1388.8599371175937,9229796.0,1398.162999555904,1405.1501996140287,1387.8424493038615,QQQ,index,True
2025-03-31,2025-03-31 00:00:00,1397.6676533810592,44627607.0,1385.3919200442774,1399.8231264089368,1384.3984211268341,QQQ,index,True
2025-04-01,2025-04-01 00:00:00,1385.3493336879114,49962168.0,1392.759303692737,1401.2799011855054,1379.5862065706733,QQQ,index,True
2025-04-02,2025-04-02 00:00:00,1393.1488575898184,35291140.0,1394.4449207343587,1404.4152386362475,1391.128089928256,QQQ,index,True
2025-04-03,2025-04-03 00:00:00,1394.647498016603,32165182.0,1388.6359151881068,1397.3417296341381,1388.117360888615,QQQ,index,True
2025-04-04,2025-04-04 00:00:00,1388.5456256187306,48888566.0,1381.6888324788083,1399.7029640231412,1370.8358573961677,QQQ,index,True
2025-04-07,2025-04-07 00:00:00,1381.7609972808693,11276367.0,1377.079637102372,1387.3703370283415,1367.4708684036225,QQQ,index,True
2025-04-08,2025-04-08 00:00:00,1376.9339976034867,19921812.0,1372.274759105521,1386.4041820760963,1363.9664231040076,QQQ,index,True
2025-04-09,2025-04-09 00:00:00,1372.4963059826132,14869570.0,1378.3224431218491,1380.6630401521156,1363.5947362765821,QQQ,index,True
2025-04-10,2025-04-10 00:00:00,1377.7714036633586,14520253.0,1364.9747002288036,1391.1697508207867,1352.300858161223,QQQ,index,True
2025-04-11,2025-04-11 00:00:00,1364.9764771373032,29901575.0,1358.8032408213733,1377.6581260468436,1348.7599067050844,QQQ,index,True
2025-04-14,2025-04-14 00:00:00,1358.3985586489696,40328942.0,1365.6667173137175,1370.358128384135,1352.082872112658,QQQ,index,True
2025-04-15,2025-04-15 00:00:00,1365.2154524750374,10948363.0,1352.47631383494,1366.7671887995327,1344.5382809488765,QQQ,index,True
2025-04-16,2025-04-16 00:00:00,1352.5486878774582,10890822.0,1365.9257039988663,1375.0126602256553,1343.9698334349066,QQQ,index,True
2025-04-17,2025-04-17 00:00:00,1365.3921991838308,46961598.0,1370.728365719531,1382.6779487925987,1365.1117496225584,QQQ,index,True
2025-04-18,2025-04-18 00:00:00,1371.2125742186977,8777916.0,1372.5961661902613,1383.877388755253,1361.6011111383868,QQQ,index,True
2025-04-21,2025-04-21 00:00:00,1372.2075136015817,22349492.0,1368.2079492654793,1384.1390096130453,1358.7657426382061,QQQ,index,True
2025-04-22,2025-04-22 00:00:00,1368.262713529236,37273745.0,1371.6898361388971,1381.099807812897,1365.3653333268117,QQQ,index,True
2025-04-23,2025-04-23 00:00:00,1371.7598335222676,40222355.0,1364.421484082833,1374.9398214165053,1364.100865546292,QQQ,index,True
2025-04-24,2025-04-24 00:00:00,1364.8156097918074,26844649.0,1360.2044554590136,1373.8111100148033,1348.5089238475573,QQQ,index,True
2025-04-25,2025-04-25 00:00:00,1359.80871383302,26912681.0,1366.1495627748595,1378.1826142696746,1353.5553223365873,QQQ,index,True
2025-04-28,2025-04-28 00:00:00,1366.3968351036754,7216992.0,1371.8347993307252,1377.0748901751617,1358.168763519921,QQQ,index,True
2025-04-29,2025-04-29 00:00:00,1371.717312265072,43327134.0,1367.5063433164412,1378.052879246712,1357.8908191434791,QQQ,index,True
2025-04-30,2025-04-30 00:00:00,1367.0334084823173,12621519.0,1360.477586922308,1373.1971646318375,1356.3833650798665,QQQ,index,True
2025-05-01,2025-05-01 00:00:00,1360.6428524290075,45844790.0,1355.8652374899837,1366.649194365966,1351.5224470229505,QQQ,index,True
2025-05-02,2025-05-02 00:00:00,1355.5915681445802,10318606.0,1362.4988719054845,1374.907054044891,1352.5062865559498,QQQ,index,True
2025-05-05,2025-05-05 00:00:00,1362.8657493086064,22172752.0,1360.313644804624,1363.1397990225298,1359.797022217939,QQQ,index,True
2025-05-06,2025-05-06 00:00:00,1360.3210077194258,9342215.0,1359.6039010260904,1369.844921971889,1350.6994267623138,QQQ,index,True
2025-05-07,2025-05-07 00:00:00,1359.5573879924038,10840236.0,1357.4447731565556,1365.9326309961534,1350.8532583789734,QQQ,index,True
2025-05-08,2025-05-08 00:00:00,1357.2514208409375,5425805.0,1356.6087169068066,1367.7410441379845,1351.3290188883807,QQQ,index,True
2025-05-09,2025-05-09 00:00:00,1356.66890327979,44746004.0,1344.4763873199456,1361.586058641809,1339.348198965267,QQQ,index,True
2025-05-12,2025-05-12 00:00:00,1344.538392009989,23882364.0,1341.860533629063,1357.4723496840609,1338.9139637010182,QQQ,index,True
2025-05-13,2025-05-13 00:00:00,1341.3492006637643,28060878.0,1332.8663232067954,1341.89041594316,1328.942591618724,QQQ,index,True
2025-05-14,2025-05-14 00:00:00,1332.586370803612,37851840.0,1323.4634941474849,1334.642697563864,1313.2733376681501,QQQ,index,True
2025-05-15,2025-05-15 00:00:00,1323.8759160404682,19917080.0,1311.5433852273093,1330.8034775183837,1303.2937083125703,QQQ,index,True
2025-05-16,2025-05-16 00:00:00,1311.127372242221,16126915.0,1314.0362476019268,1325.1742734534664,1309.1002110570469,QQQ,index,True
2025-05-19,2025-05-19 00:00:00,1314.2216675599138,25894253.0,1320.293674165639,1332.8911837666205,1301.462558298917,QQQ,index,True
2025-05-20,2025-05-20 00:00:00,1320.1501951465057,35903225.0,1320.8135204923228,1322.0499204306402,1318.9437928426942,QQQ,index,True
2025-05-21,2025-05-21 00:00:00,1320.2528592810972,25636683.0,1321.0157978769148,1332.9486815856949,1308.452935759068,QQQ,index,True
2025-05-22,2025-05-22 00:00:00,1320.537656918177,19703915.0,1311.2869391096888,1328.7969030814252,1305.9877283498602,QQQ,index,True
2025-05-23,2025-05-23 00:00:00,1310.817911784173,47522872.0,1308.7626519054552,1318.5701872816862,1300.8535780048117,QQQ,index,True
2025-05-26,2025-05-26 00:00:00,1308.4771731132018,41795411.0,1320.2083504815826,1332.8505894581926,1304.4276805267225,QQQ,index,True
2025-05-27,2025-05-27 00:00:00,1320.2946681391743,33853909.0,1308.731111360149,1324.3886360416798,1298.8938366856676,QQQ,index,True
2025-05-28,2025-05-28 00:00:00,1308.924640314556,15361040.0,1298.484154933344,1320.4137599943745,1289.2687356360495,QQQ,index,True
2025-05-29,2025-05-29 00:00:00,1298.5869969410612,18598653.0,1300.5586753938935,1301.1544048165279,1293.914925929098,QQQ,index,True
2025-05-30,2025-05-30 00:00:00,1300.3927652903508,36995125.0,1289.4094977753416,1310.7770099891459,1281.9900029812927,QQQ,index,True
2025-06-02,2025-06-02 00:00:00,1289.696008652196,11488285.0,1294.4166875120618,1299.0268462863146,1279.98121031189,QQQ,index,True
2025-06-03,2025-06-03 00:00:00,1294.2842124800486,8058420.0,1303.755774723919,1306.3963136557995,1289.1256161706253,QQQ,index,True
2025-06-04,2025-06-04 00:00:00,1303.3835156926957,18601831.0,1300.5101602259547,1315.267852519784,1287.5427402414336,QQQ,index,True
2025-06-05,2025-06-05 00:00:00,1300.60652671918,35519228.0,1293.7258030429982,1307.2613511982333,1290.3286647640869,QQQ,index,True
2025-06-06,2025-06-06 00:00:00,1293.8659975820303,24317299.0,1303.6753220431374,1304.4975667517,1284.5717821850371,QQQ,index,True
2025-06-09,2025-06-09 00:00:00,1303.4153334733521,41236654.0,1293.182154013563,1304.9820489323172,1283.0344090532008,QQQ,index,True
2025-06-10,2025-06-10 00:00:00,1293.439792778991,11592558.0,1290.8379038103735,1297.5475077915416,1280.539437169506,QQQ,index,True
2025-06-11,2025-06-11 00:00:00,1291.161789174881,40960775.0,1293.2648156367695,1294.6794328388632,1281.230264348119,QQQ,index,True
2025-06-12,2025-06-12 00:00:00,1293.4286707107692,37696188.0,1298.1546310238691,1308.8363582811885,1292.7828089511333,QQQ,index,True
2025-06-13,2025-06-13 00:00:00,1298.589030895114,5892858.0,1301.8414162886595,1309.3599897241065,1293.0267945833803,QQQ,index,True
2025-06-16,2025-06-16 00:00:00,1302.1891515188554,38843442.0,1296.3819965867547,1307.3590850304763,1291.056668578043,QQQ,index,True
2025-06-17,2025-06-17 00:00:00,1296.2043667797047,39645669.0,1286.1633318634806,1306.5755374744751,1280.2252800793917,QQQ,index,True
2025-06-18,2025-06-18 00:00:00,1286.4287672238086,12406611.0,1284.4240097843872,1296.4005277389354,1282.3806295138384,QQQ,index,True
2025-06-19,2025-06-19 00:00:00,1284.5100477408091,17389550.0,1294.4553806972517,1298.5372218124908,1283.184253889241,QQQ,index,True
2025-06-20,2025-06-20 00:00:00,1294.7432807528994,28487583.0,1283.0367640452646,1299.7885675917628,1275.9993992052136,QQQ,index,True
2025-06-23,2025-06-23 00:00:00,1282.4900473476348,39590707.0,1280.3001203891447,1284.822814411241,1274.2284027632272,QQQ,index,True
2025-06-24,2025-06-24 00:00:00,1280.7394805068016,44686113.0,1269.5477592819925,1283.0463692798564,1258.1007089142474,QQQ,index,True
2025-06-25,2025-06-25 00:00:00,1269.832647326751,41910049.0,1262.3709411323068,1270.5666082127036,1255.0263835158514,QQQ,index,True
2025-06-26,2025-06-26 00:00:00,1261.818149525892,41872668.0,1251.382194306564,1263.2478166829258,1247.4872098562207,QQQ,index,True
2025-06-27,2025-06-27 00:00:00,1251.0903455434013,38440705.0,1245.185826987179,1263.0079958317401,1233.41219370309,QQQ,index,True
2025-06-30,2025-06-30 00:00:00,1244.6425724791272,17936829.0,1242.2398785603773,1252.1810346073335,1240.9807256211266,QQQ,index,True
2025-07-01,2025-07-01 00:00:00,1242.3316552525287,24069452.0,1242.55808038189,1248.2503097588801,1233.876117641031,QQQ,index,True
2025-07-02,2025-07-02 00:00:00,1242.8740175899648,18948593.0,1253.344055727117,1256.2221000264856,1238.6118276180773,QQQ,index,True
2025-07-03,2025-07-03 00:00:00,1253.1197170643673,14851776.0,1247.1214590748036,1256.8719309432665,1240.1063490792128,QQQ,index,True
2025-07-04,2025-07-04 00:00:00,1246.7548607782242,27046404.0,1255.1183806482395,1266.3650960470463,1239.5567034221604,QQQ,index,True
2025-07-07,2025-07-07 00:00:00,1255.4429059343393,19238647.0,1245.0933577226065,1263.8394284954543,1238.1256269401463,QQQ,index,True
2025-07-08,2025-07-08 00:00:00,1244.878943584028,14352522.0,1247.7486782602218,1248.4830416704215,1240.6413699697862,QQQ,index,True
2025-07-09,2025-07-09 00:00:00,1247.857670160124,7426111.0,1236.9596737754166,1253.8030020282033,1235.641029344053,QQQ,index,True
2025-07-10,2025-07-10 00:00:00,1237.1599102821465,13470978.0,1231.4389249157484,1243.1665156136726,1220.834068327634,QQQ,index,True
2025-07-11,2025-07-11 00:00:00,1231.2159510009717,33687361.0,1228.4678118626377,1232.0805457790798,1227.7417849565725,QQQ,index,True
2025-07-14,2025-07-14 00:00:00,1228.5016818254467,37990517.0,1240.7579490968803,1242.573169915416,1226.5658634004844,QQQ,index,True
2025-07-15,2025-07-15 00:00:00,1240.4601583724536,37614321.0,1243.0,1243.468410075272,1240.0618306955926,QQQ,index,True
2024-11-06,2024-11-06 00:00:00,1194.1978155933223,19872960.0,1194.0164537163987,1202.0871722162306,1182.6005842980956,DIA,index,True
2024-11-07,2024-11-07 00:00:00,1193.8743169249713,37894161.0,1192.8088842243985,1198.9619459102196,1192.6935348287916,DIA,index,True
2024-11-08,2024-11-08 00:00:00,1192.8470688383725,15995574.0,1203.8979229643382,1206.9498946189515,1187.5038629788025,DIA,index,True
2024-11-11,2024-11-11 00:00:00,1204.203506782836,47029305.0,1212.1136407779143,1221.9152663174166,1203.2769052036388,DIA,index,True
2024-11-12,2024-11-12 00:00:00,1211.846101843065,47233223.0,1202.6006930586032,1220.263910695763,1191.3717803637655,DIA,index,True
2024-11-13,2024-11-13 00:00:00,1202.3154439051525,49462775.0,1203.8810160337657,1214.293376221089,1194.8143500666997,DIA,index,True
2024-11-14,2024-11-14 00:00:00,1203.7055512871118,6394090.0,1207.7654113434476,1218.8687580423687,1201.395832072495,DIA,index,True
2024-11-15,2024-11-15 00:00:00,1207.8599429373376,7557070.0,1202.732665044417,1211.4550071107365,1193.0573131530587,DIA,index,True
2024-11-18,2024-11-18 00:00:00,1202.2918526278565,29165388.0,1211.1228254579066,1219.3122600091385,1194.3264709113075,DIA,index,True
2024-11-19,2024-11-19 00:00:00,1210.8454266533593,17787789.0,1202.0256548383402,1218.9306361610936,1198.435591987122,DIA,index,True
2024-11-20,2024-11-20 00:00:00,1202.3506576204284,7083719.0,1201.1750154855092,1210.1813593530146,1197.9109184986535,DIA,index,True
2024-11-21,2024-11-21 00:00:00,1201.3956531233782,33665551.0,1205.9881207266035,1215.7015910571677,1192.1050232168905,DIA,index,True
2024-11-22,2024-11-22 00:00:00,1206.2866715644493,48527329.0,1212.520000701536,1215.8587960907878,1203.6520426295638,DIA,index,True
2024-11-25,2024-11-25 00:00:00,1212.015648059882,19056954.0,1209.4105140864092,1216.5611927480957,1207.927769326474,DIA,index,True
2024-11-26,2024-11-26 00:00:00,1209.330529272322,42692401.0,1213.650833256472,1217.153724961702,1206.5732641231482,DIA,index,True
2024-11-27,2024-11-27 00:00:00,1213.2334902051807,7215451.0,1209.7830725585807,1224.412765538865,1204.0676579874025,DIA,index,True
2024-11-28,2024-11-28 00:00:00,1210.1444565530683,29837446.0,1200.6335753256562,1215.9160032891014,1199.3294795438499,DIA,index,True
2024-11-29,2024-11-29 00:00:00,1200.6906264343002,20798224.0,1202.604893872449,1205.7948328041996,1194.3474083570902,DIA,index,True
2024-12-02,2024-12-02 00:00:00,1202.188071143511,27950819.0,1196.135125183429,1208.6133580682013,1187.8627080355307,DIA,index,True
2024-12-03,2024-12-03 00:00:00,1195.9685148578342,41469618.0,1207.1782637474896,1219.148919526199,1187.1521916988022,DIA,index,True
2024-12-04,2024-12-04 00:00:00,1207.4151685250042,47652028.0,1208.285215746491,1212.9698987246402,1201.7523353534368,DIA,index,True
2024-12-05,2024-12-05 00:00:00,1208.680433590991,33484381.0,1210.1544527769622,1214.3013978283582,1204.9356166202476,DIA,index,True
2024-12-06,2024-12-06 00:00:00,1209.9242207333482,34045657.0,1211.702802811445,1212.7430514609368,1208.0882055200066,DIA,index,True
2024-12-09,2024-12-09 00:00:00,1212.0030768516883,33706734.0,1200.7947117186638,1215.9865975205746,1197.2596901052593,DIA,index,True
2024-12-10,2024-12-10 00:00:00,1200.4651690750281,34980625.0,1193.5932099873617,1200.5833578692766,1181.8509042752457,DIA,index,True
2024-12-11,2024-12-11 00:00:00,1193.5499727181962,24501605.0,1195.6305293886135,1205.4714188296907,1190.9863700743992,DIA,index,True
2024-12-12,2024-12-12 00:00:00,1195.1726474472232,45295748.0,1190.9686834320214,1196.0230869063373,1180.0949501155715,DIA,index,True
2024-12-13,2024-12-13 00:00:00,1191.1171665929435,14082071.0,1181.866274872804,1192.7774323320398,1177.7879038257895,DIA,index,True
2024-12-16,2024-12-16 00:00:00,1181.8225640403514,8586815.0,1188.7438852541693,1200.2729612240134,1180.3705227240046,DIA,index,True
2024-12-17,2024-12-17 00:00:00,1188.3096969470093,26539952.0,1194.819100222458,1195.2105778020953,1185.1156074608955,DIA,index,True
2024-12-18,2024-12-18 00:00:00,1194.9715988153002,34594461.0,1187.7430341840125,1200.8141035945148,1180.609640643561,DIA,index,True
2024-12-19,2024-12-19 00:00:00,1187.7777583476764,49748755.0,1190.3563346410126,1193.6161615110066,1186.9334684880441,DIA,index,True
2024-12-20,2024-12-20 00:00:00,1190.288484129402,19884978.0,1185.9455485038925,1198.3362771054026,1175.5793715119,DIA,index,True
2024-12-23,2024-12-23 00:00:00,1185.8624624268332,28286504.0,1196.4761129540552,1204.0610899222143,1175.8728571741308,DIA,index,True
2024-12-24,2024-12-24 00:00:00,1196.5645338671316,41391971.0,1188.5506814397977,1197.4838054207307,1186.8993815635647,DIA,index,True
2024-12-25,2024-12-25 00:00:00,1188.9686528207442,37947212.0,1188.3149589165841,1191.2008009044987,1187.470585620454,DIA,index,True
2024-12-26,2024-12-26 00:00:00,1188.267737569793,45997464.0,1188.2529500509645,1197.8334901320059,1187.9496931510612,DIA,index,True
2024-12-27,2024-12-27 00:00:00,1188.477411746896,45397862.0,1189.3206865487832,1200.61526167575,1188.0233836137472,DIA,index,True
2024-12-30,2024-12-30 00:00:00,1188.9389934563835,49432789.0,1190.0425399518901,1199.0747562786705,1187.8349719943571,DIA,index,True
2024-12-31,2024-12-31 00:00:00,1190.4667109135667,31091702.0,1182.6690895462334,1197.2247331773299,1180.8886751134676,DIA,index,True
2025-01-01,2025-01-01 00:00:00,1182.6735730976648,12543527.0,1174.25411899488,1185.0526023324473,1163.665188492473,DIA,index,True
2025-01-02,2025-01-02 00:00:00,1174.4927405565077,34074657.0,1165.0018120882348,1181.6699957797716,1157.7751765838548,DIA,index,True
2025-01-03,2025-01-03 00:00:00,1165.3664955809988,36060351.0,1156.5124716718603,1168.567756581063,1148.9886187595362,DIA,index,True
2025-01-06,2025-01-06 00:00:00,1156.0565055561642,11714784.0,1161.289364622344,1171.835656922234,1155.4779850491645,DIA,index,True
2025-01-07,2025-01-07 00:00:00,1161.5474478694005,27362538.0,1150.542309916322,1165.1731439883179,1139.925575841486,DIA,index,True
2025-01-08,2025-01-08 00:00:00,1150.918656337391,36767266.0,1141.2486128508524,1160.4823187374875,1135.4432806583466,DIA,index,True
2025-01-09,2025-01-09 00:00:00,1141.099875249345,5394305.0,1148.970574953476,1150.7502947609628,1132.9289102377727,DIA,index,True
2025-01-10,2025-01-10 00:00:00,1149.3706148672281,41751525.0,1153.1854024750717,1162.8989476211395,1144.4303244811415,DIA,index,True
2025-01-13,2025-01-13 00:00:00,1152.8760108370986,10174138.0,1158.2260222814411,1169.145756014154,1150.3441046311095,DIA,index,True
2025-01-14,2025-01-14 00:00:00,1158.3608021362998,7094235.0,1163.792913546921,1165.692450544632,1148.269584137196,DIA,index,True
2025-01-15,2025-01-15 00:00:00,1163.3587400162428,5922225.0,1160.2654173064632,1170.556783100858,1158.303346517217,DIA,index,True
2025-01-16,2025-01-16 00:00:00,1159.7915415439004,45022982.0,1153.1568838755288,1170.588207880939,1144.6788530954207,DIA,index,True
2025-01-17,2025-01-17 00:00:00,1153.4847069053628,14324516.0,1157.3695605670957,1164.838150175818,1152.774614706335,DIA,index,True
2025-01-20,2025-01-20 00:00:00,1157.629328255764,20266194.0,1156.260357975767,1163.4027046055674,1152.0672365396313,DIA,index,True
2025-01-21,2025-01-21 00:00:00,1156.1124615684412,7267625.0,1167.7683035737782,1171.1911101908124,1148.4255678040379,DIA,index,True
2025-01-22,2025-01-22 00:00:00,1167.3527585036575,13476610.0,1157.4771246341923,1168.971035563001,1146.1899597262016,DIA,index,True
2025-01-23,2025-01-23 00:00:00,1157.441206594224,10961284.0,1149.2582636645475,1162.1685140244747,1148.570491748961,DIA,index,True
2025-01-24,2025-01-24 00:00:00,1148.9704778000194,32215950.0,1151.091077220469,1156.3545029874213,1143.7497830102127,DIA,index,True
2025-01-27,2025-01-27 00:00:00,1151.0293920132683,41604730.0,1143.5366999070518,1154.3706979380129,1137.6930065770373,DIA,index,True
2025-01-28,2025-01-28 00:00:00,1143.358695109042,19603844.0,1132.9791149750467,1148.0836764391902,1127.304696430187,DIA,index,True
2025-01-29,2025-01-29 00:00:00,1133.2755125921892,41011421.0,1125.3064965651004,1137.490726322078,1122.381552897977,DIA,index,True
2025-01-30,2025-01-30 00:00:00,1124.8972086493277,40512575.0,1117.5683522689021,1135.7447685276957,1112.2228009168596,DIA,index,True
2025-01-31,2025-01-31 00:00:00,1117.7566538629646,42035525.0,1109.105336032785,1124.0575346089001,1103.8375201093777,DIA,index,True
2025-02-03,2025-02-03 00:00:00,1108.971714134263,27591641.0,1117.9526299583445,1121.856857279268,1102.0824234786526,DIA,index,True
2025-02-04,2025-02-04 00:00:00,1117.5060458611072,46092449.0,1126.167369158393,1136.2043165515688,1110.3738992904878,DIA,index,True
2025-02-05,2025-02-05 00:00:00,1126.3827619730878,34518250.0,1127.37090771903,1130.0621807106313,1117.564570109298,DIA,index,True
2025-02-06,2025-02-06 00:00:00,1127.7208448167937,40653474.0,1125.077611062825,1128.8078958990031,1117.5618670542117,DIA,index,True
2025-02-07,2025-02-07 00:00:00,1125.1948574172793,47500481.0,1132.4114892148134,1141.555650591839,1120.2483294651627,DIA,index,True
2025-02-10,2025-02-10 00:00:00,1132.7431344655283,11830286.0,1129.9378414128962,1135.8425317078847,1120.2468914453948,DIA,index,True
2025-02-11,2025-02-11 00:00:00,1130.0809438510423,13929006.0,1123.6648023290843,1133.4064498301786,1118.2283633015388,DIA,index,True
2025-02-12,2025-02-12 00:00:00,1123.219972062976,21510786.0,1112.9742091553578,1133.1014507118184,1109.0978988240213,DIA,index,True
2025-02-13,2025-02-13 00:00:00,1112.9618396583203,13286694.0,1123.7386508154864,1124.8692270328165,1112.4637986400448,DIA,index,True
2025-02-14,2025-02-14 00:00:00,1123.3078038734263,24209835.0,1129.919285286735,1137.9398955612783,1114.9083739031696,DIA,index,True
2025-02-17,2025-02-17 00:00:00,1130.2331152096924,47409450.0,1122.7385769452635,1138.6091320093187,1120.6181364260328,DIA,index,True
2025-02-18,2025-02-18 00:00:00,1122.4264217348402,27167836.0,1130.5900152362374,1141.2079832104891,1114.661953904257,DIA,index,True
2025-02-19,2025-02-19 00:00:00,1130.1778811644172,45306968.0,1123.3474673432033,1131.8102538684311,1113.6156793464847,DIA,index,True
2025-02-20,2025-02-20 00:00:00,1123.610271059933,31087332.0,1122.2228872453707,1124.2679679583093,1111.301436340786,DIA,index,True
2025-02-21,2025-02-21 00:00:00,1122.5808344420072,32540775.0,1123.849655090252,1131.100165587212,1116.5782926798972,DIA,index,True
2025-02-24,2025-02-24 00:00:00,1123.977612919693,26293960.0,1124.0679131690665,1130.4971263634131,1120.819527004179,DIA,index,True
2025-02-25,2025-02-25 00:00:00,1123.7744484814427,5061908.0,1119.4059858689961,1131.3314102266445,1115.592304536978,DIA,index,True
2025-02-26,2025-02-26 00:00:00,1119.0506179472873,39899409.0,1125.719667063396,1130.3474723596005,1114.838805241274,DIA,index,True
2025-02-27,2025-02-27 00:00:00,1125.924576198333,17159999.0,1131.6908222373247,1136.0807910776923,1122.5800410764587,DIA,index,True
2025-02-28,2025-02-28 00:00:00,1131.3206808214106,16915969.0,1124.5366294357746,1135.745471258182,1120.638497566179,DIA,index,True
2025-03-03,2025-03-03 00:00:00,1124.1813803876444,37396309.0,1116.8952225843718,1125.1647205771287,1110.706060973082,DIA,index,True
2025-03-04,2025-03-04 00:00:00,1116.9011415996943,5399217.0,1127.2324140898381,1131.6960590473373,1107.2449182520086,DIA,index,True
2025-03-05,2025-03-05 00:00:00,1127.001276855168,22980342.0,1117.9717313360625,1138.2443045593025,1113.418605667805,DIA,index,True
2025-03-06,2025-03-06 00:00:00,1117.8797625623365,34060393.0,1119.034776394706,1123.032324537637,1116.1572288501814,DIA,index,True
2025-03-07,2025-03-07 00:00:00,1118.565558746221,20951230.0,1129.5356965348988,1140.526434126901,1117.9225359247291,DIA,index,True
2025-03-10,2025-03-10 00:00:00,1129.410219676052,45833794.0,1135.8783198336496,1139.141829654747,1125.2161404630865,DIA,index,True
2025-03-11,2025-03-11 00:00:00,1135.880897709544,19162239.0,1142.8172378610554,1147.2610035105527,1133.7134343267944,DIA,index,True
2025-03-12,2025-03-12 00:00:00,1142.971992763649,40219094.0,1146.818702205556,1153.172652402182,1138.3483868980913,DIA,index,True
2025-03-13,2025-03-13 00:00:00,1147.1411173018905,39457604.0,1151.982966442497,1153.5054145910935,1143.2762805273633,DIA,index,True
2025-03-14,2025-03-14 00:00:00,1151.500583654079,24522161.0,1151.189006624734,1158.8399411016796,1141.6302826583837,DIA,index,True
2025-03-17,2025-03-17 00:00:00,1151.5710678973742,19543753.0,1158.9733007119503,1167.598981256458,1142.8503834538383,DIA,index,True
2025-03-18,2025-03-18 00:00:00,1158.996730884353,29038245.0,1156.2246175113312,1169.3947536502299,1153.7995047202605,DIA,index,True
2025-03-19,2025-03-19 00:00:00,1156.3966704753855,30935375.0,1148.5089260798793,1163.3819561678815,1139.637073756164,DIA,index,True
2025-03-20,2025-03-20 00:00:00,1148.6896576566442,19183796.0,1143.5178965594557,1157.348545460075,1143.1832351150183,DIA,index,True
2025-03-21,2025-03-21 00:00:00,1143.7884128956753,19742835.0,1143.2093079965512,1144.0573056774701,1139.5861228717476,DIA,index,True
2025-03-24,2025-03-24 00:00:00,1143.310718947865,42302197.0,1153.1225054275444,1154.588760252789,1135.3514554489798,DIA,index,True
2025-03-25,2025-03-25 00:00:00,1153.0762018685284,19647299.0,1161.673189651938,1166.2085440886688,1144.2275632939306,DIA,index,True
2025-03-26,2025-03-26 00:00:00,1161.7656802606152,49584421.0,1164.883607843931,1170.26683374184,1158.9565935444011,DIA,index,True
2025-03-27,2025-03-27 00:00:00,1165.224107860614,43853305.0,1176.7212632580733,1183.420250648524,1165.2106720134177,DIA,index,True
2025-03-28,2025-03-28 00:00:00,1176.580414480218,5682192.0,1182.6069407050302,1190.7451106477545,1173.2501841465187,DIA,index,True
2025-03-31,2025-03-31 00:00:00,1182.8584118661843,49994715.0,1194.777125273098,1199.5922691058865,1175.9916679732773,DIA,index,True
2025-04-01,2025-04-01 00:00:00,1194.6380125007925,43034261.0,1200.1546299213553,1208.362871162493,1182.7997529210083,DIA,index,True
2025-04-02,2025-04-02 00:00:00,1199.9736077116108,15574708.0,1201.0279849815045,1203.7237970495244,1193.656802693227,DIA,index,True
2025-04-03,2025-04-03 00:00:00,1201.2990083213956,16748491.0,1203.2837398688223,1212.1907334080192,1200.3627560016855,DIA,index,True
2025-04-04,2025-04-04 00:00:00,1203.571927762444,42785526.0,1192.5149665811884,1204.095102009723,1184.9945043665039,DIA,index,True
2025-04-07,2025-04-07 00:00:00,1192.9427338333876,25626937.0,1188.642815101561,1203.7022136993355,1181.0233163467296,DIA,index,True
2025-04-08,2025-04-08 00:00:00,1188.2582751358123,45194881.0,1181.4706703733464,1195.4854059331237,1175.517822026728,DIA,index,True
2025-04-09,2025-04-09 00:00:00,1181.0722222781676,32852365.0,1174.5067285317446,1181.2554868087807,1169.9575891330842,DIA,index,True
2025-04-10,2025-04-10 00:00:00,1174.7651403319408,41557260.0,1181.9999723907958,1185.5314045355115,1172.8707265602488,DIA,index,True
2025-04-11,2025-04-11 00:00:00,1181.9869963177493,34627394.0,1176.97216469144,1183.3857466020852,1166.8476786377994,DIA,index,True
2025-04-14,2025-04-14 00:00:00,1177.1911059228505,35542997.0,1186.9109980762814,1192.1727882958924,1168.9981228445954,DIA,index,True
2025-04-15,2025-04-15 00:00:00,1186.8080549632089,11803706.0,1182.6282177343728,1195.9462029206506,1176.0595399108659,DIA,index,True
2025-04-16,2025-04-16 00:00:00,1182.4439502404077,23655697.0,1185.7060361138604,1190.5391840445866,1175.0123674023826,DIA,index,True
2025-04-17,2025-04-17 00:00:00,1185.9695240552307,13292616.0,1187.2769160432579,1193.2964224841942,1175.7050860743354,DIA,index,True
2025-04-18,2025-04-18 00:00:00,1186.7650484719038,19998794.0,1180.4519848813525,1191.9018724219886,1179.9206014013503,DIA,index,True
2025-04-21,2025-04-21 00:00:00,1180.5305671252859,31600561.0,1174.5696446243662,1189.3762974223685,1173.290790589771,DIA,index,True
2025-04-22,2025-04-22 00:00:00,1174.3394158673157,31028308.0,1171.13761683147,1177.350567676433,1168.3469897247599,DIA,index,True
2025-04-23,2025-04-23 00:00:00,1171.3308568607306,15899439.0,1178.8729563748043,1182.6723953590654,1166.6199021863158,DIA,index,True
2025-04-24,2025-04-24 00:00:00,1178.9110696135745,32657163.0,1189.3078312484174,1197.148305015172,1177.04771308416,DIA,index,True
2025-04-25,2025-04-25 00:00:00,1189.1512717824164,30981734.0,1194.6353715519324,1197.303133376997,1182.5368312032733,DIA,index,True
2025-04-28,2025-04-28 00:00:00,1194.2977908273779,49433862.0,1185.5132806614868,1202.5299850524823,1182.7197307829058,DIA,index,True
2025-04-29,2025-04-29 00:00:00,1185.1612608798664,14181569.0,1193.2299773672942,1204.0995987985125,1183.2924197536356,DIA,index,True
2025-04-30,2025-04-30 00:00:00,1193.4735154780121,39919761.0,1205.0350859007954,1217.0101317230553,1185.7486901146242,DIA,index,True
2025-05-01,2025-05-01 00:00:00,1204.5535786624955,43199331.0,1207.3869286977354,1211.054466404038,1201.514156225302,DIA,index,True
2025-05-02,2025-05-02 00:00:00,1207.650077195156,10069258.0,1198.4550090550442,1218.378644983913,1192.9460888706726,DIA,index,True
2025-05-05,2025-05-05 00:00:00,1198.7447057315578,40755473.0,1205.1278730980991,1207.2652901062268,1191.648073471786,DIA,index,True
2025-05-06,2025-05-06 00:00:00,1204.6955963167532,14648892.0,1211.374158571476,1219.7135257341529,1198.9435508753625,DIA,index,True
2025-05-07,2025-05-07 00:00:00,1211.2516128441312,33217246.0,1204.222351498722,1217.8938861515064,1203.8231930540203,DIA,index,True
2025-05-08,2025-05-08 00:00:00,1204.3479809860196,48602128.0,1194.1405761919807,1213.8097769033595,1183.0697286169652,DIA,index,True
2025-05-09,2025-05-09 00:00:00,1193.9006943662607,29587576.0,1202.3826085824526,1210.8001128589533,1190.7041988024725,DIA,index,True
2025-05-12,2025-05-12 00:00:00,1202.3949483377626,36993420.0,1203.0002994400134,1204.1818245968705,1196.1569720779494,DIA,index,True
2025-05-13,2025-05-13 00:00:00,1203.2148618592523,47902064.0,1206.647738847932,1213.014072243524,1199.397045059599,DIA,index,True
2025-05-14,2025-05-14 00:00:00,1206.285770807692,37551645.0,1200.2615550028117,1209.2275880251022,1189.7948943872823,DIA,index,True
2025-05-15,2025-05-15 00:00:00,1199.7805263625926,22674082.0,1207.5460386506368,1214.0261805315884,1191.3206196889446,DIA,index,True
2025-05-16,2025-05-16 00:00:00,1207.3996472763981,42212648.0,1216.8094153530894,1222.6434511752757,1202.1792091189902,DIA,index,True
2025-05-19,2025-05-19 00:00:00,1217.1243375309862,44527508.0,1209.9381250260294,1219.5629148478345,1205.191826765577,DIA,index,True
2025-05-20,2025-05-20 00:00:00,1209.5270390894618,38118109.0,1200.3042396229664,1216.4744550525595,1195.935738957072,DIA,index,True
2025-05-21,2025-05-21 00:00:00,1199.910754134144,16279102.0,1201.6641273987993,1211.5810372883718,1197.5944660443834,DIA,index,True
2025-05-22,2025-05-22 00:00:00,1201.3754005235612,24486951.0,1204.7066509865042,1214.204972673468,1193.3764251363461,DIA,index,True
2025-05-23,2025-05-23 00:00:00,1204.8672782731535,25623472.0,1194.5227391502785,1205.871201574578,1183.7354085695617,DIA,index,True
2025-05-26,2025-05-26 00:00:00,1194.6471978942245,48213210.0,1190.5019193413752,1205.047385341794,1178.9002936234285,DIA,index,True
2025-05-27,2025-05-27 00:00:00,1190.1306758985643,48292713.0,1182.2492484337984,1190.1891492431798,1171.5010843850478,DIA,index,True
2025-05-28,2025-05-28 00:00:00,1182.2295640640743,9608451.0,1184.027797526197,1189.084046829061,1173.0884614726003,DIA,index,True
2025-05-29,2025-05-29 00:00:00,1184.3301593013355,34998341.0,1178.2053732539287,1184.8995278550533,1174.7344138379376,DIA,index,True
2025-05-30,2025-05-30 00:00:00,1178.5815592018873,28856841.0,1171.3109998399593,1189.330019240367,1161.7282866432342,DIA,index,True
2025-06-02,2025-06-02 00:00:00,1170.8020816993687,27338174.0,1178.1785265382537,1183.0607842091342,1161.4325079637504,DIA,index,True
2025-06-03,2025-06-03 00:00:00,1177.9915071859461,16958267.0,1185.9470723763561,1190.816262643315,1173.6086185837573,DIA,index,True
2025-06-04,2025-06-04 00:00:00,1185.8850354134747,32142971.0,1185.578396841629,1190.057807189377,1184.86540543527,DIA,index,True
2025-06-05,2025-06-05 00:00:00,1185.309023122099,17550514.0,1192.80460534984,1199.8188803694973,1181.7827520900594,DIA,index,True
2025-06-06,2025-06-06 00:00:00,1192.71550464085,25797501.0,1185.141599043377,1195.7893897078804,1176.8919791713492,DIA,index,True
2025-06-09,2025-06-09 00:00:00,1184.6555538760488,31318848.0,1189.84925656004,1189.9251820619656,1176.749566911322,DIA,index,True
2025-06-10,2025-06-10 00:00:00,1190.1135319599714,32874167.0,1183.2781304159535,1196.4850080761005,1173.4508298020596,DIA,index,True
2025-06-11,2025-06-11 00:00:00,1183.1180031442495,15061753.0,1178.734028494999,1192.842512370898,1168.5071100375158,DIA,index,True
2025-06-12,2025-06-12 00:00:00,1178.8756815372149,12481190.0,1189.5613470525475,1197.0968276939157,1177.2065104896606,DIA,index,True
2025-06-13,2025-06-13 00:00:00,1189.0930092637966,6253571.0,1191.4744711726378,1201.2457105267351,1182.560218870991,DIA,index,True
2025-06-16,2025-06-16 00:00:00,1191.8998749544373,42016071.0,1194.5107172542162,1196.4692116908082,1180.2500104269711,DIA,index,True
2025-06-17,2025-06-17 00:00:00,1193.9857688303362,45379904.0,1201.3793197881164,1207.2099337697998,1191.7571085742698,DIA,index,True
2025-06-18,2025-06-18 00:00:00,1200.987923673246,19710623.0,1200.8908955706927,1205.5669030446757,1192.310281430036,DIA,index,True
2025-06-19,2025-06-19 00:00:00,1200.4426043131193,33602320.0,1198.9147885744353,1207.717464717465,1191.3854758634131,DIA,index,True
2025-06-20,2025-06-20 00:00:00,1198.720124543364,11286496.0,1202.4932284337226,1205.997396262074,1190.9330246643312,DIA,index,True
2025-06-23,2025-06-23 00:00:00,1202.0290768966684,30895678.0,1195.9102472800398,1211.343506187642,1190.0715579452685,DIA,index,True
2025-06-24,2025-06-24 00:00:00,1195.5165330941795,20218658.0,1194.9412647555453,1197.6206753965569,1191.2338220846257,DIA,index,True
2025-06-25,2025-06-25 00:00:00,1194.8380920120096,46434792.0,1186.726849712821,1205.2749543980085,1177.3443335189006,DIA,index,True
2025-06-26,2025-06-26 00:00:00,1187.0148326272624,16522879.0,1193.0991900704294,1200.7979984052115,1187.0067303054188,DIA,index,True
2025-06-27,2025-06-27 00:00:00,1193.0417806450437,38684145.0,1189.2323996719615,1197.9553547030089,1180.1094450328612,DIA,index,True
2025-06-30,2025-06-30 00:00:00,1188.9413797369868,36898875.0,1197.6724344812437,1200.7061481198448,1183.714353751925,DIA,index,True
2025-07-01,2025-07-01 00:00:00,1197.2189932788835,35328554.0,1191.1732144818743,1205.8904874718253,1190.5541260640337,DIA,index,True
2025-07-02,2025-07-02 00:00:00,1191.3381576121542,43303938.0,1187.5667214632717,1193.8409460876633,1176.940797051408,DIA,index,True
2025-07-03,2025-07-03 00:00:00,1187.8367573933338,30466893.0,1199.0275801124246,1204.2867022911814,1187.4130553321297,DIA,index,True
2025-07-04,2025-07-04 00:00:00,1198.861140767832,45130340.0,1195.6619949350595,1203.441507696288,1191.4901343299425,DIA,index,True
2025-07-07,2025-07-07 00:00:00,1195.8803670043524,16021881.0,1196.5731921172267,1206.4366579465448,1187.2796389680968,DIA,index,True
2025-07-08,2025-07-08 00:00:00,1196.907996708866,24794597.0,1200.6131251585998,1206.8163762803188,1193.4938703571975,DIA,index,True
2025-07-09,2025-07-09 00:00:00,1200.8287634229719,45210343.0,1203.2928709740142,1206.1178894432649,1197.619760468474,DIA,index,True
2025-07-10,2025-07-10 00:00:00,1203.6153828359304,47428786.0,1203.8393377382106,1208.443004108146,1197.5862347227,DIA,index,True
2025-07-11,2025-07-11 00:00:00,1204.0493009447323,31485741.0,1211.7202479015941,1213.3797147790283,1196.5249961776883,DIA,index,True
2025-07-14,2025-07-14 00:00:00,1211.3541884773306,28337688.0,1210.120313610713,1215.5037190435824,1200.5876957946587,DIA,index,True
2025-07-15,2025-07-15 00:00:00,1209.8697211279514,11174960.0,1206.0,1217.4068989394573,1202.8483670437852,DIA,index,True
