Date,Datetime,Close,Volume,Open,High,Low,Symbol,Type,IsMock
2025-04-16,2025-04-16 05:30:00,83656.49248858042,25084671427.622566,83656.49248858042,83656.49248858042,83656.49248858042,BTC-USD,crypto,
2025-04-17,2025-04-17 05:30:00,84105.77942167096,26948109141.803364,84105.77942167096,84105.77942167096,84105.77942167096,BTC-USD,crypto,
2025-04-18,2025-04-18 05:30:00,84930.90857600998,19323821375.14309,84930.90857600998,84930.90857600998,84930.90857600998,BTC-USD,crypto,
2025-04-19,2025-04-19 05:30:00,84433.75017215389,9550691272.782005,84433.75017215389,84433.75017215389,84433.75017215389,BTC-USD,crypto,
2025-04-20,2025-04-20 05:30:00,85126.66244301842,12635983530.804455,85126.66244301842,85126.66244301842,85126.66244301842,BTC-USD,crypto,
2025-04-21,2025-04-21 05:30:00,85073.16544858096,12625843856.313684,85073.16544858096,85073.16544858096,85073.16544858096,BTC-USD,crypto,
2025-04-22,2025-04-22 05:30:00,87452.04699068287,40070025414.28289,87452.04699068287,87452.04699068287,87452.04699068287,BTC-USD,crypto,
2025-04-23,2025-04-23 05:30:00,93576.16588573981,53841992235.36636,93576.16588573981,93576.16588573981,93576.16588573981,BTC-USD,crypto,
2025-04-24,2025-04-24 05:30:00,93605.45230873208,39901515879.65954,93605.45230873208,93605.45230873208,93605.45230873208,BTC-USD,crypto,
2025-04-25,2025-04-25 05:30:00,93872.81422867288,30031246761.093452,93872.81422867288,93872.81422867288,93872.81422867288,BTC-USD,crypto,
2025-04-26,2025-04-26 05:30:00,94773.11200643536,39336184715.04292,94773.11200643536,94773.11200643536,94773.11200643536,BTC-USD,crypto,
2025-04-27,2025-04-27 05:30:00,94644.06637120107,15445392739.787264,94644.06637120107,94644.06637120107,94644.06637120107,BTC-USD,crypto,
2025-04-28,2025-04-28 05:30:00,93809.33781968223,15926259371.057959,93809.33781968223,93809.33781968223,93809.33781968223,BTC-USD,crypto,
2025-04-29,2025-04-29 05:30:00,95030.60645474444,31913814736.53902,95030.60645474444,95030.60645474444,95030.60645474444,BTC-USD,crypto,
2025-04-30,2025-04-30 05:30:00,94256.35946318062,25882629766.278946,94256.35946318062,94256.35946318062,94256.35946318062,BTC-USD,crypto,
2025-05-01,2025-05-01 05:30:00,94235.75331048167,26541700309.366146,94235.75331048167,94235.75331048167,94235.75331048167,BTC-USD,crypto,
2025-05-02,2025-05-02 05:30:00,96426.94522273027,30207566405.468834,96426.94522273027,96426.94522273027,96426.94522273027,BTC-USD,crypto,
2025-05-03,2025-05-03 05:30:00,96855.5681343944,23276376191.483967,96855.5681343944,96855.5681343944,96855.5681343944,BTC-USD,crypto,
2025-05-04,2025-05-04 05:30:00,95922.86842404422,13797554863.642815,95922.86842404422,95922.86842404422,95922.86842404422,BTC-USD,crypto,
2025-05-05,2025-05-05 05:30:00,94326.62048529249,14903122945.616686,94326.62048529249,94326.62048529249,94326.62048529249,BTC-USD,crypto,
2025-05-06,2025-05-06 05:30:00,94758.8237105546,24086456278.203846,94758.8237105546,94758.8237105546,94758.8237105546,BTC-USD,crypto,
2025-05-07,2025-05-07 05:30:00,96854.53198815876,23348052607.071873,96854.53198815876,96854.53198815876,96854.53198815876,BTC-USD,crypto,
2025-05-08,2025-05-08 05:30:00,97026.49376966801,64376174032.08048,97026.49376966801,97026.49376966801,97026.49376966801,BTC-USD,crypto,
2025-05-09,2025-05-09 05:30:00,103076.27555512934,50020047720.65604,103076.27555512934,103076.27555512934,103076.27555512934,BTC-USD,crypto,
2025-05-10,2025-05-10 05:30:00,102962.54045692299,40800894903.23446,102962.54045692299,102962.54045692299,102962.54045692299,BTC-USD,crypto,
2025-05-11,2025-05-11 05:30:00,104630.8792994166,21558992540.042442,104630.8792994166,104630.8792994166,104630.8792994166,BTC-USD,crypto,
2025-05-12,2025-05-12 05:30:00,103994.061616746,27389436049.454792,103994.061616746,103994.061616746,103994.061616746,BTC-USD,crypto,
2025-05-13,2025-05-13 05:30:00,102876.8304286011,43090605819.36596,102876.8304286011,102876.8304286011,102876.8304286011,BTC-USD,crypto,
2025-05-14,2025-05-14 05:30:00,104184.49039270742,33861432519.50822,104184.49039270742,104184.49039270742,104184.49039270742,BTC-USD,crypto,
2025-05-15,2025-05-15 05:30:00,103594.42575090709,28398245846.798244,103594.42575090709,103594.42575090709,103594.42575090709,BTC-USD,crypto,
2025-05-16,2025-05-16 05:30:00,103708.85136423641,31823340473.339912,103708.85136423641,103708.85136423641,103708.85136423641,BTC-USD,crypto,
2025-05-17,2025-05-17 05:30:00,103556.03493982446,25887953182.14765,103556.03493982446,103556.03493982446,103556.03493982446,BTC-USD,crypto,
2025-05-18,2025-05-18 05:30:00,103212.36483885496,18950056010.479057,103212.36483885496,103212.36483885496,103212.36483885496,BTC-USD,crypto,
2025-05-19,2025-05-19 05:30:00,106030.6376831359,30744060179.802963,106030.6376831359,106030.6376831359,106030.6376831359,BTC-USD,crypto,
2025-05-20,2025-05-20 05:30:00,105629.41580436694,43339734153.75087,105629.41580436694,105629.41580436694,105629.41580436694,BTC-USD,crypto,
2025-05-21,2025-05-21 05:30:00,106786.71995834043,36393687094.25122,106786.71995834043,106786.71995834043,106786.71995834043,BTC-USD,crypto,
2025-05-22,2025-05-22 05:30:00,109665.86371625263,60722883113.84,109665.86371625263,109665.86371625263,109665.86371625263,BTC-USD,crypto,
2025-05-23,2025-05-23 05:30:00,111560.356938144,52218408239.45193,111560.356938144,111560.356938144,111560.356938144,BTC-USD,crypto,
2025-05-24,2025-05-24 05:30:00,107216.66856870624,49251745837.96465,107216.66856870624,107216.66856870624,107216.66856870624,BTC-USD,crypto,
2025-05-25,2025-05-25 05:30:00,107831.36374380375,27128230116.517162,107831.36374380375,107831.36374380375,107831.36374380375,BTC-USD,crypto,
2025-05-26,2025-05-26 05:30:00,108861.81037744327,29652659665.048733,108861.81037744327,108861.81037744327,108861.81037744327,BTC-USD,crypto,
2025-05-27,2025-05-27 05:30:00,109377.71513263129,27950577137.918888,109377.71513263129,109377.71513263129,109377.71513263129,BTC-USD,crypto,
2025-05-28,2025-05-28 05:30:00,109068.45694901445,38978783508.88622,109068.45694901445,109068.45694901445,109068.45694901445,BTC-USD,crypto,
2025-05-29,2025-05-29 05:30:00,107838.18431100152,29794278037.284946,107838.18431100152,107838.18431100152,107838.18431100152,BTC-USD,crypto,
2025-05-30,2025-05-30 05:30:00,105745.41660358038,38279231892.56757,105745.41660358038,105745.41660358038,105745.41660358038,BTC-USD,crypto,
2025-05-31,2025-05-31 05:30:00,104010.91956242644,39680060337.610214,104010.91956242644,104010.91956242644,104010.91956242644,BTC-USD,crypto,
2025-06-01,2025-06-01 05:30:00,104687.50742934884,20432694555.09522,104687.50742934884,104687.50742934884,104687.50742934884,BTC-USD,crypto,
2025-06-02,2025-06-02 05:30:00,105710.00593822816,17721500507.53389,105710.00593822816,105710.00593822816,105710.00593822816,BTC-USD,crypto,
2025-06-03,2025-06-03 05:30:00,105884.74263221149,26313843058.73954,105884.74263221149,105884.74263221149,105884.74263221149,BTC-USD,crypto,
2025-06-04,2025-06-04 05:30:00,105434.47745144971,25925661121.080395,105434.47745144971,105434.47745144971,105434.47745144971,BTC-USD,crypto,
2025-06-05,2025-06-05 05:30:00,104812.9182188067,25812143562.797962,104812.9182188067,104812.9182188067,104812.9182188067,BTC-USD,crypto,
2025-06-06,2025-06-06 05:30:00,101650.7387545425,39711941132.0234,101650.7387545425,101650.7387545425,101650.7387545425,BTC-USD,crypto,
2025-06-07,2025-06-07 05:30:00,104409.74967959142,29897390978.090103,104409.74967959142,104409.74967959142,104409.74967959142,BTC-USD,crypto,
2025-06-08,2025-06-08 05:30:00,105681.4546141758,17749731308.73042,105681.4546141758,105681.4546141758,105681.4546141758,BTC-USD,crypto,
2025-06-09,2025-06-09 05:30:00,105692.24740699006,16044679696.270103,105692.24740699006,105692.24740699006,105692.24740699006,BTC-USD,crypto,
2025-06-10,2025-06-10 05:30:00,110261.57485948496,38222993297.50514,110261.57485948496,110261.57485948496,110261.57485948496,BTC-USD,crypto,
2025-06-11,2025-06-11 05:30:00,110212.73252109604,36303839182.734825,110212.73252109604,110212.73252109604,110212.73252109604,BTC-USD,crypto,
2025-06-12,2025-06-12 05:30:00,108679.9760916168,30338936631.626648,108679.9760916168,108679.9760916168,108679.9760916168,BTC-USD,crypto,
2025-06-13,2025-06-13 05:30:00,105979.22902375912,35865159511.38857,105979.22902375912,105979.22902375912,105979.22902375912,BTC-USD,crypto,
2025-06-14,2025-06-14 05:30:00,106045.56440819203,49471015505.74361,106045.56440819203,106045.56440819203,106045.56440819203,BTC-USD,crypto,
2025-06-15,2025-06-15 05:30:00,105482.90611628917,17916412455.866283,105482.90611628917,105482.90611628917,105482.90611628917,BTC-USD,crypto,
2025-06-16,2025-06-16 05:30:00,105554.49383061715,16568441852.649668,105554.49383061715,105554.49383061715,105554.49383061715,BTC-USD,crypto,
2025-06-17,2025-06-17 05:30:00,106951.2720181497,32095957011.724205,106951.2720181497,106951.2720181497,106951.2720181497,BTC-USD,crypto,
2025-06-18,2025-06-18 05:30:00,104683.42479835715,38603212010.889435,104683.42479835715,104683.42479835715,104683.42479835715,BTC-USD,crypto,
2025-06-19,2025-06-19 05:30:00,104722.695052907,30339326410.154945,104722.695052907,104722.695052907,104722.695052907,BTC-USD,crypto,
2025-06-20,2025-06-20 05:30:00,104690.65002458123,18063282658.152298,104690.65002458123,104690.65002458123,104690.65002458123,BTC-USD,crypto,
2025-06-21,2025-06-21 05:30:00,103290.105144757,30632751225.407444,103290.105144757,103290.105144757,103290.105144757,BTC-USD,crypto,
2025-06-22,2025-06-22 05:30:00,101532.5683847329,21644463198.719532,101532.5683847329,101532.5683847329,101532.5683847329,BTC-USD,crypto,
2025-06-23,2025-06-23 05:30:00,100852.58264648831,51287142390.02526,100852.58264648831,100852.58264648831,100852.58264648831,BTC-USD,crypto,
2025-06-24,2025-06-24 05:30:00,105511.62437933135,50011797128.6837,105511.62437933135,105511.62437933135,105511.62437933135,BTC-USD,crypto,
2025-06-25,2025-06-25 05:30:00,105976.06929808448,31704641076.941063,105976.06929808448,105976.06929808448,105976.06929808448,BTC-USD,crypto,
2025-06-26,2025-06-26 05:30:00,107238.53045016268,30468274982.034847,107238.53045016268,107238.53045016268,107238.53045016268,BTC-USD,crypto,
2025-06-27,2025-06-27 05:30:00,106984.01253775663,24320699663.15122,106984.01253775663,106984.01253775663,106984.01253775663,BTC-USD,crypto,
2025-06-28,2025-06-28 05:30:00,107078.91560644074,25194306261.888832,107078.91560644074,107078.91560644074,107078.91560644074,BTC-USD,crypto,
2025-06-29,2025-06-29 05:30:00,107331.58548463577,8960877693.57604,107331.58548463577,107331.58548463577,107331.58548463577,BTC-USD,crypto,
2025-06-30,2025-06-30 05:30:00,108396.61631317894,14881078675.366829,108396.61631317894,108396.61631317894,108396.61631317894,BTC-USD,crypto,
2025-07-01,2025-07-01 05:30:00,107132.79910701896,22489515582.41552,107132.79910701896,107132.79910701896,107132.79910701896,BTC-USD,crypto,
2025-07-02,2025-07-02 05:30:00,105613.39974163055,25033160828.30909,105613.39974163055,105613.39974163055,105613.39974163055,BTC-USD,crypto,
2025-07-03,2025-07-03 05:30:00,108824.44423167943,36395184773.06136,108824.44423167943,108824.44423167943,108824.44423167943,BTC-USD,crypto,
2025-07-04,2025-07-04 05:30:00,109602.20483914016,29892049537.628605,109602.20483914016,109602.20483914016,109602.20483914016,BTC-USD,crypto,
2025-07-05,2025-07-05 05:30:00,108040.8919400104,24248906784.57383,108040.8919400104,108040.8919400104,108040.8919400104,BTC-USD,crypto,
2025-07-06,2025-07-06 05:30:00,108217.46849992426,10042942280.966904,108217.46849992426,108217.46849992426,108217.46849992426,BTC-USD,crypto,
2025-07-07,2025-07-07 05:30:00,109215.19771840284,14638669497.351297,109215.19771840284,109215.19771840284,109215.19771840284,BTC-USD,crypto,
2025-07-08,2025-07-08 05:30:00,108300.71675785031,25493246475.80407,108300.71675785031,108300.71675785031,108300.71675785031,BTC-USD,crypto,
2025-07-09,2025-07-09 05:30:00,108953.19187727802,20488865138.27645,108953.19187727802,108953.19187727802,108953.19187727802,BTC-USD,crypto,
2025-07-10,2025-07-10 05:30:00,111327.53054245669,37078460440.66385,111327.53054245669,111327.53054245669,111327.53054245669,BTC-USD,crypto,
2025-07-11,2025-07-11 05:30:00,115879.65030112496,56204086624.04028,115879.65030112496,115879.65030112496,115879.65030112496,BTC-USD,crypto,
2025-07-12,2025-07-12 05:30:00,117571.02510036016,64185145923.88688,117571.02510036016,117571.02510036016,117571.02510036016,BTC-USD,crypto,
2025-07-13,2025-07-13 05:30:00,117418.95745007684,24351256098.393543,117418.95745007684,117418.95745007684,117418.95745007684,BTC-USD,crypto,
2025-07-14,2025-07-14 05:30:00,119117.55666327637,27310851454.97692,119117.55666327637,119117.55666327637,119117.55666327637,BTC-USD,crypto,
2025-07-15,2025-07-15 01:17:51,119798.6543245206,68906638723.52737,119798.6543245206,119798.6543245206,119798.6543245206,BTC-USD,crypto,
2025-04-16,2025-04-16 05:30:00,1587.8222244021401,11786525215.180002,1587.8222244021401,1587.8222244021401,1587.8222244021401,ETH-USD,crypto,
2025-04-17,2025-04-17 05:30:00,1577.7073516760117,13120084885.866234,1577.7073516760117,1577.7073516760117,1577.7073516760117,ETH-USD,crypto,
2025-04-18,2025-04-18 05:30:00,1583.4764497002345,9437178720.867388,1583.4764497002345,1583.4764497002345,1583.4764497002345,ETH-USD,crypto,
2025-04-19,2025-04-19 05:30:00,1589.1516208270755,5254078676.877919,1589.1516208270755,1589.1516208270755,1589.1516208270755,ETH-USD,crypto,
2025-04-20,2025-04-20 05:30:00,1615.0502549158562,5148626529.402773,1615.0502549158562,1615.0502549158562,1615.0502549158562,ETH-USD,crypto,
2025-04-21,2025-04-21 05:30:00,1585.4600253443446,6695768150.024456,1585.4600253443446,1585.4600253443446,1585.4600253443446,ETH-USD,crypto,
2025-04-22,2025-04-22 05:30:00,1577.4465595922347,15275062279.387148,1577.4465595922347,1577.4465595922347,1577.4465595922347,ETH-USD,crypto,
2025-04-23,2025-04-23 05:30:00,1759.7064599311093,24271980430.95098,1759.7064599311093,1759.7064599311093,1759.7064599311093,ETH-USD,crypto,
2025-04-24,2025-04-24 05:30:00,1793.969849485534,22099177230.61867,1793.969849485534,1793.969849485534,1793.969849485534,ETH-USD,crypto,
2025-04-25,2025-04-25 05:30:00,1769.3925107354407,12923295609.972548,1769.3925107354407,1769.3925107354407,1769.3925107354407,ETH-USD,crypto,
2025-04-26,2025-04-26 05:30:00,1788.7981804331257,15656748328.784924,1788.7981804331257,1788.7981804331257,1788.7981804331257,ETH-USD,crypto,
2025-04-27,2025-04-27 05:30:00,1821.2695303291391,10293614895.776522,1821.2695303291391,1821.2695303291391,1821.2695303291391,ETH-USD,crypto,
2025-04-28,2025-04-28 05:30:00,1793.6918440730135,9632458065.106846,1793.6918440730135,1793.6918440730135,1793.6918440730135,ETH-USD,crypto,
2025-04-29,2025-04-29 05:30:00,1799.50191449199,16777384305.88931,1799.50191449199,1799.50191449199,1799.50191449199,ETH-USD,crypto,
2025-04-30,2025-04-30 05:30:00,1796.9720456768928,13994558644.11867,1796.9720456768928,1796.9720456768928,1796.9720456768928,ETH-USD,crypto,
2025-05-01,2025-05-01 05:30:00,1794.0495408617828,13644627083.285889,1794.0495408617828,1794.0495408617828,1794.0495408617828,ETH-USD,crypto,
2025-05-02,2025-05-02 05:30:00,1838.8543285925753,14310565589.052694,1838.8543285925753,1838.8543285925753,1838.8543285925753,ETH-USD,crypto,
2025-05-03,2025-05-03 05:30:00,1841.427590836958,11686301446.49476,1841.427590836958,1841.427590836958,1841.427590836958,ETH-USD,crypto,
2025-05-04,2025-05-04 05:30:00,1834.501911876416,6704990478.824657,1834.501911876416,1834.501911876416,1834.501911876416,ETH-USD,crypto,
2025-05-05,2025-05-05 05:30:00,1808.156093844096,7479845748.828526,1808.156093844096,1808.156093844096,1808.156093844096,ETH-USD,crypto,
2025-05-06,2025-05-06 05:30:00,1820.0044598893596,10545233503.347864,1820.0044598893596,1820.0044598893596,1820.0044598893596,ETH-USD,crypto,
2025-05-07,2025-05-07 05:30:00,1816.1686943818438,11950393736.527246,1816.1686943818438,1816.1686943818438,1816.1686943818438,ETH-USD,crypto,
2025-05-08,2025-05-08 05:30:00,1810.3169269284476,47111217119.49919,1810.3169269284476,1810.3169269284476,1810.3169269284476,ETH-USD,crypto,
2025-05-09,2025-05-09 05:30:00,2197.5611893238784,35992825075.05399,2197.5611893238784,2197.5611893238784,2197.5611893238784,ETH-USD,crypto,
2025-05-10,2025-05-10 05:30:00,2341.407963002621,44566779461.54657,2341.407963002621,2341.407963002621,2341.407963002621,ETH-USD,crypto,
2025-05-11,2025-05-11 05:30:00,2583.6829051429513,29947910159.02891,2583.6829051429513,2583.6829051429513,2583.6829051429513,ETH-USD,crypto,
2025-05-12,2025-05-12 05:30:00,2507.4693107597423,26138286410.23315,2507.4693107597423,2507.4693107597423,2507.4693107597423,ETH-USD,crypto,
2025-05-13,2025-05-13 05:30:00,2492.426391077375,31524626114.978752,2492.426391077375,2492.426391077375,2492.426391077375,ETH-USD,crypto,
2025-05-14,2025-05-14 05:30:00,2676.639163127913,32279895881.637806,2676.639163127913,2676.639163127913,2676.639163127913,ETH-USD,crypto,
2025-05-15,2025-05-15 05:30:00,2603.7180887199615,28150234190.931705,2603.7180887199615,2603.7180887199615,2603.7180887199615,ETH-USD,crypto,
2025-05-16,2025-05-16 05:30:00,2542.296692466797,26211434557.7159,2542.296692466797,2542.296692466797,2542.296692466797,ETH-USD,crypto,
2025-05-17,2025-05-17 05:30:00,2544.3870377235667,21130441534.96637,2544.3870377235667,2544.3870377235667,2544.3870377235667,ETH-USD,crypto,
2025-05-18,2025-05-18 05:30:00,2475.0543933696913,17185510890.702347,2475.0543933696913,2475.0543933696913,2475.0543933696913,ETH-USD,crypto,
2025-05-19,2025-05-19 05:30:00,2465.3409856139087,24797434472.364086,2465.3409856139087,2465.3409856139087,2465.3409856139087,ETH-USD,crypto,
2025-05-20,2025-05-20 05:30:00,2526.989643891319,25363871274.82505,2526.989643891319,2526.989643891319,2526.989643891319,ETH-USD,crypto,
2025-05-21,2025-05-21 05:30:00,2524.2743433146065,22871462735.416794,2524.2743433146065,2524.2743433146065,2524.2743433146065,ETH-USD,crypto,
2025-05-22,2025-05-22 05:30:00,2558.9502343769486,32697477527.54695,2558.9502343769486,2558.9502343769486,2558.9502343769486,ETH-USD,crypto,
2025-05-23,2025-05-23 05:30:00,2657.1674447566115,29592612076.505535,2657.1674447566115,2657.1674447566115,2657.1674447566115,ETH-USD,crypto,
2025-05-24,2025-05-24 05:30:00,2519.813809045145,30047329191.503662,2519.813809045145,2519.813809045145,2519.813809045145,ETH-USD,crypto,
2025-05-25,2025-05-25 05:30:00,2529.4429842284353,10744994421.192684,2529.4429842284353,2529.4429842284353,2529.4429842284353,ETH-USD,crypto,
2025-05-26,2025-05-26 05:30:00,2546.6201163370915,13814697849.726278,2546.6201163370915,2546.6201163370915,2546.6201163370915,ETH-USD,crypto,
2025-05-27,2025-05-27 05:30:00,2562.1729286392238,13350148034.293623,2562.1729286392238,2562.1729286392238,2562.1729286392238,ETH-USD,crypto,
2025-05-28,2025-05-28 05:30:00,2662.0940568241435,26434151855.253853,2662.0940568241435,2662.0940568241435,2662.0940568241435,ETH-USD,crypto,
2025-05-29,2025-05-29 05:30:00,2676.2674124507,18008588586.284103,2676.2674124507,2676.2674124507,2676.2674124507,ETH-USD,crypto,
2025-05-30,2025-05-30 05:30:00,2633.1392065286695,27021441335.5195,2633.1392065286695,2633.1392065286695,2633.1392065286695,ETH-USD,crypto,
2025-05-31,2025-05-31 05:30:00,2524.4762348050726,22927149330.30469,2524.4762348050726,2524.4762348050726,2524.4762348050726,ETH-USD,crypto,
2025-06-01,2025-06-01 05:30:00,2532.3627853090866,13006751258.18768,2532.3627853090866,2532.3627853090866,2532.3627853090866,ETH-USD,crypto,
2025-06-02,2025-06-02 05:30:00,2538.3300584367485,11338340571.11249,2538.3300584367485,2538.3300584367485,2538.3300584367485,ETH-USD,crypto,
2025-06-03,2025-06-03 05:30:00,2609.737253959435,15623967732.418657,2609.737253959435,2609.737253959435,2609.737253959435,ETH-USD,crypto,
2025-06-04,2025-06-04 05:30:00,2595.4689570062997,15955008730.338179,2595.4689570062997,2595.4689570062997,2595.4689570062997,ETH-USD,crypto,
2025-06-05,2025-06-05 05:30:00,2610.343189828259,16809606446.176416,2610.343189828259,2610.343189828259,2610.343189828259,ETH-USD,crypto,
2025-06-06,2025-06-06 05:30:00,2421.601103763502,25849573159.64817,2421.601103763502,2421.601103763502,2421.601103763502,ETH-USD,crypto,
2025-06-07,2025-06-07 05:30:00,2481.4039836690267,18395107930.47655,2481.4039836690267,2481.4039836690267,2481.4039836690267,ETH-USD,crypto,
2025-06-08,2025-06-08 05:30:00,2526.291995889778,9535426814.691927,2526.291995889778,2526.291995889778,2526.291995889778,ETH-USD,crypto,
2025-06-09,2025-06-09 05:30:00,2508.784123584585,10206893115.537256,2508.784123584585,2508.784123584585,2508.784123584585,ETH-USD,crypto,
2025-06-10,2025-06-10 05:30:00,2685.0001850413178,19485734665.28548,2685.0001850413178,2685.0001850413178,2685.0001850413178,ETH-USD,crypto,
2025-06-11,2025-06-11 05:30:00,2808.503208314919,38281210143.95115,2808.503208314919,2808.503208314919,2808.503208314919,ETH-USD,crypto,
2025-06-12,2025-06-12 05:30:00,2776.1371915822333,27369030837.548595,2776.1371915822333,2776.1371915822333,2776.1371915822333,ETH-USD,crypto,
2025-06-13,2025-06-13 05:30:00,2653.158968452672,26068993569.969894,2653.158968452672,2653.158968452672,2653.158968452672,ETH-USD,crypto,
2025-06-14,2025-06-14 05:30:00,2577.04861752583,38576471746.00814,2577.04861752583,2577.04861752583,2577.04861752583,ETH-USD,crypto,
2025-06-15,2025-06-15 05:30:00,2534.0702195359518,12077031034.291521,2534.0702195359518,2534.0702195359518,2534.0702195359518,ETH-USD,crypto,
2025-06-16,2025-06-16 05:30:00,2547.8456040920437,11678912429.510712,2547.8456040920437,2547.8456040920437,2547.8456040920437,ETH-USD,crypto,
2025-06-17,2025-06-17 05:30:00,2561.329843569428,24222149649.172424,2561.329843569428,2561.329843569428,2561.329843569428,ETH-USD,crypto,
2025-06-18,2025-06-18 05:30:00,2514.986700576147,25926506708.040215,2514.986700576147,2514.986700576147,2514.986700576147,ETH-USD,crypto,
2025-06-19,2025-06-19 05:30:00,2521.3334233964915,17800721253.243202,2521.3334233964915,2521.3334233964915,2521.3334233964915,ETH-USD,crypto,
2025-06-20,2025-06-20 05:30:00,2522.1791903642184,10392473841.155851,2522.1791903642184,2522.1791903642184,2522.1791903642184,ETH-USD,crypto,
2025-06-21,2025-06-21 05:30:00,2405.695434213183,20482816663.29469,2405.695434213183,2405.695434213183,2405.695434213183,ETH-USD,crypto,
2025-06-22,2025-06-22 05:30:00,2270.581996055585,16155611764.84833,2270.581996055585,2270.581996055585,2270.581996055585,ETH-USD,crypto,
2025-06-23,2025-06-23 05:30:00,2227.4287266371684,28181442532.315876,2227.4287266371684,2227.4287266371684,2227.4287266371684,ETH-USD,crypto,
2025-06-24,2025-06-24 05:30:00,2423.899644268608,25494295400.420887,2423.899644268608,2423.899644268608,2423.899644268608,ETH-USD,crypto,
2025-06-25,2025-06-25 05:30:00,2446.539301545049,19669025068.963604,2446.539301545049,2446.539301545049,2446.539301545049,ETH-USD,crypto,
2025-06-26,2025-06-26 05:30:00,2417.2267855277296,15513055665.262428,2417.2267855277296,2417.2267855277296,2417.2267855277296,ETH-USD,crypto,
2025-06-27,2025-06-27 05:30:00,2415.031864876594,16271811388.723804,2415.031864876594,2415.031864876594,2415.031864876594,ETH-USD,crypto,
2025-06-28,2025-06-28 05:30:00,2423.0302896731746,13100825617.816572,2423.0302896731746,2423.0302896731746,2423.0302896731746,ETH-USD,crypto,
2025-06-29,2025-06-29 05:30:00,2437.133001780241,5787313890.541637,2437.133001780241,2437.133001780241,2437.133001780241,ETH-USD,crypto,
2025-06-30,2025-06-30 05:30:00,2502.6672721177083,10236257918.833096,2502.6672721177083,2502.6672721177083,2502.6672721177083,ETH-USD,crypto,
2025-07-01,2025-07-01 05:30:00,2488.190781689803,16306915984.938057,2488.190781689803,2488.190781689803,2488.190781689803,ETH-USD,crypto,
2025-07-02,2025-07-02 05:30:00,2405.1045592800183,12933967031.524443,2405.1045592800183,2405.1045592800183,2405.1045592800183,ETH-USD,crypto,
2025-07-03,2025-07-03 05:30:00,2574.067718495133,21862573614.17975,2574.067718495133,2574.067718495133,2574.067718495133,ETH-USD,crypto,
2025-07-04,2025-07-04 05:30:00,2590.132231590221,19823369642.62606,2590.132231590221,2590.132231590221,2590.132231590221,ETH-USD,crypto,
2025-07-05,2025-07-05 05:30:00,2509.236345783362,16377116416.187033,2509.236345783362,2509.236345783362,2509.236345783362,ETH-USD,crypto,
2025-07-06,2025-07-06 05:30:00,2517.37917835065,6801276942.284494,2517.37917835065,2517.37917835065,2517.37917835065,ETH-USD,crypto,
2025-07-07,2025-07-07 05:30:00,2571.358192115984,9051659015.949968,2571.358192115984,2571.358192115984,2571.358192115984,ETH-USD,crypto,
2025-07-08,2025-07-08 05:30:00,2543.6317028067488,15947822897.049152,2543.6317028067488,2543.6317028067488,2543.6317028067488,ETH-USD,crypto,
2025-07-09,2025-07-09 05:30:00,2615.7759888945047,14750377128.581295,2615.7759888945047,2615.7759888945047,2615.7759888945047,ETH-USD,crypto,
2025-07-10,2025-07-10 05:30:00,2772.5795626609174,26626246774.244656,2772.5795626609174,2772.5795626609174,2772.5795626609174,ETH-USD,crypto,
2025-07-11,2025-07-11 05:30:00,2948.4462027029053,39308824585.23128,2948.4462027029053,2948.4462027029053,2948.4462027029053,ETH-USD,crypto,
2025-07-12,2025-07-12 05:30:00,2958.8514450990992,42455550664.554665,2958.8514450990992,2958.8514450990992,2958.8514450990992,ETH-USD,crypto,
2025-07-13,2025-07-13 05:30:00,2942.9616055388096,17472135946.60354,2942.9616055388096,2942.9616055388096,2942.9616055388096,ETH-USD,crypto,
2025-07-14,2025-07-14 05:30:00,2974.2654952333387,18605172049.087772,2974.2654952333387,2974.2654952333387,2974.2654952333387,ETH-USD,crypto,
2025-07-15,2025-07-15 01:18:00,2997.279551231761,40388738070.07157,2997.279551231761,2997.279551231761,2997.279551231761,ETH-USD,crypto,
2025-04-16,2025-04-16 05:30:00,2.087166740701441,2529137788.826132,2.087166740701441,2.087166740701441,2.087166740701441,XRP-USD,crypto,
2025-04-17,2025-04-17 05:30:00,2.0835198434155506,2975625490.375688,2.0835198434155506,2.0835198434155506,2.0835198434155506,XRP-USD,crypto,
2025-04-18,2025-04-18 05:30:00,2.0677436115822867,2069087395.311297,2.0677436115822867,2.0677436115822867,2.0677436115822867,XRP-USD,crypto,
2025-04-19,2025-04-19 05:30:00,2.062691684044618,1528702114.8309712,2.062691684044618,2.062691684044618,2.062691684044618,XRP-USD,crypto,
2025-04-20,2025-04-20 05:30:00,2.0855273823856817,1198082570.278999,2.0855273823856817,2.0855273823856817,2.0855273823856817,XRP-USD,crypto,
2025-04-21,2025-04-21 05:30:00,2.0747196454629124,1454273605.4356875,2.0747196454629124,2.0747196454629124,2.0747196454629124,XRP-USD,crypto,
2025-04-22,2025-04-22 05:30:00,2.0806696781556395,2357222891.83461,2.0806696781556395,2.0806696781556395,2.0806696781556395,XRP-USD,crypto,
2025-04-23,2025-04-23 05:30:00,2.221159426695198,4117163104.17999,2.221159426695198,2.221159426695198,2.221159426695198,XRP-USD,crypto,
2025-04-24,2025-04-24 05:30:00,2.217823599038466,4996062046.359891,2.217823599038466,2.217823599038466,2.217823599038466,XRP-USD,crypto,
2025-04-25,2025-04-25 05:30:00,2.206600349886956,4208930304.223753,2.206600349886956,2.206600349886956,2.206600349886956,XRP-USD,crypto,
2025-04-26,2025-04-26 05:30:00,2.1852873809524738,3234722208.502314,2.1852873809524738,2.1852873809524738,2.1852873809524738,XRP-USD,crypto,
2025-04-27,2025-04-27 05:30:00,2.1932493737799863,2459783783.285445,2.1932493737799863,2.1932493737799863,2.1932493737799863,XRP-USD,crypto,
2025-04-28,2025-04-28 05:30:00,2.2566771719971905,3751692488.2109566,2.2566771719971905,2.2566771719971905,2.2566771719971905,XRP-USD,crypto,
2025-04-29,2025-04-29 05:30:00,2.2959679622378415,4072974943.4389,2.2959679622378415,2.2959679622378415,2.2959679622378415,XRP-USD,crypto,
2025-04-30,2025-04-30 05:30:00,2.2399407863578777,2489793878.0180745,2.2399407863578777,2.2399407863578777,2.2399407863578777,XRP-USD,crypto,
2025-05-01,2025-05-01 05:30:00,2.1934727928877984,3252726421.623423,2.1934727928877984,2.1934727928877984,2.1934727928877984,XRP-USD,crypto,
2025-05-02,2025-05-02 05:30:00,2.2143085222346612,2155611895.0543213,2.2143085222346612,2.2143085222346612,2.2143085222346612,XRP-USD,crypto,
2025-05-03,2025-05-03 05:30:00,2.2089170454344824,1739910937.9821632,2.2089170454344824,2.2089170454344824,2.2089170454344824,XRP-USD,crypto,
2025-05-04,2025-05-04 05:30:00,2.188707355411367,1214767487.7877498,2.188707355411367,2.188707355411367,2.188707355411367,XRP-USD,crypto,
2025-05-05,2025-05-05 05:30:00,2.1580623583353407,1372805879.5778592,2.1580623583353407,2.1580623583353407,2.1580623583353407,XRP-USD,crypto,
2025-05-06,2025-05-06 05:30:00,2.1371617409153263,2194829695.4970164,2.1371617409153263,2.1371617409153263,2.1371617409153263,XRP-USD,crypto,
2025-05-07,2025-05-07 05:30:00,2.1553467775958843,2048616981.3491316,2.1553467775958843,2.1553467775958843,2.1553467775958843,XRP-USD,crypto,
2025-05-08,2025-05-08 05:30:00,2.1289110212370352,3559099566.438218,2.1289110212370352,2.1289110212370352,2.1289110212370352,XRP-USD,crypto,
2025-05-09,2025-05-09 05:30:00,2.318857034757937,4731256282.308641,2.318857034757937,2.318857034757937,2.318857034757937,XRP-USD,crypto,
2025-05-10,2025-05-10 05:30:00,2.34260418658349,6008731144.741504,2.34260418658349,2.34260418658349,2.34260418658349,XRP-USD,crypto,
2025-05-11,2025-05-11 05:30:00,2.465515991652043,4343182682.254746,2.465515991652043,2.465515991652043,2.465515991652043,XRP-USD,crypto,
2025-05-12,2025-05-12 05:30:00,2.3665185406774456,3957902320.317386,2.3665185406774456,2.3665185406774456,2.3665185406774456,XRP-USD,crypto,
2025-05-13,2025-05-13 05:30:00,2.5407166812994824,10787624520.70423,2.5407166812994824,2.5407166812994824,2.5407166812994824,XRP-USD,crypto,
2025-05-14,2025-05-14 05:30:00,2.5882656119238727,6137110174.707251,2.5882656119238727,2.5882656119238727,2.5882656119238727,XRP-USD,crypto,
2025-05-15,2025-05-15 05:30:00,2.552660064054796,4956660171.954109,2.552660064054796,2.552660064054796,2.552660064054796,XRP-USD,crypto,
2025-05-16,2025-05-16 05:30:00,2.3780203600308965,5285627666.563696,2.3780203600308965,2.3780203600308965,2.3780203600308965,XRP-USD,crypto,
2025-05-17,2025-05-17 05:30:00,2.387491166631724,3668091279.885704,2.387491166631724,2.387491166631724,2.387491166631724,XRP-USD,crypto,
2025-05-18,2025-05-18 05:30:00,2.352615765613394,2378581122.524433,2.352615765613394,2.352615765613394,2.352615765613394,XRP-USD,crypto,
2025-05-19,2025-05-19 05:30:00,2.4178990437197814,2871045382.6763167,2.4178990437197814,2.4178990437197814,2.4178990437197814,XRP-USD,crypto,
2025-05-20,2025-05-20 05:30:00,2.3808727609208282,3326769717.093891,2.3808727609208282,2.3808727609208282,2.3808727609208282,XRP-USD,crypto,
2025-05-21,2025-05-21 05:30:00,2.356578233921423,2736702822.998838,2.356578233921423,2.356578233921423,2.356578233921423,XRP-USD,crypto,
2025-05-22,2025-05-22 05:30:00,2.4028996266349396,3857208347.067667,2.4028996266349396,2.4028996266349396,2.4028996266349396,XRP-USD,crypto,
2025-05-23,2025-05-23 05:30:00,2.4284164339274192,3423292472.9337497,2.4284164339274192,2.4284164339274192,2.4284164339274192,XRP-USD,crypto,
2025-05-24,2025-05-24 05:30:00,2.2991928362328755,3803614983.5157166,2.2991928362328755,2.2991928362328755,2.2991928362328755,XRP-USD,crypto,
2025-05-25,2025-05-25 05:30:00,2.3319094660057416,1372961335.2188973,2.3319094660057416,2.3319094660057416,2.3319094660057416,XRP-USD,crypto,
2025-05-26,2025-05-26 05:30:00,2.3405861862412927,1905275005.1451297,2.3405861862412927,2.3405861862412927,2.3405861862412927,XRP-USD,crypto,
2025-05-27,2025-05-27 05:30:00,2.3082922649115565,1661784737.5361876,2.3082922649115565,2.3082922649115565,2.3082922649115565,XRP-USD,crypto,
2025-05-28,2025-05-28 05:30:00,2.3186677687774426,2048276738.5749948,2.3186677687774426,2.3186677687774426,2.3186677687774426,XRP-USD,crypto,
2025-05-29,2025-05-29 05:30:00,2.2746048552552507,2074053702.379202,2.2746048552552507,2.2746048552552507,2.2746048552552507,XRP-USD,crypto,
2025-05-30,2025-05-30 05:30:00,2.2505538163676135,2179459280.652964,2.2505538163676135,2.2505538163676135,2.2505538163676135,XRP-USD,crypto,
2025-05-31,2025-05-31 05:30:00,2.1423194738068942,3372833929.9944954,2.1423194738068942,2.1423194738068942,2.1423194738068942,XRP-USD,crypto,
2025-06-01,2025-06-01 05:30:00,2.177000081626197,2268132685.3159456,2.177000081626197,2.177000081626197,2.177000081626197,XRP-USD,crypto,
2025-06-02,2025-06-02 05:30:00,2.1802830722675224,1521954083.381058,2.1802830722675224,2.1802830722675224,2.1802830722675224,XRP-USD,crypto,
2025-06-03,2025-06-03 05:30:00,2.2004265864927537,1856646284.2520795,2.2004265864927537,2.2004265864927537,2.2004265864927537,XRP-USD,crypto,
2025-06-04,2025-06-04 05:30:00,2.2486280245071963,2193921747.996483,2.2486280245071963,2.2486280245071963,2.2486280245071963,XRP-USD,crypto,
2025-06-05,2025-06-05 05:30:00,2.202322198067478,1714810311.215842,2.202322198067478,2.202322198067478,2.202322198067478,XRP-USD,crypto,
2025-06-06,2025-06-06 05:30:00,2.0970164299223453,2893388349.562232,2.0970164299223453,2.0970164299223453,2.0970164299223453,XRP-USD,crypto,
2025-06-07,2025-06-07 05:30:00,2.163852346114403,1854390911.9791367,2.163852346114403,2.163852346114403,2.163852346114403,XRP-USD,crypto,
2025-06-08,2025-06-08 05:30:00,2.1779065492597427,953843043.4304752,2.1779065492597427,2.1779065492597427,2.1779065492597427,XRP-USD,crypto,
2025-06-09,2025-06-09 05:30:00,2.2629632981656744,2297445951.3852534,2.2629632981656744,2.2629632981656744,2.2629632981656744,XRP-USD,crypto,
2025-06-10,2025-06-10 05:30:00,2.321075765224377,2774696976.06667,2.321075765224377,2.321075765224377,2.321075765224377,XRP-USD,crypto,
2025-06-11,2025-06-11 05:30:00,2.305016386019404,2612062557.9833493,2.305016386019404,2.305016386019404,2.305016386019404,XRP-USD,crypto,
2025-06-12,2025-06-12 05:30:00,2.2701428874939213,2624047756.9494534,2.2701428874939213,2.2701428874939213,2.2701428874939213,XRP-USD,crypto,
2025-06-13,2025-06-13 05:30:00,2.1954298391805,2202653947.4050665,2.1954298391805,2.1954298391805,2.1954298391805,XRP-USD,crypto,
2025-06-14,2025-06-14 05:30:00,2.148866270593598,3949716840.388356,2.148866270593598,2.148866270593598,2.148866270593598,XRP-USD,crypto,
2025-06-15,2025-06-15 05:30:00,2.141891800480294,1687489656.576244,2.141891800480294,2.141891800480294,2.141891800480294,XRP-USD,crypto,
2025-06-16,2025-06-16 05:30:00,2.166318490313782,1231293467.1767986,2.166318490313782,2.166318490313782,2.166318490313782,XRP-USD,crypto,
2025-06-17,2025-06-17 05:30:00,2.255537416572947,4466552529.620607,2.255537416572947,2.255537416572947,2.255537416572947,XRP-USD,crypto,
2025-06-18,2025-06-18 05:30:00,2.1632317759396993,3466660612.110638,2.1632317759396993,2.1632317759396993,2.1632317759396993,XRP-USD,crypto,
2025-06-19,2025-06-19 05:30:00,2.1686830671349613,2350823381.424604,2.1686830671349613,2.1686830671349613,2.1686830671349613,XRP-USD,crypto,
2025-06-20,2025-06-20 05:30:00,2.166239439916603,1450568729.9521883,2.166239439916603,2.166239439916603,2.166239439916603,XRP-USD,crypto,
2025-06-21,2025-06-21 05:30:00,2.1201128146436803,2098115334.487172,2.1201128146436803,2.1201128146436803,2.1201128146436803,XRP-USD,crypto,
2025-06-22,2025-06-22 05:30:00,2.044379922195215,2305504805.382443,2.044379922195215,2.044379922195215,2.044379922195215,XRP-USD,crypto,
2025-06-23,2025-06-23 05:30:00,2.013512764553698,4449887424.63551,2.013512764553698,2.013512764553698,2.013512764553698,XRP-USD,crypto,
2025-06-24,2025-06-24 05:30:00,2.1640075102022664,4004307867.6364536,2.1640075102022664,2.1640075102022664,2.1640075102022664,XRP-USD,crypto,
2025-06-25,2025-06-25 05:30:00,2.1890368617248566,3119419439.9970093,2.1890368617248566,2.1890368617248566,2.1890368617248566,XRP-USD,crypto,
2025-06-26,2025-06-26 05:30:00,2.1839169388853152,2234760744.378113,2.1839169388853152,2.1839169388853152,2.1839169388853152,XRP-USD,crypto,
2025-06-27,2025-06-27 05:30:00,2.105597069865388,2569634191.4677787,2.105597069865388,2.105597069865388,2.105597069865388,XRP-USD,crypto,
2025-06-28,2025-06-28 05:30:00,2.140945561649059,2600100605.537264,2.140945561649059,2.140945561649059,2.140945561649059,XRP-USD,crypto,
2025-06-29,2025-06-29 05:30:00,2.185743305637095,1909072124.1732078,2.185743305637095,2.185743305637095,2.185743305637095,XRP-USD,crypto,
2025-06-30,2025-06-30 05:30:00,2.2080779439640237,1320178860.3618104,2.2080779439640237,2.2080779439640237,2.2080779439640237,XRP-USD,crypto,
2025-07-01,2025-07-01 05:30:00,2.2397868943055363,3688723731.503887,2.2397868943055363,2.2397868943055363,2.2397868943055363,XRP-USD,crypto,
2025-07-02,2025-07-02 05:30:00,2.171453605552325,2782662990.9534025,2.171453605552325,2.171453605552325,2.171453605552325,XRP-USD,crypto,
2025-07-03,2025-07-03 05:30:00,2.234339504341481,3660413082.1301646,2.234339504341481,2.234339504341481,2.234339504341481,XRP-USD,crypto,
2025-07-04,2025-07-04 05:30:00,2.2565985381225446,3456952710.4009995,2.2565985381225446,2.2565985381225446,2.2565985381225446,XRP-USD,crypto,
2025-07-05,2025-07-05 05:30:00,2.220660517934634,1759263909.260319,2.220660517934634,2.220660517934634,2.220660517934634,XRP-USD,crypto,
2025-07-06,2025-07-06 05:30:00,2.2177115630108464,898181111.5827129,2.2177115630108464,2.2177115630108464,2.2177115630108464,XRP-USD,crypto,
2025-07-07,2025-07-07 05:30:00,2.2711234551626793,2334073292.9256063,2.2711234551626793,2.2711234551626793,2.2711234551626793,XRP-USD,crypto,
2025-07-08,2025-07-08 05:30:00,2.275084085302051,3876739211.500435,2.275084085302051,2.275084085302051,2.275084085302051,XRP-USD,crypto,
2025-07-09,2025-07-09 05:30:00,2.3106154308712163,2680689161.887867,2.3106154308712163,2.3106154308712163,2.3106154308712163,XRP-USD,crypto,
2025-07-10,2025-07-10 05:30:00,2.405267395272407,4432186610.184976,2.405267395272407,2.405267395272407,2.405267395272407,XRP-USD,crypto,
2025-07-11,2025-07-11 05:30:00,2.5456780481070833,5263609598.373313,2.5456780481070833,2.5456780481070833,2.5456780481070833,XRP-USD,crypto,
2025-07-12,2025-07-12 05:30:00,2.735777793849028,14004307576.909258,2.735777793849028,2.735777793849028,2.735777793849028,XRP-USD,crypto,
2025-07-13,2025-07-13 05:30:00,2.7403085663356155,7635333692.640345,2.7403085663356155,2.7403085663356155,2.7403085663356155,XRP-USD,crypto,
2025-07-14,2025-07-14 05:30:00,2.836943449825265,6320439963.46504,2.836943449825265,2.836943449825265,2.836943449825265,XRP-USD,crypto,
2025-07-15,2025-07-15 01:18:11,2.9229425129966753,10773006400.82925,2.9229425129966753,2.9229425129966753,2.9229425129966753,XRP-USD,crypto,
2025-04-16,2025-04-16 05:30:00,0.6080639244271904,709020814.1750429,0.6080639244271904,0.6080639244271904,0.6080639244271904,ADA-USD,crypto,
2025-04-17,2025-04-17 05:30:00,0.6106653469788688,591359664.0730368,0.6106653469788688,0.6106653469788688,0.6106653469788688,ADA-USD,crypto,
2025-04-18,2025-04-18 05:30:00,0.6168950161106203,448807472.6198462,0.6168950161106203,0.6168950161106203,0.6168950161106203,ADA-USD,crypto,
2025-04-19,2025-04-19 05:30:00,0.6273043794612541,374649872.12397456,0.6273043794612541,0.6273043794612541,0.6273043794612541,ADA-USD,crypto,
2025-04-20,2025-04-20 05:30:00,0.6280852975713835,331430508.4467672,0.6280852975713835,0.6280852975713835,0.6280852975713835,ADA-USD,crypto,
2025-04-21,2025-04-21 05:30:00,0.6202087731824584,354987761.1249453,0.6202087731824584,0.6202087731824584,0.6202087731824584,ADA-USD,crypto,
2025-04-22,2025-04-22 05:30:00,0.6226371412727918,632027422.0139718,0.6226371412727918,0.6226371412727918,0.6226371412727918,ADA-USD,crypto,
2025-04-23,2025-04-23 05:30:00,0.6821362911471233,834269402.8814627,0.6821362911471233,0.6821362911471233,0.6821362911471233,ADA-USD,crypto,
2025-04-24,2025-04-24 05:30:00,0.6972646472481486,967029539.1144488,0.6972646472481486,0.6972646472481486,0.6972646472481486,ADA-USD,crypto,
2025-04-25,2025-04-25 05:30:00,0.7220676397924738,1035019627.1012883,0.7220676397924738,0.7220676397924738,0.7220676397924738,ADA-USD,crypto,
2025-04-26,2025-04-26 05:30:00,0.7138859038055668,949069153.9271946,0.7138859038055668,0.7138859038055668,0.7138859038055668,ADA-USD,crypto,
2025-04-27,2025-04-27 05:30:00,0.7075935331519487,659341778.5746859,0.7075935331519487,0.7075935331519487,0.7075935331519487,ADA-USD,crypto,
2025-04-28,2025-04-28 05:30:00,0.704070171794187,567359217.6728809,0.704070171794187,0.704070171794187,0.704070171794187,ADA-USD,crypto,
2025-04-29,2025-04-29 05:30:00,0.7052906740354157,889987578.2822492,0.7052906740354157,0.7052906740354157,0.7052906740354157,ADA-USD,crypto,
2025-04-30,2025-04-30 05:30:00,0.6957354792970168,817939169.992459,0.6957354792970168,0.6957354792970168,0.6957354792970168,ADA-USD,crypto,
2025-05-01,2025-05-01 05:30:00,0.6820275063998128,592053391.6761067,0.6820275063998128,0.6820275063998128,0.6820275063998128,ADA-USD,crypto,
2025-05-02,2025-05-02 05:30:00,0.7048540559063339,586072580.7401356,0.7048540559063339,0.7048540559063339,0.7048540559063339,ADA-USD,crypto,
2025-05-03,2025-05-03 05:30:00,0.6974986414291682,606872856.4955413,0.6974986414291682,0.6974986414291682,0.6974986414291682,ADA-USD,crypto,
2025-05-04,2025-05-04 05:30:00,0.7013467253059199,752443709.4776694,0.7013467253059199,0.7013467253059199,0.7013467253059199,ADA-USD,crypto,
2025-05-05,2025-05-05 05:30:00,0.6763756494805502,661246645.056914,0.6763756494805502,0.6763756494805502,0.6763756494805502,ADA-USD,crypto,
2025-05-06,2025-05-06 05:30:00,0.6631639151504879,664925434.1708654,0.6631639151504879,0.6631639151504879,0.6631639151504879,ADA-USD,crypto,
2025-05-07,2025-05-07 05:30:00,0.6787761903074216,552471849.9156157,0.6787761903074216,0.6787761903074216,0.6787761903074216,ADA-USD,crypto,
2025-05-08,2025-05-08 05:30:00,0.671376495581957,582536184.2563542,0.671376495581957,0.671376495581957,0.671376495581957,ADA-USD,crypto,
2025-05-09,2025-05-09 05:30:00,0.7651537464755499,1355272025.0992892,0.7651537464755499,0.7651537464755499,0.7651537464755499,ADA-USD,crypto,
2025-05-10,2025-05-10 05:30:00,0.7773024778174161,1491055749.585572,0.7773024778174161,0.7773024778174161,0.7773024778174161,ADA-USD,crypto,
2025-05-11,2025-05-11 05:30:00,0.8400596557571808,1390682398.3795056,0.8400596557571808,0.8400596557571808,0.8400596557571808,ADA-USD,crypto,
2025-05-12,2025-05-12 05:30:00,0.8048629924679394,1096359924.9786,0.8048629924679394,0.8048629924679394,0.8048629924679394,ADA-USD,crypto,
2025-05-13,2025-05-13 05:30:00,0.8191103769126542,1891364013.690922,0.8191103769126542,0.8191103769126542,0.8191103769126542,ADA-USD,crypto,
2025-05-14,2025-05-14 05:30:00,0.8312541090164433,1249623977.9694462,0.8312541090164433,0.8312541090164433,0.8312541090164433,ADA-USD,crypto,
2025-05-15,2025-05-15 05:30:00,0.7985815955519888,1166899569.1134908,0.7985815955519888,0.7985815955519888,0.7985815955519888,ADA-USD,crypto,
2025-05-16,2025-05-16 05:30:00,0.760909266948887,1032947704.5832616,0.760909266948887,0.760909266948887,0.760909266948887,ADA-USD,crypto,
2025-05-17,2025-05-17 05:30:00,0.7605802350885046,777814627.6177915,0.7605802350885046,0.7605802350885046,0.7605802350885046,ADA-USD,crypto,
2025-05-18,2025-05-18 05:30:00,0.7424784161936966,906498912.2572886,0.7424784161936966,0.7424784161936966,0.7424784161936966,ADA-USD,crypto,
2025-05-19,2025-05-19 05:30:00,0.7518394820880364,949005467.3644464,0.7518394820880364,0.7518394820880364,0.7518394820880364,ADA-USD,crypto,
2025-05-20,2025-05-20 05:30:00,0.7426046048097757,855716668.7541951,0.7426046048097757,0.7426046048097757,0.7426046048097757,ADA-USD,crypto,
2025-05-21,2025-05-21 05:30:00,0.7456441858290309,690998975.7792397,0.7456441858290309,0.7456441858290309,0.7456441858290309,ADA-USD,crypto,
2025-05-22,2025-05-22 05:30:00,0.772065003489696,1077168981.202006,0.772065003489696,0.772065003489696,0.772065003489696,ADA-USD,crypto,
2025-05-23,2025-05-23 05:30:00,0.8077548195843751,1069425848.6042526,0.8077548195843751,0.8077548195843751,0.8077548195843751,ADA-USD,crypto,
2025-05-24,2025-05-24 05:30:00,0.748254247966839,1417851508.940276,0.748254247966839,0.748254247966839,0.748254247966839,ADA-USD,crypto,
2025-05-25,2025-05-25 05:30:00,0.7460261925160765,630031485.6921482,0.7460261925160765,0.7460261925160765,0.7460261925160765,ADA-USD,crypto,
2025-05-26,2025-05-26 05:30:00,0.7589761692612583,673782320.823423,0.7589761692612583,0.7589761692612583,0.7589761692612583,ADA-USD,crypto,
2025-05-27,2025-05-27 05:30:00,0.7582470752465925,588809796.8894885,0.7582470752465925,0.7582470752465925,0.7582470752465925,ADA-USD,crypto,
2025-05-28,2025-05-28 05:30:00,0.7578018172885506,652902725.7086877,0.7578018172885506,0.7578018172885506,0.7578018172885506,ADA-USD,crypto,
2025-05-29,2025-05-29 05:30:00,0.7465205662397495,546997351.279757,0.7465205662397495,0.7465205662397495,0.7465205662397495,ADA-USD,crypto,
2025-05-30,2025-05-30 05:30:00,0.724272085506191,649806532.9053063,0.724272085506191,0.724272085506191,0.724272085506191,ADA-USD,crypto,
2025-05-31,2025-05-31 05:30:00,0.6912614352706643,935627012.618067,0.6912614352706643,0.6912614352706643,0.6912614352706643,ADA-USD,crypto,
2025-06-01,2025-06-01 05:30:00,0.6863035406713839,721005660.5061203,0.6863035406713839,0.6863035406713839,0.6863035406713839,ADA-USD,crypto,
2025-06-02,2025-06-02 05:30:00,0.6853559510305921,524853161.2361533,0.6853559510305921,0.6853559510305921,0.6853559510305921,ADA-USD,crypto,
2025-06-03,2025-06-03 05:30:00,0.6900620402912112,570636794.5706515,0.6900620402912112,0.6900620402912112,0.6900620402912112,ADA-USD,crypto,
2025-06-04,2025-06-04 05:30:00,0.684833771475063,494639383.16412145,0.684833771475063,0.684833771475063,0.684833771475063,ADA-USD,crypto,
2025-06-05,2025-06-05 05:30:00,0.6662352525151268,400096118.0279466,0.6662352525151268,0.6662352525151268,0.6662352525151268,ADA-USD,crypto,
2025-06-06,2025-06-06 05:30:00,0.6279989717216173,759754191.8443644,0.6279989717216173,0.6279989717216173,0.6279989717216173,ADA-USD,crypto,
2025-06-07,2025-06-07 05:30:00,0.6564156318236438,579132039.6493936,0.6564156318236438,0.6564156318236438,0.6564156318236438,ADA-USD,crypto,
2025-06-08,2025-06-08 05:30:00,0.665097118031322,345182718.07783103,0.665097118031322,0.665097118031322,0.665097118031322,ADA-USD,crypto,
2025-06-09,2025-06-09 05:30:00,0.6696475032429187,445907844.38359064,0.6696475032429187,0.6696475032429187,0.6696475032429187,ADA-USD,crypto,
2025-06-10,2025-06-10 05:30:00,0.7051927875959849,556699781.999879,0.7051927875959849,0.7051927875959849,0.7051927875959849,ADA-USD,crypto,
2025-06-11,2025-06-11 05:30:00,0.7161084051691045,816441834.7804779,0.7161084051691045,0.7161084051691045,0.7161084051691045,ADA-USD,crypto,
2025-06-12,2025-06-12 05:30:00,0.6978609557770317,650490779.2528718,0.6978609557770317,0.6978609557770317,0.6978609557770317,ADA-USD,crypto,
2025-06-13,2025-06-13 05:30:00,0.6645616396607636,644736788.8081536,0.6645616396607636,0.6645616396607636,0.6645616396607636,ADA-USD,crypto,
2025-06-14,2025-06-14 05:30:00,0.6415287116259395,967144196.2984973,0.6415287116259395,0.6415287116259395,0.6415287116259395,ADA-USD,crypto,
2025-06-15,2025-06-15 05:30:00,0.6249531411165467,377703624.01002413,0.6249531411165467,0.6249531411165467,0.6249531411165467,ADA-USD,crypto,
2025-06-16,2025-06-16 05:30:00,0.6338091675682362,306474152.5964094,0.6338091675682362,0.6338091675682362,0.6338091675682362,ADA-USD,crypto,
2025-06-17,2025-06-17 05:30:00,0.6348092267777333,634345979.704381,0.6348092267777333,0.6348092267777333,0.6348092267777333,ADA-USD,crypto,
2025-06-18,2025-06-18 05:30:00,0.6114224843190872,668780456.8391515,0.6114224843190872,0.6114224843190872,0.6114224843190872,ADA-USD,crypto,
2025-06-19,2025-06-19 05:30:00,0.6031520541269734,649432905.7020996,0.6031520541269734,0.6031520541269734,0.6031520541269734,ADA-USD,crypto,
2025-06-20,2025-06-20 05:30:00,0.6022517506298001,411526119.6336923,0.6022517506298001,0.6022517506298001,0.6022517506298001,ADA-USD,crypto,
2025-06-21,2025-06-21 05:30:00,0.5768480561772417,655089381.7343858,0.5768480561772417,0.5768480561772417,0.5768480561772417,ADA-USD,crypto,
2025-06-22,2025-06-22 05:30:00,0.5507083653541873,616320411.8508501,0.5507083653541873,0.5507083653541873,0.5507083653541873,ADA-USD,crypto,
2025-06-23,2025-06-23 05:30:00,0.5411301510006504,1046673222.5903796,0.5411301510006504,0.5411301510006504,0.5411301510006504,ADA-USD,crypto,
2025-06-24,2025-06-24 05:30:00,0.5832401178415064,923344856.19398,0.5832401178415064,0.5832401178415064,0.5832401178415064,ADA-USD,crypto,
2025-06-25,2025-06-25 05:30:00,0.5872194649270592,716773448.9598132,0.5872194649270592,0.5872194649270592,0.5872194649270592,ADA-USD,crypto,
2025-06-26,2025-06-26 05:30:00,0.5667721482568538,549499472.3311824,0.5667721482568538,0.5667721482568538,0.5667721482568538,ADA-USD,crypto,
2025-06-27,2025-06-27 05:30:00,0.5541621947716998,546164591.2662042,0.5541621947716998,0.5541621947716998,0.5541621947716998,ADA-USD,crypto,
2025-06-28,2025-06-28 05:30:00,0.5586998411211989,461343367.5389696,0.5586998411211989,0.5586998411211989,0.5586998411211989,ADA-USD,crypto,
2025-06-29,2025-06-29 05:30:00,0.5655976009022613,328696976.3556034,0.5655976009022613,0.5655976009022613,0.5655976009022613,ADA-USD,crypto,
2025-06-30,2025-06-30 05:30:00,0.5775074724180472,546299719.7888314,0.5775074724180472,0.5775074724180472,0.5775074724180472,ADA-USD,crypto,
2025-07-01,2025-07-01 05:30:00,0.5720180140652412,685730060.096957,0.5720180140652412,0.5720180140652412,0.5720180140652412,ADA-USD,crypto,
2025-07-02,2025-07-02 05:30:00,0.5421512626893101,631715565.0969181,0.5421512626893101,0.5421512626893101,0.5421512626893101,ADA-USD,crypto,
2025-07-03,2025-07-03 05:30:00,0.5846952591552708,934344132.0381689,0.5846952591552708,0.5846952591552708,0.5846952591552708,ADA-USD,crypto,
2025-07-04,2025-07-04 05:30:00,0.5987839336899987,723259758.2613916,0.5987839336899987,0.5987839336899987,0.5987839336899987,ADA-USD,crypto,
2025-07-05,2025-07-05 05:30:00,0.5728146380802783,539620249.5139698,0.5728146380802783,0.5728146380802783,0.5728146380802783,ADA-USD,crypto,
2025-07-06,2025-07-06 05:30:00,0.5760131698614164,287359327.05554503,0.5760131698614164,0.5760131698614164,0.5760131698614164,ADA-USD,crypto,
2025-07-07,2025-07-07 05:30:00,0.5857056935866781,379742988.53059584,0.5857056935866781,0.5857056935866781,0.5857056935866781,ADA-USD,crypto,
2025-07-08,2025-07-08 05:30:00,0.5798100944867142,559194866.5817564,0.5798100944867142,0.5798100944867142,0.5798100944867142,ADA-USD,crypto,
2025-07-09,2025-07-09 05:30:00,0.5882961516358525,487674618.9568239,0.5882961516358525,0.5882961516358525,0.5882961516358525,ADA-USD,crypto,
2025-07-10,2025-07-10 05:30:00,0.6236218758822067,921412284.2952383,0.6236218758822067,0.6236218758822067,0.6236218758822067,ADA-USD,crypto,
2025-07-11,2025-07-11 05:30:00,0.6771328310749256,1062017291.4508075,0.6771328310749256,0.6771328310749256,0.6771328310749256,ADA-USD,crypto,
2025-07-12,2025-07-12 05:30:00,0.7108207334882014,2545650162.8728247,0.7108207334882014,0.7108207334882014,0.7108207334882014,ADA-USD,crypto,
2025-07-13,2025-07-13 05:30:00,0.7087303921384289,1194202622.657187,0.7087303921384289,0.7087303921384289,0.7087303921384289,ADA-USD,crypto,
2025-07-14,2025-07-14 05:30:00,0.7378983923650405,1350750371.5082395,0.7378983923650405,0.7378983923650405,0.7378983923650405,ADA-USD,crypto,
2025-07-15,2025-07-15 01:18:16,0.7306298178433623,1612279917.7224038,0.7306298178433623,0.7306298178433623,0.7306298178433623,ADA-USD,crypto,
2024-11-06,2024-11-06 00:00:00,339.3441276281162,4257144.0,338.53459943743877,340.9021827464284,337.90070774941404,AAPL,stock,True
2024-11-07,2024-11-07 00:00:00,338.36952166398294,4675928.0,343.2950609705378,345.87289726632054,337.35856021511887,AAPL,stock,True
2024-11-08,2024-11-08 00:00:00,343.13702164718813,2811938.0,341.30497492395506,345.10707902470216,341.28754040211976,AAPL,stock,True
2024-11-11,2024-11-11 00:00:00,341.1574000691146,4264161.0,337.5333383941495,342.7860356464243,334.50539954277417,AAPL,stock,True
2024-11-12,2024-11-12 00:00:00,337.37175791332584,1780223.0,332.4734421934697,340.1391732668337,330.014001265909,AAPL,stock,True
2024-11-13,2024-11-13 00:00:00,332.60866991748,4416366.0,329.9631326560038,335.7966726867069,326.80806649710615,AAPL,stock,True
2024-11-14,2024-11-14 00:00:00,329.9711596062881,4560576.0,334.9456490808744,335.62810552400305,328.85622487190375,AAPL,stock,True
2024-11-15,2024-11-15 00:00:00,334.8575071531972,4755165.0,330.662470145578,338.16477313812226,330.4323866287448,AAPL,stock,True
2024-11-18,2024-11-18 00:00:00,330.5078600610465,4776379.0,333.91507762095466,336.3714299806492,328.36595815866133,AAPL,stock,True
2024-11-19,2024-11-19 00:00:00,334.05055418733315,3448847.0,331.2533471853443,335.8911937449633,331.23592075087004,AAPL,stock,True
2024-11-20,2024-11-20 00:00:00,331.13161779192865,1277154.0,330.3167736561714,333.8337960706352,329.38300935891533,AAPL,stock,True
2024-11-21,2024-11-21 00:00:00,330.1401195115795,3287240.0,334.191295671178,335.682135813925,327.6528665079676,AAPL,stock,True
2024-11-22,2024-11-22 00:00:00,334.14195739707156,2222534.0,331.89884581782843,335.4619304944025,331.29031044838126,AAPL,stock,True
2024-11-25,2024-11-25 00:00:00,331.7888994947782,4533814.0,330.1385972103518,333.8510696345965,327.048424023579,AAPL,stock,True
2024-11-26,2024-11-26 00:00:00,330.2227768196327,3666361.0,332.7908521591273,335.7979328756078,330.16371668887973,AAPL,stock,True
2024-11-27,2024-11-27 00:00:00,332.6082558098273,3368904.0,333.1718808774588,333.3357884883241,330.3156811747652,AAPL,stock,True
2024-11-28,2024-11-28 00:00:00,333.244350483628,4733791.0,328.39794133655795,335.73926014273286,326.26263910272314,AAPL,stock,True
2024-11-29,2024-11-29 00:00:00,328.27732688914335,3809106.0,331.28484579962696,333.0440013139106,325.3540166378635,AAPL,stock,True
2024-12-02,2024-12-02 00:00:00,331.1172904036904,2314106.0,330.21450546191767,332.2905181248732,329.89596725026024,AAPL,stock,True
2024-12-03,2024-12-03 00:00:00,330.0359104969625,3210310.0,328.7610393161034,333.238867040126,327.37065225781777,AAPL,stock,True
2024-12-04,2024-12-04 00:00:00,328.6786696402531,1461510.0,330.2206868262751,330.6123216379475,328.3868059682082,AAPL,stock,True
2024-12-05,2024-12-05 00:00:00,330.25719258140515,3411341.0,329.36952683683694,333.24004620824866,327.4327132138396,AAPL,stock,True
2024-12-06,2024-12-06 00:00:00,329.2421957199837,1771475.0,325.88558520321794,329.58689342668373,324.62428348754025,AAPL,stock,True
2024-12-09,2024-12-09 00:00:00,325.9859514125837,1234172.0,327.8149576565274,330.2769427336738,323.85992676865385,AAPL,stock,True
2024-12-10,2024-12-10 00:00:00,327.6781565720375,4961631.0,326.42790005303135,330.83923071291815,324.33040267773805,AAPL,stock,True
2024-12-11,2024-12-11 00:00:00,326.39756305066913,985456.0,324.68420170921,328.96688762971627,323.88256217541544,AAPL,stock,True
2024-12-12,2024-12-12 00:00:00,324.6023668966093,4593197.0,323.79802300469197,327.3342807856292,323.34937166468313,AAPL,stock,True
2024-12-13,2024-12-13 00:00:00,323.68673102458695,2136229.0,328.34828920031106,329.321364946388,320.8280370737386,AAPL,stock,True
2024-12-16,2024-12-16 00:00:00,328.2088127624291,793817.0,329.53390371162675,329.72501484659244,325.5831681021221,AAPL,stock,True
2024-12-17,2024-12-17 00:00:00,329.5476623410087,4970066.0,326.2543307256511,330.93403783791655,325.93770110342217,AAPL,stock,True
2024-12-18,2024-12-18 00:00:00,326.1558478293134,2067420.0,330.3053953627694,333.1450567065354,323.8975763232703,AAPL,stock,True
2024-12-19,2024-12-19 00:00:00,330.1501452265166,2184477.0,329.9654043157889,330.91174192417265,328.11084157758654,AAPL,stock,True
2024-12-20,2024-12-20 00:00:00,329.87068943549747,4347712.0,326.021028165037,330.9757796884551,325.06840703435915,AAPL,stock,True
2024-12-23,2024-12-23 00:00:00,326.0965053188577,4697516.0,329.37438262991304,331.89661005525784,323.2039033986652,AAPL,stock,True
2024-12-24,2024-12-24 00:00:00,329.48331252472735,1053512.0,324.6384826501447,332.7287953395986,321.7517199666311,AAPL,stock,True
2024-12-25,2024-12-25 00:00:00,324.5475580283091,3175016.0,327.35716158454954,329.91832073753966,323.3589078550382,AAPL,stock,True
2024-12-26,2024-12-26 00:00:00,327.40936914872447,3379316.0,330.49005363570217,330.85143764069824,327.23452008568063,AAPL,stock,True
2024-12-27,2024-12-27 00:00:00,330.4533354289261,3305312.0,335.4265028489829,336.5305327216451,328.70665275027886,AAPL,stock,True
2024-12-30,2024-12-30 00:00:00,335.24389762044194,921961.0,331.36677176605303,337.9098770353091,329.3987005767141,AAPL,stock,True
2024-12-31,2024-12-31 00:00:00,331.37482991979823,3927647.0,330.3376750863674,334.6152494365954,327.2916943006698,AAPL,stock,True
2025-01-01,2025-01-01 00:00:00,330.17086236155524,2951422.0,330.53244831007316,332.5277202950386,328.43266591370224,AAPL,stock,True
2025-01-02,2025-01-02 00:00:00,330.4272784604915,917058.0,326.70294356302804,332.29366781456173,325.7778603654881,AAPL,stock,True
2025-01-03,2025-01-03 00:00:00,326.76648377019063,2887050.0,327.08443172903156,327.33032870882806,325.93704201318036,AAPL,stock,True
2025-01-06,2025-01-06 00:00:00,327.05970391677306,3654065.0,323.64985873438303,330.31573982735785,321.46416417175163,AAPL,stock,True
2025-01-07,2025-01-07 00:00:00,323.4904030673783,649865.0,325.533780785347,326.8184196349023,320.8669850774057,AAPL,stock,True
2025-01-08,2025-01-08 00:00:00,325.6726606490979,2022602.0,324.38150307393516,327.0305644225082,321.5971080039731,AAPL,stock,True
2025-01-09,2025-01-09 00:00:00,324.3498100995199,2679555.0,328.69581226201717,331.5918491267797,321.50396632929943,AAPL,stock,True
2025-01-10,2025-01-10 00:00:00,328.6413560624357,4968605.0,329.46023593323383,331.6675363158606,327.3621133980468,AAPL,stock,True
2025-01-13,2025-01-13 00:00:00,329.49176150382846,1902803.0,332.9266537489294,334.8944028298799,326.20458793943993,AAPL,stock,True
2025-01-14,2025-01-14 00:00:00,332.771924439114,1491251.0,333.64572811509294,334.8111292113718,329.854454670021,AAPL,stock,True
2025-01-15,2025-01-15 00:00:00,333.6483376715088,4554303.0,330.45333675513314,335.9043554866463,329.11931831768635,AAPL,stock,True
2025-01-16,2025-01-16 00:00:00,330.46360644471497,3011099.0,328.03773091069735,333.24250052421945,326.6126123061701,AAPL,stock,True
2025-01-17,2025-01-17 00:00:00,328.1041065412795,4784010.0,323.7382880508141,328.91802063120474,321.4737679783126,AAPL,stock,True
2025-01-20,2025-01-20 00:00:00,323.76251733808135,2692718.0,324.3478747324289,326.5968750547297,323.5642333076424,AAPL,stock,True
2025-01-21,2025-01-21 00:00:00,324.2033864510382,1430947.0,328.38885034631113,331.38425008297145,324.1805932908666,AAPL,stock,True
2025-01-22,2025-01-22 00:00:00,328.4974164011865,3753804.0,330.16493702756935,331.9026245976577,326.2626706382121,AAPL,stock,True
2025-01-23,2025-01-23 00:00:00,330.20964413463247,2900385.0,332.81609683661475,335.64325539640936,330.03218562191864,AAPL,stock,True
2025-01-24,2025-01-24 00:00:00,332.63332085426606,2060096.0,335.4037147524624,335.99078843556197,329.9120647047204,AAPL,stock,True
2025-01-27,2025-01-27 00:00:00,335.2306909488622,4662057.0,334.4865676998699,336.9227169631998,332.00488372315726,AAPL,stock,True
2025-01-28,2025-01-28 00:00:00,334.43540869181214,3782628.0,337.8057814890091,340.5566000431153,333.86145764773937,AAPL,stock,True
2025-01-29,2025-01-29 00:00:00,337.77727150121706,1127029.0,341.2452932608203,343.9081773949101,336.086610662665,AAPL,stock,True
2025-01-30,2025-01-30 00:00:00,341.34596002491116,2945287.0,342.2692305457611,343.57727631835166,338.7506785706558,AAPL,stock,True
2025-01-31,2025-01-31 00:00:00,342.3502571704443,3368609.0,339.10628416767656,343.8224202639523,336.62234129346524,AAPL,stock,True
2025-02-03,2025-02-03 00:00:00,338.95843554898886,710588.0,342.40539625996377,343.7539967294642,336.1022705597544,AAPL,stock,True
2025-02-04,2025-02-04 00:00:00,342.4619733521596,3131868.0,344.532757451881,345.94574847024944,339.0561513296343,AAPL,stock,True
2025-02-05,2025-02-05 00:00:00,344.60290227597517,3396352.0,344.3933390025495,346.05596747940194,344.05342644110453,AAPL,stock,True
2025-02-06,2025-02-06 00:00:00,344.514759344613,1066512.0,346.2369383887132,348.62892072914553,341.6162085979821,AAPL,stock,True
2025-02-07,2025-02-07 00:00:00,346.3498466533847,1371158.0,342.33591406616824,349.3928145546291,341.3659451753043,AAPL,stock,True
2025-02-10,2025-02-10 00:00:00,342.4725384953148,3675078.0,339.444757861198,344.60657643813386,338.7558387105725,AAPL,stock,True
2025-02-11,2025-02-11 00:00:00,339.586146165719,1790822.0,339.2052605670263,342.7812969871172,336.4758033252255,AAPL,stock,True
2025-02-12,2025-02-12 00:00:00,339.2132798912144,1824715.0,336.07640968385994,339.88638659154395,333.48107330986534,AAPL,stock,True
2025-02-13,2025-02-13 00:00:00,336.00078847679293,675768.0,336.165383383775,339.32307033732485,333.99574296223324,AAPL,stock,True
2025-02-14,2025-02-14 00:00:00,335.9851608172408,2053093.0,335.0074471525171,338.7143408800768,333.0328244000412,AAPL,stock,True
2025-02-17,2025-02-17 00:00:00,334.84588957250617,3609737.0,332.76417857390044,338.0838632474784,331.09522945355417,AAPL,stock,True
2025-02-18,2025-02-18 00:00:00,332.5878376296433,2935706.0,331.21652038959434,333.0786426090276,330.96128849081373,AAPL,stock,True
2025-02-19,2025-02-19 00:00:00,331.0736302052067,2752165.0,334.4053360249709,334.9864254661426,330.3147797407441,AAPL,stock,True
2025-02-20,2025-02-20 00:00:00,334.3190592705705,4531357.0,338.18984484472594,340.51993811169376,333.2077567069541,AAPL,stock,True
2025-02-21,2025-02-21 00:00:00,338.22941784162356,3625747.0,341.3639179577819,344.54163448799665,337.6967832344984,AAPL,stock,True
2025-02-24,2025-02-24 00:00:00,341.42478652053313,4253492.0,344.3744151310905,347.75673398568273,340.11067069276334,AAPL,stock,True
2025-02-25,2025-02-25 00:00:00,344.51205713818393,3946677.0,344.319332883247,347.19315003717526,343.71783445588653,AAPL,stock,True
2025-02-26,2025-02-26 00:00:00,344.2158674445537,883794.0,340.9114441256456,346.9635575535241,339.56515167960634,AAPL,stock,True
2025-02-27,2025-02-27 00:00:00,340.77454020340633,3858249.0,336.642777644558,343.6196622103806,335.66816518443386,AAPL,stock,True
2025-02-28,2025-02-28 00:00:00,336.57115151834273,4356622.0,339.06857475706585,339.95113586826596,333.7223240027322,AAPL,stock,True
2025-03-03,2025-03-03 00:00:00,339.00921081040633,3406533.0,343.8163323334692,343.886635898591,335.75175024015397,AAPL,stock,True
2025-03-04,2025-03-04 00:00:00,343.7470100534668,3718061.0,339.60069671714507,346.1822539189082,337.1012427799001,AAPL,stock,True
2025-03-05,2025-03-05 00:00:00,339.6350833890164,1611290.0,340.3681560972399,341.01457467536864,337.7395477319474,AAPL,stock,True
2025-03-06,2025-03-06 00:00:00,340.5158929913246,1201475.0,340.4375676724768,341.74506042587456,339.0727025657372,AAPL,stock,True
2025-03-07,2025-03-07 00:00:00,340.37156921362066,3157097.0,341.4313498778527,343.162015411945,340.04445373709865,AAPL,stock,True
2025-03-10,2025-03-10 00:00:00,341.2671363088037,1197094.0,342.39374792994516,344.6714231432468,341.1953816727665,AAPL,stock,True
2025-03-11,2025-03-11 00:00:00,342.49936105028223,4027280.0,347.13389048160826,347.86917947460284,339.71715897175727,AAPL,stock,True
2025-03-12,2025-03-12 00:00:00,347.15110142482297,3938264.0,342.66704697636516,348.2391967586845,339.89504305650263,AAPL,stock,True
2025-03-13,2025-03-13 00:00:00,342.8145923268563,2384814.0,341.40821373752095,345.6293088722448,340.29615716634976,AAPL,stock,True
2025-03-14,2025-03-14 00:00:00,341.43040643866874,2253848.0,338.34214163368836,342.64349104162005,337.55431876513506,AAPL,stock,True
2025-03-17,2025-03-17 00:00:00,338.4262194149032,4866717.0,335.31983129551935,341.6693838916441,333.96383511495696,AAPL,stock,True
2025-03-18,2025-03-18 00:00:00,335.19062870534043,4887190.0,335.4188226699744,336.22642295067067,332.7189903370908,AAPL,stock,True
2025-03-19,2025-03-19 00:00:00,335.46046534550254,3391612.0,334.9879584775196,338.3230778391675,331.6394201901611,AAPL,stock,True
2025-03-20,2025-03-20 00:00:00,334.88204754299056,3397668.0,334.80919125935816,335.5691967130259,332.46485576783044,AAPL,stock,True
2025-03-21,2025-03-21 00:00:00,334.71891571606415,3115674.0,336.80642993780106,338.37429288091147,331.4218336354551,AAPL,stock,True
2025-03-24,2025-03-24 00:00:00,336.66598747471085,2770169.0,331.9432759737752,337.30431806222487,330.14260473842506,AAPL,stock,True
2025-03-25,2025-03-25 00:00:00,331.98251934184714,2628397.0,331.63666525194543,332.0509523448786,328.8291010435353,AAPL,stock,True
2025-03-26,2025-03-26 00:00:00,331.55837287016766,691141.0,331.380394686637,332.6634842467167,328.92654522914614,AAPL,stock,True
2025-03-27,2025-03-27 00:00:00,331.4976945295489,500290.0,333.133837410541,334.2362195928929,331.0867779084731,AAPL,stock,True
2025-03-28,2025-03-28 00:00:00,332.96595674416415,1541773.0,334.04548653788277,337.19901648291096,331.3431564193148,AAPL,stock,True
2025-03-31,2025-03-31 00:00:00,334.04436523730345,4977377.0,335.35694284632245,338.4714889286968,332.5019243949174,AAPL,stock,True
2025-04-01,2025-04-01 00:00:00,335.42965959268736,3401959.0,337.3135336507622,340.09384691037536,334.21066774807235,AAPL,stock,True
2025-04-02,2025-04-02 00:00:00,337.4493840221355,4802021.0,342.185965409499,345.2937044333716,336.5625008770142,AAPL,stock,True
2025-04-03,2025-04-03 00:00:00,342.28707660558166,3041648.0,345.53093515009186,346.8679598479154,340.0363469990198,AAPL,stock,True
2025-04-04,2025-04-04 00:00:00,345.47133726223365,4356751.0,346.68006468664817,348.5383929687635,345.26743418248986,AAPL,stock,True
2025-04-07,2025-04-07 00:00:00,346.597004335856,4127192.0,346.3272680084134,349.54338217259715,343.2818287456354,AAPL,stock,True
2025-04-08,2025-04-08 00:00:00,346.22165382161177,1839987.0,341.1799543364322,348.99938589134257,339.0487838094575,AAPL,stock,True
2025-04-09,2025-04-09 00:00:00,341.1897443033196,2760495.0,336.3048005744994,342.51337229068287,336.12842419960896,AAPL,stock,True
2025-04-10,2025-04-10 00:00:00,336.3219266160636,2740559.0,335.5294699983148,339.22446917720265,335.0531981301117,AAPL,stock,True
2025-04-11,2025-04-11 00:00:00,335.555895894178,2512291.0,340.1223226150188,342.57731048011095,333.7142731308714,AAPL,stock,True
2025-04-14,2025-04-14 00:00:00,340.24158354525997,3638855.0,342.30427332808966,343.5002749172684,338.43145572375346,AAPL,stock,True
2025-04-15,2025-04-15 00:00:00,342.40812036682655,2639325.0,338.0397472668734,344.76435944973144,335.22740716919054,AAPL,stock,True
2025-04-16,2025-04-16 00:00:00,337.9224781397894,3427145.0,341.2998350283389,344.4461271203862,336.2666524873119,AAPL,stock,True
2025-04-17,2025-04-17 00:00:00,341.32171131083686,1488911.0,340.11166908549734,344.55100816464267,339.57754876367767,AAPL,stock,True
2025-04-18,2025-04-18 00:00:00,340.09750069792796,2091757.0,336.8909098351189,343.14360529382583,334.2665557278368,AAPL,stock,True
2025-04-21,2025-04-21 00:00:00,336.9422221078855,750771.0,331.96625804132105,338.6568779905681,331.4592659693093,AAPL,stock,True
2025-04-22,2025-04-22 00:00:00,331.92152752917013,2939142.0,334.8903726578149,335.97775087392307,330.51410151621053,AAPL,stock,True
2025-04-23,2025-04-23 00:00:00,334.77740801465495,2745366.0,336.7532608827667,337.1927085753317,334.5735620783821,AAPL,stock,True
2025-04-24,2025-04-24 00:00:00,336.7226718027668,693606.0,337.4165665231057,340.46672959201464,335.5724294770862,AAPL,stock,True
2025-04-25,2025-04-25 00:00:00,337.380558550859,3502270.0,341.79954189917663,342.71797519462774,337.10346410922773,AAPL,stock,True
2025-04-28,2025-04-28 00:00:00,341.6162681877484,1842001.0,344.1347443810478,344.97698888543806,338.47446867176103,AAPL,stock,True
2025-04-29,2025-04-29 00:00:00,344.03273788955653,2711125.0,342.51560606636286,345.6841330713134,341.0082451126535,AAPL,stock,True
2025-04-30,2025-04-30 00:00:00,342.54420315049146,1410228.0,339.2256523478804,344.7012111800988,338.25035435795974,AAPL,stock,True
2025-05-01,2025-05-01 00:00:00,339.1436633675936,659089.0,338.70339165719366,339.7501494991942,337.9985265209583,AAPL,stock,True
2025-05-02,2025-05-02 00:00:00,338.590182334783,704793.0,342.9973383762685,343.89354694431694,335.34129807501927,AAPL,stock,True
2025-05-05,2025-05-05 00:00:00,342.9208633993262,2542743.0,344.3976090319888,345.8037347987668,342.77158961269794,AAPL,stock,True
2025-05-06,2025-05-06 00:00:00,344.504209759698,4116954.0,344.97931065649607,348.30954822082435,343.6716126387557,AAPL,stock,True
2025-05-07,2025-05-07 00:00:00,345.1265744138292,4850207.0,346.23965053748407,347.20374237998334,342.36291002746725,AAPL,stock,True
2025-05-08,2025-05-08 00:00:00,346.2836390983058,1737922.0,347.91718585880466,348.41663621373493,342.8871684242181,AAPL,stock,True
2025-05-09,2025-05-09 00:00:00,347.9541929632802,2293108.0,349.8366139809652,350.2479519141747,345.7201057815059,AAPL,stock,True
2025-05-12,2025-05-12 00:00:00,349.8215724892565,1274414.0,353.23041502620305,356.45178100491904,349.2626526019119,AAPL,stock,True
2025-05-13,2025-05-13 00:00:00,353.24220111604734,2832300.0,350.5849586319902,355.38534862252794,348.89470771060184,AAPL,stock,True
2025-05-14,2025-05-14 00:00:00,350.46361093334184,2842299.0,347.94215376089005,352.7727707876111,345.6664888720001,AAPL,stock,True
2025-05-15,2025-05-15 00:00:00,348.0897669889911,2074909.0,347.70237638752735,351.2390229083294,346.7761991494374,AAPL,stock,True
2025-05-16,2025-05-16 00:00:00,347.56696604053263,3543066.0,347.64464779628804,348.8917284888173,347.1435180111553,AAPL,stock,True
2025-05-19,2025-05-19 00:00:00,347.4611074173178,3379156.0,342.706918375019,348.59147027421426,340.28976072128,AAPL,stock,True
2025-05-20,2025-05-20 00:00:00,342.5482686583551,1070404.0,344.16947005610814,345.5375984362477,342.06102240057106,AAPL,stock,True
2025-05-21,2025-05-21 00:00:00,344.3084691494213,3347838.0,341.30528783945925,345.91833287935293,340.3269589599809,AAPL,stock,True
2025-05-22,2025-05-22 00:00:00,341.3228010699877,2669400.0,341.1136042429365,341.6974155477272,339.10003524505504,AAPL,stock,True
2025-05-23,2025-05-23 00:00:00,341.0716418397329,2509693.0,344.44626731820307,345.06466308420977,340.75856548409416,AAPL,stock,True
2025-05-26,2025-05-26 00:00:00,344.46360766355775,1893465.0,343.23759288872077,347.71362080284604,340.55667974291373,AAPL,stock,True
2025-05-27,2025-05-27 00:00:00,343.13534576210316,3127446.0,346.8027637725328,346.82352344185864,342.92271136801537,AAPL,stock,True
2025-05-28,2025-05-28 00:00:00,346.74993807505376,1417177.0,348.4628035507287,351.52780585800474,346.32261216036875,AAPL,stock,True
2025-05-29,2025-05-29 00:00:00,348.5934045407906,2197130.0,351.7529652846659,352.6839948341119,346.8288966700648,AAPL,stock,True
2025-05-30,2025-05-30 00:00:00,351.87442427126797,1480662.0,349.8159983429529,355.1936330910779,346.52601780053857,AAPL,stock,True
2025-06-02,2025-06-02 00:00:00,349.90647151228484,2088189.0,348.1478208545079,350.9364519283842,346.55205201254836,AAPL,stock,True
2025-06-03,2025-06-03 00:00:00,348.1870148033955,3338093.0,343.91546275038445,349.80176321570184,341.79345178480685,AAPL,stock,True
2025-06-04,2025-06-04 00:00:00,343.9208706648473,954932.0,344.0239871923717,345.9468440313593,343.7230625678854,AAPL,stock,True
2025-06-05,2025-06-05 00:00:00,344.0822937192188,3510623.0,340.6499096799303,345.6964832866472,340.1893475460425,AAPL,stock,True
2025-06-06,2025-06-06 00:00:00,340.5814278566531,4570312.0,338.14705545107995,343.61862044266644,336.8879909362872,AAPL,stock,True
2025-06-09,2025-06-09 00:00:00,338.1686335847149,4200200.0,333.8049507141382,339.0770866288696,331.11818624085714,AAPL,stock,True
2025-06-10,2025-06-10 00:00:00,333.72213769928015,2416081.0,334.83400515312184,336.1401595961161,331.8422537258712,AAPL,stock,True
2025-06-11,2025-06-11 00:00:00,334.7163196967884,3308079.0,333.20738857986754,337.9755585694346,332.18259452904084,AAPL,stock,True
2025-06-12,2025-06-12 00:00:00,333.159759436783,3411881.0,337.0592454266193,339.08771531406813,330.7471189660138,AAPL,stock,True
2025-06-13,2025-06-13 00:00:00,337.12639043383786,3045439.0,337.44545337218705,339.49391770476325,334.31008813664073,AAPL,stock,True
2025-06-16,2025-06-16 00:00:00,337.5275139332454,877490.0,335.1649822551485,339.48202158912153,334.10998464426183,AAPL,stock,True
2025-06-17,2025-06-17 00:00:00,335.18242462244086,3342713.0,331.3093258029272,338.34973210678305,329.6967944020441,AAPL,stock,True
2025-06-18,2025-06-18 00:00:00,331.2998352465973,3191053.0,332.68756741952075,334.5611249021706,330.12238722418675,AAPL,stock,True
2025-06-19,2025-06-19 00:00:00,332.64496810023377,3045729.0,336.6752977664767,337.056568423673,330.7178543573855,AAPL,stock,True
2025-06-20,2025-06-20 00:00:00,336.800348806646,1894450.0,337.14832414272763,338.25126431551115,335.80852444414586,AAPL,stock,True
2025-06-23,2025-06-23 00:00:00,337.18371937236003,1688981.0,336.00419063630306,339.9949923357035,333.34699713693215,AAPL,stock,True
2025-06-24,2025-06-24 00:00:00,335.85832555183254,4594625.0,338.8688190342616,339.9853220530856,334.7425530292438,AAPL,stock,True
2025-06-25,2025-06-25 00:00:00,338.7613602423416,2749904.0,335.1638888722922,340.54689987171906,333.1513780855684,AAPL,stock,True
2025-06-26,2025-06-26 00:00:00,335.3048436129574,1793058.0,340.40201338545234,342.36337821374553,334.3307693948531,AAPL,stock,True
2025-06-27,2025-06-27 00:00:00,340.2200264780518,1532696.0,342.279951978568,342.976263409538,338.38233832652213,AAPL,stock,True
2025-06-30,2025-06-30 00:00:00,342.1522583043946,2148922.0,346.8773883169,347.33944282419657,340.8625035314896,AAPL,stock,True
2025-07-01,2025-07-01 00:00:00,346.82493892469535,671823.0,345.76314028251454,347.5569157692523,343.4807030351295,AAPL,stock,True
2025-07-02,2025-07-02 00:00:00,345.86550956804865,4556931.0,341.942698266653,348.05430991678213,339.27412684760213,AAPL,stock,True
2025-07-03,2025-07-03 00:00:00,341.883397481423,958049.0,343.48377688084753,346.6396530797769,340.94759822970303,AAPL,stock,True
2025-07-04,2025-07-04 00:00:00,343.3480006325173,3990631.0,344.8997923549602,348.1969229699196,340.11953052237067,AAPL,stock,True
2025-07-07,2025-07-07 00:00:00,344.96634895960597,2381727.0,343.22617657372604,344.99883140720743,342.0064971797273,AAPL,stock,True
2025-07-08,2025-07-08 00:00:00,343.34746920130254,1415854.0,346.4246440315775,348.4251875117111,341.4906952654431,AAPL,stock,True
2025-07-09,2025-07-09 00:00:00,346.315939555055,1319139.0,343.38441386104046,348.05030654616456,343.3345063379499,AAPL,stock,True
2025-07-10,2025-07-10 00:00:00,343.1962041836328,2538364.0,338.6273753114556,346.56771011885553,336.60129942543216,AAPL,stock,True
2025-07-11,2025-07-11 00:00:00,338.6871944985811,1335298.0,338.886111291502,339.4893939640618,338.06818869861996,AAPL,stock,True
2025-07-14,2025-07-14 00:00:00,338.8862190676292,2478946.0,334.59413965237724,341.9373492858793,334.57734609681074,AAPL,stock,True
2025-07-15,2025-07-15 00:00:00,334.6744337370823,3229516.0,336.0,336.5298001814294,334.49815476663605,AAPL,stock,True
2024-11-06,2024-11-06 00:00:00,340.60887634607934,4932236.0,338.95295307782845,343.7060650776627,336.1998898011918,MSFT,stock,True
2024-11-07,2024-11-07 00:00:00,338.99905382628964,1798886.0,335.32019633384374,341.3108759880893,334.88268938700946,MSFT,stock,True
2024-11-08,2024-11-08 00:00:00,335.22225897167533,4366738.0,337.9727295230171,339.53087592861425,333.5089227209694,MSFT,stock,True
2024-11-11,2024-11-11 00:00:00,338.06840079182433,1348219.0,341.18099437017503,343.27851266502347,336.7403114042397,MSFT,stock,True
2024-11-12,2024-11-12 00:00:00,341.1462323532229,3706891.0,337.7666606519455,343.1942219272277,336.5247456430405,MSFT,stock,True
2024-11-13,2024-11-13 00:00:00,337.5892863403806,2788263.0,342.38141203470155,344.78089266705024,337.0266504500744,MSFT,stock,True
2024-11-14,2024-11-14 00:00:00,342.25806561543527,1452611.0,342.7747286099895,343.5776037828054,339.3216911677076,MSFT,stock,True
2024-11-15,2024-11-15 00:00:00,342.9289678686614,2924458.0,345.69769832548377,349.04144949528984,342.56915072321596,MSFT,stock,True
2024-11-18,2024-11-18 00:00:00,345.78540565459514,1724703.0,345.06595298915005,348.0094405747235,343.658280237325,MSFT,stock,True
2024-11-19,2024-11-19 00:00:00,345.04452838763194,1579918.0,342.6423485956395,348.06355685805465,342.12674754105774,MSFT,stock,True
2024-11-20,2024-11-20 00:00:00,342.76018976192483,1365448.0,338.9128315833552,343.13226430276694,337.97495612908006,MSFT,stock,True
2024-11-21,2024-11-21 00:00:00,338.7512311175028,4459416.0,338.41779894056566,340.5428615997793,336.6902178852337,MSFT,stock,True
2024-11-22,2024-11-22 00:00:00,338.2967805662155,3408955.0,337.85299493156185,341.42468819785535,337.1075196637743,MSFT,stock,True
2024-11-25,2024-11-25 00:00:00,337.6890496827736,2354974.0,338.93343676337116,340.50588901927654,335.45889903734235,MSFT,stock,True
2024-11-26,2024-11-26 00:00:00,338.82187498507255,3497486.0,343.49742061394625,343.7610184745365,337.6934106593863,MSFT,stock,True
2024-11-27,2024-11-27 00:00:00,343.369747729098,1379564.0,339.15362022945305,346.5761076838543,336.1597121071357,MSFT,stock,True
2024-11-28,2024-11-28 00:00:00,338.9724828386109,595154.0,343.6313441726265,346.14370481399385,337.57311146333063,MSFT,stock,True
2024-11-29,2024-11-29 00:00:00,343.7845033970173,4644924.0,341.9244965434998,346.4314352383565,341.85248040266146,MSFT,stock,True
2024-12-02,2024-12-02 00:00:00,341.97081320636835,4120051.0,343.45575647530416,344.51772732918175,341.94513740505295,MSFT,stock,True
2024-12-03,2024-12-03 00:00:00,343.5227348930495,3726325.0,345.85702639452234,346.00810326285807,341.61892053300335,MSFT,stock,True
2024-12-04,2024-12-04 00:00:00,345.7580183473765,656448.0,342.80550179684445,348.446672178624,341.73928225656937,MSFT,stock,True
2024-12-05,2024-12-05 00:00:00,342.7131459485029,1874518.0,346.2789416835124,347.8046546886171,340.77495531750935,MSFT,stock,True
2024-12-06,2024-12-06 00:00:00,346.4179268753549,3295429.0,345.63277527867467,348.3370717674599,342.82648549848454,MSFT,stock,True
2024-12-09,2024-12-09 00:00:00,345.61599883513276,684888.0,350.40974940563467,350.81609541448324,342.6334969605907,MSFT,stock,True
2024-12-10,2024-12-10 00:00:00,350.41733329999647,850397.0,348.2446521056339,351.7274443504181,346.09529297968953,MSFT,stock,True
2024-12-11,2024-12-11 00:00:00,348.21692803011535,2901006.0,350.3463996726261,353.63022709157184,345.72619659108926,MSFT,stock,True
2024-12-12,2024-12-12 00:00:00,350.20577662733524,4477911.0,349.2518002694801,350.70476607859115,347.85250112851867,MSFT,stock,True
2024-12-13,2024-12-13 00:00:00,349.2457897313347,2241986.0,348.240275477618,352.37568653536607,347.16113913968064,MSFT,stock,True
2024-12-16,2024-12-16 00:00:00,348.33697900538095,1150799.0,353.5977632218757,356.5712343484487,347.1679309589883,MSFT,stock,True
2024-12-17,2024-12-17 00:00:00,353.62102381449876,2051086.0,352.45712082440207,356.8255146511893,352.2998518461854,MSFT,stock,True
2024-12-18,2024-12-18 00:00:00,352.518269857939,4447760.0,357.3488683075785,358.5684484475804,351.4442957560326,MSFT,stock,True
2024-12-19,2024-12-19 00:00:00,357.3475991934865,664924.0,361.23674547378226,364.0460871210527,354.3975753265436,MSFT,stock,True
2024-12-20,2024-12-20 00:00:00,361.328435923866,4990894.0,366.71682323761024,367.04562584583897,358.5773767138718,MSFT,stock,True
2024-12-23,2024-12-23 00:00:00,366.77791780949696,983312.0,364.8307760265928,370.00208400443887,362.5726649860267,MSFT,stock,True
2024-12-24,2024-12-24 00:00:00,364.6677815840041,2531041.0,368.18231829762084,368.3305699344217,362.7532968581724,MSFT,stock,True
2024-12-25,2024-12-25 00:00:00,368.1738851351778,2299322.0,362.9473482828295,369.1462585271601,361.6612685804148,MSFT,stock,True
2024-12-26,2024-12-26 00:00:00,363.1048263482046,4196698.0,365.26868658106633,365.42140642652924,360.49374284700696,MSFT,stock,True
2024-12-27,2024-12-27 00:00:00,365.24756640013595,1069118.0,369.1356454336889,369.5718155556581,365.15274815243544,MSFT,stock,True
2024-12-30,2024-12-30 00:00:00,369.1107103207366,3913282.0,365.8854588602928,371.98920200585434,364.7246449428239,MSFT,stock,True
2024-12-31,2024-12-31 00:00:00,365.757484397589,574746.0,370.14771665371023,372.2013132869339,364.6480532946599,MSFT,stock,True
2025-01-01,2025-01-01 00:00:00,370.26893906764025,3216717.0,368.1545302633168,371.62618412987536,364.8867116732515,MSFT,stock,True
2025-01-02,2025-01-02 00:00:00,368.05696450880936,2596012.0,367.2315185150273,369.62540543790124,366.36792067769403,MSFT,stock,True
2025-01-03,2025-01-03 00:00:00,367.27906254699707,3164655.0,372.82869703270524,373.2707704668177,366.2997747797733,MSFT,stock,True
2025-01-06,2025-01-06 00:00:00,372.7001763932409,1507809.0,377.903629705326,380.51563099356866,371.9396166620179,MSFT,stock,True
2025-01-07,2025-01-07 00:00:00,377.96947524257246,1071075.0,380.4715218973209,381.26415607277835,375.78976339357393,MSFT,stock,True
2025-01-08,2025-01-08 00:00:00,380.5242387769922,4532483.0,384.76147583713407,385.66745928762765,379.57082833193743,MSFT,stock,True
2025-01-09,2025-01-09 00:00:00,384.8571214119015,1433504.0,383.5079955955462,384.884291525,382.8407419836756,MSFT,stock,True
2025-01-10,2025-01-10 00:00:00,383.6558482605857,3956365.0,378.3924300855603,385.35494574059635,377.39467446912505,MSFT,stock,True
2025-01-13,2025-01-13 00:00:00,378.18556991714837,2862378.0,373.0452046825956,378.4801105650957,372.47586653905637,MSFT,stock,True
2025-01-14,2025-01-14 00:00:00,372.8519088147516,2597009.0,368.23614018100017,374.68222212806404,367.5813827331054,MSFT,stock,True
2025-01-15,2025-01-15 00:00:00,368.24638830462646,3588385.0,368.9698868001164,372.2241055414787,365.22742208151135,MSFT,stock,True
2025-01-16,2025-01-16 00:00:00,368.8976514791406,4375879.0,366.36971316591934,370.60213835755303,362.80366919228396,MSFT,stock,True
2025-01-17,2025-01-17 00:00:00,366.30164777507065,4800446.0,361.4118257987935,369.69472252728985,358.31115614582814,MSFT,stock,True
2025-01-20,2025-01-20 00:00:00,361.3958074844105,2986743.0,364.17855729343376,367.5376865378143,360.15983842604345,MSFT,stock,True
2025-01-21,2025-01-21 00:00:00,364.1656710379116,4785463.0,360.98136846386416,367.43754808895454,358.4107418080677,MSFT,stock,True
2025-01-22,2025-01-22 00:00:00,361.082735632356,3836024.0,360.1421367430956,361.7698373842857,356.8262019788042,MSFT,stock,True
2025-01-23,2025-01-23 00:00:00,360.1269473151538,760623.0,357.0448528968356,360.84727862252885,355.26747760271303,MSFT,stock,True
2025-01-24,2025-01-24 00:00:00,356.87502410325936,2994229.0,356.3961080792558,360.3727744761018,354.26664753995766,MSFT,stock,True
2025-01-27,2025-01-27 00:00:00,356.28900371171636,4116575.0,361.2058409294556,364.2558840957766,354.33732999347427,MSFT,stock,True
2025-01-28,2025-01-28 00:00:00,361.33004481475353,1353519.0,356.4312014937813,361.5010646850525,353.6532514170916,MSFT,stock,True
2025-01-29,2025-01-29 00:00:00,356.39698221314956,872054.0,356.5973433149526,358.4682730661442,355.4892303515389,MSFT,stock,True
2025-01-30,2025-01-30 00:00:00,356.4743985584164,946778.0,359.27398738662606,359.9859733079426,355.2643443147107,MSFT,stock,True
2025-01-31,2025-01-31 00:00:00,359.2546234538123,2193428.0,362.266792361487,365.3495858595398,358.3518125857875,MSFT,stock,True
2025-02-03,2025-02-03 00:00:00,362.2723890379889,2954373.0,358.5564664580675,362.86484474102343,357.5392762882565,MSFT,stock,True
2025-02-04,2025-02-04 00:00:00,358.46333694519893,3968038.0,353.72561984021365,361.4583672504731,353.1306229817168,MSFT,stock,True
2025-02-05,2025-02-05 00:00:00,353.8463934564401,4375371.0,354.2121938488205,355.8034140060033,351.17399767814703,MSFT,stock,True
2025-02-06,2025-02-06 00:00:00,354.2095492019511,2212246.0,359.5656088797628,361.09320762237957,352.881245792899,MSFT,stock,True
2025-02-07,2025-02-07 00:00:00,359.72389542591185,3779041.0,364.2478807751396,364.2750074586439,357.70016899713926,MSFT,stock,True
2025-02-10,2025-02-10 00:00:00,364.05156040524537,861704.0,364.29879105709665,366.0941937626889,362.62506833632295,MSFT,stock,True
2025-02-11,2025-02-11 00:00:00,364.44774459677086,1176833.0,362.2814392342566,367.4816162141356,361.86233279822494,MSFT,stock,True
2025-02-12,2025-02-12 00:00:00,362.39211765657274,3220543.0,363.10618640614246,366.0172789344619,359.260277302679,MSFT,stock,True
2025-02-13,2025-02-13 00:00:00,363.15740836219766,1728799.0,366.29457103210314,368.2632028395092,360.88408413457944,MSFT,stock,True
2025-02-14,2025-02-14 00:00:00,366.1031318751361,4790507.0,361.0469175904745,369.13954168573764,357.95100238866496,MSFT,stock,True
2025-02-17,2025-02-17 00:00:00,360.9842719530594,1320861.0,357.9052971185352,363.6811776967754,354.41740667480786,MSFT,stock,True
2025-02-18,2025-02-18 00:00:00,357.79642127323723,734652.0,353.4491724060631,358.18689101866175,351.0115749638428,MSFT,stock,True
2025-02-19,2025-02-19 00:00:00,353.44661606832665,1133480.0,355.9742746053866,356.6070192265789,352.28870928888375,MSFT,stock,True
2025-02-20,2025-02-20 00:00:00,355.9054683540272,570688.0,356.785388526868,356.9181536397809,353.24459389821914,MSFT,stock,True
2025-02-21,2025-02-21 00:00:00,356.72874005710077,3830526.0,351.5117321267527,358.0916868293949,351.27630690931323,MSFT,stock,True
2025-02-24,2025-02-24 00:00:00,351.3868017462071,1523285.0,347.3901701583558,353.9948515019532,344.23488886903885,MSFT,stock,True
2025-02-25,2025-02-25 00:00:00,347.364987243864,1383041.0,344.5148144770443,350.1780644959473,342.0962303607649,MSFT,stock,True
2025-02-26,2025-02-26 00:00:00,344.6693316713629,4984872.0,348.32776595920546,350.1860230940803,343.19661091963735,MSFT,stock,True
2025-02-27,2025-02-27 00:00:00,348.39100685494617,3343378.0,350.9728743793497,353.63824793604175,348.16060306534166,MSFT,stock,True
2025-02-28,2025-02-28 00:00:00,350.9123656516382,4865555.0,352.3541437493023,353.9712176250238,349.81607547069126,MSFT,stock,True
2025-03-03,2025-03-03 00:00:00,352.2344019903114,3079725.0,352.1918714167647,354.9171514449355,350.95592217384365,MSFT,stock,True
2025-03-04,2025-03-04 00:00:00,352.1479133373326,3931494.0,354.18473824975035,356.994103182059,351.7099723054817,MSFT,stock,True
2025-03-05,2025-03-05 00:00:00,354.00712396388144,3950838.0,350.57315936432997,355.97274764431046,349.70213842696575,MSFT,stock,True
2025-03-06,2025-03-06 00:00:00,350.4231399993961,4286367.0,355.1565463964993,358.1876432255922,350.05378761776944,MSFT,stock,True
2025-03-07,2025-03-07 00:00:00,355.0570304754323,3905521.0,356.8947586216845,360.36913313827733,351.5966681808806,MSFT,stock,True
2025-03-10,2025-03-10 00:00:00,356.80663104531465,3013904.0,359.57921870050393,362.06240612365355,353.83139495875287,MSFT,stock,True
2025-03-11,2025-03-11 00:00:00,359.72648447927475,4241051.0,360.97941712735224,361.92753890218944,358.29391071509707,MSFT,stock,True
2025-03-12,2025-03-12 00:00:00,360.8027534378582,1788135.0,364.4311297904883,366.8129540310413,360.4217555661267,MSFT,stock,True
2025-03-13,2025-03-13 00:00:00,364.32652628443816,1607305.0,363.61054895323656,367.5093642760546,360.17632979245576,MSFT,stock,True
2025-03-14,2025-03-14 00:00:00,363.62938389449585,4837631.0,358.99296706868404,366.57407000511137,355.5404567113737,MSFT,stock,True
2025-03-17,2025-03-17 00:00:00,359.01620155996,2712333.0,361.39159645207815,364.1174158214865,357.9762637305212,MSFT,stock,True
2025-03-18,2025-03-18 00:00:00,361.2676344159318,1541063.0,356.4982463596446,363.6645275395429,353.72651298335654,MSFT,stock,True
2025-03-19,2025-03-19 00:00:00,356.63601443417286,3615411.0,352.1080974770277,358.40736911114226,350.8125887299874,MSFT,stock,True
2025-03-20,2025-03-20 00:00:00,352.04523562811147,3626808.0,354.67213693904824,355.912039676992,351.104274677736,MSFT,stock,True
2025-03-21,2025-03-21 00:00:00,354.57301127193324,897149.0,356.3141754561336,359.81861598130615,353.6636049144297,MSFT,stock,True
2025-03-24,2025-03-24 00:00:00,356.39202269937266,3599510.0,354.15143829407333,359.0119451844124,352.10914947389836,MSFT,stock,True
2025-03-25,2025-03-25 00:00:00,353.9848038126626,1576243.0,353.970181311398,355.1896279535738,353.41137710817645,MSFT,stock,True
2025-03-26,2025-03-26 00:00:00,353.8298656799677,4891464.0,357.0055313098881,358.5596387094912,352.76439958540635,MSFT,stock,True
2025-03-27,2025-03-27 00:00:00,356.9029351405899,981640.0,354.27991970503643,360.3547420115531,352.96254034701633,MSFT,stock,True
2025-03-28,2025-03-28 00:00:00,354.28029829882905,1678126.0,350.1010466507371,356.4365980253356,350.091448218969,MSFT,stock,True
2025-03-31,2025-03-31 00:00:00,350.15462958843887,3161337.0,354.8562111823688,356.7300076398684,349.00015798224706,MSFT,stock,True
2025-04-01,2025-04-01 00:00:00,354.9513833845086,4563052.0,358.25933463941203,358.8715625591787,353.62903916549993,MSFT,stock,True
2025-04-02,2025-04-02 00:00:00,358.33745806682964,4014305.0,354.60333832822477,359.7642979193917,351.0927769349886,MSFT,stock,True
2025-04-03,2025-04-03 00:00:00,354.56464339959865,1592319.0,355.8223674870756,358.2457120264832,353.2437024929863,MSFT,stock,True
2025-04-04,2025-04-04 00:00:00,355.6669734933234,2610062.0,354.2524028622032,357.60247862029684,353.32608141702184,MSFT,stock,True
2025-04-07,2025-04-07 00:00:00,354.19502571626884,3209630.0,353.13215736442584,355.27582878004955,350.465977206038,MSFT,stock,True
2025-04-08,2025-04-08 00:00:00,353.07626513908906,4452319.0,350.4976888932782,354.24555643524485,348.98283352819453,MSFT,stock,True
2025-04-09,2025-04-09 00:00:00,350.5787261392296,3590396.0,350.1865719278715,352.51687706183105,348.4061697906946,MSFT,stock,True
2025-04-10,2025-04-10 00:00:00,350.15111229577917,3313005.0,353.18844958900587,354.4275290358005,348.54602886631534,MSFT,stock,True
2025-04-11,2025-04-11 00:00:00,353.0386967809518,1870981.0,357.7373933705066,360.6640233004212,352.97735349165123,MSFT,stock,True
2025-04-14,2025-04-14 00:00:00,357.77552626732484,2135860.0,354.71156963052437,359.1341174472991,354.38144712289784,MSFT,stock,True
2025-04-15,2025-04-15 00:00:00,354.51866638522847,1277853.0,355.4533360241085,358.563725985385,351.3510307989335,MSFT,stock,True
2025-04-16,2025-04-16 00:00:00,355.5167622988387,4905732.0,358.85839605422024,358.8731036537007,352.14955247156007,MSFT,stock,True
2025-04-17,2025-04-17 00:00:00,358.92772671387763,611404.0,358.3719616912352,360.7804489074743,358.2876575504155,MSFT,stock,True
2025-04-18,2025-04-18 00:00:00,358.4069676646729,1970380.0,355.1751821014314,358.6331113680443,352.53160129185414,MSFT,stock,True
2025-04-21,2025-04-21 00:00:00,355.10781722103366,3689361.0,350.20364874592167,357.23483825911876,348.3282862988379,MSFT,stock,True
2025-04-22,2025-04-22 00:00:00,350.0188910251915,768344.0,347.40864932286377,350.72371587882867,345.4505007268995,MSFT,stock,True
2025-04-23,2025-04-23 00:00:00,347.3655374114268,1881968.0,350.87668979772536,352.04517341700733,347.085871652131,MSFT,stock,True
2025-04-24,2025-04-24 00:00:00,350.6912328720303,839289.0,352.90554271809464,353.65345343554407,349.239904618661,MSFT,stock,True
2025-04-25,2025-04-25 00:00:00,352.97448906717494,794215.0,352.8222174541006,354.8294275952087,352.6530477965236,MSFT,stock,True
2025-04-28,2025-04-28 00:00:00,352.7623231777057,3417312.0,348.623792489753,354.83822370792126,345.2432617182609,MSFT,stock,True
2025-04-29,2025-04-29 00:00:00,348.7642510339252,4725918.0,351.64712550978317,354.73383902276635,345.32853704863123,MSFT,stock,True
2025-04-30,2025-04-30 00:00:00,351.67188567987665,1244724.0,354.6798405156933,358.0214330034437,351.4950999207751,MSFT,stock,True
2025-05-01,2025-05-01 00:00:00,354.69067312628897,4521544.0,358.54073793882657,359.8345928945171,353.8029839573438,MSFT,stock,True
2025-05-02,2025-05-02 00:00:00,358.53249410387804,2640951.0,359.08974289729684,359.2582696506125,356.6103875525892,MSFT,stock,True
2025-05-05,2025-05-05 00:00:00,358.9878505090135,918638.0,353.81960735679706,362.41069795660525,351.4689729385286,MSFT,stock,True
2025-05-06,2025-05-06 00:00:00,353.86248344644565,3664207.0,351.66768552520574,357.0789329908092,350.9176734531799,MSFT,stock,True
2025-05-07,2025-05-07 00:00:00,351.5770363080249,1165303.0,348.5797000196276,353.2159057472336,346.70083671323096,MSFT,stock,True
2025-05-08,2025-05-08 00:00:00,348.6403821441773,4543031.0,351.0225004087359,351.69910694800086,346.01054167892175,MSFT,stock,True
2025-05-09,2025-05-09 00:00:00,350.8316731696987,1858469.0,350.35789948716354,351.6353551769366,349.45694923660153,MSFT,stock,True
2025-05-12,2025-05-12 00:00:00,350.27190338177127,1312331.0,353.05261636842096,356.0501658860995,349.2230848425961,MSFT,stock,True
2025-05-13,2025-05-13 00:00:00,352.9438507491417,2223889.0,355.66102561307383,355.8394278128888,352.7083245081738,MSFT,stock,True
2025-05-14,2025-05-14 00:00:00,355.51694299230104,1550439.0,355.38347088698976,358.5388318425867,352.97514089454097,MSFT,stock,True
2025-05-15,2025-05-15 00:00:00,355.333621277305,4885386.0,356.60026187409596,360.0549647165551,353.9803075672727,MSFT,stock,True
2025-05-16,2025-05-16 00:00:00,356.5705330581997,4044989.0,355.60545447846494,358.3564373445781,354.02938862840483,MSFT,stock,True
2025-05-19,2025-05-19 00:00:00,355.70848647526594,4115467.0,358.35194897093214,358.4019458175874,352.87848415782156,MSFT,stock,True
2025-05-20,2025-05-20 00:00:00,358.3577510294403,2880353.0,360.42794279717504,361.2777416156242,355.15172686885836,MSFT,stock,True
2025-05-21,2025-05-21 00:00:00,360.26174118609623,4755945.0,360.63559391285645,362.75103681440186,358.8524769654833,MSFT,stock,True
2025-05-22,2025-05-22 00:00:00,360.7475696210689,795139.0,360.75439414902075,360.8525902716818,359.39424144974686,MSFT,stock,True
2025-05-23,2025-05-23 00:00:00,360.79650901033017,1055313.0,363.211924244103,363.918592048359,359.12899417572953,MSFT,stock,True
2025-05-26,2025-05-26 00:00:00,363.33633820255494,1702443.0,360.56894404095834,366.6804482952002,357.49849333632085,MSFT,stock,True
2025-05-27,2025-05-27 00:00:00,360.57555951459335,1499374.0,365.56240164882854,367.92281333402565,359.2379205249354,MSFT,stock,True
2025-05-28,2025-05-28 00:00:00,365.5893846232765,1532057.0,364.0546706696355,367.4216322077401,361.4153894251622,MSFT,stock,True
2025-05-29,2025-05-29 00:00:00,364.0411601042951,567229.0,360.0371888487848,364.850548011091,358.26064389888944,MSFT,stock,True
2025-05-30,2025-05-30 00:00:00,360.1647035237616,4254478.0,365.154053446531,366.27447798103765,359.5463285683748,MSFT,stock,True
2025-06-02,2025-06-02 00:00:00,365.2606345317065,2229781.0,363.4183727236547,367.7248663225727,360.7395146284305,MSFT,stock,True
2025-06-03,2025-06-03 00:00:00,363.55917769885474,2970239.0,363.93763985710837,367.5229127542051,360.6938697237866,MSFT,stock,True
2025-06-04,2025-06-04 00:00:00,364.06044954570456,4079526.0,364.10584510393153,366.832366767664,363.53566793157995,MSFT,stock,True
2025-06-05,2025-06-05 00:00:00,364.0766953315856,2638081.0,365.8475519169318,367.30134636755884,360.6406902242937,MSFT,stock,True
2025-06-06,2025-06-06 00:00:00,365.8663876299346,1908489.0,366.14501539106413,369.48210483963476,362.42652511596424,MSFT,stock,True
2025-06-09,2025-06-09 00:00:00,366.08836650504594,4450467.0,362.5397492505421,368.005320766437,360.7625995349208,MSFT,stock,True
2025-06-10,2025-06-10 00:00:00,362.6045452752284,2517625.0,364.13950145207986,364.42318771128043,362.0445812828783,MSFT,stock,True
2025-06-11,2025-06-11 00:00:00,364.1709863950392,1604319.0,369.62932587258047,370.8584430351984,363.975238722484,MSFT,stock,True
2025-06-12,2025-06-12 00:00:00,369.6804191792818,1622157.0,371.8098456372534,371.8713446672799,366.0155316930108,MSFT,stock,True
2025-06-13,2025-06-13 00:00:00,371.89335554473024,4327204.0,368.29569282349576,374.1415494560175,367.64589656891235,MSFT,stock,True
2025-06-16,2025-06-16 00:00:00,368.16805890482925,4044727.0,372.96118006347234,374.17930360296907,365.32029805061563,MSFT,stock,True
2025-06-17,2025-06-17 00:00:00,372.77002440695475,849375.0,369.36724741409637,373.7378707220346,366.3858999932752,MSFT,stock,True
2025-06-18,2025-06-18 00:00:00,369.2548285123008,2708658.0,370.05490658639576,371.61907802734265,366.20678404661504,MSFT,stock,True
2025-06-19,2025-06-19 00:00:00,370.0567537757151,2265277.0,366.67471817329056,373.1765601310934,363.59262171267744,MSFT,stock,True
2025-06-20,2025-06-20 00:00:00,366.58103852609844,4177884.0,361.2547147279304,367.1751218361783,358.34957696641385,MSFT,stock,True
2025-06-23,2025-06-23 00:00:00,361.1534155313028,4151840.0,365.17876903001115,365.575548583674,358.4416900114014,MSFT,stock,True
2025-06-24,2025-06-24 00:00:00,365.2218248992055,4002259.0,362.56785477748275,367.7410350598629,359.58307078387776,MSFT,stock,True
2025-06-25,2025-06-25 00:00:00,362.4818615529638,3627322.0,362.1414691243327,363.42488542076086,360.3894341076343,MSFT,stock,True
2025-06-26,2025-06-26 00:00:00,362.2146084296253,3497997.0,358.2243682435582,364.46102683023173,355.71414916260613,MSFT,stock,True
2025-06-27,2025-06-27 00:00:00,358.25218788935933,653815.0,356.9020039741799,360.98678072495596,354.4068964722492,MSFT,stock,True
2025-06-30,2025-06-30 00:00:00,356.86916689842565,4837045.0,357.61042455696827,358.76790331376054,355.354876500121,MSFT,stock,True
2025-07-01,2025-07-01 00:00:00,357.51217723678064,1075743.0,362.49436938055527,364.7746245635195,354.6480151610506,MSFT,stock,True
2025-07-02,2025-07-02 00:00:00,362.5277007557256,3124267.0,363.22684719639005,366.30109332035033,359.43124144063006,MSFT,stock,True
2025-07-03,2025-07-03 00:00:00,363.3080098870105,1648859.0,367.1868210798639,369.1237967884505,362.6272033265209,MSFT,stock,True
2025-07-04,2025-07-04 00:00:00,367.17500902276856,2320364.0,368.0139823823131,368.18628290136127,366.87768614912375,MSFT,stock,True
2025-07-07,2025-07-07 00:00:00,367.86975594531566,1507246.0,364.1751595610696,368.76962270328664,363.13574743328377,MSFT,stock,True
2025-07-08,2025-07-08 00:00:00,364.27948864008545,4973236.0,368.06579125266904,369.0272510862714,360.89271171621743,MSFT,stock,True
2025-07-09,2025-07-09 00:00:00,368.2181517317811,2775943.0,366.3015441323423,369.7191154133487,364.96035962696385,MSFT,stock,True
2025-07-10,2025-07-10 00:00:00,366.13842098997634,3153094.0,367.64477576472177,371.1913881907085,363.22113416674796,MSFT,stock,True
2025-07-11,2025-07-11 00:00:00,367.71519799082023,1332834.0,368.0076979835916,370.70349543426266,365.08300976932213,MSFT,stock,True
2025-07-14,2025-07-14 00:00:00,368.17233145025375,2771289.0,364.74907075136724,370.41095386097584,363.29753932468236,MSFT,stock,True
2025-07-15,2025-07-15 00:00:00,364.8655949057356,3427208.0,364.0,367.2107245606884,363.4724564109803,MSFT,stock,True
2024-11-06,2024-11-06 00:00:00,448.39626590396267,2303668.0,441.7714253000712,452.64797877762715,438.96592179805384,GOOGL,stock,True
2024-11-07,2024-11-07 00:00:00,441.87606993263677,4778647.0,448.56662142890326,448.5729905382284,437.9446016507671,GOOGL,stock,True
2024-11-08,2024-11-08 00:00:00,448.58028685595934,4987156.0,444.81205703608555,450.3980274432256,441.07541595012134,GOOGL,stock,True
2024-11-11,2024-11-11 00:00:00,444.88245830337803,2505910.0,451.4675615592086,453.1537554387337,441.2355521304508,GOOGL,stock,True
2024-11-12,2024-11-12 00:00:00,451.26658703180874,4729869.0,456.53713390661886,459.31484280860303,447.9252679875697,GOOGL,stock,True
2024-11-13,2024-11-13 00:00:00,456.51655811119036,4780935.0,450.6057486990364,457.61540607835803,448.35698009650685,GOOGL,stock,True
2024-11-14,2024-11-14 00:00:00,450.3927440360167,3332842.0,457.1804842723628,459.62600287026663,447.8598130970293,GOOGL,stock,True
2024-11-15,2024-11-15 00:00:00,457.06869761458734,1440705.0,458.05643135847134,459.44875207393517,455.0969545620401,GOOGL,stock,True
2024-11-18,2024-11-18 00:00:00,458.0925968129547,1486090.0,454.9813810304111,460.725188286299,454.5564121911852,GOOGL,stock,True
2024-11-19,2024-11-19 00:00:00,454.7702471833949,3332714.0,458.72109406430434,462.76898554669975,453.1385327684203,GOOGL,stock,True
2024-11-20,2024-11-20 00:00:00,458.5995411323595,2104935.0,458.7862792064014,460.0911150716843,458.47855032514343,GOOGL,stock,True
2024-11-21,2024-11-21 00:00:00,458.55843426757826,1636923.0,451.8000044501261,460.3856713496879,450.2941045779778,GOOGL,stock,True
2024-11-22,2024-11-22 00:00:00,451.8707795231326,2968323.0,450.046023549003,452.10955178682946,446.14807605335835,GOOGL,stock,True
2024-11-25,2024-11-25 00:00:00,450.0523156626951,1831017.0,447.4177748652179,454.2767666787428,446.92726414951056,GOOGL,stock,True
2024-11-26,2024-11-26 00:00:00,447.4645001111057,785764.0,445.89955714059704,449.84440956106255,442.3155113953716,GOOGL,stock,True
2024-11-27,2024-11-27 00:00:00,446.03850460408466,3207912.0,446.68997428743256,450.5890022771073,442.26992805493165,GOOGL,stock,True
2024-11-28,2024-11-28 00:00:00,446.7401413696401,4628433.0,452.6481265098386,453.06292542986904,446.5893526248455,GOOGL,stock,True
2024-11-29,2024-11-29 00:00:00,452.82699479331933,2403871.0,452.5230229461593,456.5584185858476,449.0823622049795,GOOGL,stock,True
2024-12-02,2024-12-02 00:00:00,452.27742925017094,2409779.0,448.47755532454414,455.35841051798343,445.02568836716705,GOOGL,stock,True
2024-12-03,2024-12-03 00:00:00,448.60019923640266,2989302.0,450.47863644885996,451.3524460166079,446.6655544911171,GOOGL,stock,True
2024-12-04,2024-12-04 00:00:00,450.54133259115997,4114228.0,456.44265649939996,456.9137274707602,448.68816263916466,GOOGL,stock,True
2024-12-05,2024-12-05 00:00:00,456.2574286653601,2538361.0,463.0944970100911,465.39812490541004,452.43113581716705,GOOGL,stock,True
2024-12-06,2024-12-06 00:00:00,463.2965069519022,2572697.0,457.9073431953432,466.9022575286035,454.1732775177371,GOOGL,stock,True
2024-12-09,2024-12-09 00:00:00,457.7728018970071,4433037.0,453.63171769116855,458.35779204134036,452.6111136517123,GOOGL,stock,True
2024-12-10,2024-12-10 00:00:00,453.6820538258351,734442.0,457.01191448564117,459.83335823055506,452.9496581659286,GOOGL,stock,True
2024-12-11,2024-12-11 00:00:00,457.04879323186464,4855909.0,462.5715884848528,465.46609384104033,452.8451827791975,GOOGL,stock,True
2024-12-12,2024-12-12 00:00:00,462.50034602726936,2239329.0,466.5500689309925,470.89151011925554,457.99337714090774,GOOGL,stock,True
2024-12-13,2024-12-13 00:00:00,466.4222522447585,2986206.0,462.8234669358893,469.224034573265,460.1618209899832,GOOGL,stock,True
2024-12-16,2024-12-16 00:00:00,462.64808304126996,1287794.0,464.1654732123692,467.5966176460368,461.5612954129391,GOOGL,stock,True
2024-12-17,2024-12-17 00:00:00,464.12307947299206,4328886.0,460.9060231230935,467.001541169154,458.0885767013252,GOOGL,stock,True
2024-12-18,2024-12-18 00:00:00,461.07162383878403,2994082.0,455.13195267517943,463.35432154624414,453.2078629164549,GOOGL,stock,True
2024-12-19,2024-12-19 00:00:00,455.2326535797669,1914815.0,460.98968178732787,463.5593760000243,452.9490988705239,GOOGL,stock,True
2024-12-20,2024-12-20 00:00:00,461.0532259454765,1179412.0,454.81666816681417,464.15550815194354,452.70880829748364,GOOGL,stock,True
2024-12-23,2024-12-23 00:00:00,454.85481702497617,4548696.0,450.62432148436875,458.9654767270724,446.49718976789075,GOOGL,stock,True
2024-12-24,2024-12-24 00:00:00,450.659001060081,2853128.0,450.27913831943755,451.0157521516011,448.0381504331954,GOOGL,stock,True
2024-12-25,2024-12-25 00:00:00,450.1299719716524,1021851.0,447.57259688225594,452.7108001865088,445.19896587608247,GOOGL,stock,True
2024-12-26,2024-12-26 00:00:00,447.338188451107,4205844.0,449.7574968897231,451.67896545388726,446.29633678706335,GOOGL,stock,True
2024-12-27,2024-12-27 00:00:00,449.53430720094207,4886584.0,449.06430187858496,452.06013259886294,448.19767329330716,GOOGL,stock,True
2024-12-30,2024-12-30 00:00:00,448.9114390905442,3859895.0,448.79178447731846,451.20270890199333,445.8815768012207,GOOGL,stock,True
2024-12-31,2024-12-31 00:00:00,448.7082362534286,2275658.0,443.59972856816745,450.3068236438209,442.5800649608071,GOOGL,stock,True
2025-01-01,2025-01-01 00:00:00,443.54876897274215,4056138.0,450.150455631997,450.37633995887774,442.3497046496616,GOOGL,stock,True
2025-01-02,2025-01-02 00:00:00,449.9892676532003,624757.0,449.3505524856582,452.61946408866373,446.9321007891888,GOOGL,stock,True
2025-01-03,2025-01-03 00:00:00,449.370804081297,1115470.0,454.0063885481094,455.53239865047266,449.07320582278845,GOOGL,stock,True
2025-01-06,2025-01-06 00:00:00,454.1308693439743,2788492.0,460.6888867925861,461.18452714822604,451.33306480063226,GOOGL,stock,True
2025-01-07,2025-01-07 00:00:00,460.6682692029631,4270538.0,461.5426935636737,463.69809417150014,459.21115376324457,GOOGL,stock,True
2025-01-08,2025-01-08 00:00:00,461.5118973021394,511996.0,459.58204415217165,461.9449451604794,456.4684111381429,GOOGL,stock,True
2025-01-09,2025-01-09 00:00:00,459.43332531875325,949840.0,455.4667709105353,461.247568290273,452.4885838081327,GOOGL,stock,True
2025-01-10,2025-01-10 00:00:00,455.22902263934276,593731.0,459.01130508101073,460.0561678670463,451.3986547099553,GOOGL,stock,True
2025-01-13,2025-01-13 00:00:00,459.0700117463084,4753902.0,457.41803451792293,459.4747324664715,454.85304157484103,GOOGL,stock,True
2025-01-14,2025-01-14 00:00:00,457.1989509386471,1165024.0,463.88211223879983,466.28476966881885,453.69350097329635,GOOGL,stock,True
2025-01-15,2025-01-15 00:00:00,463.7183916148318,1927995.0,464.5968412666358,468.5334092433506,463.3624460424974,GOOGL,stock,True
2025-01-16,2025-01-16 00:00:00,464.6893484800496,1450483.0,458.7436023194849,468.30201074055026,458.30647129305834,GOOGL,stock,True
2025-01-17,2025-01-17 00:00:00,458.7069972779734,1919616.0,460.0736334627166,460.32350371781905,455.9576409510496,GOOGL,stock,True
2025-01-20,2025-01-20 00:00:00,459.968336036478,3044021.0,459.43607318785024,460.15030951190545,458.23478607617255,GOOGL,stock,True
2025-01-21,2025-01-21 00:00:00,459.3525295493667,1661684.0,463.72064286385694,467.7628097992015,456.81402341200464,GOOGL,stock,True
2025-01-22,2025-01-22 00:00:00,463.6579497368784,1687418.0,467.47011018031895,468.89272363017375,463.3406759120259,GOOGL,stock,True
2025-01-23,2025-01-23 00:00:00,467.2815078870931,2231917.0,472.8653961750636,476.66344881347584,464.5172080436812,GOOGL,stock,True
2025-01-24,2025-01-24 00:00:00,473.0002297013008,1856248.0,474.74281294591464,478.87192576994755,468.9638277156627,GOOGL,stock,True
2025-01-27,2025-01-27 00:00:00,474.70908861684177,909422.0,472.8489272680632,478.5507082116023,469.34070531832646,GOOGL,stock,True
2025-01-28,2025-01-28 00:00:00,472.9922836230594,2667649.0,478.3951643416469,479.8952793142541,471.63534101517223,GOOGL,stock,True
2025-01-29,2025-01-29 00:00:00,478.43164522801044,855671.0,475.0877121859288,482.019296728006,472.20298275296756,GOOGL,stock,True
2025-01-30,2025-01-30 00:00:00,475.2012852264249,4932173.0,470.55035660608326,479.4942580465293,466.07028457222384,GOOGL,stock,True
2025-01-31,2025-01-31 00:00:00,470.46629139031984,2038495.0,472.39044499438404,472.51908450349003,466.33875101147504,GOOGL,stock,True
2025-02-03,2025-02-03 00:00:00,472.1837555597013,4914821.0,470.3460631422458,474.8751747842896,466.9892277470705,GOOGL,stock,True
2025-02-04,2025-02-04 00:00:00,470.26294691709137,3627970.0,463.8695805645851,473.76899324394236,461.4100222452857,GOOGL,stock,True
2025-02-05,2025-02-05 00:00:00,463.8152701944306,4871707.0,461.6504765031151,467.83738914520046,459.9547203198829,GOOGL,stock,True
2025-02-06,2025-02-06 00:00:00,461.7531740942111,3257041.0,457.32617410479344,463.5448349559799,454.76186559588535,GOOGL,stock,True
2025-02-07,2025-02-07 00:00:00,457.5137602502166,1666119.0,463.1827526521604,464.80234309684516,453.0084602081808,GOOGL,stock,True
2025-02-10,2025-02-10 00:00:00,463.20208568162246,1465214.0,463.3615060252264,464.9618802351051,460.8372938843176,GOOGL,stock,True
2025-02-11,2025-02-11 00:00:00,463.25137344923183,3488646.0,465.77020574738043,468.4925300333577,459.35963919326906,GOOGL,stock,True
2025-02-12,2025-02-12 00:00:00,465.5523007374231,2294857.0,468.7899605798802,469.52166939629785,463.8919925028541,GOOGL,stock,True
2025-02-13,2025-02-13 00:00:00,468.7957627690061,3936470.0,465.1818258815023,472.25528758621635,464.5170086746839,GOOGL,stock,True
2025-02-14,2025-02-14 00:00:00,465.09829672677625,3201507.0,465.4616972699064,469.1163832332391,462.34193358085633,GOOGL,stock,True
2025-02-17,2025-02-17 00:00:00,465.3229064164563,3247794.0,468.21935528807796,471.7784386229217,460.83119535695874,GOOGL,stock,True
2025-02-18,2025-02-18 00:00:00,468.0935184507313,2500389.0,462.27537092686373,470.0114135956542,458.44931239936585,GOOGL,stock,True
2025-02-19,2025-02-19 00:00:00,462.2462838446101,3066250.0,457.2443624723375,464.86557734032937,455.9094987649402,GOOGL,stock,True
2025-02-20,2025-02-20 00:00:00,457.2283936195697,2248335.0,454.55106813429876,457.8498900714887,450.65895570191736,GOOGL,stock,True
2025-02-21,2025-02-21 00:00:00,454.65964038657836,1746190.0,458.9738917532035,460.4708697225949,454.14277691691785,GOOGL,stock,True
2025-02-24,2025-02-24 00:00:00,459.08909061845577,2276753.0,454.7748967944094,463.0963849087114,451.9062122530572,GOOGL,stock,True
2025-02-25,2025-02-25 00:00:00,454.9680894192896,3864370.0,451.0769595639794,459.04113835127885,447.38817725811464,GOOGL,stock,True
2025-02-26,2025-02-26 00:00:00,451.1258489222679,621139.0,445.88148334330873,451.4774652612492,442.926460693181,GOOGL,stock,True
2025-02-27,2025-02-27 00:00:00,445.844874896843,4913570.0,442.12624726218763,448.7096594992122,441.04725152976323,GOOGL,stock,True
2025-02-28,2025-02-28 00:00:00,442.00945777104084,4832170.0,447.75957393494906,449.5231573422382,438.6479244037359,GOOGL,stock,True
2025-03-03,2025-03-03 00:00:00,447.906823102858,3978001.0,444.46486326379744,448.1464475818737,441.6943317414322,GOOGL,stock,True
2025-03-04,2025-03-04 00:00:00,444.44779142259125,4445045.0,446.38581242359857,450.7953365654784,443.8988488096117,GOOGL,stock,True
2025-03-05,2025-03-05 00:00:00,446.2222158806906,1480319.0,451.89750880182754,455.23254069688795,442.9455345449301,GOOGL,stock,True
2025-03-06,2025-03-06 00:00:00,451.72091063600413,1076244.0,450.72066107473995,455.0686505090395,449.6035290676305,GOOGL,stock,True
2025-03-07,2025-03-07 00:00:00,450.7188043311001,1733219.0,449.2435495825466,452.1169615678326,445.5968716248253,GOOGL,stock,True
2025-03-10,2025-03-10 00:00:00,449.19674270440305,4409456.0,452.54420213770226,453.8951052215962,448.9200745423648,GOOGL,stock,True
2025-03-11,2025-03-11 00:00:00,452.6064693814953,4539136.0,451.82645405118285,456.7901499493519,449.8685811761207,GOOGL,stock,True
2025-03-12,2025-03-12 00:00:00,451.58442101665054,3892732.0,456.6716260158514,458.9223500101573,449.9660223832291,GOOGL,stock,True
2025-03-13,2025-03-13 00:00:00,456.5978536015233,1666501.0,461.67167278439223,462.8328962104069,453.54258213470416,GOOGL,stock,True
2025-03-14,2025-03-14 00:00:00,461.4752660819178,1681680.0,467.02542340244423,471.1754428218464,459.01251777564306,GOOGL,stock,True
2025-03-17,2025-03-17 00:00:00,466.94554753580064,3253069.0,473.09308255476185,477.44652673351857,464.83919189267266,GOOGL,stock,True
2025-03-18,2025-03-18 00:00:00,473.1359779650715,4636711.0,471.6185983747588,477.01706851850247,470.4285308061026,GOOGL,stock,True
2025-03-19,2025-03-19 00:00:00,471.6311891048875,4140918.0,475.32288519994415,476.0557872339933,470.10291871577874,GOOGL,stock,True
2025-03-20,2025-03-20 00:00:00,475.51337753034124,3785373.0,472.591824488748,478.05067368180653,469.50062078915937,GOOGL,stock,True
2025-03-21,2025-03-21 00:00:00,472.3678831898329,3259575.0,469.45956791612247,476.4452709610718,466.216638016392,GOOGL,stock,True
2025-03-24,2025-03-24 00:00:00,469.6482848591061,4452135.0,463.4743404956098,473.4689559982961,460.9110597430138,GOOGL,stock,True
2025-03-25,2025-03-25 00:00:00,463.4649523396702,4643372.0,457.2673219328646,466.7142288376625,455.26739415906576,GOOGL,stock,True
2025-03-26,2025-03-26 00:00:00,457.33194393964897,1776118.0,457.685239913237,460.91949644434374,455.98691034234884,GOOGL,stock,True
2025-03-27,2025-03-27 00:00:00,457.43566567948886,3588288.0,463.6886971711985,466.5540642087335,453.9075799478903,GOOGL,stock,True
2025-03-28,2025-03-28 00:00:00,463.8865325211966,4105011.0,463.91181923992116,468.44115936226416,461.19269168437364,GOOGL,stock,True
2025-03-31,2025-03-31 00:00:00,464.0212008975764,4311787.0,467.46654931585624,472.1148578627165,460.261203987621,GOOGL,stock,True
2025-04-01,2025-04-01 00:00:00,467.37727862500384,1562815.0,460.8240791516084,470.74551408627764,459.78382050002784,GOOGL,stock,True
2025-04-02,2025-04-02 00:00:00,460.8762068732622,1384478.0,456.5653106951434,462.459355916465,455.4710284883882,GOOGL,stock,True
2025-04-03,2025-04-03 00:00:00,456.50725122902537,2758545.0,450.38707808738803,458.26957884412764,447.77330198681824,GOOGL,stock,True
2025-04-04,2025-04-04 00:00:00,450.54012508558156,2824636.0,457.28781036799165,458.8101360417387,447.52202440139285,GOOGL,stock,True
2025-04-07,2025-04-07 00:00:00,457.29530205642953,2516919.0,454.0105760667497,459.605708606762,449.9357567663894,GOOGL,stock,True
2025-04-08,2025-04-08 00:00:00,453.8645412288559,4612016.0,450.26805486738584,457.8769938000011,449.05248735316536,GOOGL,stock,True
2025-04-09,2025-04-09 00:00:00,450.27327597825007,1413778.0,453.83946237722876,455.25595695603755,449.2735741318148,GOOGL,stock,True
2025-04-10,2025-04-10 00:00:00,453.77977414992597,1970947.0,449.88370270733805,454.46103776024864,448.31000695650084,GOOGL,stock,True
2025-04-11,2025-04-11 00:00:00,450.00804050759336,3750717.0,452.0007228083281,453.99516863401067,447.1611217599277,GOOGL,stock,True
2025-04-14,2025-04-14 00:00:00,452.16584149182427,3342519.0,445.83917444342546,454.8981089512987,444.7475009979204,GOOGL,stock,True
2025-04-15,2025-04-15 00:00:00,445.9337420513072,1571991.0,448.9219760101428,452.7572325330955,444.73100134503096,GOOGL,stock,True
2025-04-16,2025-04-16 00:00:00,449.1026213520473,4467368.0,449.79247757090394,450.16770144014356,445.0290346328456,GOOGL,stock,True
2025-04-17,2025-04-17 00:00:00,449.5586327289751,1116825.0,448.19890166392923,452.98254837093015,446.6727064180575,GOOGL,stock,True
2025-04-18,2025-04-18 00:00:00,448.3151879946564,3796576.0,449.23247850385974,451.9942440098063,444.95911316608806,GOOGL,stock,True
2025-04-21,2025-04-21 00:00:00,449.40992265049243,4514811.0,452.13239063692987,452.3287606510091,448.04040161698873,GOOGL,stock,True
2025-04-22,2025-04-22 00:00:00,452.2251148931725,4134195.0,455.6791616169661,458.5945665216406,449.62184708226255,GOOGL,stock,True
2025-04-23,2025-04-23 00:00:00,455.80197869074306,2138513.0,451.55383654172454,458.75468694224975,450.3577045949538,GOOGL,stock,True
2025-04-24,2025-04-24 00:00:00,451.4191737187621,4784694.0,451.6652582266492,454.19631238183837,447.0914300924247,GOOGL,stock,True
2025-04-25,2025-04-25 00:00:00,451.4777142578164,732614.0,458.1690962481178,461.7473441047111,449.9547766140999,GOOGL,stock,True
2025-04-28,2025-04-28 00:00:00,458.3647781532363,2448358.0,455.9250480319789,459.26529540802323,455.0041094354785,GOOGL,stock,True
2025-04-29,2025-04-29 00:00:00,456.1277395070897,2160057.0,453.02293433189226,459.4071378839045,452.6783166778217,GOOGL,stock,True
2025-04-30,2025-04-30 00:00:00,453.12571755966627,1953004.0,457.21436484131675,461.12054267729803,450.49955537382823,GOOGL,stock,True
2025-05-01,2025-05-01 00:00:00,457.3731802110292,2608407.0,455.55810446153777,461.87787126520334,455.3647605429491,GOOGL,stock,True
2025-05-02,2025-05-02 00:00:00,455.3814710941198,1002310.0,453.7977410975692,456.8020591724338,452.3541681685536,GOOGL,stock,True
2025-05-05,2025-05-05 00:00:00,453.8885291205993,1903963.0,454.69810695533005,458.38772367241876,451.86746866356316,GOOGL,stock,True
2025-05-06,2025-05-06 00:00:00,454.45366894842374,2585815.0,452.30252610643305,458.3011636516217,450.7379335849822,GOOGL,stock,True
2025-05-07,2025-05-07 00:00:00,452.16317560285364,819559.0,445.930234111306,452.4241537479229,445.2307985658004,GOOGL,stock,True
2025-05-08,2025-05-08 00:00:00,445.7019139370239,3895676.0,449.6896383608092,450.04395227235784,444.97076404638136,GOOGL,stock,True
2025-05-09,2025-05-09 00:00:00,449.5627258645362,2178328.0,444.28045402931866,451.20899469269847,442.42197203764067,GOOGL,stock,True
2025-05-12,2025-05-12 00:00:00,444.2715497807715,3896706.0,443.52924354424124,447.9501191673313,440.63621687976087,GOOGL,stock,True
2025-05-13,2025-05-13 00:00:00,443.5822203701875,4215940.0,438.1278188969935,444.7719027358757,437.3915207279268,GOOGL,stock,True
2025-05-14,2025-05-14 00:00:00,438.0512483408562,2132744.0,436.79391809190406,441.74792502655265,433.00943341143454,GOOGL,stock,True
2025-05-15,2025-05-15 00:00:00,436.7646626395524,1637778.0,433.2894827091972,437.5190178694333,429.14030554684746,GOOGL,stock,True
2025-05-16,2025-05-16 00:00:00,433.0992583228141,3460638.0,434.9877641008527,438.40042199966825,431.92122599811205,GOOGL,stock,True
2025-05-19,2025-05-19 00:00:00,434.9562009853485,4614167.0,431.70215102741065,438.00288598050685,429.0514298994647,GOOGL,stock,True
2025-05-20,2025-05-20 00:00:00,431.817731695151,1962176.0,428.4360698852091,433.23760687644324,425.2430551670685,GOOGL,stock,True
2025-05-21,2025-05-21 00:00:00,428.38772606939136,3702927.0,423.02006945051346,429.32753315082795,422.89567817538745,GOOGL,stock,True
2025-05-22,2025-05-22 00:00:00,423.1033651818155,670293.0,416.85916432533634,426.63676231804527,412.95797976998733,GOOGL,stock,True
2025-05-23,2025-05-23 00:00:00,416.97618723398534,3394084.0,415.5889267941051,417.35624588719253,412.7979241631957,GOOGL,stock,True
2025-05-26,2025-05-26 00:00:00,415.77146292150223,4034694.0,418.27494175781317,418.5338135044342,412.7755766968555,GOOGL,stock,True
2025-05-27,2025-05-27 00:00:00,418.4240792380853,2364107.0,412.2552659090921,421.58056681637305,409.9791653769544,GOOGL,stock,True
2025-05-28,2025-05-28 00:00:00,412.29101763054643,2945641.0,411.55665412887095,415.2239348371354,408.23539929243975,GOOGL,stock,True
2025-05-29,2025-05-29 00:00:00,411.3726954614953,4523924.0,408.1945039149863,412.483726582858,407.715818638871,GOOGL,stock,True
2025-05-30,2025-05-30 00:00:00,408.0042262538736,2613707.0,408.8262279366719,411.8104989556639,406.1611639961818,GOOGL,stock,True
2025-06-02,2025-06-02 00:00:00,408.7800801118603,3567683.0,410.97250564668474,414.52504872186694,408.1637154131344,GOOGL,stock,True
2025-06-03,2025-06-03 00:00:00,410.87991787964296,1824922.0,414.42915246157213,414.8280117616109,407.18299421319375,GOOGL,stock,True
2025-06-04,2025-06-04 00:00:00,414.304314767538,3139363.0,411.090517072102,415.1728619329952,410.9977666151787,GOOGL,stock,True
2025-06-05,2025-06-05 00:00:00,411.02790553384267,1749814.0,415.2844160426256,418.3272065757005,409.99225874471813,GOOGL,stock,True
2025-06-06,2025-06-06 00:00:00,415.07214069852665,2327816.0,417.67296144030206,418.06943401863975,412.6802091090435,GOOGL,stock,True
2025-06-09,2025-06-09 00:00:00,417.6905735405618,4292231.0,420.9493795715928,423.6098768635596,413.64503087933514,GOOGL,stock,True
2025-06-10,2025-06-10 00:00:00,420.7309081247597,942411.0,417.1223373835165,421.50020665970516,414.1110537315502,GOOGL,stock,True
2025-06-11,2025-06-11 00:00:00,417.2088869446723,898859.0,417.97588036960803,419.3986315145366,414.54116379339473,GOOGL,stock,True
2025-06-12,2025-06-12 00:00:00,418.0070012788591,3261374.0,415.42562441232883,418.35322490193323,415.3883874864933,GOOGL,stock,True
2025-06-13,2025-06-13 00:00:00,415.22836645727403,690906.0,415.8669902638145,418.65427211109073,412.97841441994194,GOOGL,stock,True
2025-06-16,2025-06-16 00:00:00,415.8981601540404,998147.0,418.7355056960317,421.03839183036337,413.2389148201285,GOOGL,stock,True
2025-06-17,2025-06-17 00:00:00,418.7605838603679,4202934.0,419.24390555076053,421.5530362772573,417.0353459143486,GOOGL,stock,True
2025-06-18,2025-06-18 00:00:00,419.4005977651594,1128756.0,421.9810280297583,424.28123527617157,416.533514948699,GOOGL,stock,True
2025-06-19,2025-06-19 00:00:00,422.1506160520902,574658.0,425.5609679318139,429.1401696653764,420.4204667514462,GOOGL,stock,True
2025-06-20,2025-06-20 00:00:00,425.47694301990043,1666863.0,422.87857743335155,429.39384190063794,418.6819478435152,GOOGL,stock,True
2025-06-23,2025-06-23 00:00:00,422.89339362332237,3641291.0,423.8206031451591,424.1924985779727,422.81677792820415,GOOGL,stock,True
2025-06-24,2025-06-24 00:00:00,423.98228542017154,2150860.0,418.74378711020375,426.13991572761626,416.75816355005924,GOOGL,stock,True
2025-06-25,2025-06-25 00:00:00,418.5644253726444,3552294.0,413.34675737484554,419.15451398916883,412.55230732261424,GOOGL,stock,True
2025-06-26,2025-06-26 00:00:00,413.2269757764288,4225753.0,410.20091659240666,413.4818207793095,406.3477430900238,GOOGL,stock,True
2025-06-27,2025-06-27 00:00:00,410.0342877510207,4691770.0,413.3988124515297,417.4278118545053,409.22636643017785,GOOGL,stock,True
2025-06-30,2025-06-30 00:00:00,413.41808404998113,2546762.0,410.7699753347999,415.315455778916,407.7447885857453,GOOGL,stock,True
2025-07-01,2025-07-01 00:00:00,410.58161905260675,2832302.0,412.0750193411645,412.08348213739333,407.88058182416586,GOOGL,stock,True
2025-07-02,2025-07-02 00:00:00,412.21696853611695,4348578.0,416.17923879380504,416.43631268279626,409.47291381364744,GOOGL,stock,True
2025-07-03,2025-07-03 00:00:00,416.31879060332227,931982.0,412.14354390621025,419.7925069630752,411.7615624671811,GOOGL,stock,True
2025-07-04,2025-07-04 00:00:00,412.02329571206775,3698670.0,415.2335267884731,417.5895632042842,409.03248416872424,GOOGL,stock,True
2025-07-07,2025-07-07 00:00:00,415.3995394992028,4338220.0,417.64074240141775,419.52206492674765,414.66121920700925,GOOGL,stock,True
2025-07-08,2025-07-08 00:00:00,417.6148995419426,4634053.0,420.1145380406635,421.72785183456165,414.69077480604216,GOOGL,stock,True
2025-07-09,2025-07-09 00:00:00,420.00636631747483,3750662.0,422.93583497191327,425.7215857938643,419.271542513999,GOOGL,stock,True
2025-07-10,2025-07-10 00:00:00,423.0008858931264,4253181.0,425.9814961980698,426.9857245784292,420.3148177332674,GOOGL,stock,True
2025-07-11,2025-07-11 00:00:00,425.7904427702383,893545.0,424.30307909719613,427.2976029265744,420.1804732343682,GOOGL,stock,True
2025-07-14,2025-07-14 00:00:00,424.12900938201614,4664972.0,424.66076606796537,425.2338582627767,422.51152166915983,GOOGL,stock,True
2025-07-15,2025-07-15 00:00:00,424.4848257243507,1169646.0,426.0,429.83140655158394,423.16825529380975,GOOGL,stock,True
2024-11-06,2024-11-06 00:00:00,390.0071660546233,4388265.0,391.02267207659287,394.4916266083661,387.3589610451129,AMZN,stock,True
2024-11-07,2024-11-07 00:00:00,390.95475080124294,1059569.0,395.46835380504086,399.351792412939,390.5096053168216,AMZN,stock,True
2024-11-08,2024-11-08 00:00:00,395.55241130144327,4658389.0,390.59434471120534,396.8680128279643,388.928589170722,AMZN,stock,True
2024-11-11,2024-11-11 00:00:00,390.6179741818516,4760581.0,386.00354267010465,391.54497672920655,384.8628504396479,AMZN,stock,True
2024-11-12,2024-11-12 00:00:00,385.83898165036015,1970383.0,381.00133000435807,388.7808177112547,377.9820932809463,AMZN,stock,True
2024-11-13,2024-11-13 00:00:00,381.1229532932211,3241166.0,376.88535160144386,384.40549491549103,375.08412507830997,AMZN,stock,True
2024-11-14,2024-11-14 00:00:00,376.86184023678015,4047718.0,378.890557420973,379.05324850893777,374.09698376716756,AMZN,stock,True
2024-11-15,2024-11-15 00:00:00,379.05525694146195,4525212.0,379.1372761629364,382.0590967599922,375.80927122688246,AMZN,stock,True
2024-11-18,2024-11-18 00:00:00,378.9454746907937,990356.0,378.4404268335614,381.7077498024316,375.0444386680982,AMZN,stock,True
2024-11-19,2024-11-19 00:00:00,378.4997624527795,4726740.0,373.2036606314389,379.72974031199817,372.12095478767975,AMZN,stock,True
2024-11-20,2024-11-20 00:00:00,373.14975317799747,1631256.0,378.3415422402767,379.75331870067663,371.0947427849439,AMZN,stock,True
2024-11-21,2024-11-21 00:00:00,378.4042810550438,731393.0,383.5362425808624,385.79429372325023,377.03402340939516,AMZN,stock,True
2024-11-22,2024-11-22 00:00:00,383.6350134027003,3325257.0,379.434098758338,384.655474492632,379.299262624695,AMZN,stock,True
2024-11-25,2024-11-25 00:00:00,379.3730563362746,3915409.0,374.5609173261795,379.44667826172275,373.83959385981956,AMZN,stock,True
2024-11-26,2024-11-26 00:00:00,374.66916053014626,4258299.0,377.83187263514435,381.11599811974025,372.94162760092684,AMZN,stock,True
2024-11-27,2024-11-27 00:00:00,377.7329404742607,1975097.0,373.540908099859,380.6284138491361,370.1384424260966,AMZN,stock,True
2024-11-28,2024-11-28 00:00:00,373.57308433740917,4317969.0,370.663070736988,375.6210561888083,368.22803914406944,AMZN,stock,True
2024-11-29,2024-11-29 00:00:00,370.76038895912524,4072706.0,375.33372628751323,378.6320010874465,367.6155967976697,AMZN,stock,True
2024-12-02,2024-12-02 00:00:00,375.468241078212,2293641.0,373.2235160066381,378.74891711141277,372.9740133444612,AMZN,stock,True
2024-12-03,2024-12-03 00:00:00,373.0583822271371,1014231.0,372.2485539095853,373.13894842709254,368.75031893208217,AMZN,stock,True
2024-12-04,2024-12-04 00:00:00,372.2825262830616,2997333.0,371.8211422308846,373.10450672962685,369.5622091274592,AMZN,stock,True
2024-12-05,2024-12-05 00:00:00,371.6374359730916,1173747.0,370.2343272247539,372.2127825020796,370.1645124981954,AMZN,stock,True
2024-12-06,2024-12-06 00:00:00,370.0618855294356,2440568.0,367.49972489721233,373.22858558352476,366.4704068311109,AMZN,stock,True
2024-12-09,2024-12-09 00:00:00,367.65735130609056,1328061.0,368.9997011666331,370.49356173242154,364.23533783744733,AMZN,stock,True
2024-12-10,2024-12-10 00:00:00,369.0026694570044,1387340.0,365.4226531444476,372.1398508495122,364.0353731101691,AMZN,stock,True
2024-12-11,2024-12-11 00:00:00,365.4841197511133,4772956.0,365.02956613236216,368.05428351311616,364.48886802637986,AMZN,stock,True
2024-12-12,2024-12-12 00:00:00,365.07965616245775,3190975.0,365.72495628492203,366.54344394399465,362.4838219939998,AMZN,stock,True
2024-12-13,2024-12-13 00:00:00,365.6684528467941,1826460.0,367.4208370369194,367.7349352001971,364.37766805181883,AMZN,stock,True
2024-12-16,2024-12-16 00:00:00,367.4495073419229,2396502.0,369.42035342633113,370.46108421923793,365.7337387173124,AMZN,stock,True
2024-12-17,2024-12-17 00:00:00,369.3510305759767,3504924.0,373.67545692677,375.15119592863255,365.82551115370967,AMZN,stock,True
2024-12-18,2024-12-18 00:00:00,373.5752657083571,1591410.0,375.17864244428296,378.33842304584334,370.8925129321294,AMZN,stock,True
2024-12-19,2024-12-19 00:00:00,375.3096488720082,1801992.0,379.63313729822016,381.38363748948285,374.94042479909854,AMZN,stock,True
2024-12-20,2024-12-20 00:00:00,379.51945420613737,1020351.0,384.1920024016597,385.42126303931747,377.18412545373553,AMZN,stock,True
2024-12-23,2024-12-23 00:00:00,384.16423560389944,1016435.0,381.40600992218305,387.3533818262273,380.3647649372203,AMZN,stock,True
2024-12-24,2024-12-24 00:00:00,381.4651875126314,1448501.0,376.4928462700513,384.92620238045765,372.8847288769066,AMZN,stock,True
2024-12-25,2024-12-25 00:00:00,376.6063058993577,3705937.0,372.88011274778887,379.02474978609996,371.35716390008855,AMZN,stock,True
2024-12-26,2024-12-26 00:00:00,372.99371673842387,4694121.0,370.9245174548335,374.36332543845276,369.2950105269069,AMZN,stock,True
2024-12-27,2024-12-27 00:00:00,370.72561274722506,4997716.0,376.3193902112578,379.03444967707014,369.97928587183856,AMZN,stock,True
2024-12-30,2024-12-30 00:00:00,376.2266631202098,2878443.0,377.11400017081,378.10864211104723,374.3142337354954,AMZN,stock,True
2024-12-31,2024-12-31 00:00:00,377.24537455111124,731428.0,374.59640683740616,380.6702408189534,374.18984805773016,AMZN,stock,True
2025-01-01,2025-01-01 00:00:00,374.7518631092695,2789020.0,377.2297732494565,380.44475810112954,372.42323046898434,AMZN,stock,True
2025-01-02,2025-01-02 00:00:00,377.2793847244419,2957287.0,373.3592672204578,380.31152132458124,369.9838114193969,AMZN,stock,True
2025-01-03,2025-01-03 00:00:00,373.45471244796,1873585.0,371.9841246260784,375.1567529496551,371.55343699991766,AMZN,stock,True
2025-01-06,2025-01-06 00:00:00,371.79428607475825,3164857.0,367.4083249057521,374.7405102005459,366.45996200220657,AMZN,stock,True
2025-01-07,2025-01-07 00:00:00,367.4325506998173,4002042.0,363.4237979747429,367.7265854812268,360.6324480133054,AMZN,stock,True
2025-01-08,2025-01-08 00:00:00,363.35422464499686,3854794.0,361.80046338216147,366.41088509019573,360.4369776913053,AMZN,stock,True
2025-01-09,2025-01-09 00:00:00,361.7447881379897,1455038.0,358.03133836893466,361.9263093335249,357.96618961894154,AMZN,stock,True
2025-01-10,2025-01-10 00:00:00,357.9385212887324,977049.0,352.7826135287943,359.3267769680384,351.2563227129387,AMZN,stock,True
2025-01-13,2025-01-13 00:00:00,352.71628988596814,1862688.0,353.84332800020707,356.92770561597183,352.61517498447455,AMZN,stock,True
2025-01-14,2025-01-14 00:00:00,353.67695935341675,4369983.0,353.119199280011,356.206099132021,352.4536832717166,AMZN,stock,True
2025-01-15,2025-01-15 00:00:00,353.039285831696,3662824.0,358.1643501340756,361.6868279063823,350.5064953050338,AMZN,stock,True
2025-01-16,2025-01-16 00:00:00,358.1045711458904,1011749.0,353.840034538164,358.1204149613442,351.3793150634685,AMZN,stock,True
2025-01-17,2025-01-17 00:00:00,353.96263617104603,2777012.0,349.5640105768576,356.9199324667298,347.283637989098,AMZN,stock,True
2025-01-20,2025-01-20 00:00:00,349.45146905186465,2647118.0,354.5316469534902,356.1559461207976,347.74488750882097,AMZN,stock,True
2025-01-21,2025-01-21 00:00:00,354.6274366838227,3410076.0,356.0934776291394,358.82188380938106,353.9462048189639,AMZN,stock,True
2025-01-22,2025-01-22 00:00:00,356.0027802455739,4185928.0,357.241739436592,358.96608666701843,353.4996245325971,AMZN,stock,True
2025-01-23,2025-01-23 00:00:00,357.34509498039324,4032409.0,352.1296727686015,360.0007643524617,349.5977994969735,AMZN,stock,True
2025-01-24,2025-01-24 00:00:00,352.0433391189739,3810461.0,352.38799031602156,352.5355738139659,349.8032539210915,AMZN,stock,True
2025-01-27,2025-01-27 00:00:00,352.4099729612623,3392541.0,347.86807398013906,355.88398776218725,345.08181305972346,AMZN,stock,True
2025-01-28,2025-01-28 00:00:00,347.76565081433495,2429604.0,344.0737402368945,350.9338159202415,341.28601619932607,AMZN,stock,True
2025-01-29,2025-01-29 00:00:00,344.09365950390054,2572580.0,344.7016322532259,346.0984952442725,340.70865858423565,AMZN,stock,True
2025-01-30,2025-01-30 00:00:00,344.61985572815564,517484.0,349.46382701143045,349.743724026842,344.3521692629167,AMZN,stock,True
2025-01-31,2025-01-31 00:00:00,349.4700731501013,3092180.0,352.31103226367804,354.6628891312445,348.2083855999335,AMZN,stock,True
2025-02-03,2025-02-03 00:00:00,352.3026555045805,4308901.0,350.88199255416004,352.6687183856141,349.2959920079597,AMZN,stock,True
2025-02-04,2025-02-04 00:00:00,350.883823854416,3254004.0,352.2325006326571,352.6769087490899,349.3656274273846,AMZN,stock,True
2025-02-05,2025-02-05 00:00:00,352.28948116293753,3419533.0,352.6698206682916,354.5727718668209,350.66942728248875,AMZN,stock,True
2025-02-06,2025-02-06 00:00:00,352.7540609367207,2086540.0,355.71851890442565,357.99947009427535,351.2703065828098,AMZN,stock,True
2025-02-07,2025-02-07 00:00:00,355.84785141181993,3396212.0,357.43422171759784,357.5240149011714,355.4739511019283,AMZN,stock,True
2025-02-10,2025-02-10 00:00:00,357.5349292067501,1527784.0,362.4960455154173,365.3334122579453,357.0239529366586,AMZN,stock,True
2025-02-11,2025-02-11 00:00:00,362.59699576565833,1613465.0,365.8876727997636,368.7419621861866,359.85171887880534,AMZN,stock,True
2025-02-12,2025-02-12 00:00:00,365.9707760591183,2171893.0,364.0247588645577,366.58473061759815,361.54057762243997,AMZN,stock,True
2025-02-13,2025-02-13 00:00:00,363.9971501930036,3398780.0,358.99639318792504,365.09666423049896,356.0088940315301,AMZN,stock,True
2025-02-14,2025-02-14 00:00:00,359.0204103698369,2184823.0,356.6837739502438,361.1540597511405,355.5240643921009,AMZN,stock,True
2025-02-17,2025-02-17 00:00:00,356.66477420025785,3739126.0,358.4118765225087,358.6460945824117,353.29336780473903,AMZN,stock,True
2025-02-18,2025-02-18 00:00:00,358.28446761411294,4283663.0,353.19663757329363,361.17120814771516,351.37959607152754,AMZN,stock,True
2025-02-19,2025-02-19 00:00:00,353.1133901207309,4417825.0,352.1492879743154,355.44933301418376,351.4730619281003,AMZN,stock,True
2025-02-20,2025-02-20 00:00:00,352.0849486266193,4164256.0,353.6939058866633,356.3055308667616,351.30089566159734,AMZN,stock,True
2025-02-21,2025-02-21 00:00:00,353.71945499154106,1872519.0,350.5340451981171,354.06550348748556,348.7494218380255,AMZN,stock,True
2025-02-24,2025-02-24 00:00:00,350.6482695234945,2493201.0,346.41788567969365,351.1740950899667,346.2656616962511,AMZN,stock,True
2025-02-25,2025-02-25 00:00:00,346.3833998222566,3832581.0,348.2317158971304,351.40089771969684,343.1653132922409,AMZN,stock,True
2025-02-26,2025-02-26 00:00:00,348.31176942405466,4122166.0,344.34261959284106,349.7325526905848,342.573764652106,AMZN,stock,True
2025-02-27,2025-02-27 00:00:00,344.4084553933299,4103091.0,347.14123674932694,350.05333206531697,342.600538431503,AMZN,stock,True
2025-02-28,2025-02-28 00:00:00,347.124932275106,4565976.0,350.3703733503966,352.18758484550784,344.5733512285897,AMZN,stock,True
2025-03-03,2025-03-03 00:00:00,350.2907520425641,2063642.0,353.0336723020912,354.2841149203481,350.23261569506406,AMZN,stock,True
2025-03-04,2025-03-04 00:00:00,353.1461704248861,4569689.0,347.96008793772205,355.43073989633996,347.1129107512303,AMZN,stock,True
2025-03-05,2025-03-05 00:00:00,347.9635354563884,1011794.0,346.0859039357372,350.29065849661686,342.63908495828423,AMZN,stock,True
2025-03-06,2025-03-06 00:00:00,346.07609164837135,1216494.0,345.8175416153871,348.558621109625,344.6331029801886,AMZN,stock,True
2025-03-07,2025-03-07 00:00:00,345.81313654780064,2394522.0,348.8072847857726,349.98056075089073,344.1096578010391,AMZN,stock,True
2025-03-10,2025-03-10 00:00:00,348.92292829572546,3164350.0,351.8347736283245,355.23058231503967,347.33555654464686,AMZN,stock,True
2025-03-11,2025-03-11 00:00:00,351.91487550596474,3412062.0,352.311584498082,354.3505784196321,348.845278180059,AMZN,stock,True
2025-03-12,2025-03-12 00:00:00,352.42602965541397,3647453.0,355.1175022415432,356.51226698769597,349.4642767521194,AMZN,stock,True
2025-03-13,2025-03-13 00:00:00,355.17447118545266,4332146.0,351.0979396897579,357.24691956397163,348.5471548018473,AMZN,stock,True
2025-03-14,2025-03-14 00:00:00,351.11880473475424,894243.0,346.07931010434226,353.01037740631085,343.8065393841962,AMZN,stock,True
2025-03-17,2025-03-17 00:00:00,346.13318559021235,1898644.0,351.1742430316196,354.61741352483443,343.979128048945,AMZN,stock,True
2025-03-18,2025-03-18 00:00:00,351.0417738377395,1430260.0,353.60300398489505,353.63354495488,350.64062333207806,AMZN,stock,True
2025-03-19,2025-03-19 00:00:00,353.53880682411,4916312.0,355.2373806727931,357.54239426210404,352.70238639628036,AMZN,stock,True
2025-03-20,2025-03-20 00:00:00,355.3547599291251,765030.0,354.090990806404,356.48699383389084,351.84242731005656,AMZN,stock,True
2025-03-21,2025-03-21 00:00:00,354.2195477156266,3679501.0,349.017668662438,355.71145501202096,348.9163798098084,AMZN,stock,True
2025-03-24,2025-03-24 00:00:00,348.95151384289795,1015959.0,353.6891366644524,355.65822518233324,346.56487549354034,AMZN,stock,True
2025-03-25,2025-03-25 00:00:00,353.8030108550134,2586051.0,348.8743454004307,354.5653304232933,346.3154042052006,AMZN,stock,True
2025-03-26,2025-03-26 00:00:00,348.710254376024,3201175.0,346.042060310534,350.58618785826826,345.5087162306281,AMZN,stock,True
2025-03-27,2025-03-27 00:00:00,346.1486825891217,2389283.0,342.8134487353238,349.1662686576766,339.745341686462,AMZN,stock,True
2025-03-28,2025-03-28 00:00:00,342.9438106520079,4926868.0,345.03429739164926,346.5106679995626,340.2706322763297,AMZN,stock,True
2025-03-31,2025-03-31 00:00:00,344.98343750080113,3866986.0,350.21737779774463,350.9651402511805,342.9331166733109,AMZN,stock,True
2025-04-01,2025-04-01 00:00:00,350.16358294245214,521023.0,352.2549755227329,353.28580367212476,349.9554624589178,AMZN,stock,True
2025-04-02,2025-04-02 00:00:00,352.39722111736216,2997276.0,348.11508615903904,354.2746758283945,344.9842794027181,AMZN,stock,True
2025-04-03,2025-04-03 00:00:00,347.98204391976935,4355676.0,347.406444990725,349.78509109862375,345.8303772896983,AMZN,stock,True
2025-04-04,2025-04-04 00:00:00,347.4802706079087,2460655.0,343.2119263383753,350.3965226866085,340.94434964407105,AMZN,stock,True
2025-04-07,2025-04-07 00:00:00,343.09032443800953,1735670.0,342.4622580049424,345.68027830917424,340.25666376174104,AMZN,stock,True
2025-04-08,2025-04-08 00:00:00,342.5175001931975,795034.0,341.243857694202,344.25622248612916,341.0094368399802,AMZN,stock,True
2025-04-09,2025-04-09 00:00:00,341.07408172128424,555169.0,339.0317814657193,342.06838535776086,336.0096161683088,AMZN,stock,True
2025-04-10,2025-04-10 00:00:00,339.0465392403317,3184563.0,337.0785109821696,339.931698407247,335.6389380420509,AMZN,stock,True
2025-04-11,2025-04-11 00:00:00,337.17968231311096,2681806.0,337.8607640117205,338.9026534538062,336.70064759349304,AMZN,stock,True
2025-04-14,2025-04-14 00:00:00,337.9505805218754,2874627.0,335.7176222139674,338.8721115077901,332.8187935457762,AMZN,stock,True
2025-04-15,2025-04-15 00:00:00,335.82132987042075,977580.0,338.7423083059801,339.45703234848276,332.50911271871354,AMZN,stock,True
2025-04-16,2025-04-16 00:00:00,338.7730867166761,1580395.0,334.1659150663861,339.90370383994065,331.8308386729173,AMZN,stock,True
2025-04-17,2025-04-17 00:00:00,334.1296747055276,2879982.0,336.7380855625638,336.9704702198962,333.5897842996593,AMZN,stock,True
2025-04-18,2025-04-18 00:00:00,336.7618946034387,718736.0,341.63705783245433,342.01170506238583,334.16681839699436,AMZN,stock,True
2025-04-21,2025-04-21 00:00:00,341.7608449533395,4265974.0,344.54969580459425,347.67288956334704,340.9743267051401,AMZN,stock,True
2025-04-22,2025-04-22 00:00:00,344.366879509311,2944054.0,345.59461888847096,347.74649498119294,341.10540425095445,AMZN,stock,True
2025-04-23,2025-04-23 00:00:00,345.4066219139692,1791078.0,341.8339360272139,345.90454215513097,341.2155421955512,AMZN,stock,True
2025-04-24,2025-04-24 00:00:00,341.80275230908137,3722296.0,339.4441190088934,342.0354115969873,336.3849495734145,AMZN,stock,True
2025-04-25,2025-04-25 00:00:00,339.2661409788566,850757.0,337.8261371662464,340.1775207789599,335.95112005637844,AMZN,stock,True
2025-04-28,2025-04-28 00:00:00,337.9143160820898,4352838.0,341.2140933799863,341.7141181942837,336.561040158918,AMZN,stock,True
2025-04-29,2025-04-29 00:00:00,341.05474898807654,3272166.0,344.16768317661797,347.1474076968991,338.2333628175015,AMZN,stock,True
2025-04-30,2025-04-30 00:00:00,344.10971062231124,3824737.0,344.2805229278313,346.10655244319685,342.0593041716174,AMZN,stock,True
2025-05-01,2025-05-01 00:00:00,344.32251457981016,767988.0,343.2181283746149,346.57824906179746,342.9476170877984,AMZN,stock,True
2025-05-02,2025-05-02 00:00:00,343.24247892064534,801816.0,347.4436283319404,350.5136136701706,340.45801414002796,AMZN,stock,True
2025-05-05,2025-05-05 00:00:00,347.5229725540686,3024929.0,349.48227859181384,352.8704754211614,347.19529516625056,AMZN,stock,True
2025-05-06,2025-05-06 00:00:00,349.56895103774866,2374499.0,347.2745027501957,351.394528757392,344.46087711005873,AMZN,stock,True
2025-05-07,2025-05-07 00:00:00,347.427099547897,1964884.0,344.9175603231991,349.4976855951921,342.1349455529363,AMZN,stock,True
2025-05-08,2025-05-08 00:00:00,344.769071002285,1543741.0,342.34769104752206,345.7538493289604,339.459289931365,AMZN,stock,True
2025-05-09,2025-05-09 00:00:00,342.2634836053039,1431092.0,343.2465540610512,343.5193444780763,339.2988305608862,AMZN,stock,True
2025-05-12,2025-05-12 00:00:00,343.3319675564596,1483869.0,347.7339883524618,350.81621820696694,340.70685505365566,AMZN,stock,True
2025-05-13,2025-05-13 00:00:00,347.8458021602148,1451049.0,350.4412961012696,353.15857971421934,345.54439024359,AMZN,stock,True
2025-05-14,2025-05-14 00:00:00,350.5011140298062,1459219.0,350.59366438480566,353.7379635655294,349.94354453640995,AMZN,stock,True
2025-05-15,2025-05-15 00:00:00,350.4887359938333,3112293.0,351.3300384484353,354.3997810368168,347.00158565249836,AMZN,stock,True
2025-05-16,2025-05-16 00:00:00,351.28423974055255,1166354.0,354.0301347490809,357.31525126109557,348.2977544121953,AMZN,stock,True
2025-05-19,2025-05-19 00:00:00,354.0814501334714,1869980.0,353.02364479133524,354.24748681573755,352.0645115553973,AMZN,stock,True
2025-05-20,2025-05-20 00:00:00,353.0196626714557,2659501.0,347.99242287375574,353.14963753345273,345.3134956194488,AMZN,stock,True
2025-05-21,2025-05-21 00:00:00,348.1091622265454,4247000.0,346.0197713694263,349.706627042225,345.9070445658193,AMZN,stock,True
2025-05-22,2025-05-22 00:00:00,345.87011250634475,3041724.0,343.8260400715485,348.8670030339898,343.44931125795387,AMZN,stock,True
2025-05-23,2025-05-23 00:00:00,343.9799121234912,2743700.0,347.9144399038806,350.52401143260477,343.4413422866346,AMZN,stock,True
2025-05-26,2025-05-26 00:00:00,347.8167857155811,3472529.0,347.0523255261566,350.764538737163,344.336713868109,AMZN,stock,True
2025-05-27,2025-05-27 00:00:00,346.951588416482,3190636.0,349.1908862906751,350.1002425148628,343.7099028666171,AMZN,stock,True
2025-05-28,2025-05-28 00:00:00,349.2791568170841,1494356.0,353.94288033886767,355.4016921468543,345.9283099114634,AMZN,stock,True
2025-05-29,2025-05-29 00:00:00,354.04082688131547,3454514.0,354.6124073959466,355.63281475289443,352.4311751467893,AMZN,stock,True
2025-05-30,2025-05-30 00:00:00,354.5328105193891,1168833.0,355.81020588092974,356.6359945562468,354.1750300905589,AMZN,stock,True
2025-06-02,2025-06-02 00:00:00,355.68774133257386,1979101.0,359.69841098256285,361.6836713216235,354.2550554565556,AMZN,stock,True
2025-06-03,2025-06-03 00:00:00,359.60578767133853,3759160.0,355.6342645802471,361.0139591816738,352.907177239167,AMZN,stock,True
2025-06-04,2025-06-04 00:00:00,355.7627650592364,1755917.0,359.2575101212013,361.84604998926227,352.4951037241822,AMZN,stock,True
2025-06-05,2025-06-05 00:00:00,359.101835741934,619016.0,360.3673675229454,362.585617801376,356.84502684896097,AMZN,stock,True
2025-06-06,2025-06-06 00:00:00,360.49359541877783,550984.0,361.34954681326036,363.9426551123277,359.3811740998675,AMZN,stock,True
2025-06-09,2025-06-09 00:00:00,361.45018424361086,4399332.0,356.42459333125373,361.45917936566667,353.9180450258621,AMZN,stock,True
2025-06-10,2025-06-10 00:00:00,356.4882911826311,2814566.0,361.59794674085384,362.6636798512616,354.519562637426,AMZN,stock,True
2025-06-11,2025-06-11 00:00:00,361.4974233804112,3284198.0,366.2597440602843,367.2793053017474,361.05489694446993,AMZN,stock,True
2025-06-12,2025-06-12 00:00:00,366.09769484093044,2623456.0,368.1168111086213,368.9918020358413,364.18478492059825,AMZN,stock,True
2025-06-13,2025-06-13 00:00:00,368.2113861042554,3651168.0,371.51366547296544,373.8356192305902,366.38132567395246,AMZN,stock,True
2025-06-16,2025-06-16 00:00:00,371.34273826715287,4352977.0,376.47500923353266,378.67133690881974,367.95877266354927,AMZN,stock,True
2025-06-17,2025-06-17 00:00:00,376.40431531378323,3032084.0,374.58516276423586,378.9031981031877,371.202068013077,AMZN,stock,True
2025-06-18,2025-06-18 00:00:00,374.65417580641343,3347128.0,377.9151098762707,380.0988557791295,373.2097270190635,AMZN,stock,True
2025-06-19,2025-06-19 00:00:00,377.77437950878897,3758523.0,382.70001217041585,384.5080581257001,376.9285707643874,AMZN,stock,True
2025-06-20,2025-06-20 00:00:00,382.8173310952627,2618684.0,381.37865222784393,385.519656583966,380.5864578811234,AMZN,stock,True
2025-06-23,2025-06-23 00:00:00,381.54795167281463,4413916.0,378.8914525231258,384.9927477101537,376.86143537017875,AMZN,stock,True
2025-06-24,2025-06-24 00:00:00,378.8822525995171,2817912.0,384.60408816906744,387.9522451368928,378.02596061205617,AMZN,stock,True
2025-06-25,2025-06-25 00:00:00,384.5148812078671,785114.0,379.06598605478615,387.0674017958347,378.9592223218674,AMZN,stock,True
2025-06-26,2025-06-26 00:00:00,379.2315321703,4204954.0,378.5613493381326,380.41183227096064,375.88412209024716,AMZN,stock,True
2025-06-27,2025-06-27 00:00:00,378.5084191774134,4101313.0,376.56975227384754,380.56594908242454,375.6554705374859,AMZN,stock,True
2025-06-30,2025-06-30 00:00:00,376.3942500318511,4665089.0,371.44137077215913,377.5929679135359,370.18294765875635,AMZN,stock,True
2025-07-01,2025-07-01 00:00:00,371.492681092523,1085526.0,370.9505034466764,374.9832666596353,370.2176472516534,AMZN,stock,True
2025-07-02,2025-07-02 00:00:00,370.9436056320164,1102850.0,371.81795989230653,372.873260706828,369.56349098652777,AMZN,stock,True
2025-07-03,2025-07-03 00:00:00,371.67947764075944,3764038.0,367.5894130935414,374.271917423708,364.5846183265508,AMZN,stock,True
2025-07-04,2025-07-04 00:00:00,367.63288579202526,3731254.0,370.92377996002705,372.98487883432176,366.81106528319594,AMZN,stock,True
2025-07-07,2025-07-07 00:00:00,370.78686816092284,1514083.0,365.5369837464867,372.0653242248863,363.8976109835319,AMZN,stock,True
2025-07-08,2025-07-08 00:00:00,365.35974876405925,4304828.0,362.0948094473868,367.5784968567998,361.80069313136806,AMZN,stock,True
2025-07-09,2025-07-09 00:00:00,361.9071835353837,4044894.0,359.92433886089464,364.2126528074735,359.25503388792123,AMZN,stock,True
2025-07-10,2025-07-10 00:00:00,359.77616546783315,1925170.0,361.9181307182923,365.37960362851794,358.2040176378879,AMZN,stock,True
2025-07-11,2025-07-11 00:00:00,362.05065202146073,2634623.0,358.48479405152614,363.806614443557,356.71250111032833,AMZN,stock,True
2025-07-14,2025-07-14 00:00:00,358.44778682530625,4326533.0,360.001694229118,360.31963884554796,355.33990883568595,AMZN,stock,True
2025-07-15,2025-07-15 00:00:00,359.80440373790526,3314611.0,360.0,361.6648824702179,356.75463814955265,AMZN,stock,True
2024-11-06,2024-11-06 00:00:00,358.148236973294,2366723.0,355.46622017920447,358.62413199880996,353.08523757092047,TSLA,stock,True
2024-11-07,2024-11-07 00:00:00,355.4264313662764,994715.0,360.30725368550344,360.8478097079201,354.18742122332293,TSLA,stock,True
2024-11-08,2024-11-08 00:00:00,360.31038363702,4875586.0,360.48595088702325,361.0389653631826,359.2642676024376,TSLA,stock,True
2024-11-11,2024-11-11 00:00:00,360.6415731719697,4558038.0,356.5197010511556,361.3296829061109,355.76177403016976,TSLA,stock,True
2024-11-12,2024-11-12 00:00:00,356.47341377321305,1130471.0,359.0157444810738,359.82119904466094,356.2057986940023,TSLA,stock,True
2024-11-13,2024-11-13 00:00:00,358.8844998439367,851616.0,354.85226080554577,359.7003959836411,352.9202109676306,TSLA,stock,True
2024-11-14,2024-11-14 00:00:00,354.8096135190208,1265255.0,354.4117556878367,357.6100091377142,353.6719143764913,TSLA,stock,True
2024-11-15,2024-11-15 00:00:00,354.37095980672547,3524486.0,356.8293502767836,359.83507827036107,351.1677233200274,TSLA,stock,True
2024-11-18,2024-11-18 00:00:00,356.7124919285715,833654.0,360.09502318749094,363.3135210852466,353.6291690329051,TSLA,stock,True
2024-11-19,2024-11-19 00:00:00,360.1456286334076,4499922.0,359.82631837670164,360.94022811198084,356.3290456800708,TSLA,stock,True
2024-11-20,2024-11-20 00:00:00,359.9738954199962,3644503.0,359.2149509296611,361.33830217666105,355.71737823920427,TSLA,stock,True
2024-11-21,2024-11-21 00:00:00,359.3689258746146,3582271.0,358.68306350217347,359.8709676107211,356.9587087417057,TSLA,stock,True
2024-11-22,2024-11-22 00:00:00,358.81984879381315,4641327.0,354.90386145787954,359.9566645664714,353.5168982020013,TSLA,stock,True
2024-11-25,2024-11-25 00:00:00,354.99197379580033,2106443.0,351.5175340882439,357.77136763712383,348.50561728872873,TSLA,stock,True
2024-11-26,2024-11-26 00:00:00,351.55737785628764,1191977.0,356.43108093000836,358.07912328643806,348.8340719440077,TSLA,stock,True
2024-11-27,2024-11-27 00:00:00,356.5665173409827,1901574.0,353.2189603346437,358.0466908304209,352.19761936809425,TSLA,stock,True
2024-11-28,2024-11-28 00:00:00,353.2783586365786,3552589.0,356.879308641134,358.47342122685717,352.91850658774655,TSLA,stock,True
2024-11-29,2024-11-29 00:00:00,356.7114003383137,947948.0,354.2559666768974,358.92737411440174,351.6001378365556,TSLA,stock,True
2024-12-02,2024-12-02 00:00:00,354.35454658921896,1325490.0,353.96348090868634,356.65984304741346,353.5829661495052,TSLA,stock,True
2024-12-03,2024-12-03 00:00:00,354.05927964760616,2168870.0,356.90519306089703,360.39108503137453,351.3464513636173,TSLA,stock,True
2024-12-04,2024-12-04 00:00:00,356.9178435320558,1571113.0,355.2440207363671,358.05519683692637,355.05426822920333,TSLA,stock,True
2024-12-05,2024-12-05 00:00:00,355.301466381532,2220310.0,356.7392667364702,360.22748947458064,355.1969495467211,TSLA,stock,True
2024-12-06,2024-12-06 00:00:00,356.8384058630883,1702683.0,361.8863533399004,363.10395185959044,355.1834102784243,TSLA,stock,True
2024-12-09,2024-12-09 00:00:00,361.94619955875555,4614805.0,359.9612958887428,364.1956517237277,358.13208121493454,TSLA,stock,True
2024-12-10,2024-12-10 00:00:00,359.8873134139361,1780688.0,356.66175831990716,362.7073540089061,355.70125791238706,TSLA,stock,True
2024-12-11,2024-12-11 00:00:00,356.6823522997107,868702.0,358.7580498913531,358.8078343230812,355.6223659509181,TSLA,stock,True
2024-12-12,2024-12-12 00:00:00,358.6110921307739,4723389.0,355.78873541551565,359.34356286932103,353.48687713287217,TSLA,stock,True
2024-12-13,2024-12-13 00:00:00,355.9400980925068,1451247.0,356.7763207413908,358.347340910149,353.42255841586274,TSLA,stock,True
2024-12-16,2024-12-16 00:00:00,356.92903441745864,4254985.0,356.6274779375005,359.97402912262794,354.9505023325861,TSLA,stock,True
2024-12-17,2024-12-17 00:00:00,356.7826420285452,1194708.0,359.4690117056575,363.041746436917,356.5530785969151,TSLA,stock,True
2024-12-18,2024-12-18 00:00:00,359.6018275096679,1306096.0,358.4886783475403,359.67291301564353,357.43201248860726,TSLA,stock,True
2024-12-19,2024-12-19 00:00:00,358.4786038654341,524228.0,361.91980945992896,363.9105571740837,356.09372273989385,TSLA,stock,True
2024-12-20,2024-12-20 00:00:00,361.95058519736807,4094455.0,367.27656206107207,368.5101245919975,360.3660864372857,TSLA,stock,True
2024-12-23,2024-12-23 00:00:00,367.3555694295225,1494599.0,362.0745718174064,368.07261406495974,359.77290805814334,TSLA,stock,True
2024-12-24,2024-12-24 00:00:00,362.0613216523828,3720707.0,359.27344254100547,364.91735973390803,358.02977838842685,TSLA,stock,True
2024-12-25,2024-12-25 00:00:00,359.20329687123467,3188979.0,359.49146102451215,359.7918519051813,357.54965182025626,TSLA,stock,True
2024-12-26,2024-12-26 00:00:00,359.36719898438383,1993260.0,360.09976044032396,362.7357957918429,356.2086623467671,TSLA,stock,True
2024-12-27,2024-12-27 00:00:00,360.04304450776976,3824586.0,360.14919574438034,362.51293916930297,357.550595295373,TSLA,stock,True
2024-12-30,2024-12-30 00:00:00,360.0318495923067,893678.0,357.72935611255497,362.5989059410856,354.6616931030366,TSLA,stock,True
2024-12-31,2024-12-31 00:00:00,357.8508184977477,2259664.0,356.0110519778197,358.4679458297594,353.86823608169544,TSLA,stock,True
2025-01-01,2025-01-01 00:00:00,355.8627763584298,2786594.0,358.0381876803392,359.0613296806768,352.7276978156176,TSLA,stock,True
2025-01-02,2025-01-02 00:00:00,358.16861647697,955483.0,353.7530509126945,359.5657492650429,351.86421817291784,TSLA,stock,True
2025-01-03,2025-01-03 00:00:00,353.73480681174317,4796687.0,350.9869460859838,356.4464966922586,348.3932954262076,TSLA,stock,True
2025-01-06,2025-01-06 00:00:00,351.09498145100224,1857840.0,352.7255326374834,353.1954578558319,350.7905591007236,TSLA,stock,True
2025-01-07,2025-01-07 00:00:00,352.82586996246766,4865253.0,349.0576912830939,354.21743317945777,347.8996704319036,TSLA,stock,True
2025-01-08,2025-01-08 00:00:00,349.1749128084164,4225776.0,350.92608547066305,354.1452135270059,349.0655328745399,TSLA,stock,True
2025-01-09,2025-01-09 00:00:00,350.7889153032163,3670430.0,350.9485780977167,353.252812370112,348.7618835880473,TSLA,stock,True
2025-01-10,2025-01-10 00:00:00,351.09441555958006,1489980.0,349.33371180386814,354.42723658915094,346.42376687589655,TSLA,stock,True
2025-01-13,2025-01-13 00:00:00,349.4902704913869,4512133.0,348.13208577984335,349.9366762884846,347.3534021020478,TSLA,stock,True
2025-01-14,2025-01-14 00:00:00,348.0280731612509,2718733.0,351.72414535973775,354.98256518938314,345.3252584641119,TSLA,stock,True
2025-01-15,2025-01-15 00:00:00,351.6873474589325,4519494.0,355.4157504744977,357.0511945805249,348.7034881188817,TSLA,stock,True
2025-01-16,2025-01-16 00:00:00,355.4451808884319,2535689.0,358.6541423187206,361.7460629460134,355.25792202249306,TSLA,stock,True
2025-01-17,2025-01-17 00:00:00,358.6855036001253,4434214.0,357.5546326452684,360.1362010871773,356.7347393206656,TSLA,stock,True
2025-01-20,2025-01-20 00:00:00,357.4581886763203,3336691.0,356.72066286037057,360.6864860545253,355.7421080830059,TSLA,stock,True
2025-01-21,2025-01-21 00:00:00,356.65205939054806,2414079.0,351.4291345458711,358.8210450341134,348.45811768141766,TSLA,stock,True
2025-01-22,2025-01-22 00:00:00,351.2779244522694,2815078.0,350.43386504065495,352.77402871357566,347.22147547663775,TSLA,stock,True
2025-01-23,2025-01-23 00:00:00,350.40722399864967,3591125.0,347.97520715522387,350.7534291399852,347.10589709531223,TSLA,stock,True
2025-01-24,2025-01-24 00:00:00,348.0110826192309,3438538.0,347.14997903765016,348.88817842267883,346.6600958572123,TSLA,stock,True
2025-01-27,2025-01-27 00:00:00,347.0267304922404,2432343.0,343.6806620813852,349.41645171634883,340.2852168815081,TSLA,stock,True
2025-01-28,2025-01-28 00:00:00,343.7266012390731,837157.0,340.20487389543365,343.90427287171445,337.0471798670091,TSLA,stock,True
2025-01-29,2025-01-29 00:00:00,340.0471745959108,1136651.0,340.1577086359306,343.4959410408798,337.4840472377519,TSLA,stock,True
2025-01-30,2025-01-30 00:00:00,339.97670405052475,3504208.0,343.1111115006292,344.2932604203706,337.58192896622717,TSLA,stock,True
2025-01-31,2025-01-31 00:00:00,343.25899014663355,4843662.0,345.07067560915203,347.29846361245967,339.9544960386544,TSLA,stock,True
2025-02-03,2025-02-03 00:00:00,344.896012830651,1184743.0,346.17403541919975,349.318875303175,341.7895415547583,TSLA,stock,True
2025-02-04,2025-02-04 00:00:00,346.0045937593354,3083526.0,344.027296210537,348.44325567916934,340.6751589384331,TSLA,stock,True
2025-02-05,2025-02-05 00:00:00,344.04694379519617,3347167.0,347.4131126140419,350.55244026890216,343.4070707428711,TSLA,stock,True
2025-02-06,2025-02-06 00:00:00,347.3193414181675,4906136.0,350.6505272363649,353.63021996006205,344.7081314301148,TSLA,stock,True
2025-02-07,2025-02-07 00:00:00,350.729188782674,4698809.0,345.56825349737,352.35244624734,343.99759875967976,TSLA,stock,True
2025-02-10,2025-02-10 00:00:00,345.40610050145017,3222563.0,345.3414766848678,348.47559232700104,343.1904036301994,TSLA,stock,True
2025-02-11,2025-02-11 00:00:00,345.2062959061369,1550492.0,346.8818833611827,349.03174741639367,343.442469342368,TSLA,stock,True
2025-02-12,2025-02-12 00:00:00,346.71616421211854,3803153.0,341.95444435857485,347.3233505966648,339.93420233536426,TSLA,stock,True
2025-02-13,2025-02-13 00:00:00,341.98712912470086,2133355.0,344.9535093147885,346.0695773483447,339.80447042637945,TSLA,stock,True
2025-02-14,2025-02-14 00:00:00,345.0681702919647,1058459.0,349.10474954248883,350.3400449927013,343.38550022047554,TSLA,stock,True
2025-02-17,2025-02-17 00:00:00,349.15826693152195,1580039.0,353.0986397961864,354.06822980417826,346.6212939894442,TSLA,stock,True
2025-02-18,2025-02-18 00:00:00,353.1506214883786,1171607.0,350.5486184457759,353.2314597405061,350.3266296118083,TSLA,stock,True
2025-02-19,2025-02-19 00:00:00,350.3980865439341,1572397.0,348.34928513402093,350.7026109733256,344.94334426240937,TSLA,stock,True
2025-02-20,2025-02-20 00:00:00,348.44773097635425,1833072.0,344.7267766949393,351.6499969183796,342.0607462958005,TSLA,stock,True
2025-02-21,2025-02-21 00:00:00,344.843230993192,4071945.0,345.8421874653053,346.1760542630944,341.4691779928859,TSLA,stock,True
2025-02-24,2025-02-24 00:00:00,345.97366469258526,1381664.0,344.9837706054817,349.2778537546209,342.3379705656092,TSLA,stock,True
2025-02-25,2025-02-25 00:00:00,344.9261140975637,3844255.0,343.3483343595225,346.5040102930852,341.50110029473535,TSLA,stock,True
2025-02-26,2025-02-26 00:00:00,343.2475483766193,4785833.0,339.1537379395278,343.4617009972774,338.07177573225255,TSLA,stock,True
2025-02-27,2025-02-27 00:00:00,339.0995821914624,3795698.0,334.3644338624088,340.2670338454562,331.87950943024265,TSLA,stock,True
2025-02-28,2025-02-28 00:00:00,334.2849643774439,2536218.0,335.2565217631371,335.4709894183585,331.65108502275575,TSLA,stock,True
2025-03-03,2025-03-03 00:00:00,335.28954881281874,3983726.0,335.33323361080346,337.5670486309509,334.9008464701368,TSLA,stock,True
2025-03-04,2025-03-04 00:00:00,335.36877203287617,751040.0,338.61617787289975,341.8837306125886,333.04794696911057,TSLA,stock,True
2025-03-05,2025-03-05 00:00:00,338.71957925406105,3536218.0,343.7181804023981,345.7453925782165,336.0244884323778,TSLA,stock,True
2025-03-06,2025-03-06 00:00:00,343.5541414991358,1978390.0,339.8622934079532,343.9921248044391,336.9103782131883,TSLA,stock,True
2025-03-07,2025-03-07 00:00:00,339.8821945142103,514143.0,335.685986268289,342.99115129251794,335.4725097259297,TSLA,stock,True
2025-03-10,2025-03-10 00:00:00,335.5666952307875,3476988.0,331.22877012520695,338.66576087105005,330.9140669537858,TSLA,stock,True
2025-03-11,2025-03-11 00:00:00,331.0535555828345,2419269.0,330.22566812975526,332.5701616719579,326.97318494304415,TSLA,stock,True
2025-03-12,2025-03-12 00:00:00,330.2070959236823,794769.0,330.58214867174274,330.59384392272773,329.6883609119178,TSLA,stock,True
2025-03-13,2025-03-13 00:00:00,330.64226690561225,2411699.0,334.42024677391305,334.67650413653905,328.2364869556463,TSLA,stock,True
2025-03-14,2025-03-14 00:00:00,334.5519268789561,2046936.0,337.9888927021494,339.7893255270152,333.75821718800637,TSLA,stock,True
2025-03-17,2025-03-17 00:00:00,337.8808789144864,4777813.0,339.962772170369,341.2754774596209,334.8639121154476,TSLA,stock,True
2025-03-18,2025-03-18 00:00:00,339.7830267659881,2240389.0,337.4033868047204,343.01387623103284,336.947841561323,TSLA,stock,True
2025-03-19,2025-03-19 00:00:00,337.3773865270472,2213465.0,332.7046797407568,339.2349166003039,331.218045427615,TSLA,stock,True
2025-03-20,2025-03-20 00:00:00,332.72740039620413,3433263.0,333.2944498680598,333.44433830024894,331.56876449486595,TSLA,stock,True
2025-03-21,2025-03-21 00:00:00,333.42039329670524,1438738.0,331.1065144155734,334.23400674008514,329.36210260952674,TSLA,stock,True
2025-03-24,2025-03-24 00:00:00,330.9424344656306,4426756.0,332.6417667869513,333.2094888029943,330.45909430279227,TSLA,stock,True
2025-03-25,2025-03-25 00:00:00,332.5661050683917,3907563.0,336.4253292857731,337.5493968937553,332.1408303770654,TSLA,stock,True
2025-03-26,2025-03-26 00:00:00,336.2817779213432,4466586.0,338.4407178164462,339.51980428728854,335.5118549028437,TSLA,stock,True
2025-03-27,2025-03-27 00:00:00,338.48694763790195,4001970.0,337.5170338973131,338.8973385249248,334.80299218601346,TSLA,stock,True
2025-03-28,2025-03-28 00:00:00,337.6380121576899,2950963.0,333.4676673878171,337.66822465612756,330.97619898908295,TSLA,stock,True
2025-03-31,2025-03-31 00:00:00,333.2952698089685,1930153.0,331.1856957729763,335.3272682767207,329.5873074312019,TSLA,stock,True
2025-04-01,2025-04-01 00:00:00,331.1495544997034,1676803.0,327.1098903703282,331.80191547196887,324.8605091925105,TSLA,stock,True
2025-04-02,2025-04-02 00:00:00,326.9631123732044,1562683.0,329.0441833391342,330.43122592542136,326.5818359348651,TSLA,stock,True
2025-04-03,2025-04-03 00:00:00,329.0454835123779,1673361.0,326.0117897011959,329.10982562834505,322.90380513238637,TSLA,stock,True
2025-04-04,2025-04-04 00:00:00,325.9064364529193,3607930.0,324.99514371870265,328.57674626216806,321.74574867944966,TSLA,stock,True
2025-04-07,2025-04-07 00:00:00,325.0312674725161,4030174.0,325.7958031430128,328.43536554112234,324.2298948083246,TSLA,stock,True
2025-04-08,2025-04-08 00:00:00,325.83591059016914,3305276.0,330.3503530365679,331.9965860780608,323.3336364539859,TSLA,stock,True
2025-04-09,2025-04-09 00:00:00,330.4185488606085,597822.0,327.7556780057921,333.0581142259411,326.5091405884884,TSLA,stock,True
2025-04-10,2025-04-10 00:00:00,327.8906838550698,3445146.0,324.368155721154,329.78879786083957,324.11873878084685,TSLA,stock,True
2025-04-11,2025-04-11 00:00:00,324.33338075291755,558014.0,326.86588713573076,328.4966386489045,322.9518934040283,TSLA,stock,True
2025-04-14,2025-04-14 00:00:00,326.8590272114903,3406164.0,322.55238898369953,329.31164382487094,319.9269694591366,TSLA,stock,True
2025-04-15,2025-04-15 00:00:00,322.58099897390986,3571923.0,326.5680601704947,327.5563874905811,320.6622543084612,TSLA,stock,True
2025-04-16,2025-04-16 00:00:00,326.4942732483302,2816457.0,323.67231747713055,326.91998026499056,323.1228575649399,TSLA,stock,True
2025-04-17,2025-04-17 00:00:00,323.52207192716287,3158931.0,322.5171317015433,324.09527055361406,320.9562586429817,TSLA,stock,True
2025-04-18,2025-04-18 00:00:00,322.40533007499556,4665995.0,321.5759858664834,322.4596009249473,321.5121377515214,TSLA,stock,True
2025-04-21,2025-04-21 00:00:00,321.46939973098904,4467281.0,321.59083350947435,322.3398053964829,319.39870147387074,TSLA,stock,True
2025-04-22,2025-04-22 00:00:00,321.6338068658529,3363282.0,319.7570038081886,323.4988272890008,318.976122823557,TSLA,stock,True
2025-04-23,2025-04-23 00:00:00,319.5998553505405,3963285.0,322.52674275495417,322.55847657928746,317.04528657121995,TSLA,stock,True
2025-04-24,2025-04-24 00:00:00,322.4346053308429,3389862.0,323.68544263759264,325.7960563725191,320.68011137806457,TSLA,stock,True
2025-04-25,2025-04-25 00:00:00,323.6382799704005,3435897.0,327.6244898996687,329.11936942074385,320.7322715385294,TSLA,stock,True
2025-04-28,2025-04-28 00:00:00,327.52102242091297,4042686.0,326.39011271819214,329.5263831832178,324.44140850272254,TSLA,stock,True
2025-04-29,2025-04-29 00:00:00,326.44339801879374,753041.0,329.8101588759235,330.5538983543879,323.59130386318844,TSLA,stock,True
2025-04-30,2025-04-30 00:00:00,329.6451104566433,3153606.0,331.4371061738371,333.9603246773828,326.399223768723,TSLA,stock,True
2025-05-01,2025-05-01 00:00:00,331.2751234499399,4340220.0,333.51774321587794,335.2600672451449,331.2460203505404,TSLA,stock,True
2025-05-02,2025-05-02 00:00:00,333.55456490649317,1465024.0,333.092391208346,335.1471272951504,332.1118753937545,TSLA,stock,True
2025-05-05,2025-05-05 00:00:00,333.2048984197845,1218873.0,334.4513285239788,336.41279441126625,330.9326597159347,TSLA,stock,True
2025-05-06,2025-05-06 00:00:00,334.4150260486869,4087693.0,329.85621768557127,337.6454336065189,328.5814535750461,TSLA,stock,True
2025-05-07,2025-05-07 00:00:00,329.7156800144341,1323891.0,331.23152957218963,331.73535724468354,328.25851971522167,TSLA,stock,True
2025-05-08,2025-05-08 00:00:00,331.3104081707552,4615242.0,333.7206551618479,334.7503742640469,329.9545868424659,TSLA,stock,True
2025-05-09,2025-05-09 00:00:00,333.753151991984,982002.0,333.69508823903203,334.60883217471945,333.351582011879,TSLA,stock,True
2025-05-12,2025-05-12 00:00:00,333.63279071342726,4311029.0,334.68103674608216,337.18886884206114,331.6864093010005,TSLA,stock,True
2025-05-13,2025-05-13 00:00:00,334.61680314307915,4149357.0,330.56552791291244,334.93903181183265,330.09431105456855,TSLA,stock,True
2025-05-14,2025-05-14 00:00:00,330.57559916761664,719951.0,327.2803424556004,333.39125518350056,326.1985528342882,TSLA,stock,True
2025-05-15,2025-05-15 00:00:00,327.1803561309528,3609419.0,329.9210447777258,330.63639732408046,325.4232224179764,TSLA,stock,True
2025-05-16,2025-05-16 00:00:00,329.9875383048203,3682098.0,331.3101667102286,332.5018390205887,327.3865810423998,TSLA,stock,True
2025-05-19,2025-05-19 00:00:00,331.24700992185495,606990.0,334.2085893062068,336.64319300273723,330.9817556502028,TSLA,stock,True
2025-05-20,2025-05-20 00:00:00,334.3576315845288,2301804.0,336.5778546985604,339.7666752729246,332.20231411778104,TSLA,stock,True
2025-05-21,2025-05-21 00:00:00,336.5717891389957,4810586.0,335.7938423988867,337.6413607001324,335.7419268906532,TSLA,stock,True
2025-05-22,2025-05-22 00:00:00,335.6589856011973,3468538.0,336.60467081630014,339.2808138532655,335.3663150720637,TSLA,stock,True
2025-05-23,2025-05-23 00:00:00,336.63515868850345,543557.0,340.93777360278017,342.94647766792644,334.1130361647846,TSLA,stock,True
2025-05-26,2025-05-26 00:00:00,340.9858060260147,1597747.0,339.4451886233065,344.241925222769,337.9421498568124,TSLA,stock,True
2025-05-27,2025-05-27 00:00:00,339.51261862083453,1238186.0,341.8522600433251,342.7895571087576,336.9294127432389,TSLA,stock,True
2025-05-28,2025-05-28 00:00:00,341.74736090603204,2511858.0,339.04475744036233,342.47533772446576,337.872878937281,TSLA,stock,True
2025-05-29,2025-05-29 00:00:00,338.8711189539615,2536203.0,343.1529013424426,346.52561620234184,338.3685555021708,TSLA,stock,True
2025-05-30,2025-05-30 00:00:00,342.97106557653007,592684.0,339.24625182141585,345.80073826979157,338.77687910865706,TSLA,stock,True
2025-06-02,2025-06-02 00:00:00,339.33409201097027,2514006.0,336.67122751676953,339.7820078010345,335.8465146807456,TSLA,stock,True
2025-06-03,2025-06-03 00:00:00,336.7590733613458,4359767.0,337.6778759182553,338.7690084606505,333.81374130626847,TSLA,stock,True
2025-06-04,2025-06-04 00:00:00,337.6889474587288,1206948.0,337.2740712988207,339.89154668870276,335.6237383269753,TSLA,stock,True
2025-06-05,2025-06-05 00:00:00,337.11363513679544,4585372.0,339.53155285283873,342.6970711551413,333.74282365301315,TSLA,stock,True
2025-06-06,2025-06-06 00:00:00,339.614657454669,1393192.0,335.56218690493233,341.12637557756835,334.19521476505616,TSLA,stock,True
2025-06-09,2025-06-09 00:00:00,335.6342809227401,2201592.0,339.6742647531903,339.9710895222869,332.60816752800105,TSLA,stock,True
2025-06-10,2025-06-10 00:00:00,339.60147619643783,2353772.0,344.13382615902214,344.52705942699765,337.782208208429,TSLA,stock,True
2025-06-11,2025-06-11 00:00:00,343.96397039854827,1326191.0,344.4268536711358,345.1334336835701,343.7997384214056,TSLA,stock,True
2025-06-12,2025-06-12 00:00:00,344.4934655420548,2792603.0,342.7265074808796,345.53180002137947,340.1937202363968,TSLA,stock,True
2025-06-13,2025-06-13 00:00:00,342.7394086130818,1020396.0,338.57128099054546,344.26730613645503,337.1853005942727,TSLA,stock,True
2025-06-16,2025-06-16 00:00:00,338.5449704989646,3525478.0,339.946113448377,341.7110656727093,336.50729375956996,TSLA,stock,True
2025-06-17,2025-06-17 00:00:00,340.00253480957394,3624105.0,343.19994705681165,346.2861060162759,339.21855531855977,TSLA,stock,True
2025-06-18,2025-06-18 00:00:00,343.3494381037341,580494.0,348.1779978402389,350.0905192370106,341.8418384380948,TSLA,stock,True
2025-06-19,2025-06-19 00:00:00,348.2824780436754,2313850.0,346.10752810345457,349.6783234877516,342.7469439832016,TSLA,stock,True
2025-06-20,2025-06-20 00:00:00,346.1915347852395,3665364.0,349.47247677783287,352.9442586706339,343.741688083484,TSLA,stock,True
2025-06-23,2025-06-23 00:00:00,349.38205144067814,4580112.0,351.28317684859655,354.0362723252984,348.7680362056455,TSLA,stock,True
2025-06-24,2025-06-24 00:00:00,351.33797136455235,1043677.0,352.9051548841013,354.86984615935535,349.0398654250276,TSLA,stock,True
2025-06-25,2025-06-25 00:00:00,352.7506113475154,4626441.0,348.17787287428666,355.92461023705073,347.606606190772,TSLA,stock,True
2025-06-26,2025-06-26 00:00:00,348.18440837082807,2209466.0,352.8365268802047,356.210901592383,345.88243523094997,TSLA,stock,True
2025-06-27,2025-06-27 00:00:00,352.6740848877473,1795052.0,353.05261612480444,355.0676511190396,352.67266736536834,TSLA,stock,True
2025-06-30,2025-06-30 00:00:00,353.0909891240178,4273046.0,357.46608395046786,359.2896344229745,350.50204541933493,TSLA,stock,True
2025-07-01,2025-07-01 00:00:00,357.5564913667061,4775592.0,354.78824324808676,358.5332823069346,352.4212302467314,TSLA,stock,True
2025-07-02,2025-07-02 00:00:00,354.72808592250897,1607639.0,359.8540240457682,362.31059861927804,352.77821828688593,TSLA,stock,True
2025-07-03,2025-07-03 00:00:00,359.823239422642,1873459.0,361.0703933832578,364.1970507518595,356.5693958594046,TSLA,stock,True
2025-07-04,2025-07-04 00:00:00,360.92428105077755,3024992.0,362.2294927249545,363.31687083086155,360.16220895337267,TSLA,stock,True
2025-07-07,2025-07-07 00:00:00,362.39231345979545,2661991.0,361.5414690919709,365.90665052754116,361.34247140403426,TSLA,stock,True
2025-07-08,2025-07-08 00:00:00,361.48852465443485,2752923.0,363.5443550708692,365.187689388109,359.0548898526042,TSLA,stock,True
2025-07-09,2025-07-09 00:00:00,363.37823831803877,1135219.0,359.2701870917868,366.2696628174975,355.9725747546222,TSLA,stock,True
2025-07-10,2025-07-10 00:00:00,359.15109050964395,2188053.0,363.99711271343114,365.45384946840295,355.9061727841662,TSLA,stock,True
2025-07-11,2025-07-11 00:00:00,364.12253715435253,2211941.0,360.57946959933366,365.1835490279381,359.15366924777004,TSLA,stock,True
2025-07-14,2025-07-14 00:00:00,360.4060000399429,2494477.0,355.56320036728175,362.1220655987156,354.4832478483361,TSLA,stock,True
2025-07-15,2025-07-15 00:00:00,355.6940265506617,3489662.0,358.0,360.1388697082319,352.2855803367932,TSLA,stock,True
2024-11-06,2024-11-06 00:00:00,1293.8296982679692,9056888.0,1298.038944934469,1308.7989640263063,1284.4291032222088,SPY,index,True
2024-11-07,2024-11-07 00:00:00,1298.5043121867445,5959556.0,1289.2984823036104,1300.733545700335,1279.6488369394522,SPY,index,True
2024-11-08,2024-11-08 00:00:00,1288.8012971695916,30302611.0,1299.5486522788894,1307.7581238657403,1283.768114310544,SPY,index,True
2024-11-11,2024-11-11 00:00:00,1299.3299896271815,29237850.0,1303.037717097828,1308.2466549073213,1294.305213185569,SPY,index,True
2024-11-12,2024-11-12 00:00:00,1302.6879833183866,44198240.0,1302.4929219744529,1314.3614973624885,1292.8003991204364,SPY,index,True
2024-11-13,2024-11-13 00:00:00,1302.0384070520852,8063476.0,1294.1606557547111,1313.1399724909604,1286.0189513557038,SPY,index,True
2024-11-14,2024-11-14 00:00:00,1294.412636510016,41307221.0,1298.7163659872383,1305.034758264044,1282.828722296703,SPY,index,True
2024-11-15,2024-11-15 00:00:00,1298.7012340770837,18234283.0,1294.5185896560804,1304.7055298618131,1293.9532888907268,SPY,index,True
2024-11-18,2024-11-18 00:00:00,1294.1567503817303,8968438.0,1289.3754706651025,1299.7234277298082,1283.1231540949486,SPY,index,True
2024-11-19,2024-11-19 00:00:00,1289.4112647780228,21600033.0,1294.082042983305,1304.733674243424,1285.974548627039,SPY,index,True
2024-11-20,2024-11-20 00:00:00,1293.8034236777587,22430308.0,1287.772274417465,1305.5462718547512,1284.5138103957634,SPY,index,True
2024-11-21,2024-11-21 00:00:00,1287.9062521091064,37759662.0,1279.6823587745307,1296.7938582774705,1279.0360367515223,SPY,index,True
2024-11-22,2024-11-22 00:00:00,1279.309290825814,10677029.0,1285.1354300517617,1285.9074459075032,1270.7838678760725,SPY,index,True
2024-11-25,2024-11-25 00:00:00,1285.2029102718332,24677762.0,1293.7918274704361,1296.1494387021219,1279.2888754577193,SPY,index,True
2024-11-26,2024-11-26 00:00:00,1293.4973380788238,29843035.0,1288.54510613314,1303.8645711924007,1287.332212788959,SPY,index,True
2024-11-27,2024-11-27 00:00:00,1289.0064348148155,14923043.0,1289.6361720783443,1290.0464232198688,1277.1865875013364,SPY,index,True
2024-11-28,2024-11-28 00:00:00,1289.1915841095163,34967988.0,1300.9872586967058,1312.9904771749095,1282.4127285958834,SPY,index,True
2024-11-29,2024-11-29 00:00:00,1301.2574022527547,5587600.0,1302.6286415681293,1306.904578067997,1300.66138709272,SPY,index,True
2024-12-02,2024-12-02 00:00:00,1302.7617937913874,18825167.0,1294.879043385851,1313.1420779461218,1294.000207279082,SPY,index,True
2024-12-03,2024-12-03 00:00:00,1294.8955799970634,22834802.0,1294.9108112675278,1295.7965994246515,1292.2431081892332,SPY,index,True
2024-12-04,2024-12-04 00:00:00,1294.6629622948644,29690167.0,1298.0326822539143,1301.787413198874,1287.5295556928306,SPY,index,True
2024-12-05,2024-12-05 00:00:00,1298.0197289099556,7272846.0,1290.352904991324,1299.078907471118,1279.9855388524027,SPY,index,True
2024-12-06,2024-12-06 00:00:00,1290.2326690051757,6208907.0,1281.2013838988942,1291.8244392310883,1280.6381206149254,SPY,index,True
2024-12-09,2024-12-09 00:00:00,1280.8213396137078,31572326.0,1293.0253066166028,1294.610161666928,1275.55701661213,SPY,index,True
2024-12-10,2024-12-10 00:00:00,1292.6827024196841,37965253.0,1296.1300030112454,1298.8212789106105,1283.9992865660279,SPY,index,True
2024-12-11,2024-12-11 00:00:00,1295.7407612448512,6914035.0,1303.950228433699,1306.2737803903824,1283.760124477599,SPY,index,True
2024-12-12,2024-12-12 00:00:00,1304.066856996727,29087362.0,1301.9965003044867,1313.9989089394815,1299.4931707935232,SPY,index,True
2024-12-13,2024-12-13 00:00:00,1301.6700814677693,38087857.0,1313.8182417871622,1326.1814732792532,1297.3662368083883,SPY,index,True
2024-12-16,2024-12-16 00:00:00,1313.3034764373076,28769403.0,1316.6207933520866,1317.2931680701085,1300.4459764835879,SPY,index,True
2024-12-17,2024-12-17 00:00:00,1316.8486192919463,46468441.0,1325.133754292361,1335.385249159278,1315.346586621894,SPY,index,True
2024-12-18,2024-12-18 00:00:00,1325.074252355564,48563072.0,1334.6907280633397,1336.041738696095,1319.908130318512,SPY,index,True
2024-12-19,2024-12-19 00:00:00,1335.0195106190274,12083536.0,1346.2608990506628,1352.4328310579613,1329.0568908313571,SPY,index,True
2024-12-20,2024-12-20 00:00:00,1346.6369137627955,22650240.0,1340.27203614654,1355.7718174561608,1337.866310380901,SPY,index,True
2024-12-23,2024-12-23 00:00:00,1340.6594538485076,44684536.0,1335.217789016871,1349.9264205852464,1333.980210037235,SPY,index,True
2024-12-24,2024-12-24 00:00:00,1335.6912980253649,6912718.0,1326.2765110534892,1343.0293358684569,1320.8334779444072,SPY,index,True
2024-12-25,2024-12-25 00:00:00,1326.4035550759875,41076811.0,1323.8497671956625,1339.3003607744474,1319.8551137716968,SPY,index,True
2024-12-26,2024-12-26 00:00:00,1324.3133312908076,8398967.0,1317.6909318616117,1325.2606500632446,1307.5389458939853,SPY,index,True
2024-12-27,2024-12-27 00:00:00,1317.9666764876038,7844360.0,1307.5300737534042,1318.622693286616,1302.599017237579,SPY,index,True
2024-12-30,2024-12-30 00:00:00,1307.0600507706424,49189496.0,1299.2143708625993,1319.4153606963225,1291.5485544432534,SPY,index,True
2024-12-31,2024-12-31 00:00:00,1299.5841753363413,35302228.0,1297.657853162815,1311.9969769162278,1295.88222335649,SPY,index,True
2025-01-01,2025-01-01 00:00:00,1298.1143118515158,13653578.0,1299.1796343702981,1306.1840943067814,1286.0173348152532,SPY,index,True
2025-01-02,2025-01-02 00:00:00,1298.6415734251093,32174292.0,1296.4672791928547,1299.4174110694,1289.6224146953114,SPY,index,True
2025-01-03,2025-01-03 00:00:00,1296.5811759368216,23908578.0,1298.0011552432713,1305.780024572762,1293.4970280933758,SPY,index,True
2025-01-06,2025-01-06 00:00:00,1298.2310193620476,16572932.0,1294.530830373147,1304.6928420922557,1282.6321425131155,SPY,index,True
2025-01-07,2025-01-07 00:00:00,1294.30243135473,36423386.0,1287.8814048481554,1298.608636165952,1280.3969400327178,SPY,index,True
2025-01-08,2025-01-08 00:00:00,1287.6508117707365,47952013.0,1286.192690906426,1288.1988600793088,1285.2551583987347,SPY,index,True
2025-01-09,2025-01-09 00:00:00,1285.8013723496601,40266941.0,1277.3734976154283,1288.7468166953058,1269.4068647183256,SPY,index,True
2025-01-10,2025-01-10 00:00:00,1277.292186998839,11009489.0,1280.838710904152,1282.2461847983152,1270.5358024420789,SPY,index,True
2025-01-13,2025-01-13 00:00:00,1280.3359677286462,19330775.0,1283.9389160688124,1290.0288669375987,1278.525800614995,SPY,index,True
2025-01-14,2025-01-14 00:00:00,1283.645818420117,30617592.0,1283.3287743537094,1293.7110430369448,1279.028525227115,SPY,index,True
2025-01-15,2025-01-15 00:00:00,1283.570146840079,29252656.0,1272.4467422658681,1288.729328771257,1272.4264488363708,SPY,index,True
2025-01-16,2025-01-16 00:00:00,1272.7684075706145,22365200.0,1263.2197937622605,1279.4869105981766,1257.2888409142217,SPY,index,True
2025-01-17,2025-01-17 00:00:00,1262.8269650527225,24289882.0,1262.1411284319659,1268.3628963898402,1259.6530578040606,SPY,index,True
2025-01-20,2025-01-20 00:00:00,1261.9448686114597,12262357.0,1249.8654540247803,1269.9692786904125,1242.6465028612627,SPY,index,True
2025-01-21,2025-01-21 00:00:00,1249.5465888256429,37811755.0,1244.9552664500968,1255.9236569337138,1241.795913194775,SPY,index,True
2025-01-22,2025-01-22 00:00:00,1244.9817943421212,33035285.0,1246.7327053999352,1254.3159020020871,1234.0933276420737,SPY,index,True
2025-01-23,2025-01-23 00:00:00,1246.607742952554,15875830.0,1246.775786764254,1253.9571973944855,1243.8125231725326,SPY,index,True
2025-01-24,2025-01-24 00:00:00,1247.012817405533,13207029.0,1255.2176138428727,1262.9284091305365,1241.3035778442397,SPY,index,True
2025-01-27,2025-01-27 00:00:00,1254.8180115482462,22273019.0,1251.913509587982,1266.1643618991166,1247.7385183416993,SPY,index,True
2025-01-28,2025-01-28 00:00:00,1252.0694026631195,37313312.0,1264.1451449172132,1275.272117798747,1243.5746298869824,SPY,index,True
2025-01-29,2025-01-29 00:00:00,1264.0694008200926,27428516.0,1269.0700070255841,1280.9120523845277,1257.8710485765735,SPY,index,True
2025-01-30,2025-01-30 00:00:00,1268.5478640358392,46957739.0,1277.6990727962018,1286.7490506013962,1259.5901919982307,SPY,index,True
2025-01-31,2025-01-31 00:00:00,1277.5812360889308,8998568.0,1279.1779150551406,1288.1269535320191,1269.2888071208588,SPY,index,True
2025-02-03,2025-02-03 00:00:00,1279.365510433883,8777516.0,1285.430354420041,1288.0497169340028,1276.0900982510798,SPY,index,True
2025-02-04,2025-02-04 00:00:00,1285.6658318251812,23417970.0,1278.9864849434093,1297.4890403705501,1277.3235034380525,SPY,index,True
2025-02-05,2025-02-05 00:00:00,1279.0696086877379,12332799.0,1283.9506667259393,1291.108262121551,1272.5781586372332,SPY,index,True
2025-02-06,2025-02-06 00:00:00,1283.638782881766,29422546.0,1287.9935711469423,1290.0640257932014,1271.5225603801448,SPY,index,True
2025-02-07,2025-02-07 00:00:00,1287.945670829747,9172419.0,1291.0188369933821,1297.2981421662776,1282.799510415004,SPY,index,True
2025-02-10,2025-02-10 00:00:00,1290.8530284355406,45199317.0,1300.5617536747202,1307.4145255664082,1282.4368058524549,SPY,index,True
2025-02-11,2025-02-11 00:00:00,1300.081833281685,36561005.0,1289.518569899712,1311.3306972394307,1276.8818308789207,SPY,index,True
2025-02-12,2025-02-12 00:00:00,1289.5605409547825,19807754.0,1296.234145783494,1300.6380629939963,1281.545420435011,SPY,index,True
2025-02-13,2025-02-13 00:00:00,1295.8722312142136,31306944.0,1295.5624073719582,1308.3932359833293,1289.6586276629214,SPY,index,True
2025-02-14,2025-02-14 00:00:00,1295.0613289898447,29408611.0,1287.5350215431754,1303.3695759773523,1284.6259746036544,SPY,index,True
2025-02-17,2025-02-17 00:00:00,1287.8886556535701,43833228.0,1288.4732243252631,1297.1248388801205,1280.0949288774787,SPY,index,True
2025-02-18,2025-02-18 00:00:00,1288.115235295989,46498903.0,1285.3615921266944,1289.6187853331069,1275.816059982784,SPY,index,True
2025-02-19,2025-02-19 00:00:00,1285.3092064932378,34282357.0,1277.8650582809223,1292.557733185661,1271.6313958544479,SPY,index,True
2025-02-20,2025-02-20 00:00:00,1278.2402899838132,45988505.0,1266.0481107140436,1289.105063509317,1262.9172582764313,SPY,index,True
2025-02-21,2025-02-21 00:00:00,1266.3645339163677,10174458.0,1262.5935238414468,1267.409947307438,1253.8706892843047,SPY,index,True
2025-02-24,2025-02-24 00:00:00,1262.4299885113771,6153433.0,1262.896517720016,1269.5492929990387,1250.1444989961942,SPY,index,True
2025-02-25,2025-02-25 00:00:00,1263.2138387440964,39021647.0,1275.5886504971168,1281.8812501130512,1251.0627359890002,SPY,index,True
2025-02-26,2025-02-26 00:00:00,1275.4436676031246,7539422.0,1265.947524400045,1282.8324269178393,1256.4895789899354,SPY,index,True
2025-02-27,2025-02-27 00:00:00,1265.918362591751,42526134.0,1263.1459754959528,1271.249452869511,1256.988176750209,SPY,index,True
2025-02-28,2025-02-28 00:00:00,1263.4887948205098,29433333.0,1274.6394047712108,1275.929365688249,1262.784655977591,SPY,index,True
2025-03-03,2025-03-03 00:00:00,1274.8388378409597,15863730.0,1270.1135436509512,1286.8746776075739,1265.5764495275728,SPY,index,True
2025-03-04,2025-03-04 00:00:00,1269.6378104269893,25934128.0,1263.2765424379527,1272.0123263525513,1261.3734437404155,SPY,index,True
2025-03-05,2025-03-05 00:00:00,1263.5497561839284,10753095.0,1272.3267648630658,1279.3543024458736,1262.4578093903476,SPY,index,True
2025-03-06,2025-03-06 00:00:00,1271.9988390699677,7053920.0,1275.6427776207672,1279.0938207440572,1261.689086874582,SPY,index,True
2025-03-07,2025-03-07 00:00:00,1275.8870754931881,40201646.0,1280.9803425361597,1287.992423404112,1269.1339216734698,SPY,index,True
2025-03-10,2025-03-10 00:00:00,1280.8024684024529,44703583.0,1269.9703688391212,1286.326524929881,1268.1106522428402,SPY,index,True
2025-03-11,2025-03-11 00:00:00,1270.386704997497,22764805.0,1271.8631933126037,1281.335000719464,1264.3573705047716,SPY,index,True
2025-03-12,2025-03-12 00:00:00,1271.5243304981586,14357563.0,1273.7779032884741,1282.0783495296648,1259.9212724364943,SPY,index,True
2025-03-13,2025-03-13 00:00:00,1273.760608582802,40596635.0,1275.183719469695,1282.831646071734,1263.855353715898,SPY,index,True
2025-03-14,2025-03-14 00:00:00,1274.7143834533642,29698052.0,1286.3159506357592,1291.159187545347,1271.0514978729175,SPY,index,True
2025-03-17,2025-03-17 00:00:00,1286.0259904700217,20827722.0,1282.1078608354387,1286.776581627251,1272.0496922615482,SPY,index,True
2025-03-18,2025-03-18 00:00:00,1282.1370513052238,30547532.0,1275.629531152741,1287.6832009063455,1268.0546195564364,SPY,index,True
2025-03-19,2025-03-19 00:00:00,1276.077602503046,6336721.0,1284.7559881287875,1295.2473456259668,1275.0923013860747,SPY,index,True
2025-03-20,2025-03-20 00:00:00,1284.4850797247275,33995621.0,1282.7819557536557,1288.0022595706046,1282.2505370387084,SPY,index,True
2025-03-21,2025-03-21 00:00:00,1283.0522202820332,35236340.0,1276.145659490385,1284.1117325566233,1263.8287121068076,SPY,index,True
2025-03-24,2025-03-24 00:00:00,1275.9893967941632,35512679.0,1286.308056946207,1295.3273480627208,1263.9710221813348,SPY,index,True
2025-03-25,2025-03-25 00:00:00,1285.749622973298,36783368.0,1276.7696940833753,1289.3668627355698,1272.2373179110796,SPY,index,True
2025-03-26,2025-03-26 00:00:00,1276.6482373082467,27397984.0,1264.7220082953138,1282.631075785373,1260.871868301885,SPY,index,True
2025-03-27,2025-03-27 00:00:00,1264.5649937228661,34405668.0,1265.8772728627953,1273.046928180537,1261.8780096854337,SPY,index,True
2025-03-28,2025-03-28 00:00:00,1265.5053945764998,36225871.0,1272.8558436657488,1274.074943895843,1259.7612761007524,SPY,index,True
2025-03-31,2025-03-31 00:00:00,1272.3662281826284,29844090.0,1263.0567536599203,1278.2290168557236,1257.6747207533274,SPY,index,True
2025-04-01,2025-04-01 00:00:00,1263.1267238600165,42592917.0,1268.7380843249073,1272.5218053267747,1250.9274149396779,SPY,index,True
2025-04-02,2025-04-02 00:00:00,1268.8053119074916,12567924.0,1273.4747041674862,1284.0121854054673,1259.9222290273387,SPY,index,True
2025-04-03,2025-04-03 00:00:00,1273.5908486646686,16730254.0,1261.615897904145,1274.318442366261,1258.1830281877972,SPY,index,True
2025-04-04,2025-04-04 00:00:00,1261.1489071853125,33245966.0,1267.5556454307703,1269.212008737435,1254.6074319140232,SPY,index,True
2025-04-07,2025-04-07 00:00:00,1267.0661265476137,39850400.0,1262.9527265061563,1269.2077528510317,1257.9903944076873,SPY,index,True
2025-04-08,2025-04-08 00:00:00,1262.6750762818453,10943534.0,1269.7442456242645,1271.4439865382271,1260.3987803637294,SPY,index,True
2025-04-09,2025-04-09 00:00:00,1269.7300304092284,23700701.0,1275.4706079963228,1281.8787806996188,1259.8696385954383,SPY,index,True
2025-04-10,2025-04-10 00:00:00,1275.09532279366,7172317.0,1281.7521170703817,1292.6085437793379,1271.864367717724,SPY,index,True
2025-04-11,2025-04-11 00:00:00,1281.873892128074,25774425.0,1282.8289731776824,1289.0861408543117,1269.9884335411068,SPY,index,True
2025-04-14,2025-04-14 00:00:00,1282.988274819219,18296500.0,1277.6053044192815,1285.7040944823543,1267.8575755036914,SPY,index,True
2025-04-15,2025-04-15 00:00:00,1277.8823973137323,11410454.0,1273.0240506184603,1290.6534934233014,1271.4799614249719,SPY,index,True
2025-04-16,2025-04-16 00:00:00,1273.3987058227733,5394745.0,1282.582885059913,1287.7817449729866,1267.441973272624,SPY,index,True
2025-04-17,2025-04-17 00:00:00,1282.6503236775795,15200168.0,1283.3227124101415,1285.6480669647165,1276.925222017821,SPY,index,True
2025-04-18,2025-04-18 00:00:00,1282.8839426587328,28610580.0,1276.5073812621238,1291.1821171605175,1271.958929462124,SPY,index,True
2025-04-21,2025-04-21 00:00:00,1276.680204584986,5519146.0,1274.4483190697224,1280.8933747088677,1267.1069207267162,SPY,index,True
2025-04-22,2025-04-22 00:00:00,1274.1257295903426,27731252.0,1286.4389869141246,1291.1440496039947,1264.190245803364,SPY,index,True
2025-04-23,2025-04-23 00:00:00,1286.2153117012251,38211365.0,1292.026238435605,1301.8823597262913,1283.0169716208559,SPY,index,True
2025-04-24,2025-04-24 00:00:00,1292.001408998406,35647425.0,1301.799891771094,1307.6974058208432,1285.5397829562844,SPY,index,True
2025-04-25,2025-04-25 00:00:00,1301.6621324535108,28569350.0,1297.3452901734263,1309.9776242912483,1284.906761622916,SPY,index,True
2025-04-28,2025-04-28 00:00:00,1296.9567822111526,37784165.0,1304.4759533247684,1306.717830487487,1292.8757728360595,SPY,index,True
2025-04-29,2025-04-29 00:00:00,1304.68062269606,42179791.0,1304.0288624848579,1312.3650773939544,1291.1582626144652,SPY,index,True
2025-04-30,2025-04-30 00:00:00,1304.2215667356786,21289140.0,1311.6216573997976,1322.993215462507,1292.2427464042912,SPY,index,True
2025-05-01,2025-05-01 00:00:00,1311.624422264678,49564833.0,1309.0531839413038,1316.6560639140312,1298.4013375316263,SPY,index,True
2025-05-02,2025-05-02 00:00:00,1308.8717503954517,21304675.0,1296.9457736226748,1317.4634094386934,1288.2293734205834,SPY,index,True
2025-05-05,2025-05-05 00:00:00,1296.542269051626,48896814.0,1300.8474073140278,1304.4111196003983,1292.942241878879,SPY,index,True
2025-05-06,2025-05-06 00:00:00,1301.2750843752135,41850774.0,1306.5409476292164,1307.5154862102254,1297.8070990486842,SPY,index,True
2025-05-07,2025-05-07 00:00:00,1306.8017344025648,19691065.0,1298.9945815247656,1319.0532114620705,1288.7867162919706,SPY,index,True
2025-05-08,2025-05-08 00:00:00,1299.1886608626799,27302233.0,1298.013141890224,1302.4979392641505,1287.668121701319,SPY,index,True
2025-05-09,2025-05-09 00:00:00,1297.5536891163279,39884745.0,1296.9402329659797,1307.1224693792822,1295.862376433989,SPY,index,True
2025-05-12,2025-05-12 00:00:00,1296.7115445692978,18533734.0,1302.176428573508,1314.3962786874333,1295.387948276008,SPY,index,True
2025-05-13,2025-05-13 00:00:00,1302.380360141651,12112343.0,1297.0599019830456,1304.5684107727388,1293.203810915615,SPY,index,True
2025-05-14,2025-05-14 00:00:00,1297.1318531971194,26182597.0,1293.7895137445164,1305.760946787372,1283.3409134375179,SPY,index,True
2025-05-15,2025-05-15 00:00:00,1293.8236911334368,49098042.0,1281.2276653793099,1306.5939867996613,1273.7399673983105,SPY,index,True
2025-05-16,2025-05-16 00:00:00,1281.496523254092,13814272.0,1279.92853568551,1288.1423583545934,1269.3576776443588,SPY,index,True
2025-05-19,2025-05-19 00:00:00,1279.95206645584,13972798.0,1272.1692237258826,1283.8801377828054,1266.6535977722322,SPY,index,True
2025-05-20,2025-05-20 00:00:00,1271.9237575538893,42643613.0,1272.8480176114888,1283.1262937173858,1269.9945605741686,SPY,index,True
2025-05-21,2025-05-21 00:00:00,1273.1555647455878,45653243.0,1262.8565095957647,1284.2310812797384,1255.3922775100903,SPY,index,True
2025-05-22,2025-05-22 00:00:00,1262.997584637257,37266961.0,1259.296965391463,1272.549670598422,1246.7842930127595,SPY,index,True
2025-05-23,2025-05-23 00:00:00,1258.8685833490797,17704292.0,1254.70967145944,1269.2345230248986,1245.3033086427968,SPY,index,True
2025-05-26,2025-05-26 00:00:00,1254.6163177673034,44885896.0,1262.006832359304,1270.0797764963543,1251.346084118356,SPY,index,True
2025-05-27,2025-05-27 00:00:00,1262.0826742651805,14918892.0,1259.6206813114552,1265.6399382850188,1255.6342965442393,SPY,index,True
2025-05-28,2025-05-28 00:00:00,1259.9793949207763,36773191.0,1264.4742523164878,1272.5887626059405,1256.820208471836,SPY,index,True
2025-05-29,2025-05-29 00:00:00,1264.7944709567385,14758113.0,1272.1775060757664,1284.0563576973495,1253.380795564175,SPY,index,True
2025-05-30,2025-05-30 00:00:00,1272.6143212859442,7260146.0,1273.5578632612796,1283.3012905715625,1264.5630971762384,SPY,index,True
2025-06-02,2025-06-02 00:00:00,1274.0068866328572,18681279.0,1286.1250371954072,1287.849063114233,1272.6247775514066,SPY,index,True
2025-06-03,2025-06-03 00:00:00,1285.7235829232586,18607650.0,1292.981718103779,1303.3718855080565,1281.8659517885724,SPY,index,True
2025-06-04,2025-06-04 00:00:00,1293.1251930085589,43047760.0,1286.9220460980418,1299.1494269144214,1274.250689241624,SPY,index,True
2025-06-05,2025-06-05 00:00:00,1286.9075224610813,11616640.0,1274.2908001337487,1290.0031301730066,1261.8198850528247,SPY,index,True
2025-06-06,2025-06-06 00:00:00,1274.1862635642044,29508955.0,1269.0676690480593,1275.7611082468384,1267.6631604719842,SPY,index,True
2025-06-09,2025-06-09 00:00:00,1269.2230703640184,19502227.0,1259.0688375497987,1279.5657968270611,1249.3358241352414,SPY,index,True
2025-06-10,2025-06-10 00:00:00,1258.688915721594,26475565.0,1253.470850335991,1264.9520489646425,1247.781882561104,SPY,index,True
2025-06-11,2025-06-11 00:00:00,1252.949354465499,46448678.0,1248.9056907484912,1258.6125275477827,1245.6733959815242,SPY,index,True
2025-06-12,2025-06-12 00:00:00,1248.5941120965153,19617963.0,1256.3566484611508,1260.539708613642,1236.4975709589494,SPY,index,True
2025-06-13,2025-06-13 00:00:00,1255.8135305114067,33110541.0,1266.401991036383,1267.8775382484655,1248.7767799537926,SPY,index,True
2025-06-16,2025-06-16 00:00:00,1266.7814662733415,5986451.0,1266.4500275324526,1270.9608028200275,1257.133194696685,SPY,index,True
2025-06-17,2025-06-17 00:00:00,1266.2860895930567,17121555.0,1256.3666635503005,1272.2813849818056,1252.4245027221996,SPY,index,True
2025-06-18,2025-06-18 00:00:00,1256.8125151459385,27310166.0,1244.8269396361557,1268.4665414547633,1235.5535306854424,SPY,index,True
2025-06-19,2025-06-19 00:00:00,1244.8293232306899,30037267.0,1251.9641089383329,1252.241181710826,1237.8222684762932,SPY,index,True
2025-06-20,2025-06-20 00:00:00,1251.5792458699448,21372314.0,1257.3480927023704,1257.523774828598,1250.5939153594152,SPY,index,True
2025-06-23,2025-06-23 00:00:00,1257.7121256040484,16185961.0,1255.39547715376,1258.4032570284767,1252.7065527625264,SPY,index,True
2025-06-24,2025-06-24 00:00:00,1255.3277651471997,46734849.0,1250.899366347778,1260.0995760749256,1243.4469538373369,SPY,index,True
2025-06-25,2025-06-25 00:00:00,1250.9827801675356,43279332.0,1239.0589895837081,1251.9498869504023,1233.8163754341408,SPY,index,True
2025-06-26,2025-06-26 00:00:00,1239.075140166806,30681778.0,1245.842556996545,1252.5359499432204,1233.869891018944,SPY,index,True
2025-06-27,2025-06-27 00:00:00,1245.7402693221752,14959482.0,1249.028075375218,1255.7756000934235,1241.1525824546252,SPY,index,True
2025-06-30,2025-06-30 00:00:00,1249.0072060425027,40090998.0,1254.1338627205464,1262.0906720158541,1237.7947023045335,SPY,index,True
2025-07-01,2025-07-01 00:00:00,1254.5112742949111,16758592.0,1253.7471716258372,1261.775868391058,1243.8601126893511,SPY,index,True
2025-07-02,2025-07-02 00:00:00,1253.6588142124392,35081014.0,1256.3912850958611,1260.712436713847,1242.9955757879393,SPY,index,True
2025-07-03,2025-07-03 00:00:00,1256.5412404249591,17500111.0,1246.5540932301612,1256.609669810052,1235.946752040022,SPY,index,True
2025-07-04,2025-07-04 00:00:00,1246.3932042999727,29080069.0,1236.063072619416,1249.1706664841502,1231.4528129593875,SPY,index,True
2025-07-07,2025-07-07 00:00:00,1236.0548657014963,41818504.0,1243.287873245453,1246.0985364036385,1225.3911673904427,SPY,index,True
2025-07-08,2025-07-08 00:00:00,1242.8768072127907,43210450.0,1243.642446885522,1244.8241299178283,1239.1608602286065,SPY,index,True
2025-07-09,2025-07-09 00:00:00,1243.378055420037,12535582.0,1244.6916109232293,1255.891973279979,1232.078572362267,SPY,index,True
2025-07-10,2025-07-10 00:00:00,1244.8663860591487,36869955.0,1255.6432582519642,1257.939366991004,1235.3332103549758,SPY,index,True
2025-07-11,2025-07-11 00:00:00,1255.811167963182,14696715.0,1253.3229409900282,1266.662092911859,1245.1449170269195,SPY,index,True
2025-07-14,2025-07-14 00:00:00,1253.2670402031986,19260823.0,1250.4839690461565,1255.843976101232,1244.5279544030832,SPY,index,True
2025-07-15,2025-07-15 00:00:00,1250.5156502050766,12222221.0,1252.0,1257.160833880756,1243.2012060019433,SPY,index,True
2024-11-06,2024-11-06 00:00:00,1277.882341306562,13231046.0,1275.2880058847966,1279.3800465227196,1270.003827360901,QQQ,index,True
2024-11-07,2024-11-07 00:00:00,1275.239947515351,30643625.0,1275.0503634258798,1285.593734420242,1271.0744732896378,QQQ,index,True
2024-11-08,2024-11-08 00:00:00,1274.820874100802,26763482.0,1286.2418360050956,1291.8298504347956,1273.1094372928178,QQQ,index,True
2024-11-11,2024-11-11 00:00:00,1286.2163301280818,9232043.0,1281.6329746779904,1289.136527828316,1278.573991677337,QQQ,index,True
2024-11-12,2024-11-12 00:00:00,1281.3152635064394,13028320.0,1291.6002599743115,1300.6832814015602,1278.5295568102943,QQQ,index,True
2024-11-13,2024-11-13 00:00:00,1291.6436144490153,35774637.0,1285.8458541626565,1296.181878948707,1281.923517449934,QQQ,index,True
2024-11-14,2024-11-14 00:00:00,1286.1401195303142,28115404.0,1297.8037919508718,1308.04088762357,1280.8442127038784,QQQ,index,True
2024-11-15,2024-11-15 00:00:00,1298.2107365308248,26124152.0,1288.8270961901644,1308.8757399289923,1280.4431905551562,QQQ,index,True
2024-11-18,2024-11-18 00:00:00,1289.0170501280759,14878536.0,1288.6761477638404,1290.9213128930073,1276.2161286534379,QQQ,index,True
2024-11-19,2024-11-19 00:00:00,1288.3023867810177,25032915.0,1277.925041485187,1299.3050870418317,1267.5505373172252,QQQ,index,True
2024-11-20,2024-11-20 00:00:00,1277.7597740650367,21467507.0,1286.3399010278106,1288.2801123943732,1275.8630552221753,QQQ,index,True
2024-11-21,2024-11-21 00:00:00,1286.6995416091315,28857571.0,1289.261235482197,1295.428854109372,1277.6865860879025,QQQ,index,True
2024-11-22,2024-11-22 00:00:00,1289.3825254884607,29612332.0,1291.477810309035,1300.3417728541274,1288.2225278006188,QQQ,index,True
2024-11-25,2024-11-25 00:00:00,1291.4116312188714,5542401.0,1297.1646061776366,1301.9782718269466,1287.9506948327548,QQQ,index,True
2024-11-26,2024-11-26 00:00:00,1297.2867516528402,20784203.0,1303.7289846347587,1310.0610480607127,1286.2391068181853,QQQ,index,True
2024-11-27,2024-11-27 00:00:00,1303.7217710638515,15959524.0,1299.2366571388359,1311.5920196538348,1297.2373229571372,QQQ,index,True
2024-11-28,2024-11-28 00:00:00,1299.6266844680058,15888424.0,1302.0286237690384,1311.1591409914752,1298.9429596869359,QQQ,index,True
2024-11-29,2024-11-29 00:00:00,1301.4758677733107,29216378.0,1290.6865300390127,1302.1723227622138,1285.2983865391177,QQQ,index,True
2024-12-02,2024-12-02 00:00:00,1290.7865318848376,49555673.0,1296.391813499881,1300.9682351371212,1286.297541175007,QQQ,index,True
2024-12-03,2024-12-03 00:00:00,1296.3332999030754,18773130.0,1287.7457258479162,1297.925634629691,1287.7251639889869,QQQ,index,True
2024-12-04,2024-12-04 00:00:00,1287.221075045759,33401569.0,1294.4875586428523,1301.5681160513466,1277.3198105131032,QQQ,index,True
2024-12-05,2024-12-05 00:00:00,1294.8786642186187,17993348.0,1305.309500816479,1316.3837430199842,1293.412959764786,QQQ,index,True
2024-12-06,2024-12-06 00:00:00,1305.5348528061882,17376396.0,1305.2118650537313,1310.2393880194543,1299.7141836176452,QQQ,index,True
2024-12-09,2024-12-09 00:00:00,1304.9458071064614,43474952.0,1313.9492326538675,1326.021997943754,1301.8014708620335,QQQ,index,True
2024-12-10,2024-12-10 00:00:00,1314.3839766060692,26002295.0,1302.411588268065,1323.3975991642874,1289.650957892213,QQQ,index,True
2024-12-11,2024-12-11 00:00:00,1301.8898246329445,44992752.0,1297.1689837557049,1313.0618336978273,1292.9300424609685,QQQ,index,True
2024-12-12,2024-12-12 00:00:00,1297.3116682844152,34405496.0,1293.385675264328,1308.1831026315358,1286.2374842074887,QQQ,index,True
2024-12-13,2024-12-13 00:00:00,1293.5426905888555,45982469.0,1304.1358009397916,1307.8367151720981,1285.9055231634677,QQQ,index,True
2024-12-16,2024-12-16 00:00:00,1303.8470222395763,34917897.0,1311.386319410495,1315.059321907896,1299.1356905885991,QQQ,index,True
2024-12-17,2024-12-17 00:00:00,1310.8782364161939,24041801.0,1316.8709211765151,1329.1184833788084,1304.3421269491096,QQQ,index,True
2024-12-18,2024-12-18 00:00:00,1316.995470496457,27369056.0,1322.914544913363,1326.0950448036174,1309.4886469596852,QQQ,index,True
2024-12-19,2024-12-19 00:00:00,1322.546950903655,36839829.0,1333.9487533700722,1346.6377098717817,1318.9165778592726,QQQ,index,True
2024-12-20,2024-12-20 00:00:00,1334.0748718727955,33168857.0,1324.5372650277116,1335.4833782439216,1321.4563527853632,QQQ,index,True
2024-12-23,2024-12-23 00:00:00,1324.0873799197445,14264159.0,1318.1202101546346,1326.3084481281167,1315.2451156750406,QQQ,index,True
2024-12-24,2024-12-24 00:00:00,1317.9645632447555,42681433.0,1329.0249079075631,1340.6323224941068,1306.1419502164933,QQQ,index,True
2024-12-25,2024-12-25 00:00:00,1329.4036788861843,31166434.0,1320.5010959439485,1331.244064062244,1311.6265630451069,QQQ,index,True
2024-12-26,2024-12-26 00:00:00,1320.3826012875095,25662002.0,1326.944949868064,1335.6539126252815,1318.450801654504,QQQ,index,True
2024-12-27,2024-12-27 00:00:00,1326.3866092803291,6857887.0,1333.7698515108486,1335.7681298188031,1322.5781871544723,QQQ,index,True
2024-12-30,2024-12-30 00:00:00,1334.0779293369176,43844765.0,1324.0215679352666,1343.5435364533282,1322.9017586869309,QQQ,index,True
2024-12-31,2024-12-31 00:00:00,1323.7828305860685,24861206.0,1333.0533370942958,1338.454367823584,1322.9613691605266,QQQ,index,True
2025-01-01,2025-01-01 00:00:00,1332.48568791702,44200169.0,1336.804966184282,1338.4760675927328,1326.928282305564,QQQ,index,True
2025-01-02,2025-01-02 00:00:00,1336.5103982668045,23474197.0,1330.639185352292,1339.7412674213563,1318.9955905319373,QQQ,index,True
2025-01-03,2025-01-03 00:00:00,1330.7214478130336,39478001.0,1323.8069874756104,1334.5660803963399,1322.4021966318905,QQQ,index,True
2025-01-06,2025-01-06 00:00:00,1323.8165649404561,30605616.0,1331.8126398847373,1333.241523487459,1317.2017806498397,QQQ,index,True
2025-01-07,2025-01-07 00:00:00,1331.7571831964851,9361749.0,1324.143845584511,1344.2466031086415,1313.8491708028184,QQQ,index,True
2025-01-08,2025-01-08 00:00:00,1324.232923806261,47283533.0,1319.3481954948943,1327.1230790724208,1312.701657254011,QQQ,index,True
2025-01-09,2025-01-09 00:00:00,1319.6998333248748,12551936.0,1310.0378608987232,1322.8303568042418,1308.43946789955,QQQ,index,True
2025-01-10,2025-01-10 00:00:00,1310.2643454556494,26822074.0,1313.137787872113,1316.5197048303103,1302.9133030992116,QQQ,index,True
2025-01-13,2025-01-13 00:00:00,1312.750507136873,22462873.0,1300.479491349389,1315.2274413385571,1298.7190131228272,QQQ,index,True
2025-01-14,2025-01-14 00:00:00,1300.398269724286,18486380.0,1299.357489338479,1311.6517542303316,1298.9480871350854,QQQ,index,True
2025-01-15,2025-01-15 00:00:00,1299.6372726447219,17224800.0,1310.847957685601,1315.3905232097236,1289.217992398904,QQQ,index,True
2025-01-16,2025-01-16 00:00:00,1310.719582389133,18016035.0,1298.40519591489,1313.6196270731105,1291.4651834671847,QQQ,index,True
2025-01-17,2025-01-17 00:00:00,1298.323276313719,8911748.0,1305.0645031574447,1308.2140464767374,1289.954906672722,QQQ,index,True
2025-01-20,2025-01-20 00:00:00,1305.4414725624838,8848689.0,1307.0571836617985,1313.0984248038135,1305.2866676209806,QQQ,index,True
2025-01-21,2025-01-21 00:00:00,1307.0025140261262,43713393.0,1300.4752717789959,1308.1481410447416,1289.2560262308682,QQQ,index,True
2025-01-22,2025-01-22 00:00:00,1300.673746114594,18554993.0,1297.0232905190978,1303.5693964712323,1290.3186216268184,QQQ,index,True
2025-01-23,2025-01-23 00:00:00,1296.7054836399188,32038714.0,1293.4888905875703,1301.1086848967595,1290.662673370386,QQQ,index,True
2025-01-24,2025-01-24 00:00:00,1292.9308023794692,26473720.0,1285.690201833129,1298.560984973208,1277.4833837787908,QQQ,index,True
2025-01-27,2025-01-27 00:00:00,1285.7320459301504,13159420.0,1277.3263117314352,1288.9411381747855,1270.8419439306847,QQQ,index,True
2025-01-28,2025-01-28 00:00:00,1277.2413218822167,15359162.0,1276.0497863683993,1283.1108348847747,1274.4531565392092,QQQ,index,True
2025-01-29,2025-01-29 00:00:00,1275.859191339103,11319792.0,1267.468053340407,1285.019378363508,1265.0967526646982,QQQ,index,True
2025-01-30,2025-01-30 00:00:00,1267.4190039537289,16409293.0,1272.638099860851,1280.5097047229517,1256.184520298853,QQQ,index,True
2025-01-31,2025-01-31 00:00:00,1272.6304062396894,26442313.0,1265.1735119741734,1282.2019278652324,1264.8181859214055,QQQ,index,True
2025-02-03,2025-02-03 00:00:00,1265.4868304122929,35766898.0,1256.0340421570713,1277.810483542927,1248.0766876131643,QQQ,index,True
2025-02-04,2025-02-04 00:00:00,1255.7324191654284,8122009.0,1252.8012331056816,1256.8948966827857,1242.1524167211414,QQQ,index,True
2025-02-05,2025-02-05 00:00:00,1252.5692741006992,11225758.0,1245.8833116915523,1262.688314264172,1239.5322357317818,QQQ,index,True
2025-02-06,2025-02-06 00:00:00,1246.2446233126366,16790829.0,1247.3688815635694,1256.612606330752,1240.2375915006292,QQQ,index,True
2025-02-07,2025-02-07 00:00:00,1247.1065695372765,29157342.0,1242.3663338060514,1249.8056454956259,1230.393161214026,QQQ,index,True
2025-02-10,2025-02-10 00:00:00,1242.3508138518341,10260131.0,1230.346653787527,1243.0255257750514,1219.9770658194818,QQQ,index,True
2025-02-11,2025-02-11 00:00:00,1230.5284977644026,15729316.0,1224.0446346801111,1237.9552285142795,1220.9108037605442,QQQ,index,True
2025-02-12,2025-02-12 00:00:00,1224.0412919211108,30320014.0,1219.5671943116802,1233.7523607943235,1218.9121381307725,QQQ,index,True
2025-02-13,2025-02-13 00:00:00,1219.8770335471008,46144162.0,1231.1397326743281,1236.7689373794453,1216.874273926017,QQQ,index,True
2025-02-14,2025-02-14 00:00:00,1230.5998303612748,18669762.0,1221.4381698828354,1240.7850197569703,1210.7291458779016,QQQ,index,True
2025-02-17,2025-02-17 00:00:00,1221.4971399759645,22662997.0,1209.8444274694477,1225.2170522709453,1199.6645987466768,QQQ,index,True
2025-02-18,2025-02-18 00:00:00,1209.4620874803275,7324577.0,1212.8810987487898,1219.444059021802,1202.2696778938343,QQQ,index,True
2025-02-19,2025-02-19 00:00:00,1212.777168646363,17169855.0,1222.6393615459028,1232.5889443977032,1207.2065059892536,QQQ,index,True
2025-02-20,2025-02-20 00:00:00,1222.5272836654915,7900539.0,1215.3728813657356,1222.8940906110327,1208.594143126406,QQQ,index,True
2025-02-21,2025-02-21 00:00:00,1214.994045434116,9398897.0,1227.1596272894362,1238.9360294805317,1208.5088600470356,QQQ,index,True
2025-02-24,2025-02-24 00:00:00,1227.2484595668311,18335211.0,1217.1571070219295,1232.2309139567374,1211.9366479037485,QQQ,index,True
2025-02-25,2025-02-25 00:00:00,1217.1160504634154,33184535.0,1211.1011966226397,1219.7759539826166,1206.6610814467585,QQQ,index,True
2025-02-26,2025-02-26 00:00:00,1210.7773533246464,48943002.0,1210.0769265775546,1218.9880275247042,1206.181232440401,QQQ,index,True
2025-02-27,2025-02-27 00:00:00,1209.6525957936396,41063693.0,1215.4833412021528,1225.5889085789213,1204.5474769106097,QQQ,index,True
2025-02-28,2025-02-28 00:00:00,1215.50924820458,15906537.0,1218.6800252633182,1229.5454964538108,1203.4528110075628,QQQ,index,True
2025-03-03,2025-03-03 00:00:00,1218.3463621645756,42628037.0,1212.6735476196588,1223.2685328827815,1212.1311883433114,QQQ,index,True
2025-03-04,2025-03-04 00:00:00,1212.7680089622565,28963412.0,1205.8319289285619,1213.5022821501445,1196.4007213857751,QQQ,index,True
2025-03-05,2025-03-05 00:00:00,1205.8650308030863,17143686.0,1198.9321508432774,1212.0135191674024,1187.0609938255682,QQQ,index,True
2025-03-06,2025-03-06 00:00:00,1198.8184096877956,20484614.0,1204.9136395079474,1211.8934025532535,1190.8099659755903,QQQ,index,True
2025-03-07,2025-03-07 00:00:00,1205.0972695488842,9416327.0,1204.6248084115266,1212.212061654623,1198.5730235448093,QQQ,index,True
2025-03-10,2025-03-10 00:00:00,1204.502836929724,30928163.0,1212.8054500161095,1220.9536399403944,1197.5128343156389,QQQ,index,True
2025-03-11,2025-03-11 00:00:00,1213.208562035431,29445489.0,1213.3859846761588,1219.7713833030257,1205.3467769013807,QQQ,index,True
2025-03-12,2025-03-12 00:00:00,1213.5466398414756,38742376.0,1211.0765072557263,1223.6098865239987,1202.9501302251563,QQQ,index,True
2025-03-13,2025-03-13 00:00:00,1210.7116498537125,6123109.0,1202.3549613706653,1217.9536853155619,1195.1088646372432,QQQ,index,True
2025-03-14,2025-03-14 00:00:00,1201.9893507671086,14747036.0,1213.9620810951824,1221.3315322544995,1193.9854210709975,QQQ,index,True
2025-03-17,2025-03-17 00:00:00,1213.8407012761745,6767999.0,1208.8182328629748,1214.2935621356796,1201.2955789192329,QQQ,index,True
2025-03-18,2025-03-18 00:00:00,1208.5619712149041,48555718.0,1217.4694130349658,1225.6623240937881,1204.7115768531,QQQ,index,True
2025-03-19,2025-03-19 00:00:00,1217.562033992393,26232977.0,1215.9254403471593,1229.1105558727575,1208.2754774394048,QQQ,index,True
2025-03-20,2025-03-20 00:00:00,1215.9474251533163,31943478.0,1226.0652694978594,1234.0640416484682,1206.3763393851639,QQQ,index,True
2025-03-21,2025-03-21 00:00:00,1225.9209429990244,20926310.0,1218.3056412106873,1227.4926359670637,1212.515514307552,QQQ,index,True
2025-03-24,2025-03-24 00:00:00,1218.5413977359456,21724408.0,1216.7901167891753,1228.7509974770014,1212.7624206735697,QQQ,index,True
2025-03-25,2025-03-25 00:00:00,1216.9997975320503,11840670.0,1221.0601670100373,1228.985974876148,1211.7008483725594,QQQ,index,True
2025-03-26,2025-03-26 00:00:00,1221.4677245675869,45230603.0,1211.2850218688013,1224.8808209894662,1207.1550878578391,QQQ,index,True
2025-03-27,2025-03-27 00:00:00,1211.1049746057774,26781720.0,1200.1758779590605,1215.7541062588825,1195.3076666215397,QQQ,index,True
2025-03-28,2025-03-28 00:00:00,1200.4357016152062,37089059.0,1201.1309504776414,1204.0378515704213,1195.9397367567406,QQQ,index,True
2025-03-31,2025-03-31 00:00:00,1200.9420114218901,39968659.0,1204.0407601862023,1215.7808667782936,1194.1225739092615,QQQ,index,True
2025-04-01,2025-04-01 00:00:00,1204.3305461725622,16552585.0,1204.9124170310708,1210.7483580003454,1194.918699815067,QQQ,index,True
2025-04-02,2025-04-02 00:00:00,1204.4623978432585,28579686.0,1197.7940234591529,1214.3138331309729,1197.173797159734,QQQ,index,True
2025-04-03,2025-04-03 00:00:00,1197.9280692105274,29099691.0,1197.5480543273834,1200.7343588255155,1196.1176606177828,QQQ,index,True
2025-04-04,2025-04-04 00:00:00,1197.3769931270594,47981769.0,1190.815589292627,1198.9248449677686,1181.78458473147,QQQ,index,True
2025-04-07,2025-04-07 00:00:00,1190.7091826045787,16250760.0,1189.7388010374234,1201.0173486026717,1183.9479931125356,QQQ,index,True
2025-04-08,2025-04-08 00:00:00,1189.597581532243,6270881.0,1180.791173659211,1194.4374746344442,1174.2604737988506,QQQ,index,True
2025-04-09,2025-04-09 00:00:00,1180.4408272596772,22549948.0,1171.1830354555084,1182.6539860399855,1169.2125191480256,QQQ,index,True
2025-04-10,2025-04-10 00:00:00,1170.9200555167145,30006490.0,1178.3999804812079,1187.685431453078,1159.668741321152,QQQ,index,True
2025-04-11,2025-04-11 00:00:00,1177.889009074047,10476198.0,1188.8184030075115,1199.114535075906,1176.1707315814003,QQQ,index,True
2025-04-14,2025-04-14 00:00:00,1188.8748091851926,27821950.0,1196.9634719932174,1197.4611491872474,1186.3204820277228,QQQ,index,True
2025-04-15,2025-04-15 00:00:00,1196.6633464793395,9459214.0,1196.7257824658716,1206.5973657351817,1187.6869557987754,QQQ,index,True
2025-04-16,2025-04-16 00:00:00,1197.0752237082584,46522100.0,1201.37398284979,1209.155190574532,1194.1421443876375,QQQ,index,True
2025-04-17,2025-04-17 00:00:00,1201.6179529338906,26240296.0,1198.2647090628477,1209.4177927205983,1195.4664971268958,QQQ,index,True
2025-04-18,2025-04-18 00:00:00,1198.6411041750673,31360549.0,1187.337118777106,1207.1110222818247,1181.8132377413187,QQQ,index,True
2025-04-21,2025-04-21 00:00:00,1187.2016556863978,22495752.0,1181.3981614388745,1191.4816720224865,1178.5957747543766,QQQ,index,True
2025-04-22,2025-04-22 00:00:00,1181.4634473185808,43861831.0,1174.9592061995127,1191.545575011702,1173.1872748922483,QQQ,index,True
2025-04-23,2025-04-23 00:00:00,1174.6129428185347,35018591.0,1174.5304596614085,1179.0808156871913,1171.5530929916576,QQQ,index,True
2025-04-24,2025-04-24 00:00:00,1174.8155158030522,33193900.0,1179.8992365374895,1185.863019060307,1167.3486604486345,QQQ,index,True
2025-04-25,2025-04-25 00:00:00,1180.3111893125108,42072447.0,1185.9109700724991,1192.9836325694596,1180.0861445346652,QQQ,index,True
2025-04-28,2025-04-28 00:00:00,1186.2529352525432,31645364.0,1175.4117175462002,1186.6065454510385,1172.1694397771053,QQQ,index,True
2025-04-29,2025-04-29 00:00:00,1174.9067011028146,38691988.0,1165.9133624944236,1178.2525263914245,1164.4058344153,QQQ,index,True
2025-04-30,2025-04-30 00:00:00,1165.5918874965805,43416951.0,1172.2851460297497,1174.7268991888968,1158.3099227833782,QQQ,index,True
2025-05-01,2025-05-01 00:00:00,1171.8772277810942,23679738.0,1175.7804564180444,1184.95513777427,1165.4264533067571,QQQ,index,True
2025-05-02,2025-05-02 00:00:00,1175.6901853617135,48370826.0,1183.073321426409,1186.4823563111158,1174.866429649048,QQQ,index,True
2025-05-05,2025-05-05 00:00:00,1183.1508300998764,12481712.0,1180.9710407002847,1191.2466958705706,1175.3146364187724,QQQ,index,True
2025-05-06,2025-05-06 00:00:00,1181.3724279864612,48808298.0,1184.1311658079019,1184.7718641056183,1180.7684924689809,QQQ,index,True
2025-05-07,2025-05-07 00:00:00,1184.3767379023454,31820747.0,1186.4234388635105,1187.9026564946903,1172.8140777567944,QQQ,index,True
2025-05-08,2025-05-08 00:00:00,1186.0427481411884,20507465.0,1185.511859066831,1186.5173807129415,1185.4859081371753,QQQ,index,True
2025-05-09,2025-05-09 00:00:00,1185.0342044565634,36653223.0,1190.3663488460788,1194.628798466439,1174.5445133678859,QQQ,index,True
2025-05-12,2025-05-12 00:00:00,1190.726230522159,34926474.0,1199.3496526532983,1205.8937376648612,1180.6068234397492,QQQ,index,True
2025-05-13,2025-05-13 00:00:00,1198.88837548483,18658018.0,1188.2446002643926,1205.3584131799923,1181.626580047361,QQQ,index,True
2025-05-14,2025-05-14 00:00:00,1188.0045600752926,27138150.0,1184.5547708665654,1189.204929289861,1178.117802278433,QQQ,index,True
2025-05-15,2025-05-15 00:00:00,1184.2805418585874,21492213.0,1188.3908049028353,1199.2250905188796,1177.9855786775001,QQQ,index,True
2025-05-16,2025-05-16 00:00:00,1188.80886683369,5142388.0,1194.1861929611077,1195.9117634329089,1188.149332146762,QQQ,index,True
2025-05-19,2025-05-19 00:00:00,1193.9257138917756,48747030.0,1196.3080387355644,1200.9088929180577,1192.6593130445567,QQQ,index,True
2025-05-20,2025-05-20 00:00:00,1195.9054559312344,19810909.0,1206.6835075557644,1208.4018336014792,1191.9331357834137,QQQ,index,True
2025-05-21,2025-05-21 00:00:00,1206.5657983740446,41043585.0,1211.9166883078155,1220.0804441107841,1203.9613247748832,QQQ,index,True
2025-05-22,2025-05-22 00:00:00,1211.8898535827202,48954862.0,1209.992188832655,1218.0836221436543,1203.1370159565113,QQQ,index,True
2025-05-23,2025-05-23 00:00:00,1210.2157226384925,30296672.0,1207.240189862748,1212.9613113218343,1204.9240985920728,QQQ,index,True
2025-05-26,2025-05-26 00:00:00,1207.2597695401896,15113439.0,1214.4536514438148,1216.1242134479348,1205.735142595931,QQQ,index,True
2025-05-27,2025-05-27 00:00:00,1213.961902351478,39964136.0,1212.7140934527135,1223.4784765537652,1203.1485921776139,QQQ,index,True
2025-05-28,2025-05-28 00:00:00,1212.4513161449177,40364740.0,1223.768252009795,1234.406734138113,1209.9702820246127,QQQ,index,True
2025-05-29,2025-05-29 00:00:00,1223.4374403695153,15470839.0,1215.6471111772535,1234.9522529092935,1212.9926720098276,QQQ,index,True
2025-05-30,2025-05-30 00:00:00,1215.528401244879,31550270.0,1226.7911950667135,1230.6538147235842,1203.6959607444655,QQQ,index,True
2025-06-02,2025-06-02 00:00:00,1226.696056901301,37854516.0,1217.6849037136105,1229.534957529578,1216.7902876374449,QQQ,index,True
2025-06-03,2025-06-03 00:00:00,1217.8067133175277,12599139.0,1207.9147856056138,1228.7556103527324,1204.0033743707008,QQQ,index,True
2025-06-04,2025-06-04 00:00:00,1207.9896455592354,11281129.0,1199.2537870092667,1209.673532934284,1197.695602188443,QQQ,index,True
2025-06-05,2025-06-05 00:00:00,1199.2575623933342,23817360.0,1205.0479248491201,1214.178144867096,1197.12283678956,QQQ,index,True
2025-06-06,2025-06-06 00:00:00,1205.173014038997,35491925.0,1211.422240380921,1213.4021175157666,1197.3135532329736,QQQ,index,True
2025-06-09,2025-06-09 00:00:00,1211.415895522845,7579959.0,1212.644981867056,1221.7498014026348,1210.3541130431208,QQQ,index,True
2025-06-10,2025-06-10 00:00:00,1213.0675319652046,47183440.0,1218.126760951625,1226.2265849973185,1204.3935141463535,QQQ,index,True
2025-06-11,2025-06-11 00:00:00,1218.2316964074266,31686914.0,1217.4339030922595,1228.5426458301054,1217.128848872937,QQQ,index,True
2025-06-12,2025-06-12 00:00:00,1217.4713591183995,9324564.0,1215.8620605591216,1217.7017729869947,1212.7918194280967,QQQ,index,True
2025-06-13,2025-06-13 00:00:00,1215.9289716735598,9330463.0,1213.7389607092114,1226.1869902164128,1203.040515169748,QQQ,index,True
2025-06-16,2025-06-16 00:00:00,1213.6510131239625,9028476.0,1219.5323690810956,1219.5533648217697,1207.1134685595723,QQQ,index,True
2025-06-17,2025-06-17 00:00:00,1219.0094756584094,28309418.0,1212.6844587415956,1230.9325737761967,1205.603986113645,QQQ,index,True
2025-06-18,2025-06-18 00:00:00,1212.4594590451995,23046677.0,1223.4675746887044,1228.5754471902108,1208.0296026900555,QQQ,index,True
2025-06-19,2025-06-19 00:00:00,1223.512414658089,28418540.0,1233.7742809154568,1237.4867768665422,1220.4031736618865,QQQ,index,True
2025-06-20,2025-06-20 00:00:00,1234.1594777139157,46610154.0,1245.2446545726998,1254.4491945665618,1225.7182532326008,QQQ,index,True
2025-06-23,2025-06-23 00:00:00,1244.954733084236,49867609.0,1236.9437238598364,1253.6452528124948,1230.8613423850252,QQQ,index,True
2025-06-24,2025-06-24 00:00:00,1237.2083012024984,6433192.0,1236.392370021567,1242.7656056282804,1229.150586231924,QQQ,index,True
2025-06-25,2025-06-25 00:00:00,1236.3410662081312,12450547.0,1247.2339526914316,1258.6459038767455,1234.6551709863315,QQQ,index,True
2025-06-26,2025-06-26 00:00:00,1246.8907492082994,36198441.0,1240.4316674407519,1248.6757161965359,1240.2793236839218,QQQ,index,True
2025-06-27,2025-06-27 00:00:00,1240.369891474908,17956683.0,1249.8480440508922,1260.0928978941392,1228.8799668195818,QQQ,index,True
2025-06-30,2025-06-30 00:00:00,1249.6012266270075,30107813.0,1253.3446123156382,1259.7467801896946,1246.0859948401794,QQQ,index,True
2025-07-01,2025-07-01 00:00:00,1253.501533122057,40748407.0,1254.191903825899,1257.1398619831193,1246.79784500432,QQQ,index,True
2025-07-02,2025-07-02 00:00:00,1254.516881540922,35992654.0,1246.7222919745338,1264.8009141946677,1244.4538281964635,QQQ,index,True
2025-07-03,2025-07-03 00:00:00,1246.4089023909432,39217124.0,1237.6686873408999,1248.5331755570571,1233.137134121834,QQQ,index,True
2025-07-04,2025-07-04 00:00:00,1238.1040090163756,5944390.0,1238.1960054472258,1246.1007751921825,1227.9140686007104,QQQ,index,True
2025-07-07,2025-07-07 00:00:00,1238.4031926540501,30413519.0,1237.1185533938346,1249.7310068255224,1228.0060722439105,QQQ,index,True
2025-07-08,2025-07-08 00:00:00,1237.1669837974484,20661001.0,1240.5678875127123,1249.7692701075582,1234.2460816111732,QQQ,index,True
2025-07-09,2025-07-09 00:00:00,1240.2822709057511,33763005.0,1229.3489950127541,1251.5991015681732,1229.07979676067,QQQ,index,True
2025-07-10,2025-07-10 00:00:00,1229.1676603803887,10243245.0,1240.5238554197797,1250.7671957725815,1222.6717986928518,QQQ,index,True
2025-07-11,2025-07-11 00:00:00,1240.5839550700305,49748657.0,1239.301916226493,1250.2502373332284,1236.4774409120469,QQQ,index,True
2025-07-14,2025-07-14 00:00:00,1238.8879626015166,45637092.0,1243.9171438612204,1245.2266026958484,1228.9402251282731,QQQ,index,True
2025-07-15,2025-07-15 00:00:00,1244.294544304691,22837902.0,1243.0,1252.2658367056108,1232.3801047597974,QQQ,index,True
2024-11-06,2024-11-06 00:00:00,1200.0682839059155,31387217.0,1203.5844827238477,1208.067745203739,1193.954988374755,DIA,index,True
2024-11-07,2024-11-07 00:00:00,1203.5738756327933,12385037.0,1211.983953948141,1217.0009133258532,1198.47863207912,DIA,index,True
2024-11-08,2024-11-08 00:00:00,1212.0015343242405,26383926.0,1215.8660034960924,1227.5711126753392,1206.2012786561932,DIA,index,True
2024-11-11,2024-11-11 00:00:00,1215.7814658842117,43440441.0,1211.7358151860215,1217.5126428641604,1207.2429765150364,DIA,index,True
2024-11-12,2024-11-12 00:00:00,1212.1119682565115,20027682.0,1208.076284926832,1222.7313094657259,1196.6312516982682,DIA,index,True
2024-11-13,2024-11-13 00:00:00,1207.553642105612,17451017.0,1199.2266999775086,1209.9151251687706,1198.6259264703353,DIA,index,True
2024-11-14,2024-11-14 00:00:00,1199.039451078958,18456254.0,1202.2900872142548,1205.712843270007,1198.3933213640596,DIA,index,True
2024-11-15,2024-11-15 00:00:00,1201.8721457503036,32939606.0,1197.74900361575,1203.4382422307178,1193.249469889432,DIA,index,True
2024-11-18,2024-11-18 00:00:00,1197.2923562422516,21353760.0,1202.329610421562,1210.344875795557,1185.5576441041933,DIA,index,True
2024-11-19,2024-11-19 00:00:00,1202.122253179808,19974821.0,1202.6635321893486,1208.7850909116898,1196.6736745840346,DIA,index,True
2024-11-20,2024-11-20 00:00:00,1202.7370057048554,25713429.0,1208.236018276109,1213.8630102488094,1201.8790089976867,DIA,index,True
2024-11-21,2024-11-21 00:00:00,1207.883868963662,7982631.0,1210.7909020154589,1221.067578749904,1196.690696061945,DIA,index,True
2024-11-22,2024-11-22 00:00:00,1210.917967938007,33941216.0,1222.891153387847,1229.631183081999,1206.2116197801363,DIA,index,True
2024-11-25,2024-11-25 00:00:00,1222.9165453742512,16893856.0,1214.6386336466292,1231.6274960532328,1205.500988820083,DIA,index,True
2024-11-26,2024-11-26 00:00:00,1214.282409721408,9135237.0,1225.855616368918,1235.7650998582812,1207.681843290337,DIA,index,True
2024-11-27,2024-11-27 00:00:00,1225.95949359059,16973707.0,1218.4639499311731,1228.8385748697015,1212.9705771819706,DIA,index,True
2024-11-28,2024-11-28 00:00:00,1218.176294233764,14619533.0,1213.6344730216638,1227.702829848581,1206.302482770854,DIA,index,True
2024-11-29,2024-11-29 00:00:00,1213.4335190880288,41726996.0,1203.0137040294512,1225.5397811738403,1194.7863847572821,DIA,index,True
2024-12-02,2024-12-02 00:00:00,1202.741275296349,41105650.0,1203.346319626699,1213.0397755231993,1199.278205194991,DIA,index,True
2024-12-03,2024-12-03 00:00:00,1203.2689863159446,15685706.0,1211.8994983237023,1221.4953875160147,1191.5098200713978,DIA,index,True
2024-12-04,2024-12-04 00:00:00,1212.0645537935525,26801304.0,1207.445135096443,1216.2400446050974,1204.1736106636208,DIA,index,True
2024-12-05,2024-12-05 00:00:00,1207.1472854887663,22186082.0,1198.3107368486326,1209.0070962202924,1188.2808163183238,DIA,index,True
2024-12-06,2024-12-06 00:00:00,1198.541216018506,29465569.0,1204.814734298081,1207.837058373913,1196.5835012194896,DIA,index,True
2024-12-09,2024-12-09 00:00:00,1204.9966320938713,28206959.0,1204.6627809175811,1209.2359953327864,1197.2325865110301,DIA,index,True
2024-12-10,2024-12-10 00:00:00,1204.25455564643,16884827.0,1198.9725256085521,1215.9492272103328,1189.7371597766812,DIA,index,True
2024-12-11,2024-12-11 00:00:00,1199.3634904228857,24977027.0,1196.1836890227003,1207.5753510604325,1187.4519300420416,DIA,index,True
2024-12-12,2024-12-12 00:00:00,1196.5662199602393,16438719.0,1200.2861296320825,1205.75815555155,1193.7741548299348,DIA,index,True
2024-12-13,2024-12-13 00:00:00,1200.6043378150896,8760626.0,1195.209654125549,1203.6594019739205,1190.6737072499095,DIA,index,True
2024-12-16,2024-12-16 00:00:00,1195.200286285,16386065.0,1183.5907516803466,1199.8299581508497,1180.0593427020012,DIA,index,True
2024-12-17,2024-12-17 00:00:00,1183.5394061087009,11754379.0,1192.1414404778855,1193.3660900777206,1172.759989797754,DIA,index,True
2024-12-18,2024-12-18 00:00:00,1192.4001985530147,20066794.0,1188.205106865743,1198.6575815235665,1181.3113619819396,DIA,index,True
2024-12-19,2024-12-19 00:00:00,1188.493909846107,44439286.0,1178.4030636911032,1193.7863369369854,1173.348000597405,DIA,index,True
2024-12-20,2024-12-20 00:00:00,1178.0589915539497,30468514.0,1167.2222672131206,1184.3599818524779,1166.1616245687644,DIA,index,True
2024-12-23,2024-12-23 00:00:00,1166.7150711261804,47374356.0,1162.8682248564514,1167.9255386973127,1151.9106830491098,DIA,index,True
2024-12-24,2024-12-24 00:00:00,1162.8329430922836,24789620.0,1158.0644037862385,1165.4928388791309,1157.331053917966,DIA,index,True
2024-12-25,2024-12-25 00:00:00,1157.616309674475,33818533.0,1147.947833738369,1162.7771934590612,1143.9931021850164,DIA,index,True
2024-12-26,2024-12-26 00:00:00,1147.4792467610234,27882104.0,1144.005611008655,1154.2614171002406,1143.6180962355884,DIA,index,True
2024-12-27,2024-12-27 00:00:00,1144.2575065228582,48667022.0,1147.6672652381749,1150.3915444782474,1144.009999975929,DIA,index,True
2024-12-30,2024-12-30 00:00:00,1147.2776773083115,14024227.0,1152.656651595778,1161.169487383362,1138.3015141873295,DIA,index,True
2024-12-31,2024-12-31 00:00:00,1153.0537569378926,18499409.0,1150.8512502539709,1155.0248855475813,1149.7617605378987,DIA,index,True
2025-01-01,2025-01-01 00:00:00,1150.761916966946,36860036.0,1159.2266948772947,1170.2464793823806,1139.6366141906744,DIA,index,True
2025-01-02,2025-01-02 00:00:00,1158.9458183076233,15466267.0,1164.0477424138285,1169.8017261609345,1149.7529342298194,DIA,index,True
2025-01-03,2025-01-03 00:00:00,1164.09918859725,37080040.0,1156.0218866038708,1172.5427548234177,1152.4150709734877,DIA,index,True
2025-01-06,2025-01-06 00:00:00,1156.2681345845829,46931923.0,1147.1863463651673,1163.1022930212978,1138.8001702278395,DIA,index,True
2025-01-07,2025-01-07 00:00:00,1147.103415628316,46593206.0,1153.714366491145,1154.2304808206459,1135.9527321322985,DIA,index,True
2025-01-08,2025-01-08 00:00:00,1153.7800426945132,32416284.0,1157.7229410878454,1166.8343233062458,1148.3063322491773,DIA,index,True
2025-01-09,2025-01-09 00:00:00,1157.241798972832,26619135.0,1153.8109243365434,1159.9778399385157,1153.1608029775534,DIA,index,True
2025-01-10,2025-01-10 00:00:00,1154.0201425848627,27688543.0,1147.5410759907443,1156.4378397658124,1143.7321454826238,DIA,index,True
2025-01-13,2025-01-13 00:00:00,1147.2766836892793,13394880.0,1151.8458356543665,1162.4451100815438,1145.7729878621099,DIA,index,True
2025-01-14,2025-01-14 00:00:00,1151.8770436478856,13475317.0,1153.9915221906917,1163.5285355091517,1145.7672144671003,DIA,index,True
2025-01-15,2025-01-15 00:00:00,1154.3818071427113,29051145.0,1154.9811994569948,1163.6674317294287,1143.8604991325249,DIA,index,True
2025-01-16,2025-01-16 00:00:00,1154.704238541354,8229789.0,1163.8896989636937,1165.2201137284312,1151.5280118302383,DIA,index,True
2025-01-17,2025-01-17 00:00:00,1163.940457139667,23150178.0,1173.6474638816806,1181.356262548527,1153.2317369215505,DIA,index,True
2025-01-20,2025-01-20 00:00:00,1173.5990385920538,12940263.0,1176.249637315864,1184.3593373767,1163.3513459190713,DIA,index,True
2025-01-21,2025-01-21 00:00:00,1176.3274655145076,43033049.0,1166.7827785338868,1184.7157763378325,1157.1298065528324,DIA,index,True
2025-01-22,2025-01-22 00:00:00,1166.5566000956626,46095782.0,1172.424594362092,1179.8649364044632,1156.4229705314024,DIA,index,True
2025-01-23,2025-01-23 00:00:00,1171.9812953789574,34424123.0,1172.3256161973377,1183.756474194759,1160.9292893752825,DIA,index,True
2025-01-24,2025-01-24 00:00:00,1172.4301202687732,13309688.0,1184.0734589343706,1194.2054083565888,1164.2352894397104,DIA,index,True
2025-01-27,2025-01-27 00:00:00,1183.6609797236474,16754558.0,1193.416571031724,1205.2825826932547,1178.3556024119066,DIA,index,True
2025-01-28,2025-01-28 00:00:00,1192.938462269447,24025417.0,1183.32917934959,1193.7314750838698,1171.5772584929518,DIA,index,True
2025-01-29,2025-01-29 00:00:00,1182.8361208606836,21894413.0,1187.4374142351594,1193.3230473505298,1173.0614663639349,DIA,index,True
2025-01-30,2025-01-30 00:00:00,1187.2053234455386,46042763.0,1189.8242190998474,1190.3521594960675,1177.094035676012,DIA,index,True
2025-01-31,2025-01-31 00:00:00,1189.8943917736578,47982523.0,1191.5422208444484,1191.6507116784037,1185.6552502613654,DIA,index,True
2025-02-03,2025-02-03 00:00:00,1191.1430969204937,37838896.0,1186.2404716407127,1198.6068503596175,1178.848417929198,DIA,index,True
2025-02-04,2025-02-04 00:00:00,1185.9348678569916,18077624.0,1192.2668835628804,1201.3597828310633,1181.5057368551988,DIA,index,True
2025-02-05,2025-02-05 00:00:00,1192.459028488297,8416170.0,1191.794295694361,1196.9792797013652,1183.63441115875,DIA,index,True
2025-02-06,2025-02-06 00:00:00,1192.0840579061464,47650056.0,1197.5748203455441,1206.0224822307773,1190.7965489367286,DIA,index,True
2025-02-07,2025-02-07 00:00:00,1197.8384639734668,16800344.0,1202.124259597556,1213.2124852201673,1196.7263296388503,DIA,index,True
2025-02-10,2025-02-10 00:00:00,1202.2294988099347,12174577.0,1196.502832642501,1212.741741410224,1191.516251946649,DIA,index,True
2025-02-11,2025-02-11 00:00:00,1196.1090802692597,43167096.0,1191.951450023608,1204.597989114831,1183.1864386240259,DIA,index,True
2025-02-12,2025-02-12 00:00:00,1192.0286628392362,15825162.0,1187.4595113032335,1195.956932527221,1180.3544152506408,DIA,index,True
2025-02-13,2025-02-13 00:00:00,1187.594698258662,22111643.0,1199.153228598787,1208.6854144868096,1185.816561154996,DIA,index,True
2025-02-14,2025-02-14 00:00:00,1199.30992103694,12213890.0,1209.1038620074805,1211.463225244725,1189.9992646431954,DIA,index,True
2025-02-17,2025-02-17 00:00:00,1209.101306670711,22273763.0,1210.4957434397027,1220.3141404753521,1208.2807390433506,DIA,index,True
2025-02-18,2025-02-18 00:00:00,1210.0260777978015,12692234.0,1200.3403626267516,1211.1223953622705,1188.415636999325,DIA,index,True
2025-02-19,2025-02-19 00:00:00,1199.9912309447864,22412095.0,1205.6345666264958,1209.029519822636,1194.5081241116904,DIA,index,True
2025-02-20,2025-02-20 00:00:00,1205.5430668255344,31090503.0,1214.036536846931,1216.096510501663,1204.1961783372399,DIA,index,True
2025-02-21,2025-02-21 00:00:00,1213.970198795538,11167847.0,1206.9147338795233,1218.6565952081169,1203.6330441596574,DIA,index,True
2025-02-24,2025-02-24 00:00:00,1206.394128824452,45862254.0,1216.4496050921496,1226.9629782457343,1195.5210916947756,DIA,index,True
2025-02-25,2025-02-25 00:00:00,1216.8101027546404,25118603.0,1207.565655101328,1218.279786642705,1202.9446728576268,DIA,index,True
2025-02-26,2025-02-26 00:00:00,1207.4221270209985,21344794.0,1218.5879368303133,1227.925159451065,1206.3476877502396,DIA,index,True
2025-02-27,2025-02-27 00:00:00,1218.061598575904,31581539.0,1225.7095731195964,1229.144998744587,1209.7549123232682,DIA,index,True
2025-02-28,2025-02-28 00:00:00,1225.438539094469,38190702.0,1224.632273259438,1235.1406439918069,1212.6126791933339,DIA,index,True
2025-03-03,2025-03-03 00:00:00,1224.1443541938718,29590749.0,1212.3033359118647,1226.9694175209968,1211.5282311109006,DIA,index,True
2025-03-04,2025-03-04 00:00:00,1212.6216060915247,36318697.0,1206.625464476955,1223.5176346690262,1206.070716411239,DIA,index,True
2025-03-05,2025-03-05 00:00:00,1206.7980911284249,38632552.0,1203.758452315961,1218.3132932964481,1193.464524080263,DIA,index,True
2025-03-06,2025-03-06 00:00:00,1203.443784275017,38963625.0,1206.3021857961485,1210.7865088946544,1195.4178594930893,DIA,index,True
2025-03-07,2025-03-07 00:00:00,1206.173206316077,7599047.0,1214.568138488096,1217.452259014784,1196.0263642619282,DIA,index,True
2025-03-10,2025-03-10 00:00:00,1214.6172514440464,27955778.0,1217.8844571803716,1220.9772131451405,1202.5977513666844,DIA,index,True
2025-03-11,2025-03-11 00:00:00,1217.6709759867026,7766129.0,1214.9159404024513,1219.2197982824362,1203.1221943071491,DIA,index,True
2025-03-12,2025-03-12 00:00:00,1215.0069786102865,21282460.0,1219.2021942465406,1228.4677876979058,1209.474556646939,DIA,index,True
2025-03-13,2025-03-13 00:00:00,1219.4506052239221,29196110.0,1227.7368951087137,1231.8278945853585,1207.3774068034477,DIA,index,True
2025-03-14,2025-03-14 00:00:00,1228.1728907521308,42644354.0,1217.741435949263,1231.898281942734,1207.1351434318565,DIA,index,True
2025-03-17,2025-03-17 00:00:00,1217.965341274127,27929366.0,1209.5746427164793,1222.9892821253075,1198.020516130156,DIA,index,True
2025-03-18,2025-03-18 00:00:00,1209.9633381095591,22955223.0,1217.554923642014,1223.627594941776,1203.5128044977057,DIA,index,True
2025-03-19,2025-03-19 00:00:00,1217.3327114647125,22452123.0,1205.776542358063,1228.1029551002975,1201.4934927643797,DIA,index,True
2025-03-20,2025-03-20 00:00:00,1205.7486602561025,35306960.0,1206.6714229676634,1210.8869261665134,1202.6251146855998,DIA,index,True
2025-03-21,2025-03-21 00:00:00,1206.7456174304189,42695049.0,1210.9667736041474,1217.9769095868494,1201.6475659293633,DIA,index,True
2025-03-24,2025-03-24 00:00:00,1210.9409367801952,14263298.0,1215.5435567313802,1215.748250778495,1205.4339574051705,DIA,index,True
2025-03-25,2025-03-25 00:00:00,1215.3555754939564,36404252.0,1225.633963312219,1229.6439656519885,1212.8403882615924,DIA,index,True
2025-03-26,2025-03-26 00:00:00,1225.2457609908602,22548518.0,1232.0726751794105,1233.7384664968656,1216.6643019366325,DIA,index,True
2025-03-27,2025-03-27 00:00:00,1231.5934807961223,25570236.0,1225.6445917585268,1232.0462662389145,1216.5065148761332,DIA,index,True
2025-03-28,2025-03-28 00:00:00,1225.2613004259522,33121371.0,1234.8782397753757,1246.4498175169438,1221.6132839464367,DIA,index,True
2025-03-31,2025-03-31 00:00:00,1235.1662071973608,24778849.0,1226.0120961199575,1236.138731043916,1225.116519178785,DIA,index,True
2025-04-01,2025-04-01 00:00:00,1226.0396724493257,11393401.0,1233.992426022195,1239.026567297612,1217.2889715259932,DIA,index,True
2025-04-02,2025-04-02 00:00:00,1233.545609819831,28186876.0,1236.0971260615545,1240.1788826561838,1227.3228323571466,DIA,index,True
2025-04-03,2025-04-03 00:00:00,1235.8398134204658,27745757.0,1233.40329086098,1244.8221234876828,1230.4782806907733,DIA,index,True
2025-04-04,2025-04-04 00:00:00,1233.4101330032622,43365761.0,1240.886505715094,1246.0025151411705,1224.9515231534779,DIA,index,True
2025-04-07,2025-04-07 00:00:00,1240.483509699627,22111510.0,1242.9661488472987,1248.6583369920131,1228.2182562082453,DIA,index,True
2025-04-08,2025-04-08 00:00:00,1242.8055215577826,29082035.0,1234.5408429458164,1254.3770783031057,1223.875170471027,DIA,index,True
2025-04-09,2025-04-09 00:00:00,1234.6136442081931,42075317.0,1229.89121374555,1242.1787333717273,1227.0087696459516,DIA,index,True
2025-04-10,2025-04-10 00:00:00,1229.880890662068,37553013.0,1226.1221274707102,1234.1987902826081,1224.2998672725407,DIA,index,True
2025-04-11,2025-04-11 00:00:00,1225.8431018512765,8729497.0,1221.4624630525802,1228.531545571573,1212.3905193854314,DIA,index,True
2025-04-14,2025-04-14 00:00:00,1221.7398861080533,37693261.0,1221.3899992595748,1233.7359339748973,1218.5310372924228,DIA,index,True
2025-04-15,2025-04-15 00:00:00,1220.9817644500617,8102514.0,1229.0883860189774,1232.2546824467622,1218.2781480652002,DIA,index,True
2025-04-16,2025-04-16 00:00:00,1228.8313343393438,40271315.0,1232.3898284783763,1232.397644868757,1221.5912927608606,DIA,index,True
2025-04-17,2025-04-17 00:00:00,1231.97520040861,36666573.0,1240.7007478782161,1249.2496955384095,1228.068062241805,DIA,index,True
2025-04-18,2025-04-18 00:00:00,1240.9706992591368,45653270.0,1251.4003874121079,1260.462358456381,1238.283963965006,DIA,index,True
2025-04-21,2025-04-21 00:00:00,1251.5598196428205,7540238.0,1245.4706652134334,1258.5334100918228,1234.093665967882,DIA,index,True
2025-04-22,2025-04-22 00:00:00,1245.8528627994247,24838973.0,1243.3591675076548,1246.585157688297,1234.8948682437206,DIA,index,True
2025-04-23,2025-04-23 00:00:00,1243.0646151230699,7704593.0,1233.8950164043815,1251.506975928867,1230.6351521161102,DIA,index,True
2025-04-24,2025-04-24 00:00:00,1233.857447144232,9999559.0,1224.726267483378,1242.5054907350648,1221.5505414272025,DIA,index,True
2025-04-25,2025-04-25 00:00:00,1224.3725905091837,48062899.0,1217.8201948692213,1228.3660098728114,1209.9975716638944,DIA,index,True
2025-04-28,2025-04-28 00:00:00,1217.6894130393382,11881414.0,1223.9890155654211,1235.2438467691084,1210.064699276274,DIA,index,True
2025-04-29,2025-04-29 00:00:00,1223.7020315079524,31605931.0,1224.2188034583198,1231.4484138159173,1214.0271613577045,DIA,index,True
2025-04-30,2025-04-30 00:00:00,1223.9203312984928,30971497.0,1218.7052581426235,1234.7186974794072,1207.500452692253,DIA,index,True
2025-05-01,2025-05-01 00:00:00,1218.220102750279,40644164.0,1229.4404724947824,1234.9732564799867,1212.7446365105818,DIA,index,True
2025-05-02,2025-05-02 00:00:00,1229.6429131287982,20028352.0,1237.4600029174894,1243.6209435066799,1220.224682309042,DIA,index,True
2025-05-05,2025-05-05 00:00:00,1237.1069553796965,36788315.0,1231.5302849481136,1247.1309077754083,1219.8380587920756,DIA,index,True
2025-05-06,2025-05-06 00:00:00,1231.105682203682,35177705.0,1234.562241598623,1246.7015465452666,1228.9976932648551,DIA,index,True
2025-05-07,2025-05-07 00:00:00,1234.1432324387883,14074207.0,1234.3591396204195,1245.4843642534636,1225.6241897525001,DIA,index,True
2025-05-08,2025-05-08 00:00:00,1234.170184288588,38722225.0,1223.909232316435,1241.078043397879,1216.4225331244531,DIA,index,True
2025-05-09,2025-05-09 00:00:00,1223.7229264409498,24338247.0,1232.376068134224,1244.0418988588399,1223.2181747824045,DIA,index,True
2025-05-12,2025-05-12 00:00:00,1231.9082204144552,49555579.0,1220.2350064368918,1238.7824851962453,1219.1161606248363,DIA,index,True
2025-05-13,2025-05-13 00:00:00,1220.572955157554,21780997.0,1210.1547031831412,1226.2639488867994,1206.7065568095722,DIA,index,True
2025-05-14,2025-05-14 00:00:00,1209.6237796280752,32221924.0,1219.3699955800919,1223.9494297627182,1206.7563391786534,DIA,index,True
2025-05-15,2025-05-15 00:00:00,1219.0940730476016,26259318.0,1227.2121651245184,1230.5028278013851,1212.1416807533938,DIA,index,True
2025-05-16,2025-05-16 00:00:00,1226.941595069945,10337825.0,1231.6751749907369,1240.6926743152426,1225.7467660232976,DIA,index,True
2025-05-19,2025-05-19 00:00:00,1231.3115622101045,8402536.0,1236.9565615054078,1242.7872844105873,1223.2125853281923,DIA,index,True
2025-05-20,2025-05-20 00:00:00,1237.0373205321084,22613736.0,1241.5674496480044,1248.6068601821116,1226.7338056089245,DIA,index,True
2025-05-21,2025-05-21 00:00:00,1241.82751851331,14823204.0,1244.647327184374,1249.6735587924327,1231.8313636601335,DIA,index,True
2025-05-22,2025-05-22 00:00:00,1244.8645206014796,25566139.0,1240.3020991108378,1247.1599093728462,1228.0783369538508,DIA,index,True
2025-05-23,2025-05-23 00:00:00,1240.6017403088326,30672878.0,1230.5817879688298,1246.6766991225013,1223.3874281596277,DIA,index,True
2025-05-26,2025-05-26 00:00:00,1230.490352016335,28947025.0,1238.440793935082,1245.2033025013081,1223.010379213246,DIA,index,True
2025-05-27,2025-05-27 00:00:00,1238.259258734779,47858523.0,1243.9992968920117,1251.6532775016017,1234.6839752872818,DIA,index,True
2025-05-28,2025-05-28 00:00:00,1243.5615005135824,43582936.0,1235.7569841764928,1247.310304782387,1224.4396474632415,DIA,index,True
2025-05-29,2025-05-29 00:00:00,1236.1047492199577,20118087.0,1226.3935164447687,1247.8224203881955,1219.9046846211386,DIA,index,True
2025-05-30,2025-05-30 00:00:00,1226.3427457281944,41541882.0,1236.6955832181973,1237.8715524975187,1219.0205838150346,DIA,index,True
2025-06-02,2025-06-02 00:00:00,1236.9779443993787,10852844.0,1230.6856346695001,1246.8703743329702,1222.6003820508317,DIA,index,True
2025-06-03,2025-06-03 00:00:00,1230.6582070184356,11517224.0,1222.0122949509362,1233.9649165906314,1219.9283472792968,DIA,index,True
2025-06-04,2025-06-04 00:00:00,1221.538319873758,16221259.0,1227.8830848499492,1238.9477626592716,1221.2540166226293,DIA,index,True
2025-06-05,2025-06-05 00:00:00,1227.3769253674345,7771351.0,1216.7368110185575,1239.0217561129707,1207.5488555282718,DIA,index,True
2025-06-06,2025-06-06 00:00:00,1216.7285254347028,18039293.0,1211.830198717115,1220.365817482578,1203.2709615848582,DIA,index,True
2025-06-09,2025-06-09 00:00:00,1212.0734963678767,5371278.0,1217.8779024042515,1226.082982038489,1205.2735707110623,DIA,index,True
2025-06-10,2025-06-10 00:00:00,1218.1348217873656,14715412.0,1228.4116296197994,1239.460017439409,1209.8984971407604,DIA,index,True
2025-06-11,2025-06-11 00:00:00,1228.7075389977517,7743787.0,1239.514840101581,1246.077079776178,1216.4246550100584,DIA,index,True
2025-06-12,2025-06-12 00:00:00,1239.0896954083587,9865813.0,1232.723681758856,1247.6457923175305,1231.3598316629232,DIA,index,True
2025-06-13,2025-06-13 00:00:00,1233.0858793213429,24082205.0,1225.615141232761,1239.856753053754,1215.7866218668728,DIA,index,True
2025-06-16,2025-06-16 00:00:00,1225.4960401287615,5567734.0,1219.7061754511599,1227.9005742116624,1218.7207961913787,DIA,index,True
2025-06-17,2025-06-17 00:00:00,1220.011790955993,39903833.0,1219.960849037682,1222.7203216310206,1217.3945172151834,DIA,index,True
2025-06-18,2025-06-18 00:00:00,1219.8611024826364,5225611.0,1215.9205715795858,1228.4878666803097,1205.1098490450167,DIA,index,True
2025-06-19,2025-06-19 00:00:00,1215.591057881415,19688080.0,1208.7412738128612,1218.8711010242944,1208.53185213489,DIA,index,True
2025-06-20,2025-06-20 00:00:00,1208.512218620686,42057037.0,1220.6922362764078,1232.627346998639,1198.6368536369964,DIA,index,True
2025-06-23,2025-06-23 00:00:00,1220.9119208772308,15630869.0,1231.9362772606373,1243.1048609393733,1219.4931519964955,DIA,index,True
2025-06-24,2025-06-24 00:00:00,1231.7632716564092,11654104.0,1227.993309131682,1243.0805538625416,1216.7921502562858,DIA,index,True
2025-06-25,2025-06-25 00:00:00,1228.3390701375693,42523298.0,1221.0701728069128,1231.774643949785,1211.0304253425716,DIA,index,True
2025-06-26,2025-06-26 00:00:00,1220.7528579950333,47841255.0,1213.1017704503881,1229.218583689834,1204.5862796948395,DIA,index,True
2025-06-27,2025-06-27 00:00:00,1212.639489154217,14389489.0,1208.0054899570428,1215.5153574778572,1199.8647064892752,DIA,index,True
2025-06-30,2025-06-30 00:00:00,1208.092074235893,37864070.0,1198.1138449588966,1214.200938414082,1193.3066960646975,DIA,index,True
2025-07-01,2025-07-01 00:00:00,1198.4617059120067,11421692.0,1189.9863798812096,1200.3412749325746,1178.5838037878837,DIA,index,True
2025-07-02,2025-07-02 00:00:00,1190.151995115401,11964641.0,1184.2752754861187,1196.4501223844695,1182.8736851273723,DIA,index,True
2025-07-03,2025-07-03 00:00:00,1184.6952987262116,13545993.0,1175.9273097434334,1191.668743907369,1166.6834190704371,DIA,index,True
2025-07-04,2025-07-04 00:00:00,1175.4468290557163,16237964.0,1179.0269737418687,1186.976698946265,1168.5109170910039,DIA,index,True
2025-07-07,2025-07-07 00:00:00,1179.2121984371638,11388301.0,1181.063141436102,1184.3885203982509,1179.093207410025,DIA,index,True
2025-07-08,2025-07-08 00:00:00,1180.8699560515586,20259384.0,1190.435901408247,1197.2464275945936,1169.3835927267785,DIA,index,True
2025-07-09,2025-07-09 00:00:00,1190.3357454141344,34898538.0,1188.1031380879012,1196.2261070809686,1183.4867435937274,DIA,index,True
2025-07-10,2025-07-10 00:00:00,1188.3088128131333,32195822.0,1197.3069072484668,1203.0424202928511,1185.62146513215,DIA,index,True
2025-07-11,2025-07-11 00:00:00,1197.5733308335239,25688524.0,1196.6477149060738,1201.5354260126403,1189.9509529600286,DIA,index,True
2025-07-14,2025-07-14 00:00:00,1196.4820808278073,47111505.0,1205.4978458322912,1216.8951093141216,1193.3879611880811,DIA,index,True
2025-07-15,2025-07-15 00:00:00,1205.6360648811992,39020613.0,1206.0,1210.2822402735198,1202.3914456303737,DIA,index,True
