Date,Datetime,Close,Volume,Open,High,Low,Symbol,Type,IsMock
2025-04-16,2025-04-16 05:30:00,83656.49248858042,25084671427.622566,83656.49248858042,83656.49248858042,83656.49248858042,BTC-USD,crypto,
2025-04-17,2025-04-17 05:30:00,84105.77942167096,26948109141.803364,84105.77942167096,84105.77942167096,84105.77942167096,BTC-USD,crypto,
2025-04-18,2025-04-18 05:30:00,84930.90857600998,19323821375.14309,84930.90857600998,84930.90857600998,84930.90857600998,BTC-USD,crypto,
2025-04-19,2025-04-19 05:30:00,84433.75017215389,9550691272.782005,84433.75017215389,84433.75017215389,84433.75017215389,BTC-USD,crypto,
2025-04-20,2025-04-20 05:30:00,85126.66244301842,12635983530.804455,85126.66244301842,85126.66244301842,85126.66244301842,BTC-USD,crypto,
2025-04-21,2025-04-21 05:30:00,85073.16544858096,12625843856.313684,85073.16544858096,85073.16544858096,85073.16544858096,BTC-USD,crypto,
2025-04-22,2025-04-22 05:30:00,87452.04699068287,40070025414.28289,87452.04699068287,87452.04699068287,87452.04699068287,BTC-USD,crypto,
2025-04-23,2025-04-23 05:30:00,93576.16588573981,53841992235.36636,93576.16588573981,93576.16588573981,93576.16588573981,BTC-USD,crypto,
2025-04-24,2025-04-24 05:30:00,93605.45230873208,39901515879.65954,93605.45230873208,93605.45230873208,93605.45230873208,BTC-USD,crypto,
2025-04-25,2025-04-25 05:30:00,93872.81422867288,30031246761.093452,93872.81422867288,93872.81422867288,93872.81422867288,BTC-USD,crypto,
2025-04-26,2025-04-26 05:30:00,94773.11200643536,39336184715.04292,94773.11200643536,94773.11200643536,94773.11200643536,BTC-USD,crypto,
2025-04-27,2025-04-27 05:30:00,94644.06637120107,15445392739.787264,94644.06637120107,94644.06637120107,94644.06637120107,BTC-USD,crypto,
2025-04-28,2025-04-28 05:30:00,93809.33781968223,15926259371.057959,93809.33781968223,93809.33781968223,93809.33781968223,BTC-USD,crypto,
2025-04-29,2025-04-29 05:30:00,95030.60645474444,31913814736.53902,95030.60645474444,95030.60645474444,95030.60645474444,BTC-USD,crypto,
2025-04-30,2025-04-30 05:30:00,94256.35946318062,25882629766.278946,94256.35946318062,94256.35946318062,94256.35946318062,BTC-USD,crypto,
2025-05-01,2025-05-01 05:30:00,94235.75331048167,26541700309.366146,94235.75331048167,94235.75331048167,94235.75331048167,BTC-USD,crypto,
2025-05-02,2025-05-02 05:30:00,96426.94522273027,30207566405.468834,96426.94522273027,96426.94522273027,96426.94522273027,BTC-USD,crypto,
2025-05-03,2025-05-03 05:30:00,96855.5681343944,23276376191.483967,96855.5681343944,96855.5681343944,96855.5681343944,BTC-USD,crypto,
2025-05-04,2025-05-04 05:30:00,95922.86842404422,13797554863.642815,95922.86842404422,95922.86842404422,95922.86842404422,BTC-USD,crypto,
2025-05-05,2025-05-05 05:30:00,94326.62048529249,14903122945.616686,94326.62048529249,94326.62048529249,94326.62048529249,BTC-USD,crypto,
2025-05-06,2025-05-06 05:30:00,94758.8237105546,24086456278.203846,94758.8237105546,94758.8237105546,94758.8237105546,BTC-USD,crypto,
2025-05-07,2025-05-07 05:30:00,96854.53198815876,23348052607.071873,96854.53198815876,96854.53198815876,96854.53198815876,BTC-USD,crypto,
2025-05-08,2025-05-08 05:30:00,97026.49376966801,64376174032.08048,97026.49376966801,97026.49376966801,97026.49376966801,BTC-USD,crypto,
2025-05-09,2025-05-09 05:30:00,103076.27555512934,50020047720.65604,103076.27555512934,103076.27555512934,103076.27555512934,BTC-USD,crypto,
2025-05-10,2025-05-10 05:30:00,102962.54045692299,40800894903.23446,102962.54045692299,102962.54045692299,102962.54045692299,BTC-USD,crypto,
2025-05-11,2025-05-11 05:30:00,104630.8792994166,21558992540.042442,104630.8792994166,104630.8792994166,104630.8792994166,BTC-USD,crypto,
2025-05-12,2025-05-12 05:30:00,103994.061616746,27389436049.454792,103994.061616746,103994.061616746,103994.061616746,BTC-USD,crypto,
2025-05-13,2025-05-13 05:30:00,102876.8304286011,43090605819.36596,102876.8304286011,102876.8304286011,102876.8304286011,BTC-USD,crypto,
2025-05-14,2025-05-14 05:30:00,104184.49039270742,33861432519.50822,104184.49039270742,104184.49039270742,104184.49039270742,BTC-USD,crypto,
2025-05-15,2025-05-15 05:30:00,103594.42575090709,28398245846.798244,103594.42575090709,103594.42575090709,103594.42575090709,BTC-USD,crypto,
2025-05-16,2025-05-16 05:30:00,103708.85136423641,31823340473.339912,103708.85136423641,103708.85136423641,103708.85136423641,BTC-USD,crypto,
2025-05-17,2025-05-17 05:30:00,103556.03493982446,25887953182.14765,103556.03493982446,103556.03493982446,103556.03493982446,BTC-USD,crypto,
2025-05-18,2025-05-18 05:30:00,103212.36483885496,18950056010.479057,103212.36483885496,103212.36483885496,103212.36483885496,BTC-USD,crypto,
2025-05-19,2025-05-19 05:30:00,106030.6376831359,30744060179.802963,106030.6376831359,106030.6376831359,106030.6376831359,BTC-USD,crypto,
2025-05-20,2025-05-20 05:30:00,105629.41580436694,43339734153.75087,105629.41580436694,105629.41580436694,105629.41580436694,BTC-USD,crypto,
2025-05-21,2025-05-21 05:30:00,106786.71995834043,36393687094.25122,106786.71995834043,106786.71995834043,106786.71995834043,BTC-USD,crypto,
2025-05-22,2025-05-22 05:30:00,109665.86371625263,60722883113.84,109665.86371625263,109665.86371625263,109665.86371625263,BTC-USD,crypto,
2025-05-23,2025-05-23 05:30:00,111560.356938144,52218408239.45193,111560.356938144,111560.356938144,111560.356938144,BTC-USD,crypto,
2025-05-24,2025-05-24 05:30:00,107216.66856870624,49251745837.96465,107216.66856870624,107216.66856870624,107216.66856870624,BTC-USD,crypto,
2025-05-25,2025-05-25 05:30:00,107831.36374380375,27128230116.517162,107831.36374380375,107831.36374380375,107831.36374380375,BTC-USD,crypto,
2025-05-26,2025-05-26 05:30:00,108861.81037744327,29652659665.048733,108861.81037744327,108861.81037744327,108861.81037744327,BTC-USD,crypto,
2025-05-27,2025-05-27 05:30:00,109377.71513263129,27950577137.918888,109377.71513263129,109377.71513263129,109377.71513263129,BTC-USD,crypto,
2025-05-28,2025-05-28 05:30:00,109068.45694901445,38978783508.88622,109068.45694901445,109068.45694901445,109068.45694901445,BTC-USD,crypto,
2025-05-29,2025-05-29 05:30:00,107838.18431100152,29794278037.284946,107838.18431100152,107838.18431100152,107838.18431100152,BTC-USD,crypto,
2025-05-30,2025-05-30 05:30:00,105745.41660358038,38279231892.56757,105745.41660358038,105745.41660358038,105745.41660358038,BTC-USD,crypto,
2025-05-31,2025-05-31 05:30:00,104010.91956242644,39680060337.610214,104010.91956242644,104010.91956242644,104010.91956242644,BTC-USD,crypto,
2025-06-01,2025-06-01 05:30:00,104687.50742934884,20432694555.09522,104687.50742934884,104687.50742934884,104687.50742934884,BTC-USD,crypto,
2025-06-02,2025-06-02 05:30:00,105710.00593822816,17721500507.53389,105710.00593822816,105710.00593822816,105710.00593822816,BTC-USD,crypto,
2025-06-03,2025-06-03 05:30:00,105884.74263221149,26313843058.73954,105884.74263221149,105884.74263221149,105884.74263221149,BTC-USD,crypto,
2025-06-04,2025-06-04 05:30:00,105434.47745144971,25925661121.080395,105434.47745144971,105434.47745144971,105434.47745144971,BTC-USD,crypto,
2025-06-05,2025-06-05 05:30:00,104812.9182188067,25812143562.797962,104812.9182188067,104812.9182188067,104812.9182188067,BTC-USD,crypto,
2025-06-06,2025-06-06 05:30:00,101650.7387545425,39711941132.0234,101650.7387545425,101650.7387545425,101650.7387545425,BTC-USD,crypto,
2025-06-07,2025-06-07 05:30:00,104409.74967959142,29897390978.090103,104409.74967959142,104409.74967959142,104409.74967959142,BTC-USD,crypto,
2025-06-08,2025-06-08 05:30:00,105681.4546141758,17749731308.73042,105681.4546141758,105681.4546141758,105681.4546141758,BTC-USD,crypto,
2025-06-09,2025-06-09 05:30:00,105692.24740699006,16044679696.270103,105692.24740699006,105692.24740699006,105692.24740699006,BTC-USD,crypto,
2025-06-10,2025-06-10 05:30:00,110261.57485948496,38222993297.50514,110261.57485948496,110261.57485948496,110261.57485948496,BTC-USD,crypto,
2025-06-11,2025-06-11 05:30:00,110212.73252109604,36303839182.734825,110212.73252109604,110212.73252109604,110212.73252109604,BTC-USD,crypto,
2025-06-12,2025-06-12 05:30:00,108679.9760916168,30338936631.626648,108679.9760916168,108679.9760916168,108679.9760916168,BTC-USD,crypto,
2025-06-13,2025-06-13 05:30:00,105979.22902375912,35865159511.38857,105979.22902375912,105979.22902375912,105979.22902375912,BTC-USD,crypto,
2025-06-14,2025-06-14 05:30:00,106045.56440819203,49471015505.74361,106045.56440819203,106045.56440819203,106045.56440819203,BTC-USD,crypto,
2025-06-15,2025-06-15 05:30:00,105482.90611628917,17916412455.866283,105482.90611628917,105482.90611628917,105482.90611628917,BTC-USD,crypto,
2025-06-16,2025-06-16 05:30:00,105554.49383061715,16568441852.649668,105554.49383061715,105554.49383061715,105554.49383061715,BTC-USD,crypto,
2025-06-17,2025-06-17 05:30:00,106951.2720181497,32095957011.724205,106951.2720181497,106951.2720181497,106951.2720181497,BTC-USD,crypto,
2025-06-18,2025-06-18 05:30:00,104683.42479835715,38603212010.889435,104683.42479835715,104683.42479835715,104683.42479835715,BTC-USD,crypto,
2025-06-19,2025-06-19 05:30:00,104722.695052907,30339326410.154945,104722.695052907,104722.695052907,104722.695052907,BTC-USD,crypto,
2025-06-20,2025-06-20 05:30:00,104690.65002458123,18063282658.152298,104690.65002458123,104690.65002458123,104690.65002458123,BTC-USD,crypto,
2025-06-21,2025-06-21 05:30:00,103290.105144757,30632751225.407444,103290.105144757,103290.105144757,103290.105144757,BTC-USD,crypto,
2025-06-22,2025-06-22 05:30:00,101532.5683847329,21644463198.719532,101532.5683847329,101532.5683847329,101532.5683847329,BTC-USD,crypto,
2025-06-23,2025-06-23 05:30:00,100852.58264648831,51287142390.02526,100852.58264648831,100852.58264648831,100852.58264648831,BTC-USD,crypto,
2025-06-24,2025-06-24 05:30:00,105511.62437933135,50011797128.6837,105511.62437933135,105511.62437933135,105511.62437933135,BTC-USD,crypto,
2025-06-25,2025-06-25 05:30:00,105976.06929808448,31704641076.941063,105976.06929808448,105976.06929808448,105976.06929808448,BTC-USD,crypto,
2025-06-26,2025-06-26 05:30:00,107238.53045016268,30468274982.034847,107238.53045016268,107238.53045016268,107238.53045016268,BTC-USD,crypto,
2025-06-27,2025-06-27 05:30:00,106984.01253775663,24320699663.15122,106984.01253775663,106984.01253775663,106984.01253775663,BTC-USD,crypto,
2025-06-28,2025-06-28 05:30:00,107078.91560644074,25194306261.888832,107078.91560644074,107078.91560644074,107078.91560644074,BTC-USD,crypto,
2025-06-29,2025-06-29 05:30:00,107331.58548463577,8960877693.57604,107331.58548463577,107331.58548463577,107331.58548463577,BTC-USD,crypto,
2025-06-30,2025-06-30 05:30:00,108396.61631317894,14881078675.366829,108396.61631317894,108396.61631317894,108396.61631317894,BTC-USD,crypto,
2025-07-01,2025-07-01 05:30:00,107132.79910701896,22489515582.41552,107132.79910701896,107132.79910701896,107132.79910701896,BTC-USD,crypto,
2025-07-02,2025-07-02 05:30:00,105613.39974163055,25033160828.30909,105613.39974163055,105613.39974163055,105613.39974163055,BTC-USD,crypto,
2025-07-03,2025-07-03 05:30:00,108824.44423167943,36395184773.06136,108824.44423167943,108824.44423167943,108824.44423167943,BTC-USD,crypto,
2025-07-04,2025-07-04 05:30:00,109602.20483914016,29892049537.628605,109602.20483914016,109602.20483914016,109602.20483914016,BTC-USD,crypto,
2025-07-05,2025-07-05 05:30:00,108040.8919400104,24248906784.57383,108040.8919400104,108040.8919400104,108040.8919400104,BTC-USD,crypto,
2025-07-06,2025-07-06 05:30:00,108217.46849992426,10042942280.966904,108217.46849992426,108217.46849992426,108217.46849992426,BTC-USD,crypto,
2025-07-07,2025-07-07 05:30:00,109215.19771840284,14638669497.351297,109215.19771840284,109215.19771840284,109215.19771840284,BTC-USD,crypto,
2025-07-08,2025-07-08 05:30:00,108300.71675785031,25493246475.80407,108300.71675785031,108300.71675785031,108300.71675785031,BTC-USD,crypto,
2025-07-09,2025-07-09 05:30:00,108953.19187727802,20488865138.27645,108953.19187727802,108953.19187727802,108953.19187727802,BTC-USD,crypto,
2025-07-10,2025-07-10 05:30:00,111327.53054245669,37078460440.66385,111327.53054245669,111327.53054245669,111327.53054245669,BTC-USD,crypto,
2025-07-11,2025-07-11 05:30:00,115879.65030112496,56204086624.04028,115879.65030112496,115879.65030112496,115879.65030112496,BTC-USD,crypto,
2025-07-12,2025-07-12 05:30:00,117571.02510036016,64185145923.88688,117571.02510036016,117571.02510036016,117571.02510036016,BTC-USD,crypto,
2025-07-13,2025-07-13 05:30:00,117418.95745007684,24351256098.393543,117418.95745007684,117418.95745007684,117418.95745007684,BTC-USD,crypto,
2025-07-14,2025-07-14 05:30:00,119117.55666327637,27310851454.97692,119117.55666327637,119117.55666327637,119117.55666327637,BTC-USD,crypto,
2025-07-15,2025-07-15 01:08:47,119920.8622865265,68904180957.59319,119920.8622865265,119920.8622865265,119920.8622865265,BTC-USD,crypto,
2025-04-16,2025-04-16 05:30:00,1587.8222244021401,11786525215.180002,1587.8222244021401,1587.8222244021401,1587.8222244021401,ETH-USD,crypto,
2025-04-17,2025-04-17 05:30:00,1577.7073516760117,13120084885.866234,1577.7073516760117,1577.7073516760117,1577.7073516760117,ETH-USD,crypto,
2025-04-18,2025-04-18 05:30:00,1583.4764497002345,9437178720.867388,1583.4764497002345,1583.4764497002345,1583.4764497002345,ETH-USD,crypto,
2025-04-19,2025-04-19 05:30:00,1589.1516208270755,5254078676.877919,1589.1516208270755,1589.1516208270755,1589.1516208270755,ETH-USD,crypto,
2025-04-20,2025-04-20 05:30:00,1615.0502549158562,5148626529.402773,1615.0502549158562,1615.0502549158562,1615.0502549158562,ETH-USD,crypto,
2025-04-21,2025-04-21 05:30:00,1585.4600253443446,6695768150.024456,1585.4600253443446,1585.4600253443446,1585.4600253443446,ETH-USD,crypto,
2025-04-22,2025-04-22 05:30:00,1577.4465595922347,15275062279.387148,1577.4465595922347,1577.4465595922347,1577.4465595922347,ETH-USD,crypto,
2025-04-23,2025-04-23 05:30:00,1759.7064599311093,24271980430.95098,1759.7064599311093,1759.7064599311093,1759.7064599311093,ETH-USD,crypto,
2025-04-24,2025-04-24 05:30:00,1793.969849485534,22099177230.61867,1793.969849485534,1793.969849485534,1793.969849485534,ETH-USD,crypto,
2025-04-25,2025-04-25 05:30:00,1769.3925107354407,12923295609.972548,1769.3925107354407,1769.3925107354407,1769.3925107354407,ETH-USD,crypto,
2025-04-26,2025-04-26 05:30:00,1788.7981804331257,15656748328.784924,1788.7981804331257,1788.7981804331257,1788.7981804331257,ETH-USD,crypto,
2025-04-27,2025-04-27 05:30:00,1821.2695303291391,10293614895.776522,1821.2695303291391,1821.2695303291391,1821.2695303291391,ETH-USD,crypto,
2025-04-28,2025-04-28 05:30:00,1793.6918440730135,9632458065.106846,1793.6918440730135,1793.6918440730135,1793.6918440730135,ETH-USD,crypto,
2025-04-29,2025-04-29 05:30:00,1799.50191449199,16777384305.88931,1799.50191449199,1799.50191449199,1799.50191449199,ETH-USD,crypto,
2025-04-30,2025-04-30 05:30:00,1796.9720456768928,13994558644.11867,1796.9720456768928,1796.9720456768928,1796.9720456768928,ETH-USD,crypto,
2025-05-01,2025-05-01 05:30:00,1794.0495408617828,13644627083.285889,1794.0495408617828,1794.0495408617828,1794.0495408617828,ETH-USD,crypto,
2025-05-02,2025-05-02 05:30:00,1838.8543285925753,14310565589.052694,1838.8543285925753,1838.8543285925753,1838.8543285925753,ETH-USD,crypto,
2025-05-03,2025-05-03 05:30:00,1841.427590836958,11686301446.49476,1841.427590836958,1841.427590836958,1841.427590836958,ETH-USD,crypto,
2025-05-04,2025-05-04 05:30:00,1834.501911876416,6704990478.824657,1834.501911876416,1834.501911876416,1834.501911876416,ETH-USD,crypto,
2025-05-05,2025-05-05 05:30:00,1808.156093844096,7479845748.828526,1808.156093844096,1808.156093844096,1808.156093844096,ETH-USD,crypto,
2025-05-06,2025-05-06 05:30:00,1820.0044598893596,10545233503.347864,1820.0044598893596,1820.0044598893596,1820.0044598893596,ETH-USD,crypto,
2025-05-07,2025-05-07 05:30:00,1816.1686943818438,11950393736.527246,1816.1686943818438,1816.1686943818438,1816.1686943818438,ETH-USD,crypto,
2025-05-08,2025-05-08 05:30:00,1810.3169269284476,47111217119.49919,1810.3169269284476,1810.3169269284476,1810.3169269284476,ETH-USD,crypto,
2025-05-09,2025-05-09 05:30:00,2197.5611893238784,35992825075.05399,2197.5611893238784,2197.5611893238784,2197.5611893238784,ETH-USD,crypto,
2025-05-10,2025-05-10 05:30:00,2341.407963002621,44566779461.54657,2341.407963002621,2341.407963002621,2341.407963002621,ETH-USD,crypto,
2025-05-11,2025-05-11 05:30:00,2583.6829051429513,29947910159.02891,2583.6829051429513,2583.6829051429513,2583.6829051429513,ETH-USD,crypto,
2025-05-12,2025-05-12 05:30:00,2507.4693107597423,26138286410.23315,2507.4693107597423,2507.4693107597423,2507.4693107597423,ETH-USD,crypto,
2025-05-13,2025-05-13 05:30:00,2492.426391077375,31524626114.978752,2492.426391077375,2492.426391077375,2492.426391077375,ETH-USD,crypto,
2025-05-14,2025-05-14 05:30:00,2676.639163127913,32279895881.637806,2676.639163127913,2676.639163127913,2676.639163127913,ETH-USD,crypto,
2025-05-15,2025-05-15 05:30:00,2603.7180887199615,28150234190.931705,2603.7180887199615,2603.7180887199615,2603.7180887199615,ETH-USD,crypto,
2025-05-16,2025-05-16 05:30:00,2542.296692466797,26211434557.7159,2542.296692466797,2542.296692466797,2542.296692466797,ETH-USD,crypto,
2025-05-17,2025-05-17 05:30:00,2544.3870377235667,21130441534.96637,2544.3870377235667,2544.3870377235667,2544.3870377235667,ETH-USD,crypto,
2025-05-18,2025-05-18 05:30:00,2475.0543933696913,17185510890.702347,2475.0543933696913,2475.0543933696913,2475.0543933696913,ETH-USD,crypto,
2025-05-19,2025-05-19 05:30:00,2465.3409856139087,24797434472.364086,2465.3409856139087,2465.3409856139087,2465.3409856139087,ETH-USD,crypto,
2025-05-20,2025-05-20 05:30:00,2526.989643891319,25363871274.82505,2526.989643891319,2526.989643891319,2526.989643891319,ETH-USD,crypto,
2025-05-21,2025-05-21 05:30:00,2524.2743433146065,22871462735.416794,2524.2743433146065,2524.2743433146065,2524.2743433146065,ETH-USD,crypto,
2025-05-22,2025-05-22 05:30:00,2558.9502343769486,32697477527.54695,2558.9502343769486,2558.9502343769486,2558.9502343769486,ETH-USD,crypto,
2025-05-23,2025-05-23 05:30:00,2657.1674447566115,29592612076.505535,2657.1674447566115,2657.1674447566115,2657.1674447566115,ETH-USD,crypto,
2025-05-24,2025-05-24 05:30:00,2519.813809045145,30047329191.503662,2519.813809045145,2519.813809045145,2519.813809045145,ETH-USD,crypto,
2025-05-25,2025-05-25 05:30:00,2529.4429842284353,10744994421.192684,2529.4429842284353,2529.4429842284353,2529.4429842284353,ETH-USD,crypto,
2025-05-26,2025-05-26 05:30:00,2546.6201163370915,13814697849.726278,2546.6201163370915,2546.6201163370915,2546.6201163370915,ETH-USD,crypto,
2025-05-27,2025-05-27 05:30:00,2562.1729286392238,13350148034.293623,2562.1729286392238,2562.1729286392238,2562.1729286392238,ETH-USD,crypto,
2025-05-28,2025-05-28 05:30:00,2662.0940568241435,26434151855.253853,2662.0940568241435,2662.0940568241435,2662.0940568241435,ETH-USD,crypto,
2025-05-29,2025-05-29 05:30:00,2676.2674124507,18008588586.284103,2676.2674124507,2676.2674124507,2676.2674124507,ETH-USD,crypto,
2025-05-30,2025-05-30 05:30:00,2633.1392065286695,27021441335.5195,2633.1392065286695,2633.1392065286695,2633.1392065286695,ETH-USD,crypto,
2025-05-31,2025-05-31 05:30:00,2524.4762348050726,22927149330.30469,2524.4762348050726,2524.4762348050726,2524.4762348050726,ETH-USD,crypto,
2025-06-01,2025-06-01 05:30:00,2532.3627853090866,13006751258.18768,2532.3627853090866,2532.3627853090866,2532.3627853090866,ETH-USD,crypto,
2025-06-02,2025-06-02 05:30:00,2538.3300584367485,11338340571.11249,2538.3300584367485,2538.3300584367485,2538.3300584367485,ETH-USD,crypto,
2025-06-03,2025-06-03 05:30:00,2609.737253959435,15623967732.418657,2609.737253959435,2609.737253959435,2609.737253959435,ETH-USD,crypto,
2025-06-04,2025-06-04 05:30:00,2595.4689570062997,15955008730.338179,2595.4689570062997,2595.4689570062997,2595.4689570062997,ETH-USD,crypto,
2025-06-05,2025-06-05 05:30:00,2610.343189828259,16809606446.176416,2610.343189828259,2610.343189828259,2610.343189828259,ETH-USD,crypto,
2025-06-06,2025-06-06 05:30:00,2421.601103763502,25849573159.64817,2421.601103763502,2421.601103763502,2421.601103763502,ETH-USD,crypto,
2025-06-07,2025-06-07 05:30:00,2481.4039836690267,18395107930.47655,2481.4039836690267,2481.4039836690267,2481.4039836690267,ETH-USD,crypto,
2025-06-08,2025-06-08 05:30:00,2526.291995889778,9535426814.691927,2526.291995889778,2526.291995889778,2526.291995889778,ETH-USD,crypto,
2025-06-09,2025-06-09 05:30:00,2508.784123584585,10206893115.537256,2508.784123584585,2508.784123584585,2508.784123584585,ETH-USD,crypto,
2025-06-10,2025-06-10 05:30:00,2685.0001850413178,19485734665.28548,2685.0001850413178,2685.0001850413178,2685.0001850413178,ETH-USD,crypto,
2025-06-11,2025-06-11 05:30:00,2808.503208314919,38281210143.95115,2808.503208314919,2808.503208314919,2808.503208314919,ETH-USD,crypto,
2025-06-12,2025-06-12 05:30:00,2776.1371915822333,27369030837.548595,2776.1371915822333,2776.1371915822333,2776.1371915822333,ETH-USD,crypto,
2025-06-13,2025-06-13 05:30:00,2653.158968452672,26068993569.969894,2653.158968452672,2653.158968452672,2653.158968452672,ETH-USD,crypto,
2025-06-14,2025-06-14 05:30:00,2577.04861752583,38576471746.00814,2577.04861752583,2577.04861752583,2577.04861752583,ETH-USD,crypto,
2025-06-15,2025-06-15 05:30:00,2534.0702195359518,12077031034.291521,2534.0702195359518,2534.0702195359518,2534.0702195359518,ETH-USD,crypto,
2025-06-16,2025-06-16 05:30:00,2547.8456040920437,11678912429.510712,2547.8456040920437,2547.8456040920437,2547.8456040920437,ETH-USD,crypto,
2025-06-17,2025-06-17 05:30:00,2561.329843569428,24222149649.172424,2561.329843569428,2561.329843569428,2561.329843569428,ETH-USD,crypto,
2025-06-18,2025-06-18 05:30:00,2514.986700576147,25926506708.040215,2514.986700576147,2514.986700576147,2514.986700576147,ETH-USD,crypto,
2025-06-19,2025-06-19 05:30:00,2521.3334233964915,17800721253.243202,2521.3334233964915,2521.3334233964915,2521.3334233964915,ETH-USD,crypto,
2025-06-20,2025-06-20 05:30:00,2522.1791903642184,10392473841.155851,2522.1791903642184,2522.1791903642184,2522.1791903642184,ETH-USD,crypto,
2025-06-21,2025-06-21 05:30:00,2405.695434213183,20482816663.29469,2405.695434213183,2405.695434213183,2405.695434213183,ETH-USD,crypto,
2025-06-22,2025-06-22 05:30:00,2270.581996055585,16155611764.84833,2270.581996055585,2270.581996055585,2270.581996055585,ETH-USD,crypto,
2025-06-23,2025-06-23 05:30:00,2227.4287266371684,28181442532.315876,2227.4287266371684,2227.4287266371684,2227.4287266371684,ETH-USD,crypto,
2025-06-24,2025-06-24 05:30:00,2423.899644268608,25494295400.420887,2423.899644268608,2423.899644268608,2423.899644268608,ETH-USD,crypto,
2025-06-25,2025-06-25 05:30:00,2446.539301545049,19669025068.963604,2446.539301545049,2446.539301545049,2446.539301545049,ETH-USD,crypto,
2025-06-26,2025-06-26 05:30:00,2417.2267855277296,15513055665.262428,2417.2267855277296,2417.2267855277296,2417.2267855277296,ETH-USD,crypto,
2025-06-27,2025-06-27 05:30:00,2415.031864876594,16271811388.723804,2415.031864876594,2415.031864876594,2415.031864876594,ETH-USD,crypto,
2025-06-28,2025-06-28 05:30:00,2423.0302896731746,13100825617.816572,2423.0302896731746,2423.0302896731746,2423.0302896731746,ETH-USD,crypto,
2025-06-29,2025-06-29 05:30:00,2437.133001780241,5787313890.541637,2437.133001780241,2437.133001780241,2437.133001780241,ETH-USD,crypto,
2025-06-30,2025-06-30 05:30:00,2502.6672721177083,10236257918.833096,2502.6672721177083,2502.6672721177083,2502.6672721177083,ETH-USD,crypto,
2025-07-01,2025-07-01 05:30:00,2488.190781689803,16306915984.938057,2488.190781689803,2488.190781689803,2488.190781689803,ETH-USD,crypto,
2025-07-02,2025-07-02 05:30:00,2405.1045592800183,12933967031.524443,2405.1045592800183,2405.1045592800183,2405.1045592800183,ETH-USD,crypto,
2025-07-03,2025-07-03 05:30:00,2574.067718495133,21862573614.17975,2574.067718495133,2574.067718495133,2574.067718495133,ETH-USD,crypto,
2025-07-04,2025-07-04 05:30:00,2590.132231590221,19823369642.62606,2590.132231590221,2590.132231590221,2590.132231590221,ETH-USD,crypto,
2025-07-05,2025-07-05 05:30:00,2509.236345783362,16377116416.187033,2509.236345783362,2509.236345783362,2509.236345783362,ETH-USD,crypto,
2025-07-06,2025-07-06 05:30:00,2517.37917835065,6801276942.284494,2517.37917835065,2517.37917835065,2517.37917835065,ETH-USD,crypto,
2025-07-07,2025-07-07 05:30:00,2571.358192115984,9051659015.949968,2571.358192115984,2571.358192115984,2571.358192115984,ETH-USD,crypto,
2025-07-08,2025-07-08 05:30:00,2543.6317028067488,15947822897.049152,2543.6317028067488,2543.6317028067488,2543.6317028067488,ETH-USD,crypto,
2025-07-09,2025-07-09 05:30:00,2615.7759888945047,14750377128.581295,2615.7759888945047,2615.7759888945047,2615.7759888945047,ETH-USD,crypto,
2025-07-10,2025-07-10 05:30:00,2772.5795626609174,26626246774.244656,2772.5795626609174,2772.5795626609174,2772.5795626609174,ETH-USD,crypto,
2025-07-11,2025-07-11 05:30:00,2948.4462027029053,39308824585.23128,2948.4462027029053,2948.4462027029053,2948.4462027029053,ETH-USD,crypto,
2025-07-12,2025-07-12 05:30:00,2958.8514450990992,42455550664.554665,2958.8514450990992,2958.8514450990992,2958.8514450990992,ETH-USD,crypto,
2025-07-13,2025-07-13 05:30:00,2942.9616055388096,17472135946.60354,2942.9616055388096,2942.9616055388096,2942.9616055388096,ETH-USD,crypto,
2025-07-14,2025-07-14 05:30:00,2974.2654952333387,18605172049.087772,2974.2654952333387,2974.2654952333387,2974.2654952333387,ETH-USD,crypto,
2025-07-15,2025-07-15 01:09:24,2996.998811181042,40676319510.57661,2996.998811181042,2996.998811181042,2996.998811181042,ETH-USD,crypto,
2025-04-16,2025-04-16 05:30:00,2.087166740701441,2529137788.826132,2.087166740701441,2.087166740701441,2.087166740701441,XRP-USD,crypto,
2025-04-17,2025-04-17 05:30:00,2.0835198434155506,2975625490.375688,2.0835198434155506,2.0835198434155506,2.0835198434155506,XRP-USD,crypto,
2025-04-18,2025-04-18 05:30:00,2.0677436115822867,2069087395.311297,2.0677436115822867,2.0677436115822867,2.0677436115822867,XRP-USD,crypto,
2025-04-19,2025-04-19 05:30:00,2.062691684044618,1528702114.8309712,2.062691684044618,2.062691684044618,2.062691684044618,XRP-USD,crypto,
2025-04-20,2025-04-20 05:30:00,2.0855273823856817,1198082570.278999,2.0855273823856817,2.0855273823856817,2.0855273823856817,XRP-USD,crypto,
2025-04-21,2025-04-21 05:30:00,2.0747196454629124,1454273605.4356875,2.0747196454629124,2.0747196454629124,2.0747196454629124,XRP-USD,crypto,
2025-04-22,2025-04-22 05:30:00,2.0806696781556395,2357222891.83461,2.0806696781556395,2.0806696781556395,2.0806696781556395,XRP-USD,crypto,
2025-04-23,2025-04-23 05:30:00,2.221159426695198,4117163104.17999,2.221159426695198,2.221159426695198,2.221159426695198,XRP-USD,crypto,
2025-04-24,2025-04-24 05:30:00,2.217823599038466,4996062046.359891,2.217823599038466,2.217823599038466,2.217823599038466,XRP-USD,crypto,
2025-04-25,2025-04-25 05:30:00,2.206600349886956,4208930304.223753,2.206600349886956,2.206600349886956,2.206600349886956,XRP-USD,crypto,
2025-04-26,2025-04-26 05:30:00,2.1852873809524738,3234722208.502314,2.1852873809524738,2.1852873809524738,2.1852873809524738,XRP-USD,crypto,
2025-04-27,2025-04-27 05:30:00,2.1932493737799863,2459783783.285445,2.1932493737799863,2.1932493737799863,2.1932493737799863,XRP-USD,crypto,
2025-04-28,2025-04-28 05:30:00,2.2566771719971905,3751692488.2109566,2.2566771719971905,2.2566771719971905,2.2566771719971905,XRP-USD,crypto,
2025-04-29,2025-04-29 05:30:00,2.2959679622378415,4072974943.4389,2.2959679622378415,2.2959679622378415,2.2959679622378415,XRP-USD,crypto,
2025-04-30,2025-04-30 05:30:00,2.2399407863578777,2489793878.0180745,2.2399407863578777,2.2399407863578777,2.2399407863578777,XRP-USD,crypto,
2025-05-01,2025-05-01 05:30:00,2.1934727928877984,3252726421.623423,2.1934727928877984,2.1934727928877984,2.1934727928877984,XRP-USD,crypto,
2025-05-02,2025-05-02 05:30:00,2.2143085222346612,2155611895.0543213,2.2143085222346612,2.2143085222346612,2.2143085222346612,XRP-USD,crypto,
2025-05-03,2025-05-03 05:30:00,2.2089170454344824,1739910937.9821632,2.2089170454344824,2.2089170454344824,2.2089170454344824,XRP-USD,crypto,
2025-05-04,2025-05-04 05:30:00,2.188707355411367,1214767487.7877498,2.188707355411367,2.188707355411367,2.188707355411367,XRP-USD,crypto,
2025-05-05,2025-05-05 05:30:00,2.1580623583353407,1372805879.5778592,2.1580623583353407,2.1580623583353407,2.1580623583353407,XRP-USD,crypto,
2025-05-06,2025-05-06 05:30:00,2.1371617409153263,2194829695.4970164,2.1371617409153263,2.1371617409153263,2.1371617409153263,XRP-USD,crypto,
2025-05-07,2025-05-07 05:30:00,2.1553467775958843,2048616981.3491316,2.1553467775958843,2.1553467775958843,2.1553467775958843,XRP-USD,crypto,
2025-05-08,2025-05-08 05:30:00,2.1289110212370352,3559099566.438218,2.1289110212370352,2.1289110212370352,2.1289110212370352,XRP-USD,crypto,
2025-05-09,2025-05-09 05:30:00,2.318857034757937,4731256282.308641,2.318857034757937,2.318857034757937,2.318857034757937,XRP-USD,crypto,
2025-05-10,2025-05-10 05:30:00,2.34260418658349,6008731144.741504,2.34260418658349,2.34260418658349,2.34260418658349,XRP-USD,crypto,
2025-05-11,2025-05-11 05:30:00,2.465515991652043,4343182682.254746,2.465515991652043,2.465515991652043,2.465515991652043,XRP-USD,crypto,
2025-05-12,2025-05-12 05:30:00,2.3665185406774456,3957902320.317386,2.3665185406774456,2.3665185406774456,2.3665185406774456,XRP-USD,crypto,
2025-05-13,2025-05-13 05:30:00,2.5407166812994824,10787624520.70423,2.5407166812994824,2.5407166812994824,2.5407166812994824,XRP-USD,crypto,
2025-05-14,2025-05-14 05:30:00,2.5882656119238727,6137110174.707251,2.5882656119238727,2.5882656119238727,2.5882656119238727,XRP-USD,crypto,
2025-05-15,2025-05-15 05:30:00,2.552660064054796,4956660171.954109,2.552660064054796,2.552660064054796,2.552660064054796,XRP-USD,crypto,
2025-05-16,2025-05-16 05:30:00,2.3780203600308965,5285627666.563696,2.3780203600308965,2.3780203600308965,2.3780203600308965,XRP-USD,crypto,
2025-05-17,2025-05-17 05:30:00,2.387491166631724,3668091279.885704,2.387491166631724,2.387491166631724,2.387491166631724,XRP-USD,crypto,
2025-05-18,2025-05-18 05:30:00,2.352615765613394,2378581122.524433,2.352615765613394,2.352615765613394,2.352615765613394,XRP-USD,crypto,
2025-05-19,2025-05-19 05:30:00,2.4178990437197814,2871045382.6763167,2.4178990437197814,2.4178990437197814,2.4178990437197814,XRP-USD,crypto,
2025-05-20,2025-05-20 05:30:00,2.3808727609208282,3326769717.093891,2.3808727609208282,2.3808727609208282,2.3808727609208282,XRP-USD,crypto,
2025-05-21,2025-05-21 05:30:00,2.356578233921423,2736702822.998838,2.356578233921423,2.356578233921423,2.356578233921423,XRP-USD,crypto,
2025-05-22,2025-05-22 05:30:00,2.4028996266349396,3857208347.067667,2.4028996266349396,2.4028996266349396,2.4028996266349396,XRP-USD,crypto,
2025-05-23,2025-05-23 05:30:00,2.4284164339274192,3423292472.9337497,2.4284164339274192,2.4284164339274192,2.4284164339274192,XRP-USD,crypto,
2025-05-24,2025-05-24 05:30:00,2.2991928362328755,3803614983.5157166,2.2991928362328755,2.2991928362328755,2.2991928362328755,XRP-USD,crypto,
2025-05-25,2025-05-25 05:30:00,2.3319094660057416,1372961335.2188973,2.3319094660057416,2.3319094660057416,2.3319094660057416,XRP-USD,crypto,
2025-05-26,2025-05-26 05:30:00,2.3405861862412927,1905275005.1451297,2.3405861862412927,2.3405861862412927,2.3405861862412927,XRP-USD,crypto,
2025-05-27,2025-05-27 05:30:00,2.3082922649115565,1661784737.5361876,2.3082922649115565,2.3082922649115565,2.3082922649115565,XRP-USD,crypto,
2025-05-28,2025-05-28 05:30:00,2.3186677687774426,2048276738.5749948,2.3186677687774426,2.3186677687774426,2.3186677687774426,XRP-USD,crypto,
2025-05-29,2025-05-29 05:30:00,2.2746048552552507,2074053702.379202,2.2746048552552507,2.2746048552552507,2.2746048552552507,XRP-USD,crypto,
2025-05-30,2025-05-30 05:30:00,2.2505538163676135,2179459280.652964,2.2505538163676135,2.2505538163676135,2.2505538163676135,XRP-USD,crypto,
2025-05-31,2025-05-31 05:30:00,2.1423194738068942,3372833929.9944954,2.1423194738068942,2.1423194738068942,2.1423194738068942,XRP-USD,crypto,
2025-06-01,2025-06-01 05:30:00,2.177000081626197,2268132685.3159456,2.177000081626197,2.177000081626197,2.177000081626197,XRP-USD,crypto,
2025-06-02,2025-06-02 05:30:00,2.1802830722675224,1521954083.381058,2.1802830722675224,2.1802830722675224,2.1802830722675224,XRP-USD,crypto,
2025-06-03,2025-06-03 05:30:00,2.2004265864927537,1856646284.2520795,2.2004265864927537,2.2004265864927537,2.2004265864927537,XRP-USD,crypto,
2025-06-04,2025-06-04 05:30:00,2.2486280245071963,2193921747.996483,2.2486280245071963,2.2486280245071963,2.2486280245071963,XRP-USD,crypto,
2025-06-05,2025-06-05 05:30:00,2.202322198067478,1714810311.215842,2.202322198067478,2.202322198067478,2.202322198067478,XRP-USD,crypto,
2025-06-06,2025-06-06 05:30:00,2.0970164299223453,2893388349.562232,2.0970164299223453,2.0970164299223453,2.0970164299223453,XRP-USD,crypto,
2025-06-07,2025-06-07 05:30:00,2.163852346114403,1854390911.9791367,2.163852346114403,2.163852346114403,2.163852346114403,XRP-USD,crypto,
2025-06-08,2025-06-08 05:30:00,2.1779065492597427,953843043.4304752,2.1779065492597427,2.1779065492597427,2.1779065492597427,XRP-USD,crypto,
2025-06-09,2025-06-09 05:30:00,2.2629632981656744,2297445951.3852534,2.2629632981656744,2.2629632981656744,2.2629632981656744,XRP-USD,crypto,
2025-06-10,2025-06-10 05:30:00,2.321075765224377,2774696976.06667,2.321075765224377,2.321075765224377,2.321075765224377,XRP-USD,crypto,
2025-06-11,2025-06-11 05:30:00,2.305016386019404,2612062557.9833493,2.305016386019404,2.305016386019404,2.305016386019404,XRP-USD,crypto,
2025-06-12,2025-06-12 05:30:00,2.2701428874939213,2624047756.9494534,2.2701428874939213,2.2701428874939213,2.2701428874939213,XRP-USD,crypto,
2025-06-13,2025-06-13 05:30:00,2.1954298391805,2202653947.4050665,2.1954298391805,2.1954298391805,2.1954298391805,XRP-USD,crypto,
2025-06-14,2025-06-14 05:30:00,2.148866270593598,3949716840.388356,2.148866270593598,2.148866270593598,2.148866270593598,XRP-USD,crypto,
2025-06-15,2025-06-15 05:30:00,2.141891800480294,1687489656.576244,2.141891800480294,2.141891800480294,2.141891800480294,XRP-USD,crypto,
2025-06-16,2025-06-16 05:30:00,2.166318490313782,1231293467.1767986,2.166318490313782,2.166318490313782,2.166318490313782,XRP-USD,crypto,
2025-06-17,2025-06-17 05:30:00,2.255537416572947,4466552529.620607,2.255537416572947,2.255537416572947,2.255537416572947,XRP-USD,crypto,
2025-06-18,2025-06-18 05:30:00,2.1632317759396993,3466660612.110638,2.1632317759396993,2.1632317759396993,2.1632317759396993,XRP-USD,crypto,
2025-06-19,2025-06-19 05:30:00,2.1686830671349613,2350823381.424604,2.1686830671349613,2.1686830671349613,2.1686830671349613,XRP-USD,crypto,
2025-06-20,2025-06-20 05:30:00,2.166239439916603,1450568729.9521883,2.166239439916603,2.166239439916603,2.166239439916603,XRP-USD,crypto,
2025-06-21,2025-06-21 05:30:00,2.1201128146436803,2098115334.487172,2.1201128146436803,2.1201128146436803,2.1201128146436803,XRP-USD,crypto,
2025-06-22,2025-06-22 05:30:00,2.044379922195215,2305504805.382443,2.044379922195215,2.044379922195215,2.044379922195215,XRP-USD,crypto,
2025-06-23,2025-06-23 05:30:00,2.013512764553698,4449887424.63551,2.013512764553698,2.013512764553698,2.013512764553698,XRP-USD,crypto,
2025-06-24,2025-06-24 05:30:00,2.1640075102022664,4004307867.6364536,2.1640075102022664,2.1640075102022664,2.1640075102022664,XRP-USD,crypto,
2025-06-25,2025-06-25 05:30:00,2.1890368617248566,3119419439.9970093,2.1890368617248566,2.1890368617248566,2.1890368617248566,XRP-USD,crypto,
2025-06-26,2025-06-26 05:30:00,2.1839169388853152,2234760744.378113,2.1839169388853152,2.1839169388853152,2.1839169388853152,XRP-USD,crypto,
2025-06-27,2025-06-27 05:30:00,2.105597069865388,2569634191.4677787,2.105597069865388,2.105597069865388,2.105597069865388,XRP-USD,crypto,
2025-06-28,2025-06-28 05:30:00,2.140945561649059,2600100605.537264,2.140945561649059,2.140945561649059,2.140945561649059,XRP-USD,crypto,
2025-06-29,2025-06-29 05:30:00,2.185743305637095,1909072124.1732078,2.185743305637095,2.185743305637095,2.185743305637095,XRP-USD,crypto,
2025-06-30,2025-06-30 05:30:00,2.2080779439640237,1320178860.3618104,2.2080779439640237,2.2080779439640237,2.2080779439640237,XRP-USD,crypto,
2025-07-01,2025-07-01 05:30:00,2.2397868943055363,3688723731.503887,2.2397868943055363,2.2397868943055363,2.2397868943055363,XRP-USD,crypto,
2025-07-02,2025-07-02 05:30:00,2.171453605552325,2782662990.9534025,2.171453605552325,2.171453605552325,2.171453605552325,XRP-USD,crypto,
2025-07-03,2025-07-03 05:30:00,2.234339504341481,3660413082.1301646,2.234339504341481,2.234339504341481,2.234339504341481,XRP-USD,crypto,
2025-07-04,2025-07-04 05:30:00,2.2565985381225446,3456952710.4009995,2.2565985381225446,2.2565985381225446,2.2565985381225446,XRP-USD,crypto,
2025-07-05,2025-07-05 05:30:00,2.220660517934634,1759263909.260319,2.220660517934634,2.220660517934634,2.220660517934634,XRP-USD,crypto,
2025-07-06,2025-07-06 05:30:00,2.2177115630108464,898181111.5827129,2.2177115630108464,2.2177115630108464,2.2177115630108464,XRP-USD,crypto,
2025-07-07,2025-07-07 05:30:00,2.2711234551626793,2334073292.9256063,2.2711234551626793,2.2711234551626793,2.2711234551626793,XRP-USD,crypto,
2025-07-08,2025-07-08 05:30:00,2.275084085302051,3876739211.500435,2.275084085302051,2.275084085302051,2.275084085302051,XRP-USD,crypto,
2025-07-09,2025-07-09 05:30:00,2.3106154308712163,2680689161.887867,2.3106154308712163,2.3106154308712163,2.3106154308712163,XRP-USD,crypto,
2025-07-10,2025-07-10 05:30:00,2.405267395272407,4432186610.184976,2.405267395272407,2.405267395272407,2.405267395272407,XRP-USD,crypto,
2025-07-11,2025-07-11 05:30:00,2.5456780481070833,5263609598.373313,2.5456780481070833,2.5456780481070833,2.5456780481070833,XRP-USD,crypto,
2025-07-12,2025-07-12 05:30:00,2.735777793849028,14004307576.909258,2.735777793849028,2.735777793849028,2.735777793849028,XRP-USD,crypto,
2025-07-13,2025-07-13 05:30:00,2.7403085663356155,7635333692.640345,2.7403085663356155,2.7403085663356155,2.7403085663356155,XRP-USD,crypto,
2025-07-14,2025-07-14 05:30:00,2.836943449825265,6320439963.46504,2.836943449825265,2.836943449825265,2.836943449825265,XRP-USD,crypto,
2025-07-15,2025-07-15 01:09:28,2.9273768755132297,10796924694.604836,2.9273768755132297,2.9273768755132297,2.9273768755132297,XRP-USD,crypto,
2025-04-16,2025-04-16 05:30:00,0.6080639244271904,709020814.1750429,0.6080639244271904,0.6080639244271904,0.6080639244271904,ADA-USD,crypto,
2025-04-17,2025-04-17 05:30:00,0.6106653469788688,591359664.0730368,0.6106653469788688,0.6106653469788688,0.6106653469788688,ADA-USD,crypto,
2025-04-18,2025-04-18 05:30:00,0.6168950161106203,448807472.6198462,0.6168950161106203,0.6168950161106203,0.6168950161106203,ADA-USD,crypto,
2025-04-19,2025-04-19 05:30:00,0.6273043794612541,374649872.12397456,0.6273043794612541,0.6273043794612541,0.6273043794612541,ADA-USD,crypto,
2025-04-20,2025-04-20 05:30:00,0.6280852975713835,331430508.4467672,0.6280852975713835,0.6280852975713835,0.6280852975713835,ADA-USD,crypto,
2025-04-21,2025-04-21 05:30:00,0.6202087731824584,354987761.1249453,0.6202087731824584,0.6202087731824584,0.6202087731824584,ADA-USD,crypto,
2025-04-22,2025-04-22 05:30:00,0.6226371412727918,632027422.0139718,0.6226371412727918,0.6226371412727918,0.6226371412727918,ADA-USD,crypto,
2025-04-23,2025-04-23 05:30:00,0.6821362911471233,834269402.8814627,0.6821362911471233,0.6821362911471233,0.6821362911471233,ADA-USD,crypto,
2025-04-24,2025-04-24 05:30:00,0.6972646472481486,967029539.1144488,0.6972646472481486,0.6972646472481486,0.6972646472481486,ADA-USD,crypto,
2025-04-25,2025-04-25 05:30:00,0.7220676397924738,1035019627.1012883,0.7220676397924738,0.7220676397924738,0.7220676397924738,ADA-USD,crypto,
2025-04-26,2025-04-26 05:30:00,0.7138859038055668,949069153.9271946,0.7138859038055668,0.7138859038055668,0.7138859038055668,ADA-USD,crypto,
2025-04-27,2025-04-27 05:30:00,0.7075935331519487,659341778.5746859,0.7075935331519487,0.7075935331519487,0.7075935331519487,ADA-USD,crypto,
2025-04-28,2025-04-28 05:30:00,0.704070171794187,567359217.6728809,0.704070171794187,0.704070171794187,0.704070171794187,ADA-USD,crypto,
2025-04-29,2025-04-29 05:30:00,0.7052906740354157,889987578.2822492,0.7052906740354157,0.7052906740354157,0.7052906740354157,ADA-USD,crypto,
2025-04-30,2025-04-30 05:30:00,0.6957354792970168,817939169.992459,0.6957354792970168,0.6957354792970168,0.6957354792970168,ADA-USD,crypto,
2025-05-01,2025-05-01 05:30:00,0.6820275063998128,592053391.6761067,0.6820275063998128,0.6820275063998128,0.6820275063998128,ADA-USD,crypto,
2025-05-02,2025-05-02 05:30:00,0.7048540559063339,586072580.7401356,0.7048540559063339,0.7048540559063339,0.7048540559063339,ADA-USD,crypto,
2025-05-03,2025-05-03 05:30:00,0.6974986414291682,606872856.4955413,0.6974986414291682,0.6974986414291682,0.6974986414291682,ADA-USD,crypto,
2025-05-04,2025-05-04 05:30:00,0.7013467253059199,752443709.4776694,0.7013467253059199,0.7013467253059199,0.7013467253059199,ADA-USD,crypto,
2025-05-05,2025-05-05 05:30:00,0.6763756494805502,661246645.056914,0.6763756494805502,0.6763756494805502,0.6763756494805502,ADA-USD,crypto,
2025-05-06,2025-05-06 05:30:00,0.6631639151504879,664925434.1708654,0.6631639151504879,0.6631639151504879,0.6631639151504879,ADA-USD,crypto,
2025-05-07,2025-05-07 05:30:00,0.6787761903074216,552471849.9156157,0.6787761903074216,0.6787761903074216,0.6787761903074216,ADA-USD,crypto,
2025-05-08,2025-05-08 05:30:00,0.671376495581957,582536184.2563542,0.671376495581957,0.671376495581957,0.671376495581957,ADA-USD,crypto,
2025-05-09,2025-05-09 05:30:00,0.7651537464755499,1355272025.0992892,0.7651537464755499,0.7651537464755499,0.7651537464755499,ADA-USD,crypto,
2025-05-10,2025-05-10 05:30:00,0.7773024778174161,1491055749.585572,0.7773024778174161,0.7773024778174161,0.7773024778174161,ADA-USD,crypto,
2025-05-11,2025-05-11 05:30:00,0.8400596557571808,1390682398.3795056,0.8400596557571808,0.8400596557571808,0.8400596557571808,ADA-USD,crypto,
2025-05-12,2025-05-12 05:30:00,0.8048629924679394,1096359924.9786,0.8048629924679394,0.8048629924679394,0.8048629924679394,ADA-USD,crypto,
2025-05-13,2025-05-13 05:30:00,0.8191103769126542,1891364013.690922,0.8191103769126542,0.8191103769126542,0.8191103769126542,ADA-USD,crypto,
2025-05-14,2025-05-14 05:30:00,0.8312541090164433,1249623977.9694462,0.8312541090164433,0.8312541090164433,0.8312541090164433,ADA-USD,crypto,
2025-05-15,2025-05-15 05:30:00,0.7985815955519888,1166899569.1134908,0.7985815955519888,0.7985815955519888,0.7985815955519888,ADA-USD,crypto,
2025-05-16,2025-05-16 05:30:00,0.760909266948887,1032947704.5832616,0.760909266948887,0.760909266948887,0.760909266948887,ADA-USD,crypto,
2025-05-17,2025-05-17 05:30:00,0.7605802350885046,777814627.6177915,0.7605802350885046,0.7605802350885046,0.7605802350885046,ADA-USD,crypto,
2025-05-18,2025-05-18 05:30:00,0.7424784161936966,906498912.2572886,0.7424784161936966,0.7424784161936966,0.7424784161936966,ADA-USD,crypto,
2025-05-19,2025-05-19 05:30:00,0.7518394820880364,949005467.3644464,0.7518394820880364,0.7518394820880364,0.7518394820880364,ADA-USD,crypto,
2025-05-20,2025-05-20 05:30:00,0.7426046048097757,855716668.7541951,0.7426046048097757,0.7426046048097757,0.7426046048097757,ADA-USD,crypto,
2025-05-21,2025-05-21 05:30:00,0.7456441858290309,690998975.7792397,0.7456441858290309,0.7456441858290309,0.7456441858290309,ADA-USD,crypto,
2025-05-22,2025-05-22 05:30:00,0.772065003489696,1077168981.202006,0.772065003489696,0.772065003489696,0.772065003489696,ADA-USD,crypto,
2025-05-23,2025-05-23 05:30:00,0.8077548195843751,1069425848.6042526,0.8077548195843751,0.8077548195843751,0.8077548195843751,ADA-USD,crypto,
2025-05-24,2025-05-24 05:30:00,0.748254247966839,1417851508.940276,0.748254247966839,0.748254247966839,0.748254247966839,ADA-USD,crypto,
2025-05-25,2025-05-25 05:30:00,0.7460261925160765,630031485.6921482,0.7460261925160765,0.7460261925160765,0.7460261925160765,ADA-USD,crypto,
2025-05-26,2025-05-26 05:30:00,0.7589761692612583,673782320.823423,0.7589761692612583,0.7589761692612583,0.7589761692612583,ADA-USD,crypto,
2025-05-27,2025-05-27 05:30:00,0.7582470752465925,588809796.8894885,0.7582470752465925,0.7582470752465925,0.7582470752465925,ADA-USD,crypto,
2025-05-28,2025-05-28 05:30:00,0.7578018172885506,652902725.7086877,0.7578018172885506,0.7578018172885506,0.7578018172885506,ADA-USD,crypto,
2025-05-29,2025-05-29 05:30:00,0.7465205662397495,546997351.279757,0.7465205662397495,0.7465205662397495,0.7465205662397495,ADA-USD,crypto,
2025-05-30,2025-05-30 05:30:00,0.724272085506191,649806532.9053063,0.724272085506191,0.724272085506191,0.724272085506191,ADA-USD,crypto,
2025-05-31,2025-05-31 05:30:00,0.6912614352706643,935627012.618067,0.6912614352706643,0.6912614352706643,0.6912614352706643,ADA-USD,crypto,
2025-06-01,2025-06-01 05:30:00,0.6863035406713839,721005660.5061203,0.6863035406713839,0.6863035406713839,0.6863035406713839,ADA-USD,crypto,
2025-06-02,2025-06-02 05:30:00,0.6853559510305921,524853161.2361533,0.6853559510305921,0.6853559510305921,0.6853559510305921,ADA-USD,crypto,
2025-06-03,2025-06-03 05:30:00,0.6900620402912112,570636794.5706515,0.6900620402912112,0.6900620402912112,0.6900620402912112,ADA-USD,crypto,
2025-06-04,2025-06-04 05:30:00,0.684833771475063,494639383.16412145,0.684833771475063,0.684833771475063,0.684833771475063,ADA-USD,crypto,
2025-06-05,2025-06-05 05:30:00,0.6662352525151268,400096118.0279466,0.6662352525151268,0.6662352525151268,0.6662352525151268,ADA-USD,crypto,
2025-06-06,2025-06-06 05:30:00,0.6279989717216173,759754191.8443644,0.6279989717216173,0.6279989717216173,0.6279989717216173,ADA-USD,crypto,
2025-06-07,2025-06-07 05:30:00,0.6564156318236438,579132039.6493936,0.6564156318236438,0.6564156318236438,0.6564156318236438,ADA-USD,crypto,
2025-06-08,2025-06-08 05:30:00,0.665097118031322,345182718.07783103,0.665097118031322,0.665097118031322,0.665097118031322,ADA-USD,crypto,
2025-06-09,2025-06-09 05:30:00,0.6696475032429187,445907844.38359064,0.6696475032429187,0.6696475032429187,0.6696475032429187,ADA-USD,crypto,
2025-06-10,2025-06-10 05:30:00,0.7051927875959849,556699781.999879,0.7051927875959849,0.7051927875959849,0.7051927875959849,ADA-USD,crypto,
2025-06-11,2025-06-11 05:30:00,0.7161084051691045,816441834.7804779,0.7161084051691045,0.7161084051691045,0.7161084051691045,ADA-USD,crypto,
2025-06-12,2025-06-12 05:30:00,0.6978609557770317,650490779.2528718,0.6978609557770317,0.6978609557770317,0.6978609557770317,ADA-USD,crypto,
2025-06-13,2025-06-13 05:30:00,0.6645616396607636,644736788.8081536,0.6645616396607636,0.6645616396607636,0.6645616396607636,ADA-USD,crypto,
2025-06-14,2025-06-14 05:30:00,0.6415287116259395,967144196.2984973,0.6415287116259395,0.6415287116259395,0.6415287116259395,ADA-USD,crypto,
2025-06-15,2025-06-15 05:30:00,0.6249531411165467,377703624.01002413,0.6249531411165467,0.6249531411165467,0.6249531411165467,ADA-USD,crypto,
2025-06-16,2025-06-16 05:30:00,0.6338091675682362,306474152.5964094,0.6338091675682362,0.6338091675682362,0.6338091675682362,ADA-USD,crypto,
2025-06-17,2025-06-17 05:30:00,0.6348092267777333,634345979.704381,0.6348092267777333,0.6348092267777333,0.6348092267777333,ADA-USD,crypto,
2025-06-18,2025-06-18 05:30:00,0.6114224843190872,668780456.8391515,0.6114224843190872,0.6114224843190872,0.6114224843190872,ADA-USD,crypto,
2025-06-19,2025-06-19 05:30:00,0.6031520541269734,649432905.7020996,0.6031520541269734,0.6031520541269734,0.6031520541269734,ADA-USD,crypto,
2025-06-20,2025-06-20 05:30:00,0.6022517506298001,411526119.6336923,0.6022517506298001,0.6022517506298001,0.6022517506298001,ADA-USD,crypto,
2025-06-21,2025-06-21 05:30:00,0.5768480561772417,655089381.7343858,0.5768480561772417,0.5768480561772417,0.5768480561772417,ADA-USD,crypto,
2025-06-22,2025-06-22 05:30:00,0.5507083653541873,616320411.8508501,0.5507083653541873,0.5507083653541873,0.5507083653541873,ADA-USD,crypto,
2025-06-23,2025-06-23 05:30:00,0.5411301510006504,1046673222.5903796,0.5411301510006504,0.5411301510006504,0.5411301510006504,ADA-USD,crypto,
2025-06-24,2025-06-24 05:30:00,0.5832401178415064,923344856.19398,0.5832401178415064,0.5832401178415064,0.5832401178415064,ADA-USD,crypto,
2025-06-25,2025-06-25 05:30:00,0.5872194649270592,716773448.9598132,0.5872194649270592,0.5872194649270592,0.5872194649270592,ADA-USD,crypto,
2025-06-26,2025-06-26 05:30:00,0.5667721482568538,549499472.3311824,0.5667721482568538,0.5667721482568538,0.5667721482568538,ADA-USD,crypto,
2025-06-27,2025-06-27 05:30:00,0.5541621947716998,546164591.2662042,0.5541621947716998,0.5541621947716998,0.5541621947716998,ADA-USD,crypto,
2025-06-28,2025-06-28 05:30:00,0.5586998411211989,461343367.5389696,0.5586998411211989,0.5586998411211989,0.5586998411211989,ADA-USD,crypto,
2025-06-29,2025-06-29 05:30:00,0.5655976009022613,328696976.3556034,0.5655976009022613,0.5655976009022613,0.5655976009022613,ADA-USD,crypto,
2025-06-30,2025-06-30 05:30:00,0.5775074724180472,546299719.7888314,0.5775074724180472,0.5775074724180472,0.5775074724180472,ADA-USD,crypto,
2025-07-01,2025-07-01 05:30:00,0.5720180140652412,685730060.096957,0.5720180140652412,0.5720180140652412,0.5720180140652412,ADA-USD,crypto,
2025-07-02,2025-07-02 05:30:00,0.5421512626893101,631715565.0969181,0.5421512626893101,0.5421512626893101,0.5421512626893101,ADA-USD,crypto,
2025-07-03,2025-07-03 05:30:00,0.5846952591552708,934344132.0381689,0.5846952591552708,0.5846952591552708,0.5846952591552708,ADA-USD,crypto,
2025-07-04,2025-07-04 05:30:00,0.5987839336899987,723259758.2613916,0.5987839336899987,0.5987839336899987,0.5987839336899987,ADA-USD,crypto,
2025-07-05,2025-07-05 05:30:00,0.5728146380802783,539620249.5139698,0.5728146380802783,0.5728146380802783,0.5728146380802783,ADA-USD,crypto,
2025-07-06,2025-07-06 05:30:00,0.5760131698614164,287359327.05554503,0.5760131698614164,0.5760131698614164,0.5760131698614164,ADA-USD,crypto,
2025-07-07,2025-07-07 05:30:00,0.5857056935866781,379742988.53059584,0.5857056935866781,0.5857056935866781,0.5857056935866781,ADA-USD,crypto,
2025-07-08,2025-07-08 05:30:00,0.5798100944867142,559194866.5817564,0.5798100944867142,0.5798100944867142,0.5798100944867142,ADA-USD,crypto,
2025-07-09,2025-07-09 05:30:00,0.5882961516358525,487674618.9568239,0.5882961516358525,0.5882961516358525,0.5882961516358525,ADA-USD,crypto,
2025-07-10,2025-07-10 05:30:00,0.6236218758822067,921412284.2952383,0.6236218758822067,0.6236218758822067,0.6236218758822067,ADA-USD,crypto,
2025-07-11,2025-07-11 05:30:00,0.6771328310749256,1062017291.4508075,0.6771328310749256,0.6771328310749256,0.6771328310749256,ADA-USD,crypto,
2025-07-12,2025-07-12 05:30:00,0.7108207334882014,2545650162.8728247,0.7108207334882014,0.7108207334882014,0.7108207334882014,ADA-USD,crypto,
2025-07-13,2025-07-13 05:30:00,0.7087303921384289,1194202622.657187,0.7087303921384289,0.7087303921384289,0.7087303921384289,ADA-USD,crypto,
2025-07-14,2025-07-14 05:30:00,0.7378983923650405,1350750371.5082395,0.7378983923650405,0.7378983923650405,0.7378983923650405,ADA-USD,crypto,
2025-07-15,2025-07-15 01:09:23,0.7313336219768309,1585080545.8005173,0.7313336219768309,0.7313336219768309,0.7313336219768309,ADA-USD,crypto,
2024-11-06,2024-11-06 00:00:00,355.9138723043674,1462784.0,361.1996460449448,362.418175509696,354.66706625465144,AAPL,stock,True
2024-11-07,2024-11-07 00:00:00,361.1738528478951,2313122.0,357.5659738634972,364.59881987640773,354.1265474843981,AAPL,stock,True
2024-11-08,2024-11-08 00:00:00,357.4357256215447,1855272.0,355.7133696410585,358.2101483155963,355.4759451782061,AAPL,stock,True
2024-11-11,2024-11-11 00:00:00,355.5199943626569,4959247.0,350.7637740798437,358.9809061617442,349.1256483915644,AAPL,stock,True
2024-11-12,2024-11-12 00:00:00,350.70942199335985,4065747.0,355.8162948390663,358.0718468147608,350.59666501146006,AAPL,stock,True
2024-11-13,2024-11-13 00:00:00,355.65094770048023,1268450.0,352.54605217475444,357.1845423620801,350.98663512257275,AAPL,stock,True
2024-11-14,2024-11-14 00:00:00,352.62518065705854,2327782.0,349.4316555052689,353.09552257780086,348.17753141241695,AAPL,stock,True
2024-11-15,2024-11-15 00:00:00,349.27822120787005,2969392.0,347.27124916617,350.7474751612516,346.269760655864,AAPL,stock,True
2024-11-18,2024-11-18 00:00:00,347.2408150019545,846312.0,351.2232047432895,354.05036500902565,345.9694556287828,AAPL,stock,True
2024-11-19,2024-11-19 00:00:00,351.2334507421135,804566.0,350.7288944414938,353.4653362287677,347.9469282749131,AAPL,stock,True
2024-11-20,2024-11-20 00:00:00,350.65192635468594,769560.0,352.3549945871133,355.35273446731793,350.28904722503165,AAPL,stock,True
2024-11-21,2024-11-21 00:00:00,352.2378853355048,1075901.0,348.8861880112889,354.9773319135534,347.5949314263764,AAPL,stock,True
2024-11-22,2024-11-22 00:00:00,348.70828636106734,3507196.0,350.073629853868,353.49966787479127,347.06193826378876,AAPL,stock,True
2024-11-25,2024-11-25 00:00:00,350.1445426080456,1935736.0,350.03180775204623,351.63663834750275,347.0790263234517,AAPL,stock,True
2024-11-26,2024-11-26 00:00:00,350.0033069344214,1358544.0,352.0848628641778,352.85263207775245,348.09483941997325,AAPL,stock,True
2024-11-27,2024-11-27 00:00:00,351.90709897777265,1530000.0,349.0748601676846,352.600283711839,345.7185768075434,AAPL,stock,True
2024-11-28,2024-11-28 00:00:00,348.93122495636044,1384585.0,350.98656072765596,351.2951176573873,348.7694181142612,AAPL,stock,True
2024-11-29,2024-11-29 00:00:00,350.9247056702867,3627908.0,355.23092652242576,357.50398510005016,350.0477956135255,AAPL,stock,True
2024-12-02,2024-12-02 00:00:00,355.0997971063453,1230463.0,358.489250512842,361.23426708654824,353.36583525791207,AAPL,stock,True
2024-12-03,2024-12-03 00:00:00,358.31002515137243,4223928.0,360.313927283994,360.8483350878129,358.17563525038224,AAPL,stock,True
2024-12-04,2024-12-04 00:00:00,360.3771396444421,4282464.0,356.66571612093543,361.87228149293406,355.6826054493952,AAPL,stock,True
2024-12-05,2024-12-05 00:00:00,356.51609352526134,4373855.0,360.32105487896126,363.6504520306877,354.7103408045187,AAPL,stock,True
2024-12-06,2024-12-06 00:00:00,360.35161593422316,1088971.0,360.6960357740075,360.90218665301876,356.8887129944812,AAPL,stock,True
2024-12-09,2024-12-09 00:00:00,360.6783769221504,4091058.0,355.89295324314753,364.16732836859677,353.2550255962971,AAPL,stock,True
2024-12-10,2024-12-10 00:00:00,355.7118305716832,2394963.0,358.02162144707347,359.94912385213115,352.8771179844499,AAPL,stock,True
2024-12-11,2024-12-11 00:00:00,358.05227996870804,4282279.0,358.63529313769703,359.87768559772695,355.0941732805816,AAPL,stock,True
2024-12-12,2024-12-12 00:00:00,358.7600327511373,2948595.0,359.0856986266478,361.28284093912265,358.24732527836454,AAPL,stock,True
2024-12-13,2024-12-13 00:00:00,358.94917533240186,4502173.0,354.40001330489144,359.98576809567027,352.1049868342971,AAPL,stock,True
2024-12-16,2024-12-16 00:00:00,354.30272599088937,3518275.0,358.15599135079935,359.73010505858076,353.76336076415083,AAPL,stock,True
2024-12-17,2024-12-17 00:00:00,358.14733900434595,2832187.0,360.5338452916412,360.63703293483496,358.04388377128345,AAPL,stock,True
2024-12-18,2024-12-18 00:00:00,360.4612775924137,3389868.0,358.06692405210083,363.29476726635494,354.830600439995,AAPL,stock,True
2024-12-19,2024-12-19 00:00:00,358.10209619534646,1055796.0,354.3160932877492,358.2933083792799,352.6391432129163,AAPL,stock,True
2024-12-20,2024-12-20 00:00:00,354.2839359724915,3493721.0,353.59401546734165,356.43769686555873,353.1863123366984,AAPL,stock,True
2024-12-23,2024-12-23 00:00:00,353.7354682414068,1322939.0,358.4101256786761,359.9146712199407,351.09103509298785,AAPL,stock,True
2024-12-24,2024-12-24 00:00:00,358.32983115779587,997197.0,359.04648502393724,361.5591798082999,356.18623874401567,AAPL,stock,True
2024-12-25,2024-12-25 00:00:00,359.15606470482476,1304422.0,360.26711762220054,362.10067240023915,357.5686437818704,AAPL,stock,True
2024-12-26,2024-12-26 00:00:00,360.23988097405146,2266100.0,360.00139511233766,361.3192980012612,358.0313512333537,AAPL,stock,True
2024-12-27,2024-12-27 00:00:00,360.01783267767956,1130832.0,361.5965255596494,363.1767261674087,357.6708400822986,AAPL,stock,True
2024-12-30,2024-12-30 00:00:00,361.7144363695114,3568782.0,367.0850314540043,367.4710247858848,361.3888466326132,AAPL,stock,True
2024-12-31,2024-12-31 00:00:00,367.10778431840254,4603882.0,361.91291945506686,367.5898171543444,361.9023670385234,AAPL,stock,True
2025-01-01,2025-01-01 00:00:00,361.9447226401506,1534497.0,359.7756953847769,363.3185631613967,358.5995360939323,AAPL,stock,True
2025-01-02,2025-01-02 00:00:00,359.77605758641675,3109445.0,357.60486696767464,360.65398962374985,356.2682916461685,AAPL,stock,True
2025-01-03,2025-01-03 00:00:00,357.4668624242975,3676692.0,359.28674065792177,360.1091852404383,356.34938711458733,AAPL,stock,True
2025-01-06,2025-01-06 00:00:00,359.1256886764404,1455472.0,354.9261819679711,361.28635171732293,352.8570557766972,AAPL,stock,True
2025-01-07,2025-01-07 00:00:00,354.90205566876574,1030717.0,354.63239043854423,355.3061305312111,353.79601649668206,AAPL,stock,True
2025-01-08,2025-01-08 00:00:00,354.53885749557264,3360721.0,357.87434036876164,360.1516452577088,353.88816859487736,AAPL,stock,True
2025-01-09,2025-01-09 00:00:00,357.8865638707258,2358062.0,357.5934579280166,358.6472141379007,355.60587510008276,AAPL,stock,True
2025-01-10,2025-01-10 00:00:00,357.4299831231805,4526289.0,356.13602083801794,358.53318690202406,355.3248909752974,AAPL,stock,True
2025-01-13,2025-01-13 00:00:00,356.1172362396806,4499904.0,353.7142176820134,357.88199668530376,350.624936994976,AAPL,stock,True
2025-01-14,2025-01-14 00:00:00,353.562777852969,4175427.0,351.43575855420204,354.5712607601814,350.294724194937,AAPL,stock,True
2025-01-15,2025-01-15 00:00:00,351.290359578321,3443801.0,353.1315054736978,354.06015440530814,350.53498428348536,AAPL,stock,True
2025-01-16,2025-01-16 00:00:00,353.2811751284133,3367276.0,357.96279002320875,361.42862178017754,351.04394105403526,AAPL,stock,True
2025-01-17,2025-01-17 00:00:00,358.12028575981833,1947837.0,352.82903477710727,360.30726480410846,351.19112022992726,AAPL,stock,True
2025-01-20,2025-01-20 00:00:00,352.6851365655515,4572005.0,347.6201816601169,352.8534755070225,347.04154135187235,AAPL,stock,True
2025-01-21,2025-01-21 00:00:00,347.6912117933488,765280.0,345.0391858625303,350.6753248352276,341.92367205957567,AAPL,stock,True
2025-01-22,2025-01-22 00:00:00,345.14696562772116,4733562.0,348.42072726405706,350.791512381202,344.67796584828915,AAPL,stock,True
2025-01-23,2025-01-23 00:00:00,348.4860065871364,1796240.0,346.8715085376096,349.98150023781454,345.355973810037,AAPL,stock,True
2025-01-24,2025-01-24 00:00:00,346.99497217486487,1999052.0,341.8788919194015,347.4465406182497,339.47580690809957,AAPL,stock,True
2025-01-27,2025-01-27 00:00:00,341.7893810411186,4964633.0,345.87121212629444,348.33482358048144,340.4541552005607,AAPL,stock,True
2025-01-28,2025-01-28 00:00:00,345.7875895242155,4552901.0,348.96829518651987,349.3246931073315,343.9429991678405,AAPL,stock,True
2025-01-29,2025-01-29 00:00:00,349.10914279074825,4312517.0,354.2588895682927,356.264718009726,347.1884589124537,AAPL,stock,True
2025-01-30,2025-01-30 00:00:00,354.0698459255083,3212965.0,358.0574547007231,359.92278095204546,352.0539785288403,AAPL,stock,True
2025-01-31,2025-01-31 00:00:00,358.1835199862436,2106613.0,362.4993707372959,362.8557422618105,357.92311589399577,AAPL,stock,True
2025-02-03,2025-02-03 00:00:00,362.48807848892363,639959.0,364.06316746134297,364.9290229901849,359.6454340162988,AAPL,stock,True
2025-02-04,2025-02-04 00:00:00,363.9698555386399,1357171.0,361.8504379027755,366.4754271600453,360.9913900757088,AAPL,stock,True
2025-02-05,2025-02-05 00:00:00,362.0103128812369,1070797.0,360.3383064454175,364.0914698334171,360.0166731459177,AAPL,stock,True
2025-02-06,2025-02-06 00:00:00,360.30943616587524,1364251.0,355.6434597205233,362.84272967307527,353.0042319053361,AAPL,stock,True
2025-02-07,2025-02-07 00:00:00,355.800803028181,1321722.0,353.2930867184451,355.9315040890015,351.22731476202296,AAPL,stock,True
2025-02-10,2025-02-10 00:00:00,353.10038427447216,758161.0,357.3621698727435,358.1419759880251,350.78287446782656,AAPL,stock,True
2025-02-11,2025-02-11 00:00:00,357.31315814601146,2065584.0,357.88543886881,358.04589557436384,356.8752191466742,AAPL,stock,True
2025-02-12,2025-02-12 00:00:00,357.71440793074424,4530796.0,358.58977266183217,360.4668809897135,355.19462885674085,AAPL,stock,True
2025-02-13,2025-02-13 00:00:00,358.6024806649035,2157355.0,356.1548286904208,361.28402951067443,354.67623364644203,AAPL,stock,True
2025-02-14,2025-02-14 00:00:00,355.99247110082763,3167403.0,358.07075135131015,361.058806113607,355.3541945204603,AAPL,stock,True
2025-02-17,2025-02-17 00:00:00,358.23152750667964,1315804.0,356.35811141940536,359.0617523159702,356.1008884071192,AAPL,stock,True
2025-02-18,2025-02-18 00:00:00,356.3641807099744,992145.0,355.8890676892276,357.79205185145025,353.1308405731909,AAPL,stock,True
2025-02-19,2025-02-19 00:00:00,355.96439219332825,4681956.0,360.48201924163806,362.5603420870269,353.5002731956205,AAPL,stock,True
2025-02-20,2025-02-20 00:00:00,360.55604520217366,4394616.0,357.6106011101726,361.84347307562905,356.40346586696046,AAPL,stock,True
2025-02-21,2025-02-21 00:00:00,357.6171292268216,4009193.0,355.9290485611992,358.9604202657815,353.99680265449086,AAPL,stock,True
2025-02-24,2025-02-24 00:00:00,355.9178445605201,3494399.0,361.16147087726904,361.96135911456435,355.8630328206936,AAPL,stock,True
2025-02-25,2025-02-25 00:00:00,361.2449643654088,2141854.0,357.2802606696839,364.4769839972765,354.9956615693605,AAPL,stock,True
2025-02-26,2025-02-26 00:00:00,357.43301416582386,4336013.0,358.09833680159744,361.45273960510127,355.13884901116546,AAPL,stock,True
2025-02-27,2025-02-27 00:00:00,358.19339755722774,4010667.0,354.65594406593624,360.7282642371868,354.49641857193615,AAPL,stock,True
2025-02-28,2025-02-28 00:00:00,354.55802461944626,3414910.0,352.15205979195395,356.6450845712539,348.70945590811306,AAPL,stock,True
2025-03-03,2025-03-03 00:00:00,352.1786182455956,3527287.0,355.9223345246191,357.1551232821606,351.57783572889343,AAPL,stock,True
2025-03-04,2025-03-04 00:00:00,355.7334583129944,2056582.0,358.25968451541536,360.94627580991323,354.3580261240568,AAPL,stock,True
2025-03-05,2025-03-05 00:00:00,358.14862176926846,3534419.0,354.77380522335244,360.8620650145045,352.4127905389088,AAPL,stock,True
2025-03-06,2025-03-06 00:00:00,354.8968864334922,3633183.0,351.22921451688603,357.4701942902511,348.4491295065162,AAPL,stock,True
2025-03-07,2025-03-07 00:00:00,351.28956032988725,972948.0,355.9332042760381,356.8173903011267,351.00889874400707,AAPL,stock,True
2025-03-10,2025-03-10 00:00:00,356.07220713107125,2167795.0,358.0376613132567,358.79920200194647,352.8878444846546,AAPL,stock,True
2025-03-11,2025-03-11 00:00:00,358.103116831649,3395837.0,358.2476514015597,359.7019978427735,356.98135830152563,AAPL,stock,True
2025-03-12,2025-03-12 00:00:00,358.0688385776839,2856026.0,360.9088957321614,363.33694867824676,357.06526197921664,AAPL,stock,True
2025-03-13,2025-03-13 00:00:00,360.9856965428389,4624784.0,364.38942931762017,366.0458348512468,359.0637449274764,AAPL,stock,True
2025-03-14,2025-03-14 00:00:00,364.4880598783352,4792326.0,366.856956541016,369.3327991209388,364.4297788191648,AAPL,stock,True
2025-03-17,2025-03-17 00:00:00,366.8465310810994,4377766.0,369.28343137601183,370.29772267162497,363.4725297277093,AAPL,stock,True
2025-03-18,2025-03-18 00:00:00,369.0966726282389,4520543.0,365.77078468403363,372.60810595122865,364.63086770774726,AAPL,stock,True
2025-03-19,2025-03-19 00:00:00,365.79554524173113,1358312.0,367.05044021249404,368.79928422894784,365.2259514197066,AAPL,stock,True
2025-03-20,2025-03-20 00:00:00,367.01352612202555,3038804.0,365.8481280017669,369.9506609036268,363.5809480120167,AAPL,stock,True
2025-03-21,2025-03-21 00:00:00,365.79150629006574,4699519.0,367.9948178487032,370.55051475577363,363.64739929097453,AAPL,stock,True
2025-03-24,2025-03-24 00:00:00,368.11415736344225,2865544.0,372.6727432166166,375.2456534938917,366.0344854529507,AAPL,stock,True
2025-03-25,2025-03-25 00:00:00,372.69139745440884,1213606.0,368.4370864272824,374.8625289133891,367.3566569943317,AAPL,stock,True
2025-03-26,2025-03-26 00:00:00,368.50623240306095,2668948.0,366.5803516968907,370.9478361086227,364.10300369002425,AAPL,stock,True
2025-03-27,2025-03-27 00:00:00,366.4390529676953,3819292.0,364.3786846952798,368.46973858100586,362.2791004161824,AAPL,stock,True
2025-03-28,2025-03-28 00:00:00,364.29230517031016,2408682.0,362.8102734167334,367.8514083033405,362.6019522164268,AAPL,stock,True
2025-03-31,2025-03-31 00:00:00,362.77825725768344,3250025.0,366.6528002133652,369.1788067440381,361.1619110201876,AAPL,stock,True
2025-04-01,2025-04-01 00:00:00,366.7307229297737,1974432.0,367.9567094909773,370.1939510390449,365.77714112386315,AAPL,stock,True
2025-04-02,2025-04-02 00:00:00,367.88274896459683,4235179.0,363.46971020775095,370.57404820475983,362.74097201617553,AAPL,stock,True
2025-04-03,2025-04-03 00:00:00,363.39211941699085,543371.0,365.85209716068493,369.47656020316384,363.2975396307367,AAPL,stock,True
2025-04-04,2025-04-04 00:00:00,365.74976503751867,3717001.0,362.986923039235,366.1569051413009,361.40756262506494,AAPL,stock,True
2025-04-07,2025-04-07 00:00:00,362.8621769274499,3423310.0,367.0800528724889,369.46724865843544,360.9053522311327,AAPL,stock,True
2025-04-08,2025-04-08 00:00:00,366.99436860576816,4403554.0,370.16132568608265,373.16024322834335,365.662859231702,AAPL,stock,True
2025-04-09,2025-04-09 00:00:00,370.0899892692659,3210865.0,369.3479874658848,373.5180659041685,368.04505632451423,AAPL,stock,True
2025-04-10,2025-04-10 00:00:00,369.4829217481833,2708427.0,365.8512417258472,371.48746010615804,363.08148798902215,AAPL,stock,True
2025-04-11,2025-04-11 00:00:00,365.854971621205,4964483.0,370.7177294296552,373.33651211768523,364.24305509358464,AAPL,stock,True
2025-04-14,2025-04-14 00:00:00,370.6541213268084,726114.0,369.2153416472615,372.3384461247741,368.8468807030355,AAPL,stock,True
2025-04-15,2025-04-15 00:00:00,369.209410449794,3825755.0,369.9740185133089,371.0433028938437,366.72803064614476,AAPL,stock,True
2025-04-16,2025-04-16 00:00:00,370.03595924926174,2864456.0,369.0355937682805,373.3803076091222,366.30352141868406,AAPL,stock,True
2025-04-17,2025-04-17 00:00:00,369.1252765221644,2393779.0,372.0826469772634,374.3709658046958,367.9964708522937,AAPL,stock,True
2025-04-18,2025-04-18 00:00:00,372.0599038905079,4555045.0,375.6130664899798,377.3063601224441,368.6001988777843,AAPL,stock,True
2025-04-21,2025-04-21 00:00:00,375.618331464627,3331232.0,371.2590436252736,378.7916950618346,370.15951177808694,AAPL,stock,True
2025-04-22,2025-04-22 00:00:00,371.1101774160261,3557183.0,368.74776458174983,373.11302948600536,367.608403277018,AAPL,stock,True
2025-04-23,2025-04-23 00:00:00,368.660110432267,1667156.0,373.17043260676564,374.82639161958866,368.2575492525729,AAPL,stock,True
2025-04-24,2025-04-24 00:00:00,373.13914729118915,1559319.0,375.71683339138144,376.0504413086712,372.59952649820434,AAPL,stock,True
2025-04-25,2025-04-25 00:00:00,375.6618510809988,2637929.0,378.23197620073404,378.4229296919211,373.52606601482995,AAPL,stock,True
2025-04-28,2025-04-28 00:00:00,378.3132072394272,1207744.0,377.36122029191944,380.2283661578666,375.3438234507402,AAPL,stock,True
2025-04-29,2025-04-29 00:00:00,377.4947013589957,1374756.0,380.3275648323996,383.59743082932647,375.11540713992997,AAPL,stock,True
2025-04-30,2025-04-30 00:00:00,380.21222677760534,1639819.0,375.5880623481335,382.24663201300484,374.0227281445064,AAPL,stock,True
2025-05-01,2025-05-01 00:00:00,375.5063890789755,3392420.0,375.4537063889587,377.71021137305655,372.86217521065413,AAPL,stock,True
2025-05-02,2025-05-02 00:00:00,375.43638425837463,557957.0,378.50629263944194,381.5392461501695,372.87460262563815,AAPL,stock,True
2025-05-05,2025-05-05 00:00:00,378.6118336907508,4110350.0,376.21980936777874,380.5439139226385,373.417934317024,AAPL,stock,True
2025-05-06,2025-05-06 00:00:00,376.3158126419506,791368.0,375.9470354327493,379.2582729170933,374.11635964050464,AAPL,stock,True
2025-05-07,2025-05-07 00:00:00,375.79033101521867,2722923.0,380.6929820470154,383.5720522926352,374.18209997545375,AAPL,stock,True
2025-05-08,2025-05-08 00:00:00,380.6400056477779,1857210.0,378.77580284420293,381.4921154614546,375.5689642105325,AAPL,stock,True
2025-05-09,2025-05-09 00:00:00,378.7036122003129,685694.0,373.5362255634679,382.08943217027536,372.31774154209876,AAPL,stock,True
2025-05-12,2025-05-12 00:00:00,373.6561776184728,3966148.0,370.44945786062254,373.9638168080132,369.8846151406966,AAPL,stock,True
2025-05-13,2025-05-13 00:00:00,370.3033153177663,4819330.0,369.88411164128695,370.9905147557631,367.2025560854542,AAPL,stock,True
2025-05-14,2025-05-14 00:00:00,369.8319393404238,4513935.0,365.10798968708764,370.0892614278827,362.3806053052943,AAPL,stock,True
2025-05-15,2025-05-15 00:00:00,365.0135540216068,547393.0,364.02894316577266,367.9537540563426,360.8792491403831,AAPL,stock,True
2025-05-16,2025-05-16 00:00:00,363.946666812911,3444042.0,363.78723779727704,364.9382508149846,363.7435961272601,AAPL,stock,True
2025-05-19,2025-05-19 00:00:00,363.64075587838386,1357283.0,358.7165979203992,365.8322122887792,355.3745261745196,AAPL,stock,True
2025-05-20,2025-05-20 00:00:00,358.82990250078296,531868.0,362.50102673553096,363.1857477038363,357.57412501220574,AAPL,stock,True
2025-05-21,2025-05-21 00:00:00,362.36996121130136,4475156.0,365.40211916468706,368.7783935041397,362.0165919088016,AAPL,stock,True
2025-05-22,2025-05-22 00:00:00,365.43691476366473,3450057.0,362.2302233173593,367.5120682678805,358.82800936380823,AAPL,stock,True
2025-05-23,2025-05-23 00:00:00,362.10415067219515,3461822.0,366.83220272912195,369.92350844638776,361.82203673641897,AAPL,stock,True
2025-05-26,2025-05-26 00:00:00,366.7071389364059,977423.0,364.7816729789187,367.4455940868364,363.0976562759409,AAPL,stock,True
2025-05-27,2025-05-27 00:00:00,364.92402535608574,2123255.0,359.60487644829544,368.46557163391725,358.7555466730758,AAPL,stock,True
2025-05-28,2025-05-28 00:00:00,359.5558178389653,3538884.0,357.3673622492576,362.7322015873716,356.9780486826652,AAPL,stock,True
2025-05-29,2025-05-29 00:00:00,357.264758120272,2323490.0,355.5837057076722,360.7491628793785,354.04114194991433,AAPL,stock,True
2025-05-30,2025-05-30 00:00:00,355.73314653515183,1475004.0,352.96768267640715,357.01616906624224,350.49897226723334,AAPL,stock,True
2025-06-02,2025-06-02 00:00:00,352.79517423970447,3903255.0,356.83590619757075,357.9145014518227,351.70889626212215,AAPL,stock,True
2025-06-03,2025-06-03 00:00:00,356.86403949537976,4791992.0,357.8547386049911,358.46134471182603,353.78717145397775,AAPL,stock,True
2025-06-04,2025-06-04 00:00:00,358.0154673113647,2043133.0,357.4223368062285,361.5658932225028,355.36763817596056,AAPL,stock,True
2025-06-05,2025-06-05 00:00:00,357.2751983300918,1773531.0,355.63535948935856,360.19220157465816,354.27746465283906,AAPL,stock,True
2025-06-06,2025-06-06 00:00:00,355.6766269222029,4728774.0,356.01040405633495,358.2345355384676,353.4976884773315,AAPL,stock,True
2025-06-09,2025-06-09 00:00:00,356.00187006037453,2993514.0,352.1265058134103,358.4947796602948,350.36000679876383,AAPL,stock,True
2025-06-10,2025-06-10 00:00:00,352.04926330784656,1996490.0,350.45417055303045,353.5182628988886,350.45166300428633,AAPL,stock,True
2025-06-11,2025-06-11 00:00:00,350.2887816802925,2871737.0,347.1146048226066,353.43697783685707,346.146948801943,AAPL,stock,True
2025-06-12,2025-06-12 00:00:00,346.9383283424735,1349860.0,349.3826606369439,351.90633924033256,346.3828044962317,AAPL,stock,True
2025-06-13,2025-06-13 00:00:00,349.45033527471435,4946711.0,351.5995496064557,355.1018810061358,348.6389582613802,AAPL,stock,True
2025-06-16,2025-06-16 00:00:00,351.53657138353066,2405869.0,351.19596486227067,353.6375253276494,347.8397627057411,AAPL,stock,True
2025-06-17,2025-06-17 00:00:00,351.14163470145814,1998250.0,352.86151978208846,354.0037251096143,351.1064038510297,AAPL,stock,True
2025-06-18,2025-06-18 00:00:00,352.7808563536239,4143378.0,350.2464232419187,354.38423674430555,349.2998707289308,AAPL,stock,True
2025-06-19,2025-06-19 00:00:00,350.34705018886746,1342528.0,348.1881985907115,352.6562948861721,345.70019546714616,AAPL,stock,True
2025-06-20,2025-06-20 00:00:00,348.1710324850059,2584256.0,349.15088620369767,350.49304237073414,345.32597287185297,AAPL,stock,True
2025-06-23,2025-06-23 00:00:00,349.0259834411274,2100767.0,349.7259898434926,352.8792622610209,347.6992184822613,AAPL,stock,True
2025-06-24,2025-06-24 00:00:00,349.62226480220335,4148000.0,346.9812461277365,352.5495540752523,344.73565799781244,AAPL,stock,True
2025-06-25,2025-06-25 00:00:00,346.99877499977396,3894711.0,351.39798063622567,352.6723683689895,346.3246382867805,AAPL,stock,True
2025-06-26,2025-06-26 00:00:00,351.22572736930505,4268033.0,346.7576375761868,353.6306724814456,346.50919347365857,AAPL,stock,True
2025-06-27,2025-06-27 00:00:00,346.63789180539965,1642781.0,351.7685505510065,354.20648057959517,346.20130435672286,AAPL,stock,True
2025-06-30,2025-06-30 00:00:00,351.62694886845316,3748708.0,346.9283856282223,351.8181311851933,345.387060218795,AAPL,stock,True
2025-07-01,2025-07-01 00:00:00,347.02386253220715,932074.0,349.300323247825,352.53757074013146,344.8501869048526,AAPL,stock,True
2025-07-02,2025-07-02 00:00:00,349.3901010243704,1714251.0,349.9417557889788,352.78678672110607,348.16045923738045,AAPL,stock,True
2025-07-03,2025-07-03 00:00:00,349.87306681047943,1879295.0,346.28970924390387,352.5207725196081,344.42749255967664,AAPL,stock,True
2025-07-04,2025-07-04 00:00:00,346.21847949885876,1888770.0,342.6916495799672,347.675339333436,341.84614749013855,AAPL,stock,True
2025-07-07,2025-07-07 00:00:00,342.5333743552085,1327004.0,339.3651090853807,343.9206012642101,337.564220952914,AAPL,stock,True
2025-07-08,2025-07-08 00:00:00,339.2098441928007,1171570.0,337.49216993378656,340.74992788450993,337.28482770500403,AAPL,stock,True
2025-07-09,2025-07-09 00:00:00,337.5619790320681,821669.0,333.1392463615105,339.9814432585435,332.6177413186841,AAPL,stock,True
2025-07-10,2025-07-10 00:00:00,333.1642060312131,625733.0,336.82466941793297,338.5102188842823,332.97245880872623,AAPL,stock,True
2025-07-11,2025-07-11 00:00:00,336.84386980258705,4955752.0,332.00272977571495,339.3768163726453,331.02861882337845,AAPL,stock,True
2025-07-14,2025-07-14 00:00:00,332.14948006436765,4613961.0,331.5018144199133,333.26564811535417,330.24302282396184,AAPL,stock,True
2025-07-15,2025-07-15 00:00:00,331.51081678522513,1744893.0,336.0,336.8797057452536,330.3362211661117,AAPL,stock,True
2024-11-06,2024-11-06 00:00:00,344.345191153222,3088701.0,348.1593807763452,349.06947073234426,341.53871912467775,MSFT,stock,True
2024-11-07,2024-11-07 00:00:00,348.2134547339291,1783386.0,344.5160894899925,348.69986281306,343.13248692259384,MSFT,stock,True
2024-11-08,2024-11-08 00:00:00,344.59826550627065,4742496.0,342.4422383962192,344.6792415220612,340.7047575843654,MSFT,stock,True
2024-11-11,2024-11-11 00:00:00,342.268653267946,3000312.0,346.59181787497465,349.722539059676,340.6347197240009,MSFT,stock,True
2024-11-12,2024-11-12 00:00:00,346.7276124751152,631558.0,344.03255980537415,348.9358248274061,343.3319417121466,MSFT,stock,True
2024-11-13,2024-11-13 00:00:00,343.9855765800622,4779889.0,343.292307658708,346.57804451883806,343.0500926917433,MSFT,stock,True
2024-11-14,2024-11-14 00:00:00,343.15687346893793,2170047.0,346.58158484243,348.1550057665831,342.3354235273937,MSFT,stock,True
2024-11-15,2024-11-15 00:00:00,346.71981442817724,4188354.0,349.65911234960765,352.80081681624586,343.68343455699807,MSFT,stock,True
2024-11-18,2024-11-18 00:00:00,349.69612089319713,1676440.0,349.61947338539727,353.0790447661717,348.5551874070941,MSFT,stock,True
2024-11-19,2024-11-19 00:00:00,349.58941677111005,4665889.0,354.3130169162878,357.35931705380267,346.73446637693803,MSFT,stock,True
2024-11-20,2024-11-20 00:00:00,354.40583510057473,595258.0,351.362590022797,355.6992294841865,350.5372723444785,MSFT,stock,True
2024-11-21,2024-11-21 00:00:00,351.25813776913486,2362997.0,354.04969169171665,357.29373451372294,348.40601930008927,MSFT,stock,True
2024-11-22,2024-11-22 00:00:00,354.07097291064866,2267419.0,353.392638065109,354.0926599941373,352.82504353804444,MSFT,stock,True
2024-11-25,2024-11-25 00:00:00,353.33994521516445,1369928.0,352.1607641490729,355.26563678733515,349.66673652084404,MSFT,stock,True
2024-11-26,2024-11-26 00:00:00,352.05032537735076,3940149.0,350.39106559936846,352.14609962010854,350.2897321989604,MSFT,stock,True
2024-11-27,2024-11-27 00:00:00,350.52929005564096,3289289.0,346.0928617208851,352.42137305895176,344.23972242419194,MSFT,stock,True
2024-11-28,2024-11-28 00:00:00,346.21381229208265,674223.0,345.072382399069,346.66499637245965,343.46890954975856,MSFT,stock,True
2024-11-29,2024-11-29 00:00:00,345.1189826289514,2956731.0,348.60456650152804,350.53525506184764,344.9238644817322,MSFT,stock,True
2024-12-02,2024-12-02 00:00:00,348.68619506537357,2321652.0,350.37528071686233,351.02968791422575,345.91693786467175,MSFT,stock,True
2024-12-03,2024-12-03 00:00:00,350.33088182864645,2909978.0,352.7237067897021,354.5171497064965,350.24869019949705,MSFT,stock,True
2024-12-04,2024-12-04 00:00:00,352.8546554464027,1893347.0,351.41544327588315,353.7920668761256,347.9206196292047,MSFT,stock,True
2024-12-05,2024-12-05 00:00:00,351.5574362660885,1046025.0,352.24740038856834,354.1208851350816,351.3689807400709,MSFT,stock,True
2024-12-06,2024-12-06 00:00:00,352.2583929675944,920041.0,354.7616704220945,355.46731637239736,349.4547367844582,MSFT,stock,True
2024-12-09,2024-12-09 00:00:00,354.7823426922237,711124.0,357.9943117858854,358.62843719433005,354.6907263536911,MSFT,stock,True
2024-12-10,2024-12-10 00:00:00,357.800522577083,1782626.0,359.06647710221324,359.8907829699888,355.0637984689551,MSFT,stock,True
2024-12-11,2024-12-11 00:00:00,359.0537536997533,3516808.0,357.8710152080012,362.1049038837466,356.61154737903405,MSFT,stock,True
2024-12-12,2024-12-12 00:00:00,358.01046726051726,830050.0,355.14626680337693,358.13428862851237,352.8736865734528,MSFT,stock,True
2024-12-13,2024-12-13 00:00:00,355.1239712014495,4191226.0,352.65148650797977,358.5366735879402,349.9196779766472,MSFT,stock,True
2024-12-16,2024-12-16 00:00:00,352.6086352158863,2742260.0,351.57061868119274,355.65336283942634,350.1219625581283,MSFT,stock,True
2024-12-17,2024-12-17 00:00:00,351.42281568971254,4612020.0,352.8237031473821,355.5641535961866,348.13537579940134,MSFT,stock,True
2024-12-18,2024-12-18 00:00:00,352.6969495843305,3244384.0,348.3566526201032,352.74576637943414,348.2313363231553,MSFT,stock,True
2024-12-19,2024-12-19 00:00:00,348.3915680467825,2946404.0,345.85210426637605,351.67324569108064,342.5491991464974,MSFT,stock,True
2024-12-20,2024-12-20 00:00:00,345.72741199886036,1190870.0,344.5404233726849,348.3045041731639,343.83729810752186,MSFT,stock,True
2024-12-23,2024-12-23 00:00:00,344.49144102003777,816166.0,345.2330374573335,347.6243420016645,342.8423839505108,MSFT,stock,True
2024-12-24,2024-12-24 00:00:00,345.3769190599308,3245479.0,342.0033680949003,348.2560614121891,339.6382041352425,MSFT,stock,True
2024-12-25,2024-12-25 00:00:00,341.8906092329139,1567812.0,346.44722546702866,348.2922155225526,340.8029686951603,MSFT,stock,True
2024-12-26,2024-12-26 00:00:00,346.4981058285634,2844618.0,351.59507186553543,353.96488580879054,344.98156719546677,MSFT,stock,True
2024-12-27,2024-12-27 00:00:00,351.484779020335,4346895.0,351.3105741704882,354.74061528589993,348.88224548597594,MSFT,stock,True
2024-12-30,2024-12-30 00:00:00,351.39196984906613,3928939.0,348.01474283733063,351.6561798877427,345.5614836394076,MSFT,stock,True
2024-12-31,2024-12-31 00:00:00,347.88046741264725,1758595.0,351.68193548530286,354.20907377628293,347.10586683057807,MSFT,stock,True
2025-01-01,2025-01-01 00:00:00,351.79214391157734,3613183.0,354.36738583787223,355.4871281925568,349.9317678093834,MSFT,stock,True
2025-01-02,2025-01-02 00:00:00,354.48906900043545,1778870.0,351.36491734972947,356.4156614640063,348.13191140108944,MSFT,stock,True
2025-01-03,2025-01-03 00:00:00,351.1887020289226,4428308.0,349.10488295290605,352.4068961109834,347.1373657101236,MSFT,stock,True
2025-01-06,2025-01-06 00:00:00,349.11702735860734,1056259.0,354.157485772472,355.77761310248815,346.82668130586734,MSFT,stock,True
2025-01-07,2025-01-07 00:00:00,354.2092404902543,3876902.0,351.5269391955196,355.6194850138232,351.21501863437817,MSFT,stock,True
2025-01-08,2025-01-08 00:00:00,351.4758048527442,2676657.0,350.2388285601578,354.5937175090749,349.152154326319,MSFT,stock,True
2025-01-09,2025-01-09 00:00:00,350.1120925216062,678060.0,354.4123736446284,357.4485361397104,349.3978979589707,MSFT,stock,True
2025-01-10,2025-01-10 00:00:00,354.40253766432363,3266744.0,356.3893228228444,356.5406401968271,351.6380460832474,MSFT,stock,True
2025-01-13,2025-01-13 00:00:00,356.50858132182185,3149167.0,359.4200259494882,362.93580962532616,353.21372290303253,MSFT,stock,True
2025-01-14,2025-01-14 00:00:00,359.2987110330027,1057947.0,354.56862007340345,361.00386228088934,351.28528533449077,MSFT,stock,True
2025-01-15,2025-01-15 00:00:00,354.61218634927496,1198782.0,352.35413573473,355.8975484662157,349.86841922993284,MSFT,stock,True
2025-01-16,2025-01-16 00:00:00,352.1727214263219,1756807.0,355.34839332153416,355.4685406098271,351.08712909162296,MSFT,stock,True
2025-01-17,2025-01-17 00:00:00,355.4438663955736,3800135.0,354.4280016309648,358.40670570774546,350.9265838163155,MSFT,stock,True
2025-01-20,2025-01-20 00:00:00,354.39342582430896,4489195.0,354.1218422060334,355.30055097164217,351.24265497378815,MSFT,stock,True
2025-01-21,2025-01-21 00:00:00,353.92930680648897,2711490.0,356.1069921215414,358.15686623979576,352.3302239089011,MSFT,stock,True
2025-01-22,2025-01-22 00:00:00,356.0076252595519,4238563.0,353.1955856734225,358.928392308424,350.7773789602255,MSFT,stock,True
2025-01-23,2025-01-23 00:00:00,353.0464088611792,4078203.0,354.0011534462687,354.89980665828523,351.6029631921519,MSFT,stock,True
2025-01-24,2025-01-24 00:00:00,354.0771067230218,4890577.0,354.67209296750855,356.50714800640935,352.1940412179096,MSFT,stock,True
2025-01-27,2025-01-27 00:00:00,354.80233530639117,2097403.0,356.31001861256556,357.5148651058513,351.92001302160566,MSFT,stock,True
2025-01-28,2025-01-28 00:00:00,356.20477289140854,4474376.0,353.9127219790232,356.27444098838066,351.27494562530677,MSFT,stock,True
2025-01-29,2025-01-29 00:00:00,353.9518151743231,3315150.0,356.3627458253008,359.67856205206596,351.70531012477375,MSFT,stock,True
2025-01-30,2025-01-30 00:00:00,356.40855176409764,4935419.0,359.3274868193008,362.43114338296306,356.3680679661131,MSFT,stock,True
2025-01-31,2025-01-31 00:00:00,359.16055098297784,3012254.0,355.05344219509334,359.5580160689627,352.57003104995766,MSFT,stock,True
2025-02-03,2025-02-03 00:00:00,355.0892021889518,3601961.0,360.36067229162853,361.83381219416003,354.38159030879933,MSFT,stock,True
2025-02-04,2025-02-04 00:00:00,360.2321966742323,3444380.0,360.82721852012406,360.951025174188,356.8499236630188,MSFT,stock,True
2025-02-05,2025-02-05 00:00:00,360.8348399811846,2479413.0,358.3161384458152,361.014665268308,355.08321519457104,MSFT,stock,True
2025-02-06,2025-02-06 00:00:00,358.38067264954844,4781685.0,360.28045978753084,362.4141946941978,355.99115682773964,MSFT,stock,True
2025-02-07,2025-02-07 00:00:00,360.1250600951553,4821166.0,365.0122017113791,366.43983785774657,358.93983369784445,MSFT,stock,True
2025-02-10,2025-02-10 00:00:00,365.06095710446493,4020752.0,361.57747864212973,368.42083442996403,360.5501126513003,MSFT,stock,True
2025-02-11,2025-02-11 00:00:00,361.54613310420933,765290.0,363.9145977550989,367.2120467884264,360.83733189431155,MSFT,stock,True
2025-02-12,2025-02-12 00:00:00,363.93826467215655,2215116.0,362.26520453925326,364.72234277503645,360.5364107431078,MSFT,stock,True
2025-02-13,2025-02-13 00:00:00,362.18188230623895,1126597.0,358.7594471947091,363.30677479153445,355.8266615181275,MSFT,stock,True
2025-02-14,2025-02-14 00:00:00,358.6434693946042,2068116.0,360.6690310688322,363.8376244135481,355.7398205491554,MSFT,stock,True
2025-02-17,2025-02-17 00:00:00,360.55167355853007,1507041.0,356.29000603820543,361.6597301846749,354.8589415553693,MSFT,stock,True
2025-02-18,2025-02-18 00:00:00,356.25892034144863,3679308.0,360.9999897963556,364.287058347965,354.2269138233158,MSFT,stock,True
2025-02-19,2025-02-19 00:00:00,361.07022871313256,1282329.0,366.34986778888003,368.1942970509178,359.76629385433205,MSFT,stock,True
2025-02-20,2025-02-20 00:00:00,366.3432889010288,1621661.0,361.5792347775049,367.54634133140587,361.52913448574634,MSFT,stock,True
2025-02-21,2025-02-21 00:00:00,361.5423888307137,2482012.0,363.6917790392709,366.56722278337276,357.9938707656912,MSFT,stock,True
2025-02-24,2025-02-24 00:00:00,363.72920600507007,2020495.0,360.42986279232457,364.80497702327233,357.094980336728,MSFT,stock,True
2025-02-25,2025-02-25 00:00:00,360.3658036085479,1785039.0,362.0784174691286,365.6429499367684,359.47468855547186,MSFT,stock,True
2025-02-26,2025-02-26 00:00:00,362.0678967044567,959959.0,358.9706107833012,363.92763735940224,358.4113625328478,MSFT,stock,True
2025-02-27,2025-02-27 00:00:00,358.9451189623306,4976949.0,361.31062649617587,364.0697479594605,357.1197443457764,MSFT,stock,True
2025-02-28,2025-02-28 00:00:00,361.3730623060026,785669.0,359.16945315080324,362.59421112355005,358.52402981580684,MSFT,stock,True
2025-03-03,2025-03-03 00:00:00,359.0347355649641,4191666.0,355.33848509587494,361.79470663909007,353.5571020728294,MSFT,stock,True
2025-03-04,2025-03-04 00:00:00,355.4540590435266,1215587.0,350.2958076856614,356.7553451795565,348.04114742077957,MSFT,stock,True
2025-03-05,2025-03-05 00:00:00,350.1743871983637,1076573.0,353.7042453862387,356.87849004693464,349.66576974178093,MSFT,stock,True
2025-03-06,2025-03-06 00:00:00,353.7527727890517,3989448.0,358.0200053762226,360.75827219948496,353.13585041082723,MSFT,stock,True
2025-03-07,2025-03-07 00:00:00,358.1344819049013,4191746.0,359.3298988653564,361.21364476815495,355.53727276747344,MSFT,stock,True
2025-03-10,2025-03-10 00:00:00,359.2265675236814,2428944.0,361.7269369559542,362.03704253923746,355.91274531514546,MSFT,stock,True
2025-03-11,2025-03-11 00:00:00,361.61290256719326,2208716.0,365.5435188089373,365.7328977750503,359.7247362502083,MSFT,stock,True
2025-03-12,2025-03-12 00:00:00,365.51012024125487,2122890.0,362.6605169055686,367.96903141676734,361.0311245581946,MSFT,stock,True
2025-03-13,2025-03-13 00:00:00,362.6173822216471,1315782.0,367.62436133674345,370.291455321462,360.9467059124967,MSFT,stock,True
2025-03-14,2025-03-14 00:00:00,367.6964863066696,3041375.0,366.65179972698655,371.07067914831106,363.3640194991732,MSFT,stock,True
2025-03-17,2025-03-17 00:00:00,366.5276707130184,1252533.0,364.63546301519284,367.94574353794104,363.4370719934976,MSFT,stock,True
2025-03-18,2025-03-18 00:00:00,364.4377144886562,774816.0,365.1013448990182,365.3720934939429,361.02064962100343,MSFT,stock,True
2025-03-19,2025-03-19 00:00:00,365.02240943847784,3259966.0,364.55122803330016,366.67798635204804,362.9995835508488,MSFT,stock,True
2025-03-20,2025-03-20 00:00:00,364.7026273540216,3374640.0,369.5258882631412,371.2094294999898,364.23884508597115,MSFT,stock,True
2025-03-21,2025-03-21 00:00:00,369.4797855985431,1066515.0,364.77945556273784,371.2431084368527,361.43337422218013,MSFT,stock,True
2025-03-24,2025-03-24 00:00:00,364.7211985836441,794854.0,361.9639212043246,365.4158230097025,360.2737454568892,MSFT,stock,True
2025-03-25,2025-03-25 00:00:00,362.0784739431815,2953011.0,361.07367860015586,362.31600839327496,360.41277517842997,MSFT,stock,True
2025-03-26,2025-03-26 00:00:00,360.9219006954756,2341402.0,358.6979868641601,362.6383773829766,355.4734510730972,MSFT,stock,True
2025-03-27,2025-03-27 00:00:00,358.5435426072346,1059357.0,361.79822011095905,362.44777876848894,357.71308622800217,MSFT,stock,True
2025-03-28,2025-03-28 00:00:00,361.776533341233,1530449.0,361.0200345138971,364.89188559111165,359.88042258849094,MSFT,stock,True
2025-03-31,2025-03-31 00:00:00,361.15513371576867,1827989.0,358.57305595412134,362.6907572565825,355.1567366780004,MSFT,stock,True
2025-04-01,2025-04-01 00:00:00,358.5976112123757,4102113.0,360.3299989247504,362.47075851572686,357.36345757103567,MSFT,stock,True
2025-04-02,2025-04-02 00:00:00,360.450648696535,1012630.0,356.83379295350056,361.33541836855386,353.5157446928919,MSFT,stock,True
2025-04-03,2025-04-03 00:00:00,356.74039597269933,939127.0,356.12784590325947,357.4841730561245,354.3330712280943,MSFT,stock,True
2025-04-04,2025-04-04 00:00:00,356.24939792486543,4305904.0,360.8131243583642,363.8606823683141,352.81766874723485,MSFT,stock,True
2025-04-07,2025-04-07 00:00:00,360.69818197572266,4167250.0,363.2085416422495,366.523964450991,359.0926066260803,MSFT,stock,True
2025-04-08,2025-04-08 00:00:00,363.08714392017276,2855928.0,363.4281837916955,365.44550307235414,359.65711321280173,MSFT,stock,True
2025-04-09,2025-04-09 00:00:00,363.47202189970824,2638270.0,358.5807538664345,364.41179610344017,358.1526051274665,MSFT,stock,True
2025-04-10,2025-04-10 00:00:00,358.48646129705656,1111781.0,359.50286293636174,360.45531525075637,355.229239826567,MSFT,stock,True
2025-04-11,2025-04-11 00:00:00,359.47178222380006,2345258.0,356.2699886857683,361.7039488598867,353.65908612676327,MSFT,stock,True
2025-04-14,2025-04-14 00:00:00,356.12123643007476,1363953.0,360.1366280074349,363.2877500854295,352.61997517596234,MSFT,stock,True
2025-04-15,2025-04-15 00:00:00,359.97243091830956,4493639.0,355.05656157580603,361.9158435748424,354.13814284129074,MSFT,stock,True
2025-04-16,2025-04-16 00:00:00,355.2044155453693,2781633.0,352.9476023792997,355.51717346231726,350.9428348007944,MSFT,stock,True
2025-04-17,2025-04-17 00:00:00,352.88161504941417,1919487.0,348.1736378882232,354.10753729901154,346.0301937956585,MSFT,stock,True
2025-04-18,2025-04-18 00:00:00,348.0058371314793,3931333.0,350.5466282025041,351.45301268529806,347.42682709004424,MSFT,stock,True
2025-04-21,2025-04-21 00:00:00,350.5702889401354,3955256.0,355.0460933819725,357.32818678162397,349.82612169700684,MSFT,stock,True
2025-04-22,2025-04-22 00:00:00,354.98283407189865,2498929.0,350.22003558872495,355.74915555164046,349.8774606496512,MSFT,stock,True
2025-04-23,2025-04-23 00:00:00,350.3664400487095,4086756.0,349.7409277749826,352.39313063653896,349.6515356767917,MSFT,stock,True
2025-04-24,2025-04-24 00:00:00,349.74000399584423,840470.0,350.4639403152621,353.6507758865581,349.27335290374015,MSFT,stock,True
2025-04-25,2025-04-25 00:00:00,350.50117094449445,3102044.0,355.8205911866242,356.7488124457408,350.0472238107096,MSFT,stock,True
2025-04-28,2025-04-28 00:00:00,355.62843606130076,2937381.0,357.2725284281781,358.2822080042897,353.9978992041217,MSFT,stock,True
2025-04-29,2025-04-29 00:00:00,357.2987418265866,1003016.0,358.74052043692745,358.7480314749695,356.96306763858075,MSFT,stock,True
2025-04-30,2025-04-30 00:00:00,358.59223320853624,1370337.0,364.0320388801581,364.9063851109564,358.315750558087,MSFT,stock,True
2025-05-01,2025-05-01 00:00:00,364.1395173607843,3274263.0,364.67476844907605,366.1282139111915,363.4343729524537,MSFT,stock,True
2025-05-02,2025-05-02 00:00:00,364.5885611896032,3233043.0,369.16311658920773,371.49593140071875,363.02973331356515,MSFT,stock,True
2025-05-05,2025-05-05 00:00:00,368.96709028246346,2145898.0,372.5914947529443,373.1445221501202,365.98631632891323,MSFT,stock,True
2025-05-06,2025-05-06 00:00:00,372.5359115458378,1514039.0,372.7141633493571,373.08004397942074,371.2564922655691,MSFT,stock,True
2025-05-07,2025-05-07 00:00:00,372.772039337813,2186221.0,374.6066428011649,376.7196908709183,369.4482052722515,MSFT,stock,True
2025-05-08,2025-05-08 00:00:00,374.6874867250282,1039220.0,377.526369366917,377.9420027131031,374.5400133292968,MSFT,stock,True
2025-05-09,2025-05-09 00:00:00,377.6795776887373,2903779.0,382.20063754114096,383.03122007997786,375.5363794036497,MSFT,stock,True
2025-05-12,2025-05-12 00:00:00,382.28633583483645,1914716.0,385.32858259919726,388.0036435169358,380.45282299348355,MSFT,stock,True
2025-05-13,2025-05-13 00:00:00,385.4632206942436,2895001.0,385.15039961512343,388.8870739476839,385.05193970611487,MSFT,stock,True
2025-05-14,2025-05-14 00:00:00,385.0525409425329,2131820.0,381.71297599188193,387.27540068790626,380.78838181134324,MSFT,stock,True
2025-05-15,2025-05-15 00:00:00,381.73709997148063,1951899.0,376.8373911150072,385.0892581283699,374.23614922619527,MSFT,stock,True
2025-05-16,2025-05-16 00:00:00,376.9754740386776,2667442.0,374.35845564436374,377.307504488058,373.7463607969238,MSFT,stock,True
2025-05-19,2025-05-19 00:00:00,374.37385302452714,800511.0,373.82038092604483,377.75607327484937,370.69476096783615,MSFT,stock,True
2025-05-20,2025-05-20 00:00:00,373.6435488010032,2235893.0,372.54071735454215,374.6783183634599,370.5007961270349,MSFT,stock,True
2025-05-21,2025-05-21 00:00:00,372.525782248948,1185978.0,373.91054160781516,376.3716271393285,368.8567336977982,MSFT,stock,True
2025-05-22,2025-05-22 00:00:00,373.9038366480309,524727.0,376.8282208391618,376.9288683645751,373.7069678284893,MSFT,stock,True
2025-05-23,2025-05-23 00:00:00,376.63087494901276,2084985.0,374.4891260241173,379.3914939634339,373.7242895591203,MSFT,stock,True
2025-05-26,2025-05-26 00:00:00,374.4999140952805,777454.0,375.78522819062556,379.02199607097145,374.1029207135352,MSFT,stock,True
2025-05-27,2025-05-27 00:00:00,375.729042499442,2886439.0,374.07340486181954,377.92409087964324,373.25178015984693,MSFT,stock,True
2025-05-28,2025-05-28 00:00:00,374.0643534366549,3990242.0,377.5872459072021,381.0665567173493,372.83803445242967,MSFT,stock,True
2025-05-29,2025-05-29 00:00:00,377.6529986636018,1456377.0,375.43877043675985,378.1814217987301,373.31741153370973,MSFT,stock,True
2025-05-30,2025-05-30 00:00:00,375.5560570712408,2810167.0,370.27776212092084,377.8304350754416,367.65213629046895,MSFT,stock,True
2025-06-02,2025-06-02 00:00:00,370.09616028782176,3811808.0,371.01133777905403,372.97558359256846,368.21674367081766,MSFT,stock,True
2025-06-03,2025-06-03 00:00:00,370.8787246911874,3500266.0,370.73370802336774,372.38409237989663,370.13648210926874,MSFT,stock,True
2025-06-04,2025-06-04 00:00:00,370.5433079259283,2550962.0,368.33445017075024,371.7496506414491,367.53215058012944,MSFT,stock,True
2025-06-05,2025-06-05 00:00:00,368.24239546546926,3984917.0,363.7239482409815,369.49706596946965,360.91556358539736,MSFT,stock,True
2025-06-06,2025-06-06 00:00:00,363.8450706406769,4544789.0,363.7335244524056,367.4655220367189,360.2122211863446,MSFT,stock,True
2025-06-09,2025-06-09 00:00:00,363.8230876957661,2794301.0,367.7995649480452,368.74149378326524,362.0625330826977,MSFT,stock,True
2025-06-10,2025-06-10 00:00:00,367.950782416645,1704254.0,372.4756734344606,372.8134134541867,366.30557348098876,MSFT,stock,True
2025-06-11,2025-06-11 00:00:00,372.41971628890684,3058981.0,367.58172841924323,373.7530755155552,365.99203790018373,MSFT,stock,True
2025-06-12,2025-06-12 00:00:00,367.50719273676947,3899475.0,364.3761617106072,369.67256792836145,363.58043733083224,MSFT,stock,True
2025-06-13,2025-06-13 00:00:00,364.45670428744313,4193109.0,359.6789033241899,364.9160791484048,356.9542714724478,MSFT,stock,True
2025-06-16,2025-06-16 00:00:00,359.61982847174085,4732392.0,354.52921581944577,361.7777865099648,351.4207613875539,MSFT,stock,True
2025-06-17,2025-06-17 00:00:00,354.5495700552789,977544.0,353.82964266750486,354.8251829385695,351.7150369266557,MSFT,stock,True
2025-06-18,2025-06-18 00:00:00,353.82453291471353,1545303.0,358.76664910330476,361.0876516716615,352.8683606743041,MSFT,stock,True
2025-06-19,2025-06-19 00:00:00,358.7338990918509,706363.0,363.0028605511796,366.6199429381155,357.55471706659586,MSFT,stock,True
2025-06-20,2025-06-20 00:00:00,363.02065209232234,970624.0,358.8422836944543,365.19762877631007,357.65736263385236,MSFT,stock,True
2025-06-23,2025-06-23 00:00:00,358.94507312773897,2154505.0,360.22506480925665,363.00747571758814,358.5313745120164,MSFT,stock,True
2025-06-24,2025-06-24 00:00:00,360.1840352691255,575653.0,359.0319043105312,361.3834528464579,358.1060063516283,MSFT,stock,True
2025-06-25,2025-06-25 00:00:00,358.862877405234,2187241.0,357.79475286963196,359.28969326774495,355.9036971950751,MSFT,stock,True
2025-06-26,2025-06-26 00:00:00,357.8170125920693,2901871.0,352.670467030088,359.6053649270705,349.6560609088475,MSFT,stock,True
2025-06-27,2025-06-27 00:00:00,352.8075132390383,2092452.0,353.3361207132765,354.14046871478524,351.53042629457997,MSFT,stock,True
2025-06-30,2025-06-30 00:00:00,353.20636360407775,3701296.0,357.03791146366734,359.89678096202965,353.03685383689816,MSFT,stock,True
2025-07-01,2025-07-01 00:00:00,356.9765106996973,3681303.0,357.6222858322711,358.47760428859283,355.3260918030076,MSFT,stock,True
2025-07-02,2025-07-02 00:00:00,357.6305270874159,1324662.0,353.0592502268773,360.7105356502943,352.24216759236015,MSFT,stock,True
2025-07-03,2025-07-03 00:00:00,353.18816403162305,891580.0,355.5508470273701,355.80077517495096,349.9482690848074,MSFT,stock,True
2025-07-04,2025-07-04 00:00:00,355.36675441981805,979044.0,355.821113576569,358.92729799995686,353.1517786132985,MSFT,stock,True
2025-07-07,2025-07-07 00:00:00,355.63930089972604,3253679.0,356.0324071503673,356.8253134135603,353.9614082677185,MSFT,stock,True
2025-07-08,2025-07-08 00:00:00,355.84608578427935,1205981.0,359.99695466999134,363.37848382702873,352.9914944446941,MSFT,stock,True
2025-07-09,2025-07-09 00:00:00,359.9213972791367,871199.0,365.2575280613994,365.71241107783464,357.54565547041915,MSFT,stock,True
2025-07-10,2025-07-10 00:00:00,365.2457924926168,3116227.0,363.1148615543305,368.51342497743497,362.0137069238373,MSFT,stock,True
2025-07-11,2025-07-11 00:00:00,363.11207777094035,4168944.0,365.07431094113065,365.40854546008825,361.8374118061052,MSFT,stock,True
2025-07-14,2025-07-14 00:00:00,364.9773500799146,3969078.0,368.195684031139,369.1374420619589,362.8961119066867,MSFT,stock,True
2025-07-15,2025-07-15 00:00:00,368.1358304186317,938588.0,364.0,368.59090861876746,363.4381175222066,MSFT,stock,True
2024-11-06,2024-11-06 00:00:00,458.2940650842975,1162175.0,460.67621860111296,463.54992246853345,458.29147314966207,GOOGL,stock,True
2024-11-07,2024-11-07 00:00:00,460.7739327827207,4272818.0,466.91535344749997,467.4574039877236,459.8833486880827,GOOGL,stock,True
2024-11-08,2024-11-08 00:00:00,466.838854196389,1323639.0,468.8177882657458,470.48691607468305,466.2191145945068,GOOGL,stock,True
2024-11-11,2024-11-11 00:00:00,468.6631930945467,3844291.0,466.5189372942986,469.06203677500343,463.1650040637653,GOOGL,stock,True
2024-11-12,2024-11-12 00:00:00,466.2800161345942,4077591.0,461.9138121796811,469.3938812610985,459.1065680583143,GOOGL,stock,True
2024-11-13,2024-11-13 00:00:00,461.8125465446672,2323074.0,462.4358666557371,462.7939434444089,458.2127328679003,GOOGL,stock,True
2024-11-14,2024-11-14 00:00:00,462.2992541441166,630011.0,467.9737623333375,468.1776021400464,461.43306729989513,GOOGL,stock,True
2024-11-15,2024-11-15 00:00:00,468.01329496663436,2939582.0,466.8531531731008,470.1088190421864,465.80686493728217,GOOGL,stock,True
2024-11-18,2024-11-18 00:00:00,466.8983443965101,2946595.0,469.74851145904427,473.55132790704783,465.07012885136476,GOOGL,stock,True
2024-11-19,2024-11-19 00:00:00,469.7756710593461,3843844.0,468.6780237496171,470.2666069329657,465.7427575431919,GOOGL,stock,True
2024-11-20,2024-11-20 00:00:00,468.7551656155382,1821032.0,474.16017371233295,476.95529436467586,466.2615920989093,GOOGL,stock,True
2024-11-21,2024-11-21 00:00:00,474.2948524285445,3000970.0,471.96608562812503,475.3323131427516,470.57968613715525,GOOGL,stock,True
2024-11-22,2024-11-22 00:00:00,472.05724948645417,2514919.0,478.06281531336725,482.0105312170873,469.28625931306163,GOOGL,stock,True
2024-11-25,2024-11-25 00:00:00,477.8474629000583,2758991.0,483.7738018884138,486.38487160108116,476.47530140661706,GOOGL,stock,True
2024-11-26,2024-11-26 00:00:00,483.67443030920276,543522.0,477.90876214581635,485.9449875071357,473.434213171986,GOOGL,stock,True
2024-11-27,2024-11-27 00:00:00,477.6685801580786,4805554.0,483.6571423341912,486.48001444100953,477.3031856474771,GOOGL,stock,True
2024-11-28,2024-11-28 00:00:00,483.46170796045215,2024821.0,477.2850615318099,487.9157808039304,473.7346283835219,GOOGL,stock,True
2024-11-29,2024-11-29 00:00:00,477.2770967082434,1622460.0,472.1023708975364,479.84860302830356,469.8975647849452,GOOGL,stock,True
2024-12-02,2024-12-02 00:00:00,471.9009847929705,3766612.0,465.80132994059716,472.2523256880543,464.9783345414194,GOOGL,stock,True
2024-12-03,2024-12-03 00:00:00,465.7845210518564,998898.0,459.91839341430347,470.2995376932535,455.8618275166455,GOOGL,stock,True
2024-12-04,2024-12-04 00:00:00,459.98255250346773,1715330.0,466.3155323271851,466.5898799019847,457.741642418364,GOOGL,stock,True
2024-12-05,2024-12-05 00:00:00,466.36862899169495,4956182.0,462.6174623681502,467.0046599980129,461.5877683873317,GOOGL,stock,True
2024-12-06,2024-12-06 00:00:00,462.42425930096977,1077762.0,464.9968060756378,466.8749908901346,459.24935303559084,GOOGL,stock,True
2024-12-09,2024-12-09 00:00:00,464.85856349308557,1172610.0,466.63281866585993,469.3087024879693,462.7248990076706,GOOGL,stock,True
2024-12-10,2024-12-10 00:00:00,466.4600656140969,3007544.0,466.2217699178177,468.4348295443488,466.012327035852,GOOGL,stock,True
2024-12-11,2024-12-11 00:00:00,466.03675397931477,1463870.0,470.68869305869106,474.8153835973457,465.6954277491318,GOOGL,stock,True
2024-12-12,2024-12-12 00:00:00,470.7621157052989,4828900.0,470.1684546639783,474.5849339801045,466.34698241716086,GOOGL,stock,True
2024-12-13,2024-12-13 00:00:00,470.02064766056765,604968.0,465.3262944088674,473.9977629591889,464.5798848260207,GOOGL,stock,True
2024-12-16,2024-12-16 00:00:00,465.4887168836373,1219000.0,460.81751596497486,467.28892529876777,459.27642453966166,GOOGL,stock,True
2024-12-17,2024-12-17 00:00:00,460.6600387538997,1649474.0,453.9033127131992,464.83956917327725,452.4945241861915,GOOGL,stock,True
2024-12-18,2024-12-18 00:00:00,454.0942885349462,3178514.0,450.19622141239597,456.253230886378,447.19897774165247,GOOGL,stock,True
2024-12-19,2024-12-19 00:00:00,450.0016209858908,2546816.0,456.70854214519073,459.7910406529258,447.8355890321459,GOOGL,stock,True
2024-12-20,2024-12-20 00:00:00,456.58837210582686,1064867.0,449.93687699513106,460.36755837403155,447.3018278537147,GOOGL,stock,True
2024-12-23,2024-12-23 00:00:00,449.78525293112517,4049993.0,448.9568011409718,450.3354459917629,445.92017463322196,GOOGL,stock,True
2024-12-24,2024-12-24 00:00:00,449.13076326186024,2299831.0,447.3583346585699,453.5997001320808,445.44831310524023,GOOGL,stock,True
2024-12-25,2024-12-25 00:00:00,447.17015884723776,1471885.0,441.63748387599964,448.4586264704762,441.4024560199659,GOOGL,stock,True
2024-12-26,2024-12-26 00:00:00,441.8091033566932,842659.0,438.2561856079073,444.5404776804724,436.94986321872835,GOOGL,stock,True
2024-12-27,2024-12-27 00:00:00,438.42661058373596,3642122.0,437.8226380021561,441.7952007248772,435.6863608268546,GOOGL,stock,True
2024-12-30,2024-12-30 00:00:00,438.01555976441495,4885737.0,438.9807218053373,442.17840106597043,436.1441678453201,GOOGL,stock,True
2024-12-31,2024-12-31 00:00:00,438.8755068094132,3483949.0,437.37677532252843,439.45108484518624,434.8141871953226,GOOGL,stock,True
2025-01-01,2025-01-01 00:00:00,437.4579306942973,4086903.0,431.87535020561893,439.31552657392166,429.0349742779968,GOOGL,stock,True
2025-01-02,2025-01-02 00:00:00,431.8393875277496,3472322.0,427.5687610444475,433.1156645608328,425.39219456913827,GOOGL,stock,True
2025-01-03,2025-01-03 00:00:00,427.72577789063774,3929070.0,427.825159117711,431.4491850576739,426.6088582505257,GOOGL,stock,True
2025-01-06,2025-01-06 00:00:00,427.8518249349991,3937329.0,431.9865104202707,433.3344215661311,427.69030188836507,GOOGL,stock,True
2025-01-07,2025-01-07 00:00:00,432.0887377224168,3698730.0,437.79077571448795,438.8436447173713,429.3172336402521,GOOGL,stock,True
2025-01-08,2025-01-08 00:00:00,437.7023535674897,2328468.0,437.2205149920069,439.4257562404984,434.0892323610333,GOOGL,stock,True
2025-01-09,2025-01-09 00:00:00,437.27115029301285,4630555.0,439.56952333872255,442.345418311203,436.6103628749063,GOOGL,stock,True
2025-01-10,2025-01-10 00:00:00,439.6663105081516,3237408.0,434.2023454012302,442.7298863921313,431.08725018951594,GOOGL,stock,True
2025-01-13,2025-01-13 00:00:00,434.3083580042272,3274843.0,432.4128415569022,435.53310862758065,428.64584041654155,GOOGL,stock,True
2025-01-14,2025-01-14 00:00:00,432.27267557232915,2807873.0,435.0327090478244,438.8352798552471,428.89281947370324,GOOGL,stock,True
2025-01-15,2025-01-15 00:00:00,435.1590180210401,1487420.0,433.8122366760821,436.6573711510639,432.2938896758855,GOOGL,stock,True
2025-01-16,2025-01-16 00:00:00,433.94267436189205,1744065.0,440.43917249141776,443.41888491490823,432.59007386732856,GOOGL,stock,True
2025-01-17,2025-01-17 00:00:00,440.2223415065291,3072852.0,442.94253017507185,446.9673409464607,439.3622522743979,GOOGL,stock,True
2025-01-20,2025-01-20 00:00:00,442.9969719014381,2444505.0,438.0812392601494,443.0300266393385,434.23664743168206,GOOGL,stock,True
2025-01-21,2025-01-21 00:00:00,438.2657959842039,1283211.0,434.83551623265816,440.9873271902722,430.8446602742623,GOOGL,stock,True
2025-01-22,2025-01-22 00:00:00,434.8260342380194,4552477.0,439.1324062177692,443.097593059493,430.874781915129,GOOGL,stock,True
2025-01-23,2025-01-23 00:00:00,439.2939698166587,3481411.0,434.80754949895044,439.6267265235404,432.69810415294955,GOOGL,stock,True
2025-01-24,2025-01-24 00:00:00,434.6076165876757,3447053.0,437.99664331442233,441.4123891647955,432.93718078133907,GOOGL,stock,True
2025-01-27,2025-01-27 00:00:00,438.1928094193891,4201919.0,437.7439394903897,439.1526796716188,436.2872604998021,GOOGL,stock,True
2025-01-28,2025-01-28 00:00:00,437.763322025966,4583974.0,440.09592623426636,443.09165727416666,434.1679786558728,GOOGL,stock,True
2025-01-29,2025-01-29 00:00:00,439.9016937164858,4115602.0,442.3615151042343,443.2384121759213,437.757315141258,GOOGL,stock,True
2025-01-30,2025-01-30 00:00:00,442.3488849964944,3880601.0,435.8387686728572,446.47441336508206,435.6304145560684,GOOGL,stock,True
2025-01-31,2025-01-31 00:00:00,435.78020131463194,3448516.0,434.0383394034684,439.82491650065396,434.03094629047,GOOGL,stock,True
2025-02-03,2025-02-03 00:00:00,433.90494449318055,1000647.0,438.47975761460015,442.73256064170033,430.3739194261491,GOOGL,stock,True
2025-02-04,2025-02-04 00:00:00,438.41232687033533,2266626.0,437.71043358442995,438.6753085363453,435.7828864816082,GOOGL,stock,True
2025-02-05,2025-02-05 00:00:00,437.69709896804613,1308138.0,443.02805902177084,446.2088619005158,433.5026940296331,GOOGL,stock,True
2025-02-06,2025-02-06 00:00:00,443.1646073852557,3695687.0,442.6240468720529,446.202948539511,440.05070824648544,GOOGL,stock,True
2025-02-07,2025-02-07 00:00:00,442.45131205163915,2316156.0,440.2793438414981,444.09381012967555,438.55013862985095,GOOGL,stock,True
2025-02-10,2025-02-10 00:00:00,440.2391363844921,4022123.0,439.4079892566195,442.8623591457612,435.6310368858062,GOOGL,stock,True
2025-02-11,2025-02-11 00:00:00,439.510329491128,1486676.0,437.1067520483576,443.444184224065,434.56113111438407,GOOGL,stock,True
2025-02-12,2025-02-12 00:00:00,436.9477422069705,1706116.0,435.0356232659389,437.2367064412341,434.051546964828,GOOGL,stock,True
2025-02-13,2025-02-13 00:00:00,434.9039969248932,4562877.0,438.7662225294735,440.4801281307005,434.23394933576583,GOOGL,stock,True
2025-02-14,2025-02-14 00:00:00,438.5749094440498,1318955.0,444.18182365753,445.5377159393377,438.03468314775233,GOOGL,stock,True
2025-02-17,2025-02-17 00:00:00,443.9655078863768,3303669.0,447.06234744380123,448.53892272169384,441.4305160312116,GOOGL,stock,True
2025-02-18,2025-02-18 00:00:00,446.97791295967534,4215723.0,441.1502274693773,447.71419713536096,437.7878413433133,GOOGL,stock,True
2025-02-19,2025-02-19 00:00:00,441.1522059628968,1876487.0,440.3413074923442,443.6518165978289,439.2381686835418,GOOGL,stock,True
2025-02-20,2025-02-20 00:00:00,440.1643421026788,2174462.0,442.54848779410185,443.9346533246893,438.7285868367301,GOOGL,stock,True
2025-02-21,2025-02-21 00:00:00,442.73446289761574,3058855.0,436.50838605525746,445.13378632872735,432.54199776329915,GOOGL,stock,True
2025-02-24,2025-02-24 00:00:00,436.65460802716416,1426409.0,439.1286499352508,440.6526360833762,434.1222802072078,GOOGL,stock,True
2025-02-25,2025-02-25 00:00:00,438.98139073641363,1809954.0,443.37925525189587,443.9083104107263,436.54058447555326,GOOGL,stock,True
2025-02-26,2025-02-26 00:00:00,443.19947449566376,3104406.0,447.5533490912644,450.6022950403402,439.43486061935903,GOOGL,stock,True
2025-02-27,2025-02-27 00:00:00,447.40287685966723,1107195.0,443.7534436714858,451.42792044105306,439.8233053644512,GOOGL,stock,True
2025-02-28,2025-02-28 00:00:00,443.83259013121176,3999264.0,449.725261677937,451.447133568607,442.00707625417283,GOOGL,stock,True
2025-03-03,2025-03-03 00:00:00,449.56298749337367,2742875.0,445.9016656922942,452.8985139359037,445.61349360387317,GOOGL,stock,True
2025-03-04,2025-03-04 00:00:00,446.0802763392799,4667962.0,441.60804133354293,450.377824399414,439.7766838406732,GOOGL,stock,True
2025-03-05,2025-03-05 00:00:00,441.62240115107414,1601557.0,436.63258421065683,445.63800553982514,432.57236361613667,GOOGL,stock,True
2025-03-06,2025-03-06 00:00:00,436.51305006204,638604.0,441.10357148253206,445.4993099467746,432.4927263538856,GOOGL,stock,True
2025-03-07,2025-03-07 00:00:00,441.0198426781229,1555138.0,444.7673191355349,447.0802835007574,438.67810551270344,GOOGL,stock,True
2025-03-10,2025-03-10 00:00:00,444.62180677097734,1742910.0,441.5870429426616,447.87107819298717,437.4797818893309,GOOGL,stock,True
2025-03-11,2025-03-11 00:00:00,441.5300253931704,4596514.0,435.5870812713339,444.8231154180459,434.66896002844624,GOOGL,stock,True
2025-03-12,2025-03-12 00:00:00,435.46294014590876,2304759.0,429.247199303644,439.8014700412776,429.16645229813776,GOOGL,stock,True
2025-03-13,2025-03-13 00:00:00,429.2520467833792,4169661.0,424.6227180305251,429.85720839862535,423.32129781524765,GOOGL,stock,True
2025-03-14,2025-03-14 00:00:00,424.5200502829969,2766334.0,428.6300350915902,429.8223490454992,423.79399079062676,GOOGL,stock,True
2025-03-17,2025-03-17 00:00:00,428.794871459318,3227130.0,430.3665168665506,431.13818603632865,426.8812809948089,GOOGL,stock,True
2025-03-18,2025-03-18 00:00:00,430.4474043868112,1177132.0,434.68616748946727,434.95368330554754,427.9870093419527,GOOGL,stock,True
2025-03-19,2025-03-19 00:00:00,434.8248147860851,3612906.0,437.0223638557097,440.1299807569854,431.6730967999618,GOOGL,stock,True
2025-03-20,2025-03-20 00:00:00,437.08097085639577,1102046.0,431.87722499984903,438.74891523705924,430.6533529841142,GOOGL,stock,True
2025-03-21,2025-03-21 00:00:00,432.01915642840237,4329778.0,437.8742553364196,441.8554304413754,427.95675293306005,GOOGL,stock,True
2025-03-24,2025-03-24 00:00:00,438.03386690234305,764444.0,439.6406507262621,440.47900141185687,435.95949528352827,GOOGL,stock,True
2025-03-25,2025-03-25 00:00:00,439.6053632397612,2250535.0,444.3393512968841,446.3105261387107,437.09525859454453,GOOGL,stock,True
2025-03-26,2025-03-26 00:00:00,444.37106643689333,3308608.0,443.29915244104006,444.93617180240204,438.9782323862235,GOOGL,stock,True
2025-03-27,2025-03-27 00:00:00,443.46834153196386,3653522.0,438.85137497376815,447.29222869400655,434.7918288986767,GOOGL,stock,True
2025-03-28,2025-03-28 00:00:00,438.68304119611116,725367.0,444.1182674162906,445.3858660895807,434.6698918954658,GOOGL,stock,True
2025-03-31,2025-03-31 00:00:00,444.23699624650277,2699983.0,440.8779896322897,448.2354956790671,439.20046032286757,GOOGL,stock,True
2025-04-01,2025-04-01 00:00:00,440.86773313663815,1771926.0,446.9268279273726,450.421254637592,440.80276875885966,GOOGL,stock,True
2025-04-02,2025-04-02 00:00:00,446.91267083555607,1677262.0,452.88792742091715,452.96584963712013,446.61089322338495,GOOGL,stock,True
2025-04-03,2025-04-03 00:00:00,452.7627210380644,1871695.0,446.2962755187062,453.72032274525475,441.9010211255935,GOOGL,stock,True
2025-04-04,2025-04-04 00:00:00,446.393951239807,811295.0,443.8552806353261,450.336156397504,441.07029851773837,GOOGL,stock,True
2025-04-07,2025-04-07 00:00:00,443.8167994819377,2921028.0,441.5307894506337,446.16007299203375,439.78489837260327,GOOGL,stock,True
2025-04-08,2025-04-08 00:00:00,441.7197908071934,3886203.0,436.08958283656204,442.00465744053787,432.085630328712,GOOGL,stock,True
2025-04-09,2025-04-09 00:00:00,435.970673418688,2146092.0,440.00452359550775,442.07330740009144,434.960520039269,GOOGL,stock,True
2025-04-10,2025-04-10 00:00:00,439.98716854819213,1149303.0,437.59267873735547,441.2404405256808,435.22270850150073,GOOGL,stock,True
2025-04-11,2025-04-11 00:00:00,437.7565510476929,1992189.0,440.45938000509204,443.40294106046116,433.72100157020895,GOOGL,stock,True
2025-04-14,2025-04-14 00:00:00,440.5117972241901,4793538.0,434.60465094523437,441.9709195075383,432.00052481259416,GOOGL,stock,True
2025-04-15,2025-04-15 00:00:00,434.5815022645848,4825476.0,440.40852982260697,442.37444432811003,430.45243902795613,GOOGL,stock,True
2025-04-16,2025-04-16 00:00:00,440.21806933967446,2015518.0,442.92396872057094,444.52662552785233,438.61129186893305,GOOGL,stock,True
2025-04-17,2025-04-17 00:00:00,442.96473037785904,1707922.0,446.3156587565373,449.4469858114981,441.5706570867989,GOOGL,stock,True
2025-04-18,2025-04-18 00:00:00,446.12069573161153,3855087.0,450.74755182617383,452.42745513788765,443.5598783496752,GOOGL,stock,True
2025-04-21,2025-04-21 00:00:00,450.61994282463337,3522256.0,447.17467207763593,453.93773375366675,446.56244013621034,GOOGL,stock,True
2025-04-22,2025-04-22 00:00:00,447.13483193505454,3230223.0,444.0517583123671,448.50581732543253,442.9153029533416,GOOGL,stock,True
2025-04-23,2025-04-23 00:00:00,444.0572398581449,1923921.0,440.3956308628605,446.8337780241671,436.0609113125898,GOOGL,stock,True
2025-04-24,2025-04-24 00:00:00,440.2409883971233,2084120.0,443.8486851135013,444.65546779425324,438.13600937485074,GOOGL,stock,True
2025-04-25,2025-04-25 00:00:00,443.62824674701005,2785242.0,445.74929008445093,445.9953185658665,440.55023752927633,GOOGL,stock,True
2025-04-28,2025-04-28 00:00:00,445.8169506966488,4880844.0,444.05342987167876,446.25298568802367,442.61431100841753,GOOGL,stock,True
2025-04-29,2025-04-29 00:00:00,444.1365059515551,2684465.0,447.0320857552165,448.0355784925258,442.07505421555743,GOOGL,stock,True
2025-04-30,2025-04-30 00:00:00,446.87582642965356,2737710.0,443.5976115234336,451.108888385045,441.8319560618071,GOOGL,stock,True
2025-05-01,2025-05-01 00:00:00,443.4634419868043,4250768.0,438.29727503045,445.39924742756284,436.3747485808244,GOOGL,stock,True
2025-05-02,2025-05-02 00:00:00,438.41609835987674,1051012.0,438.16581757139966,440.32222067408367,436.47508368632697,GOOGL,stock,True
2025-05-05,2025-05-05 00:00:00,437.9890431150648,610860.0,442.43313707556376,444.8361258008366,435.29140656578073,GOOGL,stock,True
2025-05-06,2025-05-06 00:00:00,442.27730633600487,4317292.0,443.5441029185778,443.7033277609844,439.64632561012615,GOOGL,stock,True
2025-05-07,2025-05-07 00:00:00,443.38504709963655,3439586.0,447.1527119362308,450.6264907601692,443.1495463500071,GOOGL,stock,True
2025-05-08,2025-05-08 00:00:00,447.26047892062905,3719712.0,453.1724240837773,454.89495989805994,443.0192344053814,GOOGL,stock,True
2025-05-09,2025-05-09 00:00:00,453.04921925964646,3768649.0,448.191064614491,455.9554687636204,444.50524503618726,GOOGL,stock,True
2025-05-12,2025-05-12 00:00:00,448.2363353775068,3792181.0,445.34219923512626,449.8915478699424,441.54976898360786,GOOGL,stock,True
2025-05-13,2025-05-13 00:00:00,445.48079270185787,2030102.0,445.082715428546,448.2359727286579,443.86280987427256,GOOGL,stock,True
2025-05-14,2025-05-14 00:00:00,444.9920327881464,646468.0,443.91913244556997,446.61460956134925,443.5085664991916,GOOGL,stock,True
2025-05-15,2025-05-15 00:00:00,443.9929337673432,1756136.0,450.544831752656,453.1135462244134,439.93881223617655,GOOGL,stock,True
2025-05-16,2025-05-16 00:00:00,450.7039086786559,2060016.0,456.0171055059634,460.2302084797602,447.69184149089233,GOOGL,stock,True
2025-05-19,2025-05-19 00:00:00,456.1852143916698,755768.0,463.12554021986597,465.0023575318535,452.7847769806905,GOOGL,stock,True
2025-05-20,2025-05-20 00:00:00,463.16378097968624,3873581.0,466.1316624723729,469.68818005727303,459.4969808436899,GOOGL,stock,True
2025-05-21,2025-05-21 00:00:00,465.9409419799043,4424471.0,462.14172494631356,466.6480353799278,461.23401711136836,GOOGL,stock,True
2025-05-22,2025-05-22 00:00:00,462.296819167607,4430637.0,459.01253970244795,462.95122956099755,457.4470597986173,GOOGL,stock,True
2025-05-23,2025-05-23 00:00:00,458.8079663162269,3137264.0,454.26988955378573,459.2544768367299,453.43837578654717,GOOGL,stock,True
2025-05-26,2025-05-26 00:00:00,454.2959343478261,1137934.0,454.2445776483795,456.3297159814,451.0086950354488,GOOGL,stock,True
2025-05-27,2025-05-27 00:00:00,454.28780187372365,3949889.0,460.5566645276301,462.4205704807998,453.04450754390996,GOOGL,stock,True
2025-05-28,2025-05-28 00:00:00,460.50731436255865,2580476.0,455.3746376884599,464.98507263309796,451.5798718866538,GOOGL,stock,True
2025-05-29,2025-05-29 00:00:00,455.56939375262766,4659181.0,453.53935851066603,458.8203559126537,451.339512734642,GOOGL,stock,True
2025-05-30,2025-05-30 00:00:00,453.5476481961188,2051407.0,448.51799431635436,457.9895485950097,446.56014830026294,GOOGL,stock,True
2025-06-02,2025-06-02 00:00:00,448.6255561648152,3983148.0,444.7140360357566,451.22990286706533,441.4079026104872,GOOGL,stock,True
2025-06-03,2025-06-03 00:00:00,444.85314381227306,1005336.0,444.2355417926845,447.468538831822,441.29899697881655,GOOGL,stock,True
2025-06-04,2025-06-04 00:00:00,444.24611926520464,1576188.0,444.9108063314859,447.1989754220497,444.100896384726,GOOGL,stock,True
2025-06-05,2025-06-05 00:00:00,444.9824839611385,3854943.0,449.1788045366144,451.7597112784506,444.0106486860972,GOOGL,stock,True
2025-06-06,2025-06-06 00:00:00,449.0668811677354,4300164.0,451.39134662044967,454.24468105781244,448.21901585636056,GOOGL,stock,True
2025-06-09,2025-06-09 00:00:00,451.30788865636566,4246972.0,457.15384216682673,459.41769170019694,449.9200537250225,GOOGL,stock,True
2025-06-10,2025-06-10 00:00:00,457.2497386127261,3018044.0,454.6188019232332,461.3607429517805,452.6260311398153,GOOGL,stock,True
2025-06-11,2025-06-11 00:00:00,454.51918085276753,816763.0,452.92753651890143,458.6493423968376,448.9140290514245,GOOGL,stock,True
2025-06-12,2025-06-12 00:00:00,452.78123968976865,4837039.0,448.3271365827692,456.66708515423414,447.6474667917326,GOOGL,stock,True
2025-06-13,2025-06-13 00:00:00,448.5244022023707,2767482.0,446.68851242298484,448.6607615637581,445.18679815215006,GOOGL,stock,True
2025-06-16,2025-06-16 00:00:00,446.59633962340587,3855701.0,443.6366680332074,448.92814250169187,442.54586305396117,GOOGL,stock,True
2025-06-17,2025-06-17 00:00:00,443.76110343330197,3205935.0,441.4069515035796,447.4838019160209,437.66504884260024,GOOGL,stock,True
2025-06-18,2025-06-18 00:00:00,441.21393322932863,3519748.0,447.20322317610436,448.7480985789577,439.52689695624025,GOOGL,stock,True
2025-06-19,2025-06-19 00:00:00,447.2802927650903,1341151.0,448.4216123498409,449.01702725015775,446.892383108746,GOOGL,stock,True
2025-06-20,2025-06-20 00:00:00,448.4921910876431,4035097.0,444.51317898568186,452.63631098096425,441.77730915611784,GOOGL,stock,True
2025-06-23,2025-06-23 00:00:00,444.5157124817874,2545933.0,442.59971185695787,447.34651104602915,442.03758211524456,GOOGL,stock,True
2025-06-24,2025-06-24 00:00:00,442.74787220494323,2225966.0,436.6087498253024,447.16226812860845,433.26766675399085,GOOGL,stock,True
2025-06-25,2025-06-25 00:00:00,436.4380749299208,927939.0,438.3121230111591,438.8456282647534,435.38942104760514,GOOGL,stock,True
2025-06-26,2025-06-26 00:00:00,438.4319484240507,2852740.0,438.8997643853481,439.45075766142924,438.1310197924101,GOOGL,stock,True
2025-06-27,2025-06-27 00:00:00,438.95687935669235,1981351.0,435.3112951042064,441.85006865166605,433.74197624366917,GOOGL,stock,True
2025-06-30,2025-06-30 00:00:00,435.27352572449377,3249721.0,436.6267920639497,440.90773208219156,434.73591892640087,GOOGL,stock,True
2025-07-01,2025-07-01 00:00:00,436.60173328403226,4375263.0,432.03069340786647,439.2329397311751,430.4871857205674,GOOGL,stock,True
2025-07-02,2025-07-02 00:00:00,432.15911356840513,3895984.0,427.74502809489496,436.1049893133041,426.60775136347684,GOOGL,stock,True
2025-07-03,2025-07-03 00:00:00,427.6663272822316,1597990.0,425.98207749831715,430.71590117356646,424.474485779235,GOOGL,stock,True
2025-07-04,2025-07-04 00:00:00,425.7488696771693,2317907.0,426.1896008296841,426.4632753919534,421.5405694731091,GOOGL,stock,True
2025-07-07,2025-07-07 00:00:00,426.0638267766968,2614715.0,432.5338559946961,435.3179454039729,424.2486734360756,GOOGL,stock,True
2025-07-08,2025-07-08 00:00:00,432.4097269454542,4036115.0,430.2141044803375,434.035306088871,428.81795454939675,GOOGL,stock,True
2025-07-09,2025-07-09 00:00:00,430.3530968081555,4308202.0,435.5015042772792,439.7580386246614,429.0183715101403,GOOGL,stock,True
2025-07-10,2025-07-10 00:00:00,435.3175680941284,2228631.0,431.5833812006562,438.5453921529197,430.78899494961917,GOOGL,stock,True
2025-07-11,2025-07-11 00:00:00,431.3528786090354,1370786.0,427.3843140061395,431.83289781312266,425.41791368685614,GOOGL,stock,True
2025-07-14,2025-07-14 00:00:00,427.5589813845298,4666643.0,422.27547432237117,430.56797671422225,420.8246195151371,GOOGL,stock,True
2025-07-15,2025-07-15 00:00:00,422.24461667999094,2499545.0,426.0,426.10042646214276,419.3593406536656,GOOGL,stock,True
2024-11-06,2024-11-06 00:00:00,335.5003943847895,969298.0,334.1822689530209,336.91436481406697,332.7305386610059,AMZN,stock,True
2024-11-07,2024-11-07 00:00:00,334.2206086934049,568705.0,329.9293721820866,336.4690974088233,327.6584503972396,AMZN,stock,True
2024-11-08,2024-11-08 00:00:00,329.9907297380874,4520189.0,332.2550595488583,333.0870522245959,327.2445503621998,AMZN,stock,True
2024-11-11,2024-11-11 00:00:00,332.19283096309397,4523365.0,331.56124027557917,334.2573919572803,328.5314480096007,AMZN,stock,True
2024-11-12,2024-11-12 00:00:00,331.6457585157866,1732550.0,336.47784946072983,338.7728115451787,331.13436137918893,AMZN,stock,True
2024-11-13,2024-11-13 00:00:00,336.5205232864159,4495997.0,337.24073773249575,340.52971926456985,334.30040101011633,AMZN,stock,True
2024-11-14,2024-11-14 00:00:00,337.1216804188101,3821980.0,337.34114939171377,340.7004581623761,336.5499665428313,AMZN,stock,True
2024-11-15,2024-11-15 00:00:00,337.1877420208705,2909062.0,332.2860088684097,337.9989701252751,330.95946776623674,AMZN,stock,True
2024-11-18,2024-11-18 00:00:00,332.2509758149844,1868469.0,332.5427785167837,335.26984304861776,331.67651287767166,AMZN,stock,True
2024-11-19,2024-11-19 00:00:00,332.6049048159272,4735598.0,335.9225364121596,337.9502108335404,329.5497864004742,AMZN,stock,True
2024-11-20,2024-11-20 00:00:00,335.9146109187643,2462260.0,337.73776921248793,337.9979227269537,335.2304811942598,AMZN,stock,True
2024-11-21,2024-11-21 00:00:00,337.5781944893265,2906711.0,338.97781478690644,339.75510427371484,336.00991864718736,AMZN,stock,True
2024-11-22,2024-11-22 00:00:00,339.0331832575908,1740108.0,342.25748271997253,344.61451638551813,337.6262385417552,AMZN,stock,True
2024-11-25,2024-11-25 00:00:00,342.4088520858111,1304074.0,343.00563571745107,343.31345174795877,340.11200599803277,AMZN,stock,True
2024-11-26,2024-11-26 00:00:00,343.0978812304322,2244203.0,338.28865768458706,345.8835732370414,335.8666919195228,AMZN,stock,True
2024-11-27,2024-11-27 00:00:00,338.19905661970347,4785075.0,343.19551653143657,344.43263596382366,335.05242428912544,AMZN,stock,True
2024-11-28,2024-11-28 00:00:00,343.1765658242348,2852330.0,340.5813461115617,344.53260631222827,339.0444330457826,AMZN,stock,True
2024-11-29,2024-11-29 00:00:00,340.50645987821906,2135416.0,337.1852418525744,343.4449537402763,336.6589926115168,AMZN,stock,True
2024-12-02,2024-12-02 00:00:00,337.09419832194345,669685.0,341.86569039803464,342.8425206534715,335.84916160769086,AMZN,stock,True
2024-12-03,2024-12-03 00:00:00,342.01056407719847,2558957.0,344.42857729489435,345.1098861563856,341.2975520599488,AMZN,stock,True
2024-12-04,2024-12-04 00:00:00,344.45540530337695,3638298.0,343.2515402298991,344.9030776713051,341.45147142934104,AMZN,stock,True
2024-12-05,2024-12-05 00:00:00,343.161238944789,3831296.0,340.5014617393934,345.11729003422204,337.5026348401224,AMZN,stock,True
2024-12-06,2024-12-06 00:00:00,340.3566812656062,1592504.0,337.88847184834384,340.4670185059937,334.7873473012571,AMZN,stock,True
2024-12-09,2024-12-09 00:00:00,337.7978231645359,778740.0,341.9478921184885,342.73236560279935,335.9816906923047,AMZN,stock,True
2024-12-10,2024-12-10 00:00:00,342.0097962959947,3233881.0,344.0615211389193,345.66084181332474,340.7464664234431,AMZN,stock,True
2024-12-11,2024-12-11 00:00:00,344.0209442584107,2735651.0,343.92119087121995,344.93530769214686,340.6555176435391,AMZN,stock,True
2024-12-12,2024-12-12 00:00:00,343.83582009407144,4450760.0,339.1080336299007,346.39950678694703,337.67689603708766,AMZN,stock,True
2024-12-13,2024-12-13 00:00:00,339.04755350705756,1248086.0,337.10221295488356,339.9993178801971,334.6560555826214,AMZN,stock,True
2024-12-16,2024-12-16 00:00:00,337.2256071329257,1202487.0,341.2114840784433,341.7293086776297,334.75881961491024,AMZN,stock,True
2024-12-17,2024-12-17 00:00:00,341.30639324003823,3940452.0,344.5603471490496,347.7025266839709,340.6517216205416,AMZN,stock,True
2024-12-18,2024-12-18 00:00:00,344.4487419156777,2004847.0,345.03883907609514,345.2872649151202,343.698413758181,AMZN,stock,True
2024-12-19,2024-12-19 00:00:00,345.0394024439911,3933912.0,344.85621819405276,348.02008928858106,342.636136848653,AMZN,stock,True
2024-12-20,2024-12-20 00:00:00,344.90940451691506,813962.0,340.7425280112441,346.77385363196777,340.465649738809,AMZN,stock,True
2024-12-23,2024-12-23 00:00:00,340.8247423311974,2891152.0,340.62428699339375,342.48143153451826,339.88990612610485,AMZN,stock,True
2024-12-24,2024-12-24 00:00:00,340.55595627142856,4157026.0,340.3902368872958,342.2871597682862,340.2828045061785,AMZN,stock,True
2024-12-25,2024-12-25 00:00:00,340.3909266977756,1872630.0,341.1108970241112,341.7684686380556,337.768008693189,AMZN,stock,True
2024-12-26,2024-12-26 00:00:00,341.05449647778835,3500221.0,343.2711159053305,344.572572299406,339.5169034746336,AMZN,stock,True
2024-12-27,2024-12-27 00:00:00,343.1333304497164,3043321.0,339.8509599656677,344.1868551322592,336.6489675954452,AMZN,stock,True
2024-12-30,2024-12-30 00:00:00,339.97584911773475,4442272.0,336.27489334889873,342.45450227038884,335.3941394919035,AMZN,stock,True
2024-12-31,2024-12-31 00:00:00,336.14607055175014,2716971.0,337.87270961709396,338.1325767122374,334.6075201636618,AMZN,stock,True
2025-01-01,2025-01-01 00:00:00,337.7299142113437,866592.0,335.3347893029437,338.36912187134425,333.21295307723767,AMZN,stock,True
2025-01-02,2025-01-02 00:00:00,335.1786514532056,4136066.0,332.8731983051858,335.47339773453916,330.7537145014248,AMZN,stock,True
2025-01-03,2025-01-03 00:00:00,332.76183566001356,1056876.0,336.0367100349603,337.7731805707945,329.48550843408066,AMZN,stock,True
2025-01-06,2025-01-06 00:00:00,336.1383587264481,3976443.0,333.6750610932805,338.792932133567,333.619741869891,AMZN,stock,True
2025-01-07,2025-01-07 00:00:00,333.4931946195359,3113762.0,330.5462455151951,336.54833487020574,329.8533344248633,AMZN,stock,True
2025-01-08,2025-01-08 00:00:00,330.6088584855084,3209990.0,329.2160839847607,332.3190213438763,326.69010257201836,AMZN,stock,True
2025-01-09,2025-01-09 00:00:00,329.36282112648485,1016181.0,332.6915884812078,335.4088931529337,327.8186624547617,AMZN,stock,True
2025-01-10,2025-01-10 00:00:00,332.84007404992855,4637530.0,331.0844567063687,335.73385078854113,329.1026119264208,AMZN,stock,True
2025-01-13,2025-01-13 00:00:00,331.182089884915,3254878.0,326.4479314646263,331.8504935000137,326.20907018083784,AMZN,stock,True
2025-01-14,2025-01-14 00:00:00,326.329398648583,4743711.0,326.9497830829784,329.71498708637426,324.9671741757769,AMZN,stock,True
2025-01-15,2025-01-15 00:00:00,326.89571938411143,2163078.0,327.3293006510278,328.09107546865516,326.0371561394566,AMZN,stock,True
2025-01-16,2025-01-16 00:00:00,327.38898248420963,1841609.0,327.632047063685,328.5568899185736,326.9652711003499,AMZN,stock,True
2025-01-17,2025-01-17 00:00:00,327.7162769863905,992696.0,324.6479650156525,328.9735311447305,323.44314416578476,AMZN,stock,True
2025-01-20,2025-01-20 00:00:00,324.6583558628129,3021827.0,323.4845531811028,325.1193508753979,321.6384443778583,AMZN,stock,True
2025-01-21,2025-01-21 00:00:00,323.3303188033165,4513120.0,319.90488936938476,323.4613494132831,316.8661307798271,AMZN,stock,True
2025-01-22,2025-01-22 00:00:00,320.03286024435397,4646229.0,317.3719724056521,322.5909326840641,316.4983059505757,AMZN,stock,True
2025-01-23,2025-01-23 00:00:00,317.5105034703664,2732601.0,320.85725824439993,322.03532657449995,315.886750052315,AMZN,stock,True
2025-01-24,2025-01-24 00:00:00,320.90806033439566,593641.0,322.7422970520763,324.8913472594055,319.7630139719265,AMZN,stock,True
2025-01-27,2025-01-27 00:00:00,322.6956366604101,2794688.0,327.0252090912984,329.609982745383,319.82910808246913,AMZN,stock,True
2025-01-28,2025-01-28 00:00:00,327.03841517089575,1899431.0,324.69383591111307,327.99401005245426,323.3261179609092,AMZN,stock,True
2025-01-29,2025-01-29 00:00:00,324.516513325472,4609138.0,321.32922299799844,326.4303699590184,318.13723732790635,AMZN,stock,True
2025-01-30,2025-01-30 00:00:00,321.4181901874687,894555.0,321.3854916739706,322.6735783935684,321.35655665261106,AMZN,stock,True
2025-01-31,2025-01-31 00:00:00,321.35882192063,865080.0,325.4363851039023,326.5266137012645,319.71635338057035,AMZN,stock,True
2025-02-03,2025-02-03 00:00:00,325.51644632498324,961669.0,325.5982859970035,326.2304825220334,323.26703319746537,AMZN,stock,True
2025-02-04,2025-02-04 00:00:00,325.48379382703826,4663539.0,321.1578724725479,328.7092312818983,319.49796265741776,AMZN,stock,True
2025-02-05,2025-02-05 00:00:00,321.29023535820403,2773251.0,319.6827707860603,321.35499872861664,316.5380661262165,AMZN,stock,True
2025-02-06,2025-02-06 00:00:00,319.5689064911106,4073698.0,321.34471201746453,324.0239807533172,318.68702106704217,AMZN,stock,True
2025-02-07,2025-02-07 00:00:00,321.3787541206503,1110477.0,325.5747350585496,327.6052484944289,319.6039499248894,AMZN,stock,True
2025-02-10,2025-02-10 00:00:00,325.42412520592154,1356751.0,327.10797803283947,328.0958126169657,324.208592804048,AMZN,stock,True
2025-02-11,2025-02-11 00:00:00,327.2226176241288,3601758.0,329.9744420323821,332.1604886615218,326.25763369201076,AMZN,stock,True
2025-02-12,2025-02-12 00:00:00,330.08028435738817,3223989.0,334.2422143685527,336.3369171084073,327.73577677463703,AMZN,stock,True
2025-02-13,2025-02-13 00:00:00,334.32108343327764,3082921.0,335.28078455739023,338.32548035441,331.49454238665106,AMZN,stock,True
2025-02-14,2025-02-14 00:00:00,335.1611260980786,4457158.0,338.73030846890475,341.70199860430995,334.0217430984736,AMZN,stock,True
2025-02-17,2025-02-17 00:00:00,338.5685846613095,3158529.0,341.298452360823,343.9041823165961,335.3385189073834,AMZN,stock,True
2025-02-18,2025-02-18 00:00:00,341.3601292915714,3034440.0,340.53561048255983,343.68016148587094,337.9213790631112,AMZN,stock,True
2025-02-19,2025-02-19 00:00:00,340.55094250658647,4689615.0,340.39333245149027,343.6173692459981,337.74698168760335,AMZN,stock,True
2025-02-20,2025-02-20 00:00:00,340.4983446089567,4956097.0,336.4856116103994,343.3072438500567,335.3917991976182,AMZN,stock,True
2025-02-21,2025-02-21 00:00:00,336.37687375940476,2758031.0,337.06789926505246,337.5260768897824,333.9860614923144,AMZN,stock,True
2025-02-24,2025-02-24 00:00:00,337.1052984843118,2739426.0,336.81103862614987,340.09847944688056,334.11182765704825,AMZN,stock,True
2025-02-25,2025-02-25 00:00:00,336.89416711969943,1121032.0,334.60774577753904,339.55810911067357,333.34146446601693,AMZN,stock,True
2025-02-26,2025-02-26 00:00:00,334.66469152500713,1555249.0,330.918892283996,335.1087355051583,327.8967908386851,AMZN,stock,True
2025-02-27,2025-02-27 00:00:00,330.7515957539749,2832034.0,328.1650725934794,331.696402055857,327.4162833370603,AMZN,stock,True
2025-02-28,2025-02-28 00:00:00,328.2900634025495,1422655.0,325.58773189088583,331.5488142739034,322.63791332203976,AMZN,stock,True
2025-03-03,2025-03-03 00:00:00,325.5327936608636,2734491.0,322.14770729700984,327.9086827954478,319.9916811493284,AMZN,stock,True
2025-03-04,2025-03-04 00:00:00,322.20253979663573,4969181.0,324.35194792578056,326.01775483505907,319.3130707125353,AMZN,stock,True
2025-03-05,2025-03-05 00:00:00,324.2628272325317,1603756.0,326.6550971958587,327.0204506226661,322.226146108305,AMZN,stock,True
2025-03-06,2025-03-06 00:00:00,326.48816870664575,1603333.0,328.93421344611795,330.49162747851466,325.3731909819231,AMZN,stock,True
2025-03-07,2025-03-07 00:00:00,329.0417747242925,4551436.0,327.1048944471156,329.9731289616744,324.63977085601954,AMZN,stock,True
2025-03-10,2025-03-10 00:00:00,327.10458365735485,986241.0,330.2154563785478,330.81219471357684,327.1026146276451,AMZN,stock,True
2025-03-11,2025-03-11 00:00:00,330.2698937161612,3636517.0,333.7209750823718,336.6117171910362,327.52864691229047,AMZN,stock,True
2025-03-12,2025-03-12 00:00:00,333.8035258568016,3380056.0,334.4483420570561,334.7271896642835,331.7758706615093,AMZN,stock,True
2025-03-13,2025-03-13 00:00:00,334.5118210241028,3942106.0,338.5857235660018,338.9729269114121,333.499983163287,AMZN,stock,True
2025-03-14,2025-03-14 00:00:00,338.6255766635062,3750661.0,334.2624477895838,339.60262274081305,332.02662087296864,AMZN,stock,True
2025-03-17,2025-03-17 00:00:00,334.0962593831605,4112917.0,332.9333708768389,334.7175525598608,329.94245733988686,AMZN,stock,True
2025-03-18,2025-03-18 00:00:00,332.9068852190014,1832599.0,332.76288362721755,334.21940441090015,329.4989635526243,AMZN,stock,True
2025-03-19,2025-03-19 00:00:00,332.63017662043507,715516.0,336.1652378731375,338.11077423675425,332.5468537312201,AMZN,stock,True
2025-03-20,2025-03-20 00:00:00,335.9811875906322,2638425.0,335.97807086796735,336.90078754935826,333.31127908948304,AMZN,stock,True
2025-03-21,2025-03-21 00:00:00,335.9632465239606,3635475.0,331.36331270334057,339.0689289560168,328.904968236424,AMZN,stock,True
2025-03-24,2025-03-24 00:00:00,331.29690365301445,4709273.0,329.50780134866216,333.15600528849353,327.4831711592382,AMZN,stock,True
2025-03-25,2025-03-25 00:00:00,329.5223841081681,1774652.0,331.0723198172647,332.29975044226745,326.64437445576715,AMZN,stock,True
2025-03-26,2025-03-26 00:00:00,331.09289859780165,553725.0,335.2903995788012,335.5609879396167,328.2038239433522,AMZN,stock,True
2025-03-27,2025-03-27 00:00:00,335.12956553773535,2950551.0,336.29507071250123,337.68163405385593,334.7246582104902,AMZN,stock,True
2025-03-28,2025-03-28 00:00:00,336.2505241925673,1158207.0,333.679277073028,337.63814257999496,331.62303709239137,AMZN,stock,True
2025-03-31,2025-03-31 00:00:00,333.65834124927153,3108735.0,337.89801535700207,339.58509524495975,331.235258852978,AMZN,stock,True
2025-04-01,2025-04-01 00:00:00,337.9111350755924,1615593.0,342.3611921892588,342.38723120677474,334.93003905666285,AMZN,stock,True
2025-04-02,2025-04-02 00:00:00,342.3503412832934,2755789.0,339.30700002891064,342.83502938177037,336.70552170772334,AMZN,stock,True
2025-04-03,2025-04-03 00:00:00,339.3707492747774,2960732.0,335.1447227717692,341.24510049289427,333.67334209991674,AMZN,stock,True
2025-04-04,2025-04-04 00:00:00,335.2383112819817,4848385.0,333.67536514608565,336.00464641964726,333.65498498849644,AMZN,stock,True
2025-04-07,2025-04-07 00:00:00,333.5339190363545,4559240.0,331.1165526036584,335.43251960435754,329.30400657108044,AMZN,stock,True
2025-04-08,2025-04-08 00:00:00,331.0218453079492,660624.0,328.9847694309252,333.6432872834788,327.17811313509054,AMZN,stock,True
2025-04-09,2025-04-09 00:00:00,328.8881906213257,4924060.0,332.6785481437499,333.9660711913234,328.3467114248236,AMZN,stock,True
2025-04-10,2025-04-10 00:00:00,332.7741597441024,3463888.0,328.38081537857175,335.21983067875374,327.56656996006217,AMZN,stock,True
2025-04-11,2025-04-11 00:00:00,328.2555296167758,2994892.0,329.30842187516413,330.03265386250246,325.14675922177,AMZN,stock,True
2025-04-14,2025-04-14 00:00:00,329.2943909123477,1491540.0,325.144781341545,331.1258610991044,323.9654714303792,AMZN,stock,True
2025-04-15,2025-04-15 00:00:00,325.258733026434,614093.0,328.73729790546713,330.92972747012357,322.4274388174688,AMZN,stock,True
2025-04-16,2025-04-16 00:00:00,328.6259105047721,3249599.0,329.36654566389507,331.7066648540821,326.0080917702896,AMZN,stock,True
2025-04-17,2025-04-17 00:00:00,329.38647739330077,2064631.0,330.6026049717872,332.718481499394,328.62789090465634,AMZN,stock,True
2025-04-18,2025-04-18 00:00:00,330.72604000411604,2414015.0,334.7823869741834,336.7932313435796,330.6164527076803,AMZN,stock,True
2025-04-21,2025-04-21 00:00:00,334.72535511655013,3890954.0,339.566204361375,341.33054303712225,333.5309988267704,AMZN,stock,True
2025-04-22,2025-04-22 00:00:00,339.6961705956695,947303.0,338.374867052469,341.6642533604716,335.40936436739116,AMZN,stock,True
2025-04-23,2025-04-23 00:00:00,338.48716423792683,1374103.0,342.4780245884482,343.04285508775155,335.95089078667337,AMZN,stock,True
2025-04-24,2025-04-24 00:00:00,342.4030503699113,1545834.0,345.71274984875095,346.0766579504206,340.01921551627856,AMZN,stock,True
2025-04-25,2025-04-25 00:00:00,345.7066484597093,4239136.0,342.38194124592013,347.03929305842183,339.1659318704732,AMZN,stock,True
2025-04-28,2025-04-28 00:00:00,342.39488138912753,3893257.0,337.6247358493877,344.60723701858194,334.9946319622308,AMZN,stock,True
2025-04-29,2025-04-29 00:00:00,337.4914915046267,4621784.0,337.955632062185,338.15840346727066,334.98662360378376,AMZN,stock,True
2025-04-30,2025-04-30 00:00:00,337.8882757836292,2995228.0,338.02301775609806,339.5734703029685,337.71265688092524,AMZN,stock,True
2025-05-01,2025-05-01 00:00:00,338.03012645355767,1005785.0,335.6470642087512,340.8047815913762,332.7263120423183,AMZN,stock,True
2025-05-02,2025-05-02 00:00:00,335.6033763650008,4559188.0,336.9629696487776,337.36367460824187,332.5598389417325,AMZN,stock,True
2025-05-05,2025-05-05 00:00:00,336.92863328985015,4927461.0,332.22838598695137,338.95378986023854,330.2673190167568,AMZN,stock,True
2025-05-06,2025-05-06 00:00:00,332.23005341935925,1256682.0,329.10740474889326,332.6011254648594,325.935560600116,AMZN,stock,True
2025-05-07,2025-05-07 00:00:00,329.0305321985139,1682593.0,332.65997258677424,334.92277543218313,327.70032416423714,AMZN,stock,True
2025-05-08,2025-05-08 00:00:00,332.60343347725734,4417364.0,332.7820941921064,334.12359454592166,329.3466042888402,AMZN,stock,True
2025-05-09,2025-05-09 00:00:00,332.7860483128454,2137809.0,330.0642763637904,333.0962448582755,329.16034196936494,AMZN,stock,True
2025-05-12,2025-05-12 00:00:00,330.0057192552864,1665890.0,330.5505988977679,333.5970845397529,329.7442929425889,AMZN,stock,True
2025-05-13,2025-05-13 00:00:00,330.40432381070934,2588528.0,334.99273064166323,335.5726391230913,329.28305940520073,AMZN,stock,True
2025-05-14,2025-05-14 00:00:00,334.9900633148753,1100678.0,334.55493773714124,336.15258387910376,331.5909886259879,AMZN,stock,True
2025-05-15,2025-05-15 00:00:00,334.61437500782097,1417562.0,337.20680810028506,339.481179681132,332.97661988296625,AMZN,stock,True
2025-05-16,2025-05-16 00:00:00,337.17519043236024,3622110.0,341.7689864454975,342.1014579581894,336.56403794850826,AMZN,stock,True
2025-05-19,2025-05-19 00:00:00,341.88126265019804,1768552.0,346.2903821290386,347.4153512278623,340.85279748076795,AMZN,stock,True
2025-05-20,2025-05-20 00:00:00,346.12438981519915,1883838.0,349.2575033056082,350.9693478245442,345.3851652158094,AMZN,stock,True
2025-05-21,2025-05-21 00:00:00,349.37428045886867,1401557.0,346.3156392705594,349.73513139212025,343.2444634541903,AMZN,stock,True
2025-05-22,2025-05-22 00:00:00,346.1441571486717,4612403.0,348.81942071656795,349.56657179253705,345.4046547506403,AMZN,stock,True
2025-05-23,2025-05-23 00:00:00,348.7050478274385,1733478.0,351.2238769280287,352.2741002540658,345.7970299555213,AMZN,stock,True
2025-05-26,2025-05-26 00:00:00,351.07957487597423,2317499.0,355.7398918376807,355.9840060259789,350.00402023549395,AMZN,stock,True
2025-05-27,2025-05-27 00:00:00,355.6162562231634,4817520.0,360.0155194241656,361.4452541599578,352.16010341079647,AMZN,stock,True
2025-05-28,2025-05-28 00:00:00,360.0770887498391,2504196.0,365.3760911705872,366.0388446792239,357.1881533463248,AMZN,stock,True
2025-05-29,2025-05-29 00:00:00,365.25239113371623,1153469.0,369.6067003431769,372.37596402453994,363.42069114948447,AMZN,stock,True
2025-05-30,2025-05-30 00:00:00,369.5089102664414,4498866.0,368.4365242214265,370.6091093904338,366.439409434785,AMZN,stock,True
2025-06-02,2025-06-02 00:00:00,368.25046851440237,1177898.0,365.1502176604439,369.08955285098193,362.4358051374414,AMZN,stock,True
2025-06-03,2025-06-03 00:00:00,365.1665293058185,3488805.0,363.8914172382919,368.7972493960191,362.4678505842042,AMZN,stock,True
2025-06-04,2025-06-04 00:00:00,363.9368407415579,2495099.0,358.9477486980472,365.1164749941578,356.3934979827659,AMZN,stock,True
2025-06-05,2025-06-05 00:00:00,359.0032683561178,3969130.0,356.5369540422465,359.6011569697647,353.26611665190694,AMZN,stock,True
2025-06-06,2025-06-06 00:00:00,356.6834766979554,4365738.0,352.17975163158496,356.99851901049067,352.165055605208,AMZN,stock,True
2025-06-09,2025-06-09 00:00:00,352.00686489483365,3628182.0,356.74293756975914,359.6353506267308,349.00898889910445,AMZN,stock,True
2025-06-10,2025-06-10 00:00:00,356.85830354061176,976887.0,353.50635382451674,357.65836340268595,352.9698718697078,AMZN,stock,True
2025-06-11,2025-06-11 00:00:00,353.5896563956863,2486620.0,349.4218510792261,355.15872826155834,347.0521120720697,AMZN,stock,True
2025-06-12,2025-06-12 00:00:00,349.25903794778526,4671813.0,347.62666268347357,351.65343784585593,346.9150371791387,AMZN,stock,True
2025-06-13,2025-06-13 00:00:00,347.448105427926,964053.0,348.04805938849296,348.90629763660564,345.1137752849507,AMZN,stock,True
2025-06-16,2025-06-16 00:00:00,347.96204215324497,1640321.0,345.2844870630214,349.9812743961493,344.9027035317539,AMZN,stock,True
2025-06-17,2025-06-17 00:00:00,345.1029552725133,1137770.0,349.05257296852056,351.49175764676073,342.27434994033337,AMZN,stock,True
2025-06-18,2025-06-18 00:00:00,349.0991480983781,2029750.0,346.30666820016006,349.79952348202363,344.5375795862539,AMZN,stock,True
2025-06-19,2025-06-19 00:00:00,346.4309215890837,965447.0,350.7550674356248,351.36968731121,346.3073940503815,AMZN,stock,True
2025-06-20,2025-06-20 00:00:00,350.7202171488907,1398387.0,351.7005305454798,351.71025469154614,348.55888242015936,AMZN,stock,True
2025-06-23,2025-06-23 00:00:00,351.70533687167926,2919233.0,351.1234091653363,351.839585850066,348.1429876061903,AMZN,stock,True
2025-06-24,2025-06-24 00:00:00,351.2703204251528,3957765.0,350.158310078182,352.21287516647715,349.4756511694308,AMZN,stock,True
2025-06-25,2025-06-25 00:00:00,350.195123097939,3613143.0,347.9109508277172,352.97411312753934,347.1311217856397,AMZN,stock,True
2025-06-26,2025-06-26 00:00:00,347.7350206329656,3269977.0,352.83875323290334,353.96621190948093,347.1484658730164,AMZN,stock,True
2025-06-27,2025-06-27 00:00:00,352.9266859042653,4341097.0,357.1966392246543,357.2256935325037,349.50004730027325,AMZN,stock,True
2025-06-30,2025-06-30 00:00:00,357.06055472083125,2747034.0,358.09648706889897,359.505955103555,355.9530456766714,AMZN,stock,True
2025-07-01,2025-07-01 00:00:00,358.1609947850708,1454582.0,358.0633526848826,361.38308001895575,357.1482006169105,AMZN,stock,True
2025-07-02,2025-07-02 00:00:00,358.1782837189704,1425132.0,360.83958958692506,363.57425547098524,355.27295244875694,AMZN,stock,True
2025-07-03,2025-07-03 00:00:00,360.9239283378606,3593309.0,356.45961157687384,362.0669654977992,353.8405594537852,AMZN,stock,True
2025-07-04,2025-07-04 00:00:00,356.6027393598478,2664370.0,351.3703771753697,359.2537844180878,351.0270970908242,AMZN,stock,True
2025-07-07,2025-07-07 00:00:00,351.3119953837227,3745864.0,352.33134403517926,353.86508004885445,350.41475224413267,AMZN,stock,True
2025-07-08,2025-07-08 00:00:00,352.3790833864509,3050549.0,353.16266209399544,356.66933330624033,351.7104810768441,AMZN,stock,True
2025-07-09,2025-07-09 00:00:00,352.982282153496,501598.0,354.3086862849889,357.71596111025127,352.0139661228746,AMZN,stock,True
2025-07-10,2025-07-10 00:00:00,354.2737519595589,1695492.0,354.7414239512372,354.82763608658354,351.01299731609026,AMZN,stock,True
2025-07-11,2025-07-11 00:00:00,354.8244128975647,926608.0,358.16432015500396,360.817546803387,352.8242993451064,AMZN,stock,True
2025-07-14,2025-07-14 00:00:00,358.1866318962866,3510374.0,361.858268889101,363.9658030802477,356.9354569088143,AMZN,stock,True
2025-07-15,2025-07-15 00:00:00,361.8063364424445,2590552.0,360.0,365.0370851206909,356.9094195159635,AMZN,stock,True
2024-11-06,2024-11-06 00:00:00,389.5606969207579,2087149.0,388.7806090760421,391.47746000688903,388.7087427439928,TSLA,stock,True
2024-11-07,2024-11-07 00:00:00,388.7456865205666,1860795.0,390.6181075285657,390.924905648718,384.8934259243181,TSLA,stock,True
2024-11-08,2024-11-08 00:00:00,390.50724053066796,2989918.0,388.86692393684444,393.440079882209,386.46740040060297,TSLA,stock,True
2024-11-11,2024-11-11 00:00:00,388.79901298845516,1087410.0,388.0779214549941,391.11907826155704,387.46969259282156,TSLA,stock,True
2024-11-12,2024-11-12 00:00:00,388.12566245463717,685841.0,393.9845387990647,394.0526768574541,387.4604187362667,TSLA,stock,True
2024-11-13,2024-11-13 00:00:00,394.0363448260667,4558418.0,391.5205652918273,396.8283622062831,388.95568895886544,TSLA,stock,True
2024-11-14,2024-11-14 00:00:00,391.5443340246097,853174.0,394.41347490968843,394.95751690325994,391.52086778745763,TSLA,stock,True
2024-11-15,2024-11-15 00:00:00,394.37968285757023,3936252.0,393.28919168559406,395.06181565772266,391.7164579292385,TSLA,stock,True
2024-11-18,2024-11-18 00:00:00,393.1471577500296,1939925.0,396.41112616757357,397.32974561497036,392.42444136291033,TSLA,stock,True
2024-11-19,2024-11-19 00:00:00,396.31205683420706,3202038.0,400.8674894119023,401.5893096045385,393.29853783123406,TSLA,stock,True
2024-11-20,2024-11-20 00:00:00,400.687665423305,1969623.0,395.81170491830227,402.2676561120134,395.30599823324286,TSLA,stock,True
2024-11-21,2024-11-21 00:00:00,395.9295743862724,4934963.0,391.14192615255047,397.8517122588955,390.1028376496986,TSLA,stock,True
2024-11-22,2024-11-22 00:00:00,391.0966357692519,4779487.0,391.56950315953554,392.66972929469034,390.50272415654354,TSLA,stock,True
2024-11-25,2024-11-25 00:00:00,391.7205749873353,3263987.0,389.4764416070209,395.1316596326475,386.08541926025254,TSLA,stock,True
2024-11-26,2024-11-26 00:00:00,389.2715182442826,771654.0,384.7386922841435,392.28342562164374,383.96883356000234,TSLA,stock,True
2024-11-27,2024-11-27 00:00:00,384.5958176187564,4401269.0,380.5235193731111,387.4893805214496,376.7700177185082,TSLA,stock,True
2024-11-28,2024-11-28 00:00:00,380.56230081649875,2233478.0,379.68856781063903,384.35699825015695,378.28006259523033,TSLA,stock,True
2024-11-29,2024-11-29 00:00:00,379.75128406933993,2445215.0,380.8988035772089,382.207747359501,376.408876262848,TSLA,stock,True
2024-12-02,2024-12-02 00:00:00,380.97045496757653,2898420.0,386.1806551616072,387.84334064952924,378.1774096756148,TSLA,stock,True
2024-12-03,2024-12-03 00:00:00,386.0708967659714,3477294.0,383.9930285007098,389.745426387015,383.39584548276747,TSLA,stock,True
2024-12-04,2024-12-04 00:00:00,383.8788693492748,3961646.0,378.65979260829914,386.9470447829939,376.0642930752183,TSLA,stock,True
2024-12-05,2024-12-05 00:00:00,378.6803453561535,4821191.0,377.4095021224853,380.8808696822931,374.57726574511855,TSLA,stock,True
2024-12-06,2024-12-06 00:00:00,377.55626421393816,4817315.0,373.7812550400716,379.95756873295096,371.13248771784777,TSLA,stock,True
2024-12-09,2024-12-09 00:00:00,373.7287787162603,598689.0,374.23274164108636,375.4267552908682,371.69223525088137,TSLA,stock,True
2024-12-10,2024-12-10 00:00:00,374.03282047774337,4812633.0,371.84237357331693,374.7530606275055,370.14860931523344,TSLA,stock,True
2024-12-11,2024-12-11 00:00:00,371.7760594074479,4887770.0,373.72616163415614,375.4802790295713,369.0170478349467,TSLA,stock,True
2024-12-12,2024-12-12 00:00:00,373.5654252066711,4506998.0,368.8856970835858,376.3310416580372,367.7187342972213,TSLA,stock,True
2024-12-13,2024-12-13 00:00:00,368.89442049169696,3907237.0,367.21449909842147,370.82539527446113,366.4416017233813,TSLA,stock,True
2024-12-16,2024-12-16 00:00:00,367.2540079967677,1218693.0,370.31636264895775,370.4216996835955,365.04793862827125,TSLA,stock,True
2024-12-17,2024-12-17 00:00:00,370.3820061231587,575387.0,367.0060134227795,373.9357677794576,364.469358719306,TSLA,stock,True
2024-12-18,2024-12-18 00:00:00,367.02497935541953,752113.0,361.95595175046185,368.22202563582283,358.7243168141996,TSLA,stock,True
2024-12-19,2024-12-19 00:00:00,361.968848479916,1061118.0,360.9369337274523,362.74962657145943,357.7537745817519,TSLA,stock,True
2024-12-20,2024-12-20 00:00:00,360.7706225244626,2267248.0,355.7992198811788,362.61544909992216,354.8634054485858,TSLA,stock,True
2024-12-23,2024-12-23 00:00:00,355.7296752737514,1375605.0,353.3997791383971,357.44927814041114,352.103132669514,TSLA,stock,True
2024-12-24,2024-12-24 00:00:00,353.3125447929051,2925802.0,357.1743750803227,357.96994486872916,351.7479506312521,TSLA,stock,True
2024-12-25,2024-12-25 00:00:00,357.23458531797775,1442191.0,359.27263769418147,362.7780959594078,354.0041492535265,TSLA,stock,True
2024-12-26,2024-12-26 00:00:00,359.2648388742705,4209515.0,358.35432297681865,361.91918377893023,354.9024581352859,TSLA,stock,True
2024-12-27,2024-12-27 00:00:00,358.44135400518866,1572256.0,363.8065974485224,365.14536330386164,357.88467295326365,TSLA,stock,True
2024-12-30,2024-12-30 00:00:00,363.9423766006592,3924820.0,362.90035349326376,365.4130261178519,360.47167100815244,TSLA,stock,True
2024-12-31,2024-12-31 00:00:00,362.8946198892595,1540249.0,361.2697643234827,364.7553473914796,358.95248675754965,TSLA,stock,True
2025-01-01,2025-01-01 00:00:00,361.1636049045743,2532050.0,363.85782176093693,365.348640703152,357.62390738719773,TSLA,stock,True
2025-01-02,2025-01-02 00:00:00,363.8794624924666,2612598.0,359.91228293648743,364.4430901640233,359.58460513246257,TSLA,stock,True
2025-01-03,2025-01-03 00:00:00,359.75307804811445,935707.0,359.63024122828244,362.18736970958787,356.4327228570676,TSLA,stock,True
2025-01-06,2025-01-06 00:00:00,359.43259673767034,2042761.0,354.55213423169863,361.7988402741374,351.269481158889,TSLA,stock,True
2025-01-07,2025-01-07 00:00:00,354.38791438910124,4680647.0,353.68059368444955,355.56158778876863,352.1293331653145,TSLA,stock,True
2025-01-08,2025-01-08 00:00:00,353.7991697959462,3788449.0,358.9242720740165,360.42955170558935,353.70793199415755,TSLA,stock,True
2025-01-09,2025-01-09 00:00:00,358.8127214745342,2124507.0,353.88372140209975,360.164748883717,350.8731128036306,TSLA,stock,True
2025-01-10,2025-01-10 00:00:00,353.88394111085796,2123457.0,356.2267002317128,359.5896213861508,352.3886083559719,TSLA,stock,True
2025-01-13,2025-01-13 00:00:00,356.3436965629145,4747218.0,356.928710992191,360.1422232904823,353.27010431071966,TSLA,stock,True
2025-01-14,2025-01-14 00:00:00,357.0891319334711,1387808.0,357.4799971253826,358.37165727812567,356.5510359091046,TSLA,stock,True
2025-01-15,2025-01-15 00:00:00,357.55271874662935,4869147.0,358.90754680679123,359.93273076126144,354.97178181501664,TSLA,stock,True
2025-01-16,2025-01-16 00:00:00,358.7179601674237,2481066.0,358.1690792160645,358.7280036902387,357.0316318508449,TSLA,stock,True
2025-01-17,2025-01-17 00:00:00,357.9832751674683,2502815.0,362.38076718847066,363.4103343426197,355.07728723856684,TSLA,stock,True
2025-01-20,2025-01-20 00:00:00,362.28491310564675,1902854.0,363.7818860746657,364.27562627802376,361.0372611395375,TSLA,stock,True
2025-01-21,2025-01-21 00:00:00,363.75769543239215,4030706.0,359.85750359352943,366.31888133307945,359.03064262928484,TSLA,stock,True
2025-01-22,2025-01-22 00:00:00,359.8901716605078,1204533.0,361.77826306771675,365.12583439504624,356.9581859730279,TSLA,stock,True
2025-01-23,2025-01-23 00:00:00,361.6402627570894,2108758.0,356.60704397070003,364.7889387642699,355.2315853354887,TSLA,stock,True
2025-01-24,2025-01-24 00:00:00,356.73314537656927,4697428.0,354.5782709759131,359.9434484422887,353.12932368408053,TSLA,stock,True
2025-01-27,2025-01-27 00:00:00,354.41514023153974,1571916.0,349.36191392893346,355.34182562357165,346.0774561382551,TSLA,stock,True
2025-01-28,2025-01-28 00:00:00,349.210081029752,3750804.0,349.20390519919476,349.6180924877579,346.4163484466648,TSLA,stock,True
2025-01-29,2025-01-29 00:00:00,349.34225022323716,1776347.0,346.88340411795497,351.02212239841657,345.39315305169174,TSLA,stock,True
2025-01-30,2025-01-30 00:00:00,346.9398632064879,3925153.0,350.2722026435856,352.1547180390734,346.46227307976756,TSLA,stock,True
2025-01-31,2025-01-31 00:00:00,350.26830395541447,4362470.0,354.5944368102177,354.794903133323,348.3546645326682,TSLA,stock,True
2025-02-03,2025-02-03 00:00:00,354.6847688454747,3022763.0,359.64862739932965,360.169535894182,352.99513917320473,TSLA,stock,True
2025-02-04,2025-02-04 00:00:00,359.61937523639915,4702905.0,354.8360712893781,360.6115244642665,353.52864211889755,TSLA,stock,True
2025-02-05,2025-02-05 00:00:00,354.64652225458985,1612536.0,359.9961893153748,362.84344842773174,353.76261941947445,TSLA,stock,True
2025-02-06,2025-02-06 00:00:00,360.1141907552893,4748369.0,357.90119325357824,361.6800497092263,357.0967790653013,TSLA,stock,True
2025-02-07,2025-02-07 00:00:00,357.8867289785375,3873370.0,358.03478827549293,361.0858522090106,355.93729529956613,TSLA,stock,True
2025-02-10,2025-02-10 00:00:00,357.9767734306011,4874236.0,363.3357177378769,365.22190011814615,354.4846482648842,TSLA,stock,True
2025-02-11,2025-02-11 00:00:00,363.20945316155917,3325019.0,358.46632893596797,363.9089117099906,356.7565887468197,TSLA,stock,True
2025-02-12,2025-02-12 00:00:00,358.5141362708573,3072308.0,359.82179007779587,360.6716339426708,355.7041046538643,TSLA,stock,True
2025-02-13,2025-02-13 00:00:00,359.97436120688116,2584399.0,359.9445403443541,361.6619262969909,358.8589776889878,TSLA,stock,True
2025-02-14,2025-02-14 00:00:00,359.7504497603986,1914743.0,357.2373827969378,360.1732938238696,355.1191926593085,TSLA,stock,True
2025-02-17,2025-02-17 00:00:00,357.3797692296089,1379076.0,362.7426526850104,363.53637262121407,357.3696190603422,TSLA,stock,True
2025-02-18,2025-02-18 00:00:00,362.83036132128467,4239899.0,360.53315223295357,363.5381030377751,358.3123759737127,TSLA,stock,True
2025-02-19,2025-02-19 00:00:00,360.34613855212075,2780425.0,362.3383836728348,365.1618734766507,359.0647540880142,TSLA,stock,True
2025-02-20,2025-02-20 00:00:00,362.32687699138063,713076.0,361.87434916085147,364.46191963140797,359.42889708329534,TSLA,stock,True
2025-02-21,2025-02-21 00:00:00,361.9926461727685,3391619.0,360.6747833345152,363.7615816761628,358.4178957944408,TSLA,stock,True
2025-02-24,2025-02-24 00:00:00,360.75360481142644,1629732.0,355.7293475423775,364.0452831548555,354.3696541278277,TSLA,stock,True
2025-02-25,2025-02-25 00:00:00,355.70734348631635,4255379.0,359.675894296745,362.25793638599185,354.4355250133783,TSLA,stock,True
2025-02-26,2025-02-26 00:00:00,359.6793196587669,3429665.0,358.6177675819634,360.7798751065885,357.1299302086987,TSLA,stock,True
2025-02-27,2025-02-27 00:00:00,358.71556573362705,2006643.0,357.96548709058544,361.58322363853557,356.8242310319271,TSLA,stock,True
2025-02-28,2025-02-28 00:00:00,357.92744484443193,4187658.0,357.4684812357346,359.56900903880364,354.84558357991574,TSLA,stock,True
2025-03-03,2025-03-03 00:00:00,357.30125360199287,4967626.0,356.856831064058,358.9256278693724,353.53540452565477,TSLA,stock,True
2025-03-04,2025-03-04 00:00:00,356.7743111005466,643097.0,352.1864867220401,358.96278340179987,351.93400991048685,TSLA,stock,True
2025-03-05,2025-03-05 00:00:00,352.2376681562026,2783327.0,356.63425484718096,358.97289622437495,349.69710403673395,TSLA,stock,True
2025-03-06,2025-03-06 00:00:00,356.6841629501331,1266243.0,358.16804503645653,360.2748890852384,353.3680053137145,TSLA,stock,True
2025-03-07,2025-03-07 00:00:00,358.21766463475075,1027840.0,358.476468516054,360.8415338186651,356.0991012201854,TSLA,stock,True
2025-03-10,2025-03-10 00:00:00,358.3727908858136,3581281.0,361.44955924713895,364.8253418797404,355.7835939232852,TSLA,stock,True
2025-03-11,2025-03-11 00:00:00,361.2654343184882,2436203.0,359.2350120603549,362.919240138531,356.37820669460393,TSLA,stock,True
2025-03-12,2025-03-12 00:00:00,359.24983356453856,4296874.0,358.1097298199477,361.53352956131897,355.08283139422764,TSLA,stock,True
2025-03-13,2025-03-13 00:00:00,357.95644608089447,1165077.0,359.6101608497851,359.96319874631877,357.196890647639,TSLA,stock,True
2025-03-14,2025-03-14 00:00:00,359.76635189070333,4835730.0,360.2670368652017,362.49843399494966,357.8877566938583,TSLA,stock,True
2025-03-17,2025-03-17 00:00:00,360.2824193290607,1439103.0,363.7717207097188,364.41544232032254,360.2816597447649,TSLA,stock,True
2025-03-18,2025-03-18 00:00:00,363.83269212855487,2321607.0,368.05700210637764,371.251569240795,362.7206465522284,TSLA,stock,True
2025-03-19,2025-03-19 00:00:00,368.1337089903885,1884728.0,366.28834073213994,370.9950524844825,363.33664683028485,TSLA,stock,True
2025-03-20,2025-03-20 00:00:00,366.4105471367112,1760936.0,366.38427861123364,369.9698440537599,362.79628028614883,TSLA,stock,True
2025-03-21,2025-03-21 00:00:00,366.54331174022167,549485.0,368.72281563443835,371.09026157795245,364.0492076053596,TSLA,stock,True
2025-03-24,2025-03-24 00:00:00,368.7770756132309,1436270.0,374.0377869330798,375.52151665617686,366.7719904042502,TSLA,stock,True
2025-03-25,2025-03-25 00:00:00,373.9430458959873,4549501.0,375.3992691169602,376.6062552974392,373.8846431194392,TSLA,stock,True
2025-03-26,2025-03-26 00:00:00,375.2729216706946,2823844.0,376.2768314411724,377.17733849016196,373.6198121815119,TSLA,stock,True
2025-03-27,2025-03-27 00:00:00,376.3745000590228,3544900.0,373.39666406305423,377.60494861710384,369.986921352578,TSLA,stock,True
2025-03-28,2025-03-28 00:00:00,373.19188218717665,2102672.0,367.9569642394978,373.47015855261367,364.8171252253014,TSLA,stock,True
2025-03-31,2025-03-31 00:00:00,367.8999330701605,3921947.0,364.18147407782664,368.5859295267741,361.6357629331519,TSLA,stock,True
2025-04-01,2025-04-01 00:00:00,364.0300727730039,3112958.0,360.587761418809,366.7755053195275,358.9433847713292,TSLA,stock,True
2025-04-02,2025-04-02 00:00:00,360.5169922703507,2592003.0,356.65240067015117,361.0515588262925,354.0434727258983,TSLA,stock,True
2025-04-03,2025-04-03 00:00:00,356.65811007279024,2746277.0,352.2623759981793,359.61961916752665,349.8871702975978,TSLA,stock,True
2025-04-04,2025-04-04 00:00:00,352.3518628546412,4433181.0,355.15340013270895,356.9037673605066,349.3264859216253,TSLA,stock,True
2025-04-07,2025-04-07 00:00:00,355.0658453057422,1992564.0,354.1909610897971,355.19154863770166,353.6373146397962,TSLA,stock,True
2025-04-08,2025-04-08 00:00:00,354.2497860018611,1653293.0,349.45283167958013,357.2291745890892,348.1157819999044,TSLA,stock,True
2025-04-09,2025-04-09 00:00:00,349.31467567111747,2598681.0,348.44956066426363,351.63509096341267,346.6692940661231,TSLA,stock,True
2025-04-10,2025-04-10 00:00:00,348.59038549240455,4340383.0,348.13147718119836,349.1957185893541,345.29371159749934,TSLA,stock,True
2025-04-11,2025-04-11 00:00:00,348.2409720307094,968599.0,344.7104979014156,351.4888331322185,341.3727468490038,TSLA,stock,True
2025-04-14,2025-04-14 00:00:00,344.6043536133692,973093.0,342.8468795749089,347.1378942784299,340.80719357283215,TSLA,stock,True
2025-04-15,2025-04-15 00:00:00,342.93886246657803,631207.0,342.42149148038817,345.31962363242104,341.96149004955487,TSLA,stock,True
2025-04-16,2025-04-16 00:00:00,342.23734161926694,3002567.0,340.4572177856762,344.4561117794145,339.64094719111233,TSLA,stock,True
2025-04-17,2025-04-17 00:00:00,340.33952403581304,1831460.0,340.07636005517026,340.6000524149828,339.0163836502233,TSLA,stock,True
2025-04-18,2025-04-18 00:00:00,340.01723552737457,1271309.0,338.5920767805489,343.2154376213108,335.26779157070075,TSLA,stock,True
2025-04-21,2025-04-21 00:00:00,338.65421189532634,4219518.0,340.4728510686204,343.58087829547577,337.19389757100544,TSLA,stock,True
2025-04-22,2025-04-22 00:00:00,340.4177775496953,4365716.0,339.25563150220825,343.16845611343246,337.52792530865963,TSLA,stock,True
2025-04-23,2025-04-23 00:00:00,339.3600692405107,4414457.0,343.2236692542033,346.5119016298719,336.54001146874174,TSLA,stock,True
2025-04-24,2025-04-24 00:00:00,343.2491753506717,750750.0,339.1928199722289,343.9894540587073,338.1927600725242,TSLA,stock,True
2025-04-25,2025-04-25 00:00:00,339.27043795868144,2627834.0,337.68243647384236,340.82984451767607,336.0208975624262,TSLA,stock,True
2025-04-28,2025-04-28 00:00:00,337.72949192657813,1116312.0,336.2162200481963,337.9442743447061,332.9735390118842,TSLA,stock,True
2025-04-29,2025-04-29 00:00:00,336.13170793775845,1134520.0,336.06821285506027,339.2644748008038,335.35402335737894,TSLA,stock,True
2025-04-30,2025-04-30 00:00:00,336.21491794631504,3065696.0,331.88689462067475,337.0958121158722,330.26021593333263,TSLA,stock,True
2025-05-01,2025-05-01 00:00:00,331.8124561140146,3152070.0,333.271112772357,334.12708288904344,330.92506873366756,TSLA,stock,True
2025-05-02,2025-05-02 00:00:00,333.34107918907046,3971387.0,334.42989440122426,334.4567679710112,331.50257825392237,TSLA,stock,True
2025-05-05,2025-05-05 00:00:00,334.31461740316774,2383409.0,339.04725760210096,339.58824422230094,333.03138327631945,TSLA,stock,True
2025-05-06,2025-05-06 00:00:00,338.94511289940823,3975201.0,335.45296461756624,341.8821402611941,333.693922437301,TSLA,stock,True
2025-05-07,2025-05-07 00:00:00,335.34243295811893,1380952.0,334.5234715472457,337.57633397107963,333.8690223599972,TSLA,stock,True
2025-05-08,2025-05-08 00:00:00,334.42519699162676,4098650.0,338.12262630356423,340.55994857029054,331.10924910597305,TSLA,stock,True
2025-05-09,2025-05-09 00:00:00,338.1934754424164,4454313.0,341.87359398010227,342.58588373144755,335.29622733384775,TSLA,stock,True
2025-05-12,2025-05-12 00:00:00,341.7955195268503,2533215.0,344.4172718134839,346.41710081818803,341.3537166717174,TSLA,stock,True
2025-05-13,2025-05-13 00:00:00,344.4480776679146,888395.0,342.47244981252334,345.1142199457591,341.1835485563059,TSLA,stock,True
2025-05-14,2025-05-14 00:00:00,342.6163756936778,3207920.0,344.12047020068866,345.74679233988155,340.56229923547534,TSLA,stock,True
2025-05-15,2025-05-15 00:00:00,344.2138431178462,1485155.0,340.42827825961473,347.12639009771544,339.2171816154286,TSLA,stock,True
2025-05-16,2025-05-16 00:00:00,340.29560147032214,2453997.0,342.2059064740462,343.520190567439,337.27017232710733,TSLA,stock,True
2025-05-19,2025-05-19 00:00:00,342.1143835324254,3915586.0,337.9140668303972,343.19415396063306,336.0546923842182,TSLA,stock,True
2025-05-20,2025-05-20 00:00:00,337.85575691864045,1604806.0,341.0417468263434,343.72055997211214,334.95582732909753,TSLA,stock,True
2025-05-21,2025-05-21 00:00:00,341.0386556745163,3839420.0,336.64438636247917,341.54949538900405,336.0583403237181,TSLA,stock,True
2025-05-22,2025-05-22 00:00:00,336.7476205694272,3413622.0,337.65898514433195,337.6920090000994,334.09507818274943,TSLA,stock,True
2025-05-23,2025-05-23 00:00:00,337.4939492119802,2508803.0,340.84105948896695,342.0555813915454,335.596142467944,TSLA,stock,True
2025-05-26,2025-05-26 00:00:00,340.8203020772818,1997904.0,340.1803226173735,343.3903780024163,337.33609728002693,TSLA,stock,True
2025-05-27,2025-05-27 00:00:00,340.23319520301106,4367706.0,335.21371631911546,342.2467547040717,333.60034682627145,TSLA,stock,True
2025-05-28,2025-05-28 00:00:00,335.30656925094297,3515187.0,338.06563860687294,338.4690416106503,335.21319286097633,TSLA,stock,True
2025-05-29,2025-05-29 00:00:00,338.20082145003107,973236.0,334.07985130399175,339.16715546522346,331.07256197359237,TSLA,stock,True
2025-05-30,2025-05-30 00:00:00,333.898370363663,2570328.0,336.98720570077927,337.8643565957913,332.6908675588976,TSLA,stock,True
2025-06-02,2025-06-02 00:00:00,337.09548978776473,798926.0,340.9275290587493,342.1312266999251,335.5216054548069,TSLA,stock,True
2025-06-03,2025-06-03 00:00:00,340.96435509758254,3024468.0,344.0846784092308,344.573213253335,339.8566663225732,TSLA,stock,True
2025-06-04,2025-06-04 00:00:00,344.13869748110125,1728052.0,342.8917224284912,347.26362230736703,340.890490218463,TSLA,stock,True
2025-06-05,2025-06-05 00:00:00,342.8811398882594,3312397.0,347.01056248287256,347.5255915322075,340.9618338692343,TSLA,stock,True
2025-06-06,2025-06-06 00:00:00,346.9578952776016,2403870.0,345.4671774401484,350.41014615479787,342.3308913000797,TSLA,stock,True
2025-06-09,2025-06-09 00:00:00,345.3324365367576,4576109.0,347.9297443210904,348.75027006043064,344.2729840143991,TSLA,stock,True
2025-06-10,2025-06-10 00:00:00,347.9288087159659,1118455.0,352.03462145712314,353.5150366500569,347.5950301682599,TSLA,stock,True
2025-06-11,2025-06-11 00:00:00,351.8928333657701,3230982.0,353.3718308846834,354.3575461797636,350.4551562003352,TSLA,stock,True
2025-06-12,2025-06-12 00:00:00,353.3513624209347,1822737.0,358.43274651206224,358.4726244341159,352.97559536899615,TSLA,stock,True
2025-06-13,2025-06-13 00:00:00,358.290589248815,3616030.0,362.46679904888185,363.67217478634575,358.0174984862415,TSLA,stock,True
2025-06-16,2025-06-16 00:00:00,362.28925539591904,2036070.0,365.68032299299887,365.8247048471641,361.72088721115597,TSLA,stock,True
2025-06-17,2025-06-17 00:00:00,365.77594492779474,2983572.0,360.64904325585036,366.3782867222194,358.6293563450922,TSLA,stock,True
2025-06-18,2025-06-18 00:00:00,360.7550163676277,1010770.0,363.14967233920197,364.94554704461393,357.62374561294195,TSLA,stock,True
2025-06-19,2025-06-19 00:00:00,363.30824199309876,2367643.0,360.62129356227865,363.45294796238545,357.92904662388355,TSLA,stock,True
2025-06-20,2025-06-20 00:00:00,360.61887872174015,1942234.0,363.4016769818805,364.2186671391074,359.0976354644013,TSLA,stock,True
2025-06-23,2025-06-23 00:00:00,363.2714219525146,3919467.0,359.7308783096323,364.3972277909319,358.6341055867832,TSLA,stock,True
2025-06-24,2025-06-24 00:00:00,359.7907971682479,3365849.0,356.9330993086183,361.17129259652694,353.3960054765555,TSLA,stock,True
2025-06-25,2025-06-25 00:00:00,356.9944030545212,2466716.0,352.16664078405233,356.9983961754553,349.10992512524655,TSLA,stock,True
2025-06-26,2025-06-26 00:00:00,352.3141154172228,2492645.0,355.34840060123815,357.7617923991918,351.27999101057475,TSLA,stock,True
2025-06-27,2025-06-27 00:00:00,355.485550301171,3184834.0,360.3189411794593,360.51769618252325,352.4559050505409,TSLA,stock,True
2025-06-30,2025-06-30 00:00:00,360.3955238692069,630010.0,359.7848807437049,363.6238040274052,358.936056493795,TSLA,stock,True
2025-07-01,2025-07-01 00:00:00,359.8088970430077,1403742.0,358.9541895226727,359.98300926559085,358.2391346295571,TSLA,stock,True
2025-07-02,2025-07-02 00:00:00,359.00761749535707,3460777.0,364.19778878488916,365.6664125811538,356.83329622064275,TSLA,stock,True
2025-07-03,2025-07-03 00:00:00,364.3152223541487,4004560.0,359.4964583971441,364.8982409658527,359.44853279085237,TSLA,stock,True
2025-07-04,2025-07-04 00:00:00,359.3651098361669,2984963.0,363.92008452136713,364.93520063119047,359.01851172601965,TSLA,stock,True
2025-07-07,2025-07-07 00:00:00,363.77846163990563,3960571.0,360.93932625846645,364.20522762496284,357.68683992657674,TSLA,stock,True
2025-07-08,2025-07-08 00:00:00,361.0650003670013,4598292.0,362.20386057241427,364.5044902808181,358.33194526435835,TSLA,stock,True
2025-07-09,2025-07-09 00:00:00,362.18052840417687,1025892.0,367.5389308227256,369.1191535125282,360.214898456867,TSLA,stock,True
2025-07-10,2025-07-10 00:00:00,367.39123156289793,2949284.0,365.66118703907864,369.378030406054,362.10690957743003,TSLA,stock,True
2025-07-11,2025-07-11 00:00:00,365.47110544820487,1284572.0,364.69029348100963,366.4779528851795,362.55458436583206,TSLA,stock,True
2025-07-14,2025-07-14 00:00:00,364.6575006691468,4391922.0,360.72154924803664,365.98368540784213,358.33554737940256,TSLA,stock,True
2025-07-15,2025-07-15 00:00:00,360.6253823539193,824877.0,358.0,362.73838685526476,355.00165958805536,TSLA,stock,True
2024-11-06,2024-11-06 00:00:00,1337.223403353757,15175616.0,1340.2569706183708,1346.7884291459843,1335.8168747924517,SPY,index,True
2024-11-07,2024-11-07 00:00:00,1340.2693224385544,15077044.0,1334.097325826432,1349.2062522339002,1329.806291094815,SPY,index,True
2024-11-08,2024-11-08 00:00:00,1333.900670491767,40268915.0,1338.4932804529512,1339.3207164323262,1331.2563233572841,SPY,index,True
2024-11-11,2024-11-11 00:00:00,1338.7812764584337,9501146.0,1332.7350183095602,1350.5451293221206,1319.5370267166895,SPY,index,True
2024-11-12,2024-11-12 00:00:00,1332.739016444526,33623926.0,1325.4151526741077,1341.9201786888195,1314.9915194282003,SPY,index,True
2024-11-13,2024-11-13 00:00:00,1325.2445081606065,42275277.0,1315.9803435208155,1335.2258438109657,1310.8172833259403,SPY,index,True
2024-11-14,2024-11-14 00:00:00,1316.3942697507184,33720317.0,1313.3128762261597,1325.541067218672,1309.123410899088,SPY,index,True
2024-11-15,2024-11-15 00:00:00,1313.7757027562548,16529504.0,1312.6994977391212,1323.7096192363674,1310.6085447781034,SPY,index,True
2024-11-18,2024-11-18 00:00:00,1313.055206189106,10665892.0,1305.230925027536,1315.6136446438466,1297.2708195247335,SPY,index,True
2024-11-19,2024-11-19 00:00:00,1304.8794841640151,13090026.0,1298.470778915121,1312.6948143604845,1296.9199405766342,SPY,index,True
2024-11-20,2024-11-20 00:00:00,1298.7637327374623,15897097.0,1294.1366646116373,1300.4100443683228,1282.8396836054133,SPY,index,True
2024-11-21,2024-11-21 00:00:00,1293.6690730236908,39057123.0,1289.4954743739183,1297.1162527374495,1288.7350281179476,SPY,index,True
2024-11-22,2024-11-22 00:00:00,1289.8120830543492,12682957.0,1297.1677930802432,1307.0503430060348,1288.1279070206378,SPY,index,True
2024-11-25,2024-11-25 00:00:00,1296.8508230835525,32112706.0,1302.262589354127,1307.507154183818,1290.041359885048,SPY,index,True
2024-11-26,2024-11-26 00:00:00,1302.6378609059234,46888576.0,1310.2738011679537,1315.8790172290853,1293.5026405252231,SPY,index,True
2024-11-27,2024-11-27 00:00:00,1310.4639773883553,40169354.0,1300.7242211577022,1311.9958161827365,1289.774553826787,SPY,index,True
2024-11-28,2024-11-28 00:00:00,1300.8817960918254,42184034.0,1305.7389580667443,1311.1439042233442,1289.1272379950387,SPY,index,True
2024-11-29,2024-11-29 00:00:00,1305.4322397421404,16030860.0,1299.3864230007782,1316.1096295150116,1297.1995696224656,SPY,index,True
2024-12-02,2024-12-02 00:00:00,1298.9840261124184,21427762.0,1304.311853099692,1317.1292234124483,1286.9054688566364,SPY,index,True
2024-12-03,2024-12-03 00:00:00,1304.49210927,6312554.0,1315.3054475301187,1325.2376908959905,1295.3563460269802,SPY,index,True
2024-12-04,2024-12-04 00:00:00,1315.2359360398998,42537009.0,1318.5331477821953,1328.583250824493,1305.1780447845615,SPY,index,True
2024-12-05,2024-12-05 00:00:00,1318.5292369744882,5044780.0,1312.5326197330155,1331.6052370525306,1310.3229396477377,SPY,index,True
2024-12-06,2024-12-06 00:00:00,1312.395522359972,35894834.0,1302.8354210875648,1323.919141087305,1291.067206483751,SPY,index,True
2024-12-09,2024-12-09 00:00:00,1302.721304978405,8008859.0,1311.766975842664,1314.905998782242,1290.4990744905108,SPY,index,True
2024-12-10,2024-12-10 00:00:00,1311.255213235893,9864418.0,1319.5204909420092,1327.3091502975408,1309.552027062606,SPY,index,True
2024-12-11,2024-12-11 00:00:00,1319.0914392090583,31595908.0,1323.3850234548981,1335.0767771861554,1315.4631000120696,SPY,index,True
2024-12-12,2024-12-12 00:00:00,1323.6165608754236,30448571.0,1311.960551206831,1327.5172253604608,1305.8453546818944,SPY,index,True
2024-12-13,2024-12-13 00:00:00,1311.5640803119554,15405458.0,1302.17028488321,1312.6029062924506,1294.0234209527935,SPY,index,True
2024-12-16,2024-12-16 00:00:00,1302.5009564526388,37968958.0,1302.1909380617703,1304.3638211727578,1297.7913670344378,SPY,index,True
2024-12-17,2024-12-17 00:00:00,1302.5112377455987,37286592.0,1310.5040200657709,1319.3371090959215,1294.5431048985376,SPY,index,True
2024-12-18,2024-12-18 00:00:00,1310.553659699774,49364789.0,1298.55870449095,1311.4222150690682,1290.7968643801528,SPY,index,True
2024-12-19,2024-12-19 00:00:00,1298.4160338775528,30316240.0,1310.3996457033284,1321.4376545749642,1288.198995782081,SPY,index,True
2024-12-20,2024-12-20 00:00:00,1310.7499141455887,30318688.0,1318.3733863519024,1329.1485845684092,1310.3553760980678,SPY,index,True
2024-12-23,2024-12-23 00:00:00,1318.2516448924696,8147452.0,1316.2232606726943,1327.3617701256608,1309.9398207794768,SPY,index,True
2024-12-24,2024-12-24 00:00:00,1316.5680377860836,21231534.0,1319.3310491354114,1328.6343097517397,1316.336025968329,SPY,index,True
2024-12-25,2024-12-25 00:00:00,1318.803339598615,35097566.0,1306.7042934161484,1323.2448911872561,1294.3993798710985,SPY,index,True
2024-12-26,2024-12-26 00:00:00,1306.2043245774273,49365466.0,1304.1100302148982,1310.7628630930185,1302.6840788983595,SPY,index,True
2024-12-27,2024-12-27 00:00:00,1304.4482702610273,18394708.0,1313.949773575714,1322.637207163019,1294.6597241748075,SPY,index,True
2024-12-30,2024-12-30 00:00:00,1313.822830111121,21288629.0,1302.3849633426607,1320.2158585616407,1297.1987502091145,SPY,index,True
2024-12-31,2024-12-31 00:00:00,1301.914965893501,34736199.0,1313.25680939719,1313.763273990193,1301.8960933923547,SPY,index,True
2025-01-01,2025-01-01 00:00:00,1313.4913483993791,35335552.0,1307.4960140508033,1326.4859762746592,1299.3937397292077,SPY,index,True
2025-01-02,2025-01-02 00:00:00,1307.4925673874307,34076677.0,1319.111732203771,1320.9120927219933,1296.1906702666415,SPY,index,True
2025-01-03,2025-01-03 00:00:00,1319.4173581013124,25715824.0,1312.3266455862552,1327.9167033771985,1300.262933182143,SPY,index,True
2025-01-06,2025-01-06 00:00:00,1312.5160924098398,47097153.0,1309.25780704374,1323.9116397587425,1305.2928818766932,SPY,index,True
2025-01-07,2025-01-07 00:00:00,1308.8400390418467,42787562.0,1313.2758276050456,1316.5510047121702,1308.8254254757865,SPY,index,True
2025-01-08,2025-01-08 00:00:00,1313.0061903727956,41082371.0,1315.3816127903335,1324.3978337538256,1312.4772678658876,SPY,index,True
2025-01-09,2025-01-09 00:00:00,1314.9527730120208,23204899.0,1326.5424145556206,1334.673147025485,1313.7784269260717,SPY,index,True
2025-01-10,2025-01-10 00:00:00,1325.980961998549,29534247.0,1318.989452927334,1329.8305107633232,1317.4562057150451,SPY,index,True
2025-01-13,2025-01-13 00:00:00,1318.674791248582,18977724.0,1317.5588092379526,1328.774427923711,1309.7478565673148,SPY,index,True
2025-01-14,2025-01-14 00:00:00,1318.0120545493003,21024336.0,1315.3847136389315,1324.3010103368226,1306.1389383763171,SPY,index,True
2025-01-15,2025-01-15 00:00:00,1315.209997849299,18346408.0,1304.63071834983,1327.2372816603922,1303.7747242945993,SPY,index,True
2025-01-16,2025-01-16 00:00:00,1304.9193479164762,14669995.0,1297.8054172655702,1308.7833025254079,1287.9118747177413,SPY,index,True
2025-01-17,2025-01-17 00:00:00,1297.7173976594509,38564795.0,1296.5090355527839,1306.1959046975956,1284.1830759625643,SPY,index,True
2025-01-20,2025-01-20 00:00:00,1296.7017302957868,19036526.0,1298.9884469824258,1305.3531550948094,1290.8059453584196,SPY,index,True
2025-01-21,2025-01-21 00:00:00,1298.5161463998822,26879351.0,1294.644838424216,1306.060816048629,1289.0391033997803,SPY,index,True
2025-01-22,2025-01-22 00:00:00,1294.418137533507,30402619.0,1292.9008421257788,1303.035374975615,1281.8414438425802,SPY,index,True
2025-01-23,2025-01-23 00:00:00,1292.5752668497316,22816501.0,1296.8081348037608,1300.7862911852171,1290.3917892077422,SPY,index,True
2025-01-24,2025-01-24 00:00:00,1296.5240966460776,23274765.0,1297.7224987617185,1310.2648226068156,1291.7045397665925,SPY,index,True
2025-01-27,2025-01-27 00:00:00,1297.4529169278594,38398092.0,1297.914125941238,1303.3479677400508,1291.4200341698602,SPY,index,True
2025-01-28,2025-01-28 00:00:00,1297.4068415306947,43037849.0,1296.0647058396626,1310.2219309708767,1293.2729017323697,SPY,index,True
2025-01-29,2025-01-29 00:00:00,1295.8826286171245,8590503.0,1297.1566707117327,1301.3342939493875,1293.8231737067129,SPY,index,True
2025-01-30,2025-01-30 00:00:00,1296.8580101217315,43062983.0,1287.0171541316513,1296.8776835668089,1275.2326168809298,SPY,index,True
2025-01-31,2025-01-31 00:00:00,1287.476483459466,32661386.0,1286.2561015976812,1300.022554258942,1281.5611460524574,SPY,index,True
2025-02-03,2025-02-03 00:00:00,1286.0838816478752,48925327.0,1279.4724465286306,1296.8744313336035,1275.6811108759716,SPY,index,True
2025-02-04,2025-02-04 00:00:00,1279.0371815633978,15857234.0,1269.4187079090398,1279.8204121302515,1267.0769727852567,SPY,index,True
2025-02-05,2025-02-05 00:00:00,1269.593414682734,43761890.0,1257.1597409440744,1271.6619524544208,1248.0450810740106,SPY,index,True
2025-02-06,2025-02-06 00:00:00,1256.7986094155037,38470507.0,1250.3697331783533,1266.805461977033,1241.5808808921713,SPY,index,True
2025-02-07,2025-02-07 00:00:00,1250.643593820941,48725896.0,1250.8099464971242,1258.2228982086706,1245.087184765962,SPY,index,True
2025-02-10,2025-02-10 00:00:00,1250.982318036921,37850872.0,1247.9298114594756,1252.4889379530264,1245.3608476839815,SPY,index,True
2025-02-11,2025-02-11 00:00:00,1247.5663050457513,21804572.0,1237.6409688688643,1254.6829511620394,1228.080692752722,SPY,index,True
2025-02-12,2025-02-12 00:00:00,1237.8920677927938,13324731.0,1230.559586677982,1249.4851104785312,1225.3185717975673,SPY,index,True
2025-02-13,2025-02-13 00:00:00,1230.7363823216115,39600032.0,1229.195984052551,1241.9297078624566,1217.1290650459564,SPY,index,True
2025-02-14,2025-02-14 00:00:00,1228.8474949382626,28832487.0,1226.232405487921,1238.9328905952627,1219.0041365233885,SPY,index,True
2025-02-17,2025-02-17 00:00:00,1225.9597878229401,8619468.0,1221.0824519600494,1230.8085202935044,1213.8342927054991,SPY,index,True
2025-02-18,2025-02-18 00:00:00,1221.3749468448102,33727842.0,1216.5251835008569,1229.0958833980271,1206.6718033538448,SPY,index,True
2025-02-19,2025-02-19 00:00:00,1216.3160458903728,11652293.0,1225.928875765173,1237.5773968944604,1215.511034491699,SPY,index,True
2025-02-20,2025-02-20 00:00:00,1225.5571851161174,16544210.0,1236.6915762600624,1238.2738503221258,1222.7399226437162,SPY,index,True
2025-02-21,2025-02-21 00:00:00,1236.7262589505588,45715548.0,1246.2902065494716,1258.0783095300346,1226.5805082073273,SPY,index,True
2025-02-24,2025-02-24 00:00:00,1245.8434965638537,22091771.0,1251.0214641178088,1260.359115941112,1241.0648464127728,SPY,index,True
2025-02-25,2025-02-25 00:00:00,1251.2454961894798,27073825.0,1246.3911366084355,1251.3196102928289,1241.132431149886,SPY,index,True
2025-02-26,2025-02-26 00:00:00,1246.6179511759874,37268380.0,1253.2106978515667,1260.3994663243463,1239.5108864238016,SPY,index,True
2025-02-27,2025-02-27 00:00:00,1253.6252865094025,41294145.0,1243.1922219832863,1262.5830208507753,1234.8474386679652,SPY,index,True
2025-02-28,2025-02-28 00:00:00,1243.499862910522,36310641.0,1236.1819791830544,1244.0272783510748,1225.3223556640444,SPY,index,True
2025-03-03,2025-03-03 00:00:00,1236.3275514058682,40538022.0,1235.4835139931204,1243.406614015969,1233.4291262358265,SPY,index,True
2025-03-04,2025-03-04 00:00:00,1235.818689187811,31669030.0,1233.5204174938033,1240.4156838311874,1227.0298378920643,SPY,index,True
2025-03-05,2025-03-05 00:00:00,1233.7604016655755,20976336.0,1226.9815572052169,1245.9782499503824,1215.1918663587226,SPY,index,True
2025-03-06,2025-03-06 00:00:00,1227.1877090540415,35504381.0,1237.2011180834577,1242.387121946791,1221.4959387991285,SPY,index,True
2025-03-07,2025-03-07 00:00:00,1237.2864074134363,11776332.0,1235.7711761712324,1243.772661828421,1231.1698879025082,SPY,index,True
2025-03-10,2025-03-10 00:00:00,1235.7125995726713,20175347.0,1235.9046799491348,1241.7989365834578,1230.0053087610677,SPY,index,True
2025-03-11,2025-03-11 00:00:00,1235.963386874384,16547832.0,1244.9884106199459,1256.5928670020141,1229.1612278590637,SPY,index,True
2025-03-12,2025-03-12 00:00:00,1244.6295090362846,17600958.0,1240.8535763216132,1250.6290741949763,1237.054583433556,SPY,index,True
2025-03-13,2025-03-13 00:00:00,1241.2616967868553,6329821.0,1239.8951587814543,1248.6011737728707,1236.7365408705284,SPY,index,True
2025-03-14,2025-03-14 00:00:00,1239.6961861693744,35947005.0,1234.0127101109551,1243.184162835911,1227.9767400459064,SPY,index,True
2025-03-17,2025-03-17 00:00:00,1234.143528825092,47487185.0,1222.114973502366,1246.0027372141835,1216.9246315477787,SPY,index,True
2025-03-18,2025-03-18 00:00:00,1221.6351152436785,6487094.0,1233.0551738905185,1236.654251510133,1214.6633158370616,SPY,index,True
2025-03-19,2025-03-19 00:00:00,1233.2530706880057,38642335.0,1239.0169771528826,1249.4454572414888,1230.6737222016452,SPY,index,True
2025-03-20,2025-03-20 00:00:00,1239.305037743854,17250226.0,1249.5338072640839,1261.3666427125647,1238.4871487228054,SPY,index,True
2025-03-21,2025-03-21 00:00:00,1249.5508506900394,24421433.0,1250.531831246997,1256.8336873412325,1245.93240397304,SPY,index,True
2025-03-24,2025-03-24 00:00:00,1250.0267790832295,36146465.0,1255.9327415309415,1256.991428419231,1244.8450400298761,SPY,index,True
2025-03-25,2025-03-25 00:00:00,1255.6040437682864,29439909.0,1243.435454997597,1261.641708577621,1238.9656219204107,SPY,index,True
2025-03-26,2025-03-26 00:00:00,1243.3840280190238,32302852.0,1231.468131457105,1250.8941370379168,1219.761777997013,SPY,index,True
2025-03-27,2025-03-27 00:00:00,1231.5196911824012,35709435.0,1241.201044532252,1248.9964212673758,1223.0631873946518,SPY,index,True
2025-03-28,2025-03-28 00:00:00,1240.9874433356076,6055152.0,1231.4811247447274,1242.5034728001276,1227.001991223027,SPY,index,True
2025-03-31,2025-03-31 00:00:00,1231.8543598964372,29593728.0,1223.4322369826345,1234.2630414839584,1217.0195926700083,SPY,index,True
2025-04-01,2025-04-01 00:00:00,1223.4068847428373,38819664.0,1234.6011740554495,1236.5806338686773,1212.741185773631,SPY,index,True
2025-04-02,2025-04-02 00:00:00,1234.1360845502224,26824562.0,1232.022869767925,1238.4602718063825,1220.4467312444147,SPY,index,True
2025-04-03,2025-04-03 00:00:00,1231.6808796649516,21599797.0,1223.2718868618147,1235.4748059932822,1220.8313062833192,SPY,index,True
2025-04-04,2025-04-04 00:00:00,1223.1073207659508,19959548.0,1212.980982744497,1230.8206855740816,1206.8221310148865,SPY,index,True
2025-04-07,2025-04-07 00:00:00,1212.7805087579127,38284093.0,1219.3569652492733,1223.3465566022894,1205.4383423816996,SPY,index,True
2025-04-08,2025-04-08 00:00:00,1219.4763232771058,19563299.0,1224.4292401332752,1230.8882727556368,1215.332997253011,SPY,index,True
2025-04-09,2025-04-09 00:00:00,1224.5744187098912,16664411.0,1220.3448220608177,1227.9194608718738,1219.3678496598304,SPY,index,True
2025-04-10,2025-04-10 00:00:00,1220.6909551464519,22741130.0,1215.9294949091443,1229.276403184049,1208.1709651175722,SPY,index,True
2025-04-11,2025-04-11 00:00:00,1215.9130872212293,25084431.0,1212.372916406813,1223.6220360593645,1201.5545728568961,SPY,index,True
2025-04-14,2025-04-14 00:00:00,1212.65121123312,32193345.0,1217.8821691316564,1222.7259158323902,1209.3530900477604,SPY,index,True
2025-04-15,2025-04-15 00:00:00,1217.7238222307913,31606070.0,1209.7427728269417,1221.2055526847491,1203.8630727737411,SPY,index,True
2025-04-16,2025-04-16 00:00:00,1210.075398286016,37937298.0,1220.7454234441775,1225.1547966252506,1206.298536046841,SPY,index,True
2025-04-17,2025-04-17 00:00:00,1220.2844474338817,42069827.0,1226.7436596127613,1233.7134166953024,1213.6173381747683,SPY,index,True
2025-04-18,2025-04-18 00:00:00,1226.78623923975,21207554.0,1227.1675670998561,1229.8818194299217,1224.413133799442,SPY,index,True
2025-04-21,2025-04-21 00:00:00,1227.230190710465,33298145.0,1235.1823007778244,1244.770818104159,1225.0997444758127,SPY,index,True
2025-04-22,2025-04-22 00:00:00,1235.0657196419631,48652213.0,1223.306047705055,1238.0885570744667,1214.4515374044033,SPY,index,True
2025-04-23,2025-04-23 00:00:00,1223.2643614467586,12688591.0,1234.2950140128105,1245.1703079720444,1213.8277362207346,SPY,index,True
2025-04-24,2025-04-24 00:00:00,1234.540307297273,48449502.0,1233.1890433053752,1239.3051721207844,1221.2327564356688,SPY,index,True
2025-04-25,2025-04-25 00:00:00,1233.2922300416421,26468982.0,1238.3022848207079,1239.8952157949418,1229.4859151338205,SPY,index,True
2025-04-28,2025-04-28 00:00:00,1237.9153849228364,44854737.0,1240.4779947970208,1241.6807903861736,1226.5606966638034,SPY,index,True
2025-04-29,2025-04-29 00:00:00,1240.2164249052937,20150172.0,1242.1047593842989,1243.7493529876956,1233.7501270268529,SPY,index,True
2025-04-30,2025-04-30 00:00:00,1241.8816185723902,32280127.0,1235.015443487523,1246.83616154557,1228.0658234952934,SPY,index,True
2025-05-01,2025-05-01 00:00:00,1235.03626515682,9595487.0,1222.8845360591772,1243.5741208321308,1212.7688808241107,SPY,index,True
2025-05-02,2025-05-02 00:00:00,1222.627588237928,36565872.0,1234.1485849952574,1240.1899588331237,1210.5608403492377,SPY,index,True
2025-05-05,2025-05-05 00:00:00,1234.5285216027703,11927075.0,1227.0665434533005,1242.2499906542557,1224.6560547528927,SPY,index,True
2025-05-06,2025-05-06 00:00:00,1226.7688497027107,22431268.0,1229.7165116757787,1238.8267258593953,1219.2165164840683,SPY,index,True
2025-05-07,2025-05-07 00:00:00,1229.6777169953734,5063452.0,1236.9272184226866,1246.9025084364798,1224.283222137332,SPY,index,True
2025-05-08,2025-05-08 00:00:00,1236.6751631126813,21747416.0,1242.6209157284482,1248.1723007629098,1230.4176928601494,SPY,index,True
2025-05-09,2025-05-09 00:00:00,1242.7152972879733,41273023.0,1247.5618009330487,1257.3634003921616,1234.173787295681,SPY,index,True
2025-05-12,2025-05-12 00:00:00,1247.2178369469982,9539866.0,1243.148452443116,1254.6720230758092,1233.99754673635,SPY,index,True
2025-05-13,2025-05-13 00:00:00,1243.1105370969644,39483195.0,1242.209266003768,1249.135756821965,1236.6842335024878,SPY,index,True
2025-05-14,2025-05-14 00:00:00,1241.8138493217741,20457600.0,1252.9393040092948,1264.2919341587012,1234.7164927017432,SPY,index,True
2025-05-15,2025-05-15 00:00:00,1252.5393551585457,32187903.0,1240.700003593599,1255.9733751184688,1240.4866854226834,SPY,index,True
2025-05-16,2025-05-16 00:00:00,1240.222946416461,32962094.0,1247.900880044096,1257.8879708538398,1236.4958609616372,SPY,index,True
2025-05-19,2025-05-19 00:00:00,1248.2084994658303,45267370.0,1244.0525254527815,1251.2589006640771,1241.164491617737,SPY,index,True
2025-05-20,2025-05-20 00:00:00,1244.117640000531,16341037.0,1250.0741827333904,1261.6744788017627,1242.9773095216253,SPY,index,True
2025-05-21,2025-05-21 00:00:00,1250.2213258040947,36772335.0,1255.1279944039536,1260.1898160002795,1244.4651926475092,SPY,index,True
2025-05-22,2025-05-22 00:00:00,1255.1288291568915,10768541.0,1266.659478134363,1276.8125404720695,1253.572612897678,SPY,index,True
2025-05-23,2025-05-23 00:00:00,1266.2969489925895,44919153.0,1272.371799990692,1281.7045965738682,1262.7991797186426,SPY,index,True
2025-05-26,2025-05-26 00:00:00,1272.475880961737,32990850.0,1280.8756433817318,1288.0813043794462,1268.5953650846157,SPY,index,True
2025-05-27,2025-05-27 00:00:00,1280.9695221032139,31385898.0,1273.0817003768436,1291.3148456599033,1265.9510785295704,SPY,index,True
2025-05-28,2025-05-28 00:00:00,1273.4734375670876,16720857.0,1261.1280101245484,1285.4709121308392,1260.3244345833693,SPY,index,True
2025-05-29,2025-05-29 00:00:00,1261.0544407402492,14003047.0,1266.7798573766472,1272.8001391961072,1251.839418293654,SPY,index,True
2025-05-30,2025-05-30 00:00:00,1267.06596198754,26611729.0,1262.4812237355072,1277.2330861332448,1256.4134651224513,SPY,index,True
2025-06-02,2025-06-02 00:00:00,1262.524910992881,19961372.0,1264.2819992060085,1268.5875436038261,1258.6839631125624,SPY,index,True
2025-06-03,2025-06-03 00:00:00,1264.2197988624714,13773053.0,1261.129750831606,1273.425017087314,1255.5421286112673,SPY,index,True
2025-06-04,2025-06-04 00:00:00,1260.7904278930182,10925882.0,1253.4311083896293,1269.6319453299554,1243.3979765537663,SPY,index,True
2025-06-05,2025-06-05 00:00:00,1253.2116438900318,31149598.0,1251.713479801925,1261.1331761061751,1240.3933788946233,SPY,index,True
2025-06-06,2025-06-06 00:00:00,1251.320628596383,35989291.0,1247.4759408900832,1254.0136354867966,1242.2666596248368,SPY,index,True
2025-06-09,2025-06-09 00:00:00,1247.7098611341148,36228887.0,1249.9106242751157,1250.427333745206,1236.1361309270642,SPY,index,True
2025-06-10,2025-06-10 00:00:00,1250.357328808026,44735739.0,1259.4414730955061,1264.3513443044246,1239.1397865823467,SPY,index,True
2025-06-11,2025-06-11 00:00:00,1259.328614879726,18261898.0,1269.8407760404223,1277.9595482491745,1247.7866650463466,SPY,index,True
2025-06-12,2025-06-12 00:00:00,1269.434395364024,45592414.0,1271.3386663518893,1272.3430368054126,1260.6618983776405,SPY,index,True
2025-06-13,2025-06-13 00:00:00,1271.011122412691,40076688.0,1271.5158004300677,1272.7796803247427,1263.8403004374875,SPY,index,True
2025-06-16,2025-06-16 00:00:00,1271.6145574166444,34147666.0,1274.4727939801771,1285.3655111498506,1264.8071193500937,SPY,index,True
2025-06-17,2025-06-17 00:00:00,1274.7867555342727,46901152.0,1264.3964869688523,1281.3082460674048,1259.960573588618,SPY,index,True
2025-06-18,2025-06-18 00:00:00,1264.1887192269994,40834398.0,1274.7314919281637,1275.010873480474,1261.6342702331858,SPY,index,True
2025-06-19,2025-06-19 00:00:00,1275.1297972349914,15846148.0,1284.2964803973052,1294.2590116003691,1264.4742160228939,SPY,index,True
2025-06-20,2025-06-20 00:00:00,1283.8847071620498,19553179.0,1295.0067418851067,1297.6695046109464,1279.9655841224828,SPY,index,True
2025-06-23,2025-06-23 00:00:00,1294.517437881531,19766438.0,1291.917545968537,1299.5295210748632,1288.0430035397353,SPY,index,True
2025-06-24,2025-06-24 00:00:00,1291.9667656510758,22241794.0,1288.9023462218363,1302.3069520810097,1287.8265895689588,SPY,index,True
2025-06-25,2025-06-25 00:00:00,1288.7211158277216,5828595.0,1283.5194450303957,1293.7391430699388,1275.860161927595,SPY,index,True
2025-06-26,2025-06-26 00:00:00,1283.416252644793,39121972.0,1273.4994507171734,1286.5368188120322,1273.147277344231,SPY,index,True
2025-06-27,2025-06-27 00:00:00,1273.686553205498,41590260.0,1284.2496286969442,1295.5336336195703,1265.5623226571056,SPY,index,True
2025-06-30,2025-06-30 00:00:00,1284.223763014961,31550580.0,1277.1820653605794,1297.0099322392732,1265.5791760806278,SPY,index,True
2025-07-01,2025-07-01 00:00:00,1276.7607875005754,45015985.0,1287.4824584894031,1300.094005376063,1269.8195032628294,SPY,index,True
2025-07-02,2025-07-02 00:00:00,1287.077902638656,44450015.0,1288.2917868109062,1292.821391377417,1274.8597753774106,SPY,index,True
2025-07-03,2025-07-03 00:00:00,1288.0044308979354,11575200.0,1277.1815207160037,1288.9062450290726,1267.7718760941393,SPY,index,True
2025-07-04,2025-07-04 00:00:00,1277.5214171809728,17888726.0,1268.1233982174201,1288.7997197145132,1263.1063303967146,SPY,index,True
2025-07-07,2025-07-07 00:00:00,1268.0878152278601,38556684.0,1269.0276104019435,1275.3351605471962,1258.8912623676285,SPY,index,True
2025-07-08,2025-07-08 00:00:00,1268.8614306705038,48671533.0,1275.2058872261614,1279.0305128109349,1259.606650421959,SPY,index,True
2025-07-09,2025-07-09 00:00:00,1275.5705697078554,23479621.0,1272.646477281899,1282.1542398701597,1266.719806636311,SPY,index,True
2025-07-10,2025-07-10 00:00:00,1272.2927288155652,29612355.0,1265.0899008157207,1278.2562968681912,1262.5100445419364,SPY,index,True
2025-07-11,2025-07-11 00:00:00,1264.6143484034644,37497496.0,1264.8488305525505,1270.796047509633,1256.827576498777,SPY,index,True
2025-07-14,2025-07-14 00:00:00,1264.4739891229033,27316570.0,1259.846341783989,1273.6883923435616,1257.1945793058385,SPY,index,True
2025-07-15,2025-07-15 00:00:00,1259.3007210977476,8124256.0,1252.0,1270.9552303891312,1250.3972793956295,SPY,index,True
2024-11-06,2024-11-06 00:00:00,1241.5686072748667,35295573.0,1240.550034277675,1243.763964661135,1240.4288853846383,QQQ,index,True
2024-11-07,2024-11-07 00:00:00,1240.2351987557001,46360910.0,1240.8497825701493,1246.2906634105539,1234.800318179516,QQQ,index,True
2024-11-08,2024-11-08 00:00:00,1240.9706633727856,23505857.0,1229.0650224735036,1250.674493013635,1226.7643108556092,QQQ,index,True
2024-11-11,2024-11-11 00:00:00,1228.6964085345992,42155187.0,1238.7725901820284,1245.8256606579978,1226.3865756560958,QQQ,index,True
2024-11-12,2024-11-12 00:00:00,1238.9714282296604,49077596.0,1247.0401644275867,1256.293526599607,1238.8896061677112,QQQ,index,True
2024-11-13,2024-11-13 00:00:00,1246.7089470455323,21759166.0,1236.1997619106437,1257.9406456293768,1225.4310093619556,QQQ,index,True
2024-11-14,2024-11-14 00:00:00,1235.658992074775,30744829.0,1236.605695139202,1239.355080699013,1227.2332781634987,QQQ,index,True
2024-11-15,2024-11-15 00:00:00,1236.1638821741203,29542165.0,1241.6049352797606,1250.074446997704,1235.5405666379147,QQQ,index,True
2024-11-18,2024-11-18 00:00:00,1241.834838594353,11705518.0,1232.241243872379,1253.627648069295,1227.567017313018,QQQ,index,True
2024-11-19,2024-11-19 00:00:00,1231.943036716152,5702649.0,1232.9593128390861,1236.6276605279738,1221.3232194037685,QQQ,index,True
2024-11-20,2024-11-20 00:00:00,1233.065196311301,36662311.0,1221.081314662327,1236.0254636547975,1215.1203606202303,QQQ,index,True
2024-11-21,2024-11-21 00:00:00,1220.6405281521022,9105581.0,1226.9004697097926,1233.5556072322556,1216.3801717330464,QQQ,index,True
2024-11-22,2024-11-22 00:00:00,1226.424385981506,34539539.0,1222.3892767473021,1235.1110474596153,1211.832307577308,QQQ,index,True
2024-11-25,2024-11-25 00:00:00,1222.4661913873254,21868720.0,1211.0990639720749,1227.6003781428276,1201.6982899950606,QQQ,index,True
2024-11-26,2024-11-26 00:00:00,1210.9692864492213,39094581.0,1211.5356272942943,1215.849835571387,1200.266318955679,QQQ,index,True
2024-11-27,2024-11-27 00:00:00,1211.2010268959561,27796018.0,1210.4587370743259,1219.7928305347893,1206.5273398061154,QQQ,index,True
2024-11-28,2024-11-28 00:00:00,1209.9836364299713,6588831.0,1204.5529921627526,1217.6004378218831,1201.1028715743882,QQQ,index,True
2024-11-29,2024-11-29 00:00:00,1204.9505686645293,43422554.0,1194.012382072708,1212.8155421823951,1190.4783972254445,QQQ,index,True
2024-12-02,2024-12-02 00:00:00,1193.838217753858,47527112.0,1202.7682002065305,1210.9778194524622,1185.6779859664723,QQQ,index,True
2024-12-03,2024-12-03 00:00:00,1203.0711267364716,44830586.0,1208.1345733365806,1219.7572731668147,1198.0456127767889,QQQ,index,True
2024-12-04,2024-12-04 00:00:00,1207.7364829350267,38162731.0,1214.390853204604,1224.1258031488248,1202.681713414766,QQQ,index,True
2024-12-05,2024-12-05 00:00:00,1214.1210984772363,5980123.0,1220.9049242761432,1226.5829823522974,1202.4280785888564,QQQ,index,True
2024-12-06,2024-12-06 00:00:00,1220.5165876587755,42957750.0,1227.4315190597986,1233.5430372763396,1218.2041814989743,QQQ,index,True
2024-12-09,2024-12-09 00:00:00,1227.804409836674,12459828.0,1221.486455227241,1239.2354662267219,1214.3148701802381,QQQ,index,True
2024-12-10,2024-12-10 00:00:00,1221.3692693672353,42563217.0,1218.7355599444165,1230.3556570341545,1209.4635322484676,QQQ,index,True
2024-12-11,2024-12-11 00:00:00,1218.9702585298467,34411258.0,1213.215387501314,1225.3299449136516,1203.9440244522166,QQQ,index,True
2024-12-12,2024-12-12 00:00:00,1212.8515090010783,35895660.0,1210.7660526512097,1221.536719792787,1207.830977780579,QQQ,index,True
2024-12-13,2024-12-13 00:00:00,1210.337019268039,14275545.0,1209.4861321520618,1221.3396066180783,1208.08566668779,QQQ,index,True
2024-12-16,2024-12-16 00:00:00,1208.9691937855505,16749463.0,1205.0513325716659,1214.346650061446,1202.5695402978833,QQQ,index,True
2024-12-17,2024-12-17 00:00:00,1204.7532057216358,32736759.0,1204.2961960813886,1210.6133808216496,1200.7266779088702,QQQ,index,True
2024-12-18,2024-12-18 00:00:00,1203.8098070158344,11643229.0,1206.1195006840917,1218.135672785416,1195.8302220714168,QQQ,index,True
2024-12-19,2024-12-19 00:00:00,1205.7167158576885,49644034.0,1198.7318495341858,1206.9436473757664,1187.4730672038531,QQQ,index,True
2024-12-20,2024-12-20 00:00:00,1198.5786930605361,43324075.0,1198.0158029069955,1210.387672879291,1188.9633412512512,QQQ,index,True
2024-12-23,2024-12-23 00:00:00,1198.0571127877204,22869372.0,1203.6326838871428,1209.6950196820496,1189.2914638175237,QQQ,index,True
2024-12-24,2024-12-24 00:00:00,1203.5678564164239,30010728.0,1196.302240158049,1206.5685834017136,1184.361810517639,QQQ,index,True
2024-12-25,2024-12-25 00:00:00,1196.4702134329611,44935559.0,1197.683874640746,1199.3103608926635,1191.4704007912753,QQQ,index,True
2024-12-26,2024-12-26 00:00:00,1198.0682951715314,34979619.0,1195.5920320745654,1202.675347033294,1187.1144556999338,QQQ,index,True
2024-12-27,2024-12-27 00:00:00,1195.673327404963,15195035.0,1198.81296168167,1207.651153787758,1186.6292758533364,QQQ,index,True
2024-12-30,2024-12-30 00:00:00,1198.7361198856333,22649762.0,1190.4814199659156,1204.3130448293566,1187.250149732053,QQQ,index,True
2024-12-31,2024-12-31 00:00:00,1190.4445889064148,22609651.0,1195.883862031982,1202.7906380138677,1185.479217395206,QQQ,index,True
2025-01-01,2025-01-01 00:00:00,1196.1526187796837,19233327.0,1197.815350802787,1206.5648036393009,1188.4388404558836,QQQ,index,True
2025-01-02,2025-01-02 00:00:00,1197.4456385985388,16868799.0,1190.1728544133475,1206.0713830761947,1185.8637326212054,QQQ,index,True
2025-01-03,2025-01-03 00:00:00,1190.0559401816693,32068064.0,1194.9432832511184,1204.6951660679235,1186.9469569585344,QQQ,index,True
2025-01-06,2025-01-06 00:00:00,1194.4188495874107,23014189.0,1200.7101581196093,1202.2413659529484,1186.0608758273356,QQQ,index,True
2025-01-07,2025-01-07 00:00:00,1201.0815889034761,18295719.0,1212.5695333965703,1219.495529602244,1193.3601003934925,QQQ,index,True
2025-01-08,2025-01-08 00:00:00,1212.1463733667135,39804075.0,1203.028503201935,1213.5549888817227,1199.454705257169,QQQ,index,True
2025-01-09,2025-01-09 00:00:00,1203.431842379025,23047268.0,1200.661657054704,1208.9924883166073,1192.3796505172077,QQQ,index,True
2025-01-10,2025-01-10 00:00:00,1200.901285329011,39566189.0,1190.9694411037412,1208.9540343728174,1181.704992084671,QQQ,index,True
2025-01-13,2025-01-13 00:00:00,1190.9541167486782,28206634.0,1196.6685973864387,1203.7844439070502,1183.2143527485787,QQQ,index,True
2025-01-14,2025-01-14 00:00:00,1197.038691982566,47070932.0,1190.1677838011385,1200.485076898957,1179.1904589522258,QQQ,index,True
2025-01-15,2025-01-15 00:00:00,1190.1934029342362,23978473.0,1192.839335444463,1201.8843299440541,1185.2042399210352,QQQ,index,True
2025-01-16,2025-01-16 00:00:00,1192.8283253961574,34806836.0,1195.6719601384293,1195.8653647856925,1190.894351013938,QQQ,index,True
2025-01-17,2025-01-17 00:00:00,1195.500391172187,39359481.0,1193.956040800298,1205.0093379706104,1190.2401768835189,QQQ,index,True
2025-01-20,2025-01-20 00:00:00,1194.3821965216025,25558450.0,1202.100687697218,1212.5644026942193,1190.6118882068547,QQQ,index,True
2025-01-21,2025-01-21 00:00:00,1202.2211029024295,42259033.0,1212.021658242397,1212.608063307013,1196.926390434633,QQQ,index,True
2025-01-22,2025-01-22 00:00:00,1212.0709990102428,14902043.0,1200.8073502286325,1223.9768909102675,1198.5561418353716,QQQ,index,True
2025-01-23,2025-01-23 00:00:00,1200.600633339472,24738642.0,1201.83538596981,1210.1367528399321,1193.1425165953885,QQQ,index,True
2025-01-24,2025-01-24 00:00:00,1201.4688757528475,15238197.0,1212.2233136206587,1213.657437673795,1193.5299666304652,QQQ,index,True
2025-01-27,2025-01-27 00:00:00,1212.5398776646077,38996495.0,1205.022008917909,1218.161637900562,1200.138261742593,QQQ,index,True
2025-01-28,2025-01-28 00:00:00,1205.0590307543666,25982851.0,1212.742703671138,1221.8355102574515,1195.7112021737937,QQQ,index,True
2025-01-29,2025-01-29 00:00:00,1212.4915946727047,37618619.0,1220.5481836526997,1229.1357725239125,1208.3066296739853,QQQ,index,True
2025-01-30,2025-01-30 00:00:00,1220.5027311610233,38479784.0,1208.9875073081903,1226.7591719697527,1197.6857111397173,QQQ,index,True
2025-01-31,2025-01-31 00:00:00,1209.0567966429164,11076001.0,1204.3022791593555,1219.2811910490352,1196.3876320580757,QQQ,index,True
2025-02-03,2025-02-03 00:00:00,1204.7168816388153,28578959.0,1199.2409898963895,1212.7530432068154,1193.5914268418617,QQQ,index,True
2025-02-04,2025-02-04 00:00:00,1199.6097020089048,36910961.0,1207.4828917790594,1208.1504569219198,1199.1838229095863,QQQ,index,True
2025-02-05,2025-02-05 00:00:00,1207.3293437349441,25218209.0,1197.6635560466773,1210.1520677446192,1197.197270892272,QQQ,index,True
2025-02-06,2025-02-06 00:00:00,1197.4125634229217,8754380.0,1191.3892722086564,1199.4660895037634,1185.602414590254,QQQ,index,True
2025-02-07,2025-02-07 00:00:00,1191.2958781079867,18713416.0,1190.154940877071,1193.2046968730738,1181.1507576263077,QQQ,index,True
2025-02-10,2025-02-10 00:00:00,1190.5750142678314,33652885.0,1183.6366910048948,1192.1207844920866,1180.4649506835167,QQQ,index,True
2025-02-11,2025-02-11 00:00:00,1184.0333602405517,37533014.0,1175.6874721076304,1194.4310331539289,1170.948111041759,QQQ,index,True
2025-02-12,2025-02-12 00:00:00,1175.232361711352,21410860.0,1177.9461366369821,1185.2587514221943,1173.7027551600831,QQQ,index,True
2025-02-13,2025-02-13 00:00:00,1177.6148895929377,5729275.0,1178.7718480724234,1181.4661127717513,1167.7638401828888,QQQ,index,True
2025-02-14,2025-02-14 00:00:00,1178.8778200898325,41037071.0,1168.5604216587546,1189.0561257517597,1159.6970818210295,QQQ,index,True
2025-02-17,2025-02-17 00:00:00,1168.1171522176214,9981319.0,1157.5815349711304,1170.811586384274,1152.626707208615,QQQ,index,True
2025-02-18,2025-02-18 00:00:00,1157.4822322917132,45194981.0,1153.7278393289562,1159.1576395100935,1145.8815078129878,QQQ,index,True
2025-02-19,2025-02-19 00:00:00,1153.7109860988426,23415553.0,1155.172027908943,1159.9012514454773,1147.7054839795378,QQQ,index,True
2025-02-20,2025-02-20 00:00:00,1155.0276056904063,14325883.0,1162.3325338723077,1172.6964895897895,1150.1014074843,QQQ,index,True
2025-02-21,2025-02-21 00:00:00,1162.3954520656332,11399852.0,1165.3498113796506,1172.7274579056782,1162.3407249463958,QQQ,index,True
2025-02-24,2025-02-24 00:00:00,1165.0593161448226,6773269.0,1163.9163253083368,1171.3943830712583,1163.0160086449087,QQQ,index,True
2025-02-25,2025-02-25 00:00:00,1163.485623594327,49425734.0,1167.9705210710717,1176.6886332381973,1154.1283488119275,QQQ,index,True
2025-02-26,2025-02-26 00:00:00,1168.3470631516527,15142637.0,1168.3062163870725,1172.2492574777152,1161.7467365201694,QQQ,index,True
2025-02-27,2025-02-27 00:00:00,1168.2523526555613,19650603.0,1174.655708120249,1177.3484470853687,1163.5816132260031,QQQ,index,True
2025-02-28,2025-02-28 00:00:00,1174.1990643059307,40762695.0,1186.0007826635235,1194.153623759362,1167.968608573973,QQQ,index,True
2025-03-03,2025-03-03 00:00:00,1185.5715797160772,28367211.0,1189.3704866625585,1200.0489010115089,1185.3420548417039,QQQ,index,True
2025-03-04,2025-03-04 00:00:00,1189.1875691022944,25628874.0,1193.591605685715,1205.0015519659712,1182.3278181938026,QQQ,index,True
2025-03-05,2025-03-05 00:00:00,1193.0899866742654,37847833.0,1181.7178661428356,1196.6048021779095,1177.1281775918521,QQQ,index,True
2025-03-06,2025-03-06 00:00:00,1182.0732570746538,15456616.0,1176.6585476491223,1183.00594105053,1172.8089450400664,QQQ,index,True
2025-03-07,2025-03-07 00:00:00,1176.7613827554583,48449522.0,1173.8271119862693,1178.652726573885,1172.1829176817448,QQQ,index,True
2025-03-10,2025-03-10 00:00:00,1173.5385588862023,17182307.0,1181.0280522760224,1184.0046898037222,1162.1618678889993,QQQ,index,True
2025-03-11,2025-03-11 00:00:00,1181.2706512443754,10597139.0,1182.0663426141512,1184.73166211444,1179.3346253232141,QQQ,index,True
2025-03-12,2025-03-12 00:00:00,1181.973383857216,37162039.0,1192.2728169798065,1196.0025019877298,1177.2704223291612,QQQ,index,True
2025-03-13,2025-03-13 00:00:00,1192.3485244247506,47402087.0,1184.527696091019,1195.3875754531637,1175.5813921168635,QQQ,index,True
2025-03-14,2025-03-14 00:00:00,1184.7309175685698,46709313.0,1186.5408750750094,1196.5325336223946,1176.0867111498362,QQQ,index,True
2025-03-17,2025-03-17 00:00:00,1186.2875997152341,17658904.0,1197.212459501168,1207.8432942762165,1175.4534680204783,QQQ,index,True
2025-03-18,2025-03-18 00:00:00,1197.0929876816053,26991639.0,1185.9814895385337,1208.9376990133246,1184.2287432954581,QQQ,index,True
2025-03-19,2025-03-19 00:00:00,1186.02378843847,14021598.0,1183.3986559379714,1196.798148354861,1181.219599121143,QQQ,index,True
2025-03-20,2025-03-20 00:00:00,1183.3109247777293,42366638.0,1182.1722319263035,1185.8812103708992,1173.4493889572498,QQQ,index,True
2025-03-21,2025-03-21 00:00:00,1182.3914619230475,10557750.0,1174.5480999960496,1187.3073414668502,1163.4264844308027,QQQ,index,True
2025-03-24,2025-03-24 00:00:00,1174.4275901096264,48002803.0,1180.011891911806,1182.711428674873,1165.5108728159505,QQQ,index,True
2025-03-25,2025-03-25 00:00:00,1179.641419491555,27337085.0,1187.6916793601604,1198.5286487097496,1170.8221889229005,QQQ,index,True
2025-03-26,2025-03-26 00:00:00,1187.8329402812103,24096479.0,1198.906156721065,1201.6641299263765,1178.136914271713,QQQ,index,True
2025-03-27,2025-03-27 00:00:00,1198.7319561443176,38184428.0,1189.2164298183377,1207.734040514129,1185.21293662425,QQQ,index,True
2025-03-28,2025-03-28 00:00:00,1188.848779787614,9140659.0,1194.0945801502767,1198.510189741646,1185.2243066362873,QQQ,index,True
2025-03-31,2025-03-31 00:00:00,1194.2147932856815,21725061.0,1200.2818986331881,1200.6103002374361,1190.5056184273224,QQQ,index,True
2025-04-01,2025-04-01 00:00:00,1200.2051238878366,49631487.0,1189.3954166651424,1209.3013956821599,1178.9606023428983,QQQ,index,True
2025-04-02,2025-04-02 00:00:00,1188.9584475704742,6743766.0,1200.938416552928,1205.9700410317187,1178.0935563582912,QQQ,index,True
2025-04-03,2025-04-03 00:00:00,1200.557618968059,15709961.0,1197.978487819338,1204.6202328713123,1186.4587343656106,QQQ,index,True
2025-04-04,2025-04-04 00:00:00,1198.1332496666703,31299842.0,1209.5286941199713,1212.2661694115843,1188.7194401085758,QQQ,index,True
2025-04-07,2025-04-07 00:00:00,1209.545082181157,24469831.0,1218.103308565387,1228.7126058446636,1206.9658125075111,QQQ,index,True
2025-04-08,2025-04-08 00:00:00,1217.8019632519652,5507965.0,1206.382537829469,1227.4303470513926,1196.0222750787657,QQQ,index,True
2025-04-09,2025-04-09 00:00:00,1206.1263586525217,16246693.0,1214.7075048956426,1215.1688156188975,1202.2930011830867,QQQ,index,True
2025-04-10,2025-04-10 00:00:00,1215.0356923241914,15538757.0,1225.7670269573089,1229.9153616774624,1210.2237122855704,QQQ,index,True
2025-04-11,2025-04-11 00:00:00,1225.390315523113,13413834.0,1237.5961300898603,1243.811666981111,1216.8587357140213,QQQ,index,True
2025-04-14,2025-04-14 00:00:00,1237.5139607651852,39942186.0,1229.6108626226433,1242.5528538489361,1227.4519283222687,QQQ,index,True
2025-04-15,2025-04-15 00:00:00,1229.6544844049708,49489227.0,1218.335289326187,1239.1464973968182,1206.8611574554152,QQQ,index,True
2025-04-16,2025-04-16 00:00:00,1218.6114696642014,36584746.0,1219.1712882760135,1229.0076719398478,1213.8477526844763,QQQ,index,True
2025-04-17,2025-04-17 00:00:00,1219.3122961515546,32042565.0,1217.209248839097,1221.2697977707367,1205.43960384497,QQQ,index,True
2025-04-18,2025-04-18 00:00:00,1217.182603264779,23358331.0,1225.1749451771987,1227.3858815236306,1215.714080876989,QQQ,index,True
2025-04-21,2025-04-21 00:00:00,1225.3158754612546,20540389.0,1236.5759152661112,1241.4794232467796,1221.7731887085138,QQQ,index,True
2025-04-22,2025-04-22 00:00:00,1236.4364561100406,14792871.0,1235.7002392466545,1244.549163421439,1223.6697684783742,QQQ,index,True
2025-04-23,2025-04-23 00:00:00,1235.627100200016,18083072.0,1238.9662856720254,1247.8636316276513,1229.5101684686683,QQQ,index,True
2025-04-24,2025-04-24 00:00:00,1238.8580780316745,31664503.0,1231.77516556347,1249.6373131750183,1229.5775218507836,QQQ,index,True
2025-04-25,2025-04-25 00:00:00,1231.4354881429726,27991543.0,1232.70616215549,1235.4638391889428,1227.374549682538,QQQ,index,True
2025-04-28,2025-04-28 00:00:00,1232.2254541583022,46205491.0,1243.7209642652513,1245.5234956165534,1229.0886713648497,QQQ,index,True
2025-04-29,2025-04-29 00:00:00,1244.1146840237254,23922439.0,1241.3234161111554,1256.5085718230557,1240.7324816085213,QQQ,index,True
2025-04-30,2025-04-30 00:00:00,1240.8928541281496,44499193.0,1249.076795569263,1253.4783232026089,1235.2287095231895,QQQ,index,True
2025-05-01,2025-05-01 00:00:00,1249.0073277162692,34816538.0,1253.7782147106695,1259.1818916345715,1238.5188647434545,QQQ,index,True
2025-05-02,2025-05-02 00:00:00,1254.0014113909604,12781955.0,1256.5797103714658,1268.4107456066176,1253.189224213105,QQQ,index,True
2025-05-05,2025-05-05 00:00:00,1256.134165193103,30757535.0,1251.4349939984256,1266.3663303315664,1246.085673662842,QQQ,index,True
2025-05-06,2025-05-06 00:00:00,1251.453808338342,25342781.0,1243.300016720042,1258.7387255084864,1235.6384451097808,QQQ,index,True
2025-05-07,2025-05-07 00:00:00,1243.31778799946,34930100.0,1250.977150017174,1256.6928444256607,1238.9238243121374,QQQ,index,True
2025-05-08,2025-05-08 00:00:00,1251.3617937340935,14313081.0,1256.3574558130506,1259.8011536701958,1246.0188396841606,QQQ,index,True
2025-05-09,2025-05-09 00:00:00,1256.0550613617756,38713490.0,1263.0705819730001,1266.9413474284395,1251.3487444673412,QQQ,index,True
2025-05-12,2025-05-12 00:00:00,1263.4392456905457,48756784.0,1263.6811773850152,1275.048527810778,1253.154806019153,QQQ,index,True
2025-05-13,2025-05-13 00:00:00,1263.474108249153,11815430.0,1274.235490448187,1276.0581344490236,1253.7823752843635,QQQ,index,True
2025-05-14,2025-05-14 00:00:00,1273.9099869463657,17186808.0,1269.6846341544274,1276.7452241567764,1268.0147731025402,QQQ,index,True
2025-05-15,2025-05-15 00:00:00,1270.0381973444394,37989436.0,1276.4597475592882,1281.7230991781983,1268.7346031674847,QQQ,index,True
2025-05-16,2025-05-16 00:00:00,1276.6757286338677,33983969.0,1281.2449036103997,1283.1437021588279,1265.1368802144452,QQQ,index,True
2025-05-19,2025-05-19 00:00:00,1281.4717109506366,25908852.0,1279.1978223716305,1291.5769448188043,1267.1919832015956,QQQ,index,True
2025-05-20,2025-05-20 00:00:00,1279.4532092497354,20033561.0,1281.506469352963,1292.8946574862505,1270.5347804791138,QQQ,index,True
2025-05-21,2025-05-21 00:00:00,1281.6882879731809,7896625.0,1285.4791629829974,1287.9558636872418,1271.7113457910689,QQQ,index,True
2025-05-22,2025-05-22 00:00:00,1285.392790202181,14007593.0,1290.9201208525592,1295.6091988432554,1278.8553638083388,QQQ,index,True
2025-05-23,2025-05-23 00:00:00,1290.6379332533838,38549638.0,1293.5840470521136,1303.3420035171982,1284.0019129369412,QQQ,index,True
2025-05-26,2025-05-26 00:00:00,1293.6900519956976,21078008.0,1303.6329762950193,1315.532577726705,1282.8497008074207,QQQ,index,True
2025-05-27,2025-05-27 00:00:00,1303.8783734268425,38293710.0,1309.8993147748442,1317.1564176230836,1295.7738296756595,QQQ,index,True
2025-05-28,2025-05-28 00:00:00,1309.4904186529116,10478383.0,1300.5214515866005,1316.263304083044,1293.7878560913432,QQQ,index,True
2025-05-29,2025-05-29 00:00:00,1300.221520416269,27065688.0,1308.723729780084,1317.4714901276911,1289.5958035738063,QQQ,index,True
2025-05-30,2025-05-30 00:00:00,1308.2369956392972,45768010.0,1299.773623703822,1313.3282759391377,1294.0718277944454,QQQ,index,True
2025-06-02,2025-06-02 00:00:00,1299.2657519972715,49296107.0,1299.291516851424,1302.9793552617693,1298.7777081342854,QQQ,index,True
2025-06-03,2025-06-03 00:00:00,1299.2144314985576,44341837.0,1303.1221607795326,1304.5857851471885,1292.221441390901,QQQ,index,True
2025-06-04,2025-06-04 00:00:00,1303.475083526375,33010983.0,1291.573270944427,1310.3376451403087,1288.73145833025,QQQ,index,True
2025-06-05,2025-06-05 00:00:00,1291.6350297032443,12846472.0,1280.1240661503941,1296.2552656010735,1273.309711720403,QQQ,index,True
2025-06-06,2025-06-06 00:00:00,1280.5500827442386,19498613.0,1292.8798231124485,1305.3203112109302,1276.4124878128928,QQQ,index,True
2025-06-09,2025-06-09 00:00:00,1293.1063738359915,42807222.0,1285.8621171044456,1293.340672879998,1280.8535955052837,QQQ,index,True
2025-06-10,2025-06-10 00:00:00,1285.6194656777686,17113153.0,1280.2501277872439,1295.0990492260876,1269.0278721144534,QQQ,index,True
2025-06-11,2025-06-11 00:00:00,1280.4509027286415,9083406.0,1274.5610177743908,1280.9480083857466,1271.7439551325992,QQQ,index,True
2025-06-12,2025-06-12 00:00:00,1274.1505512809726,8015332.0,1263.286289932375,1283.6513962068063,1256.0393902947735,QQQ,index,True
2025-06-13,2025-06-13 00:00:00,1263.2308708393625,48001044.0,1254.5517926209693,1266.9116078826587,1247.1052842008887,QQQ,index,True
2025-06-16,2025-06-16 00:00:00,1254.5992293874644,33439318.0,1245.8874416103242,1258.4610610630357,1233.9140661639626,QQQ,index,True
2025-06-17,2025-06-17 00:00:00,1246.0907742645581,20005388.0,1250.6436802871206,1260.8399694308337,1235.4914213938875,QQQ,index,True
2025-06-18,2025-06-18 00:00:00,1251.0103032763643,25845305.0,1246.9501305052586,1257.230425310015,1242.2134985502191,QQQ,index,True
2025-06-19,2025-06-19 00:00:00,1247.2801431968767,15335304.0,1249.292209269556,1259.1003734041653,1241.7094783483408,QQQ,index,True
2025-06-20,2025-06-20 00:00:00,1249.2683226905547,32243105.0,1251.0749783844456,1256.5802876172966,1239.8311032248484,QQQ,index,True
2025-06-23,2025-06-23 00:00:00,1251.3057644219289,31420580.0,1258.9142943120883,1265.1268784824902,1244.5406018077667,QQQ,index,True
2025-06-24,2025-06-24 00:00:00,1258.7783675221117,35511407.0,1248.4825059462944,1259.735936405774,1244.0151710463256,QQQ,index,True
2025-06-25,2025-06-25 00:00:00,1248.0053204655198,45161849.0,1259.3987725534466,1269.2582281848236,1243.1199507682052,QQQ,index,True
2025-06-26,2025-06-26 00:00:00,1259.6323894785887,18772299.0,1269.1264309874296,1281.68719462587,1252.6765822069333,QQQ,index,True
2025-06-27,2025-06-27 00:00:00,1269.198392348164,21273075.0,1281.8972141583506,1292.5963387690574,1262.0476290517352,QQQ,index,True
2025-06-30,2025-06-30 00:00:00,1282.187330091514,41756417.0,1292.2242168816622,1298.0403955860959,1271.9194094441596,QQQ,index,True
2025-07-01,2025-07-01 00:00:00,1292.3152927276915,14240538.0,1279.7033604199357,1293.1177597640126,1275.97863256783,QQQ,index,True
2025-07-02,2025-07-02 00:00:00,1279.6852007553182,32052941.0,1276.7740843917086,1281.3759993828417,1274.1442338514091,QQQ,index,True
2025-07-03,2025-07-03 00:00:00,1276.511520438803,5625041.0,1265.6604053627364,1284.0445411150843,1265.5594202822065,QQQ,index,True
2025-07-04,2025-07-04 00:00:00,1265.6480511704674,16147974.0,1254.8925617312993,1275.1250145314127,1254.5736817358495,QQQ,index,True
2025-07-07,2025-07-07 00:00:00,1254.6828485989402,8103322.0,1252.4637629872502,1256.8388324088887,1246.9552304203505,QQQ,index,True
2025-07-08,2025-07-08 00:00:00,1252.212130215448,28553035.0,1253.206503095585,1260.9339369471759,1240.5686200569403,QQQ,index,True
2025-07-09,2025-07-09 00:00:00,1253.5206938560038,31257675.0,1251.3570808764484,1263.2963078397406,1241.4942318675173,QQQ,index,True
2025-07-10,2025-07-10 00:00:00,1251.2305757237737,5882722.0,1244.0911001651182,1254.913001225655,1240.5523325049728,QQQ,index,True
2025-07-11,2025-07-11 00:00:00,1243.6523097416446,47823623.0,1241.6612628894568,1252.7785397451626,1229.9739286404065,QQQ,index,True
2025-07-14,2025-07-14 00:00:00,1241.3917046546692,43839750.0,1240.4723012410261,1247.439925464765,1237.2947532044284,QQQ,index,True
2025-07-15,2025-07-15 00:00:00,1240.4338735300266,15413032.0,1243.0,1250.875304493424,1228.4516045675132,QQQ,index,True
2024-11-06,2024-11-06 00:00:00,1313.4342172749778,37777250.0,1323.1269636795373,1335.368634398927,1309.6749995831565,DIA,index,True
2024-11-07,2024-11-07 00:00:00,1322.6984624644435,49767465.0,1310.5596711870985,1323.3367249807307,1306.7607914522252,DIA,index,True
2024-11-08,2024-11-08 00:00:00,1310.296261814912,40564402.0,1310.6073631932193,1316.215902066663,1300.5813537120316,DIA,index,True
2024-11-11,2024-11-11 00:00:00,1310.7015832078687,21278012.0,1305.6165138936403,1317.5113893721507,1305.1640765457248,DIA,index,True
2024-11-12,2024-11-12 00:00:00,1305.1627930417721,13797051.0,1303.064820680894,1309.5928665840345,1294.6538859625487,DIA,index,True
2024-11-13,2024-11-13 00:00:00,1302.6883038490048,44499544.0,1311.5452413923333,1319.9330892590308,1296.284205327412,DIA,index,True
2024-11-14,2024-11-14 00:00:00,1311.1529743187052,34448126.0,1314.2145346899827,1316.929780447205,1300.681155431152,DIA,index,True
2024-11-15,2024-11-15 00:00:00,1313.757972984257,32059574.0,1316.34821984829,1321.3639438658051,1303.828391017601,DIA,index,True
2024-11-18,2024-11-18 00:00:00,1316.7410454277017,18358979.0,1326.6768438745016,1336.3660002457464,1309.7171079853467,DIA,index,True
2024-11-19,2024-11-19 00:00:00,1327.1078696518132,45579807.0,1320.1912681464426,1327.1572313332454,1313.414171202217,DIA,index,True
2024-11-20,2024-11-20 00:00:00,1319.6365715417,31811743.0,1312.3491676995966,1324.997878997295,1301.88194952182,DIA,index,True
2024-11-21,2024-11-21 00:00:00,1311.9103703017925,18875099.0,1303.271500451127,1318.9213523127764,1303.1482322375805,DIA,index,True
2024-11-22,2024-11-22 00:00:00,1303.61973882486,15487879.0,1293.066668484352,1310.182342746087,1290.5475048067958,DIA,index,True
2024-11-25,2024-11-25 00:00:00,1292.826142727761,13694965.0,1286.7755222767992,1299.3285890037703,1284.91743066433,DIA,index,True
2024-11-26,2024-11-26 00:00:00,1286.575508859016,33551650.0,1281.8171372550182,1299.3409655468788,1269.5521740703434,DIA,index,True
2024-11-27,2024-11-27 00:00:00,1281.613846352199,17474430.0,1269.192082672278,1290.6559330876155,1257.0085383566723,DIA,index,True
2024-11-28,2024-11-28 00:00:00,1269.0127678856682,11640794.0,1265.8514570628327,1269.1088164679338,1260.1182589944572,DIA,index,True
2024-11-29,2024-11-29 00:00:00,1265.9493803861433,7434733.0,1267.0584567820897,1276.685245780557,1263.7627739394356,DIA,index,True
2024-12-02,2024-12-02 00:00:00,1266.7425846950514,26521530.0,1261.7914649011843,1275.8492477121868,1260.620585029424,DIA,index,True
2024-12-03,2024-12-03 00:00:00,1261.359089449704,18585335.0,1264.4400653169457,1275.3693295146595,1250.0943391377002,DIA,index,True
2024-12-04,2024-12-04 00:00:00,1264.2686600924774,47612717.0,1268.0071984132157,1270.5418989373516,1256.5205383318535,DIA,index,True
2024-12-05,2024-12-05 00:00:00,1267.8456978375782,43780124.0,1273.6291725025844,1282.5805659708533,1263.258393193433,DIA,index,True
2024-12-06,2024-12-06 00:00:00,1273.0981576899762,26879976.0,1265.868327490244,1280.0617686247124,1260.3999555635128,DIA,index,True
2024-12-09,2024-12-09 00:00:00,1266.210582833682,38321152.0,1259.4320710939905,1271.6666556889106,1257.7067165040291,DIA,index,True
2024-12-10,2024-12-10 00:00:00,1259.4464228764193,9016038.0,1260.6789819428639,1273.1553201279305,1255.4877751746822,DIA,index,True
2024-12-11,2024-12-11 00:00:00,1261.1286704772972,39191392.0,1270.325478829406,1282.1977334768665,1250.9282305403776,DIA,index,True
2024-12-12,2024-12-12 00:00:00,1270.4957022813524,6100611.0,1266.573230980554,1277.122915321789,1266.421470030527,DIA,index,True
2024-12-13,2024-12-13 00:00:00,1266.237238955768,41637070.0,1270.0799516789148,1275.6036694405186,1258.5693596333263,DIA,index,True
2024-12-16,2024-12-16 00:00:00,1270.263176344258,20233477.0,1279.0775817516385,1287.1497462813481,1262.7397499509282,DIA,index,True
2024-12-17,2024-12-17 00:00:00,1278.9310053743736,45006027.0,1282.2149871227855,1294.2897363802224,1276.4749298460051,DIA,index,True
2024-12-18,2024-12-18 00:00:00,1282.35097454422,37142055.0,1284.0882967713178,1284.1261146904108,1279.9396665964846,DIA,index,True
2024-12-19,2024-12-19 00:00:00,1284.5307099875556,47922706.0,1284.0388293705323,1293.425964056103,1278.7457371620349,DIA,index,True
2024-12-20,2024-12-20 00:00:00,1284.4938324953437,24208031.0,1284.178090872447,1293.4590410783783,1281.7170551476293,DIA,index,True
2024-12-23,2024-12-23 00:00:00,1284.1336737708064,8817340.0,1282.5052499004757,1292.5568634832575,1281.51328895195,DIA,index,True
2024-12-24,2024-12-24 00:00:00,1282.779582956968,35097016.0,1276.843700400822,1291.3277859647765,1275.243550350014,DIA,index,True
2024-12-25,2024-12-25 00:00:00,1276.3624275497784,46682109.0,1266.7288197640617,1279.0538213027842,1260.6856920259809,DIA,index,True
2024-12-26,2024-12-26 00:00:00,1266.5397703219496,14805092.0,1268.1427359399072,1274.0983205776588,1257.4745163777486,DIA,index,True
2024-12-27,2024-12-27 00:00:00,1268.5830280055955,32432166.0,1258.0180642880257,1275.368463964597,1252.597764195891,DIA,index,True
2024-12-30,2024-12-30 00:00:00,1258.2505425712316,47606795.0,1256.10656350407,1269.9769357905989,1243.8948097409784,DIA,index,True
2024-12-31,2024-12-31 00:00:00,1255.8487027057658,12363646.0,1247.2364847502818,1260.1695526235096,1240.200633655341,DIA,index,True
2025-01-01,2025-01-01 00:00:00,1246.72023900601,36032605.0,1248.9161159756186,1258.8570892409834,1240.3158216612878,DIA,index,True
2025-01-02,2025-01-02 00:00:00,1248.9318925520033,11335583.0,1242.196543521044,1249.8624511483883,1242.1000334659639,DIA,index,True
2025-01-03,2025-01-03 00:00:00,1242.2131992591276,36142923.0,1235.8193041593286,1249.3012495011615,1227.5123830853918,DIA,index,True
2025-01-06,2025-01-06 00:00:00,1235.2899820235202,5929156.0,1234.259092854098,1236.7939108602666,1228.0532233717688,DIA,index,True
2025-01-07,2025-01-07 00:00:00,1234.5409847831445,31078829.0,1222.8742169355014,1238.974714426636,1210.6763449804469,DIA,index,True
2025-01-08,2025-01-08 00:00:00,1222.7561579566748,21459512.0,1234.2551442104325,1236.1616228541702,1211.369361271075,DIA,index,True
2025-01-09,2025-01-09 00:00:00,1234.0645829248017,49956454.0,1228.4571933179395,1238.7776417853438,1228.060163104692,DIA,index,True
2025-01-10,2025-01-10 00:00:00,1228.6809330448807,46403504.0,1228.1983946243702,1229.6083929187687,1225.2755259839403,DIA,index,True
2025-01-13,2025-01-13 00:00:00,1228.0425578394133,49869621.0,1231.0074733863876,1232.6655417881195,1219.0774417975513,DIA,index,True
2025-01-14,2025-01-14 00:00:00,1231.0038966971204,14809617.0,1220.0103348780156,1231.0616192845152,1215.6775831335767,DIA,index,True
2025-01-15,2025-01-15 00:00:00,1220.3326491272658,10994242.0,1208.5070292450803,1223.9559671924185,1203.575408397893,DIA,index,True
2025-01-16,2025-01-16 00:00:00,1208.6043756715926,28013225.0,1213.3134522293224,1215.8496562286875,1205.8313243810203,DIA,index,True
2025-01-17,2025-01-17 00:00:00,1213.141221960299,30099968.0,1202.3788444409415,1221.5812660522308,1190.5268614008232,DIA,index,True
2025-01-20,2025-01-20 00:00:00,1202.3944101451534,11397250.0,1207.501155130373,1214.3476045865211,1200.0902731498513,DIA,index,True
2025-01-21,2025-01-21 00:00:00,1207.252190297088,16729999.0,1206.0965336306922,1209.2333948788403,1201.9105745903296,DIA,index,True
2025-01-22,2025-01-22 00:00:00,1206.2886416142483,15324294.0,1210.1695064840749,1212.8981650229694,1204.3656512759997,DIA,index,True
2025-01-23,2025-01-23 00:00:00,1210.546278200355,20741609.0,1214.0000653691848,1216.9563532174318,1201.5454976827261,DIA,index,True
2025-01-24,2025-01-24 00:00:00,1213.9247540349668,29132133.0,1214.8806382918542,1215.4438465881458,1213.284280661608,DIA,index,True
2025-01-27,2025-01-27 00:00:00,1215.2487180488768,38576146.0,1219.2694173726616,1221.8521447660548,1212.9871029550573,DIA,index,True
2025-01-28,2025-01-28 00:00:00,1218.7473219850067,10042792.0,1212.9643971046864,1226.415688982015,1209.4340707082317,DIA,index,True
2025-01-29,2025-01-29 00:00:00,1213.1206446724157,17925775.0,1210.2535039680356,1215.466559821567,1200.081982636339,DIA,index,True
2025-01-30,2025-01-30 00:00:00,1210.092307752431,44966560.0,1213.7260540867421,1222.8116599578643,1198.827749280334,DIA,index,True
2025-01-31,2025-01-31 00:00:00,1213.3238219911616,34369021.0,1216.5329401639626,1228.5499266638512,1212.6378449742965,DIA,index,True
2025-02-03,2025-02-03 00:00:00,1216.9342773208257,15843972.0,1227.8220420349826,1238.4762373710905,1205.1415666884427,DIA,index,True
2025-02-04,2025-02-04 00:00:00,1227.4891167311216,11988702.0,1229.9486670678957,1237.3322983792284,1222.4041507798481,DIA,index,True
2025-02-05,2025-02-05 00:00:00,1230.060676395465,7129410.0,1223.2235851725914,1240.0265743975065,1216.2584856942897,DIA,index,True
2025-02-06,2025-02-06 00:00:00,1223.6354778863242,41509067.0,1224.2763010436374,1233.951202045404,1223.4684712856483,DIA,index,True
2025-02-07,2025-02-07 00:00:00,1224.3813768760795,28535877.0,1213.296248260898,1228.962132148098,1208.934386861014,DIA,index,True
2025-02-10,2025-02-10 00:00:00,1213.5859013949694,23896431.0,1223.016491536077,1232.8388211795602,1206.3195264057301,DIA,index,True
2025-02-11,2025-02-11 00:00:00,1222.9629800158557,45524227.0,1217.9290792689662,1232.4349312496786,1214.9569068984702,DIA,index,True
2025-02-12,2025-02-12 00:00:00,1217.4985990876658,45512859.0,1213.9002655777658,1218.1605970187675,1204.8806121365415,DIA,index,True
2025-02-13,2025-02-13 00:00:00,1214.0378924572788,18864484.0,1212.4602721079968,1217.9643641222374,1206.8923707300783,DIA,index,True
2025-02-14,2025-02-14 00:00:00,1211.943660330355,35055275.0,1209.6465350107062,1213.7284735195467,1204.055208554226,DIA,index,True
2025-02-17,2025-02-17 00:00:00,1209.3493724235768,40468500.0,1210.3407965206723,1212.7864247532195,1201.95228814565,DIA,index,True
2025-02-18,2025-02-18 00:00:00,1210.5253294658721,17162620.0,1203.2722690683902,1220.9884913548447,1194.5873459376558,DIA,index,True
2025-02-19,2025-02-19 00:00:00,1202.746081349537,31270192.0,1212.5694716268404,1218.4615282542861,1198.0612790309233,DIA,index,True
2025-02-20,2025-02-20 00:00:00,1212.9173577223467,22243827.0,1214.5053207902442,1225.426859562849,1212.6476147708136,DIA,index,True
2025-02-21,2025-02-21 00:00:00,1214.2804996736024,34008204.0,1207.9069345502544,1222.889818115782,1204.5151906535623,DIA,index,True
2025-02-24,2025-02-24 00:00:00,1207.5128002542117,38043881.0,1211.9999854128635,1218.6839856162262,1206.9725880573867,DIA,index,True
2025-02-25,2025-02-25 00:00:00,1211.5986468277922,18183953.0,1220.2303818676064,1231.7720931143183,1208.9589136041168,DIA,index,True
2025-02-26,2025-02-26 00:00:00,1219.8213007427612,14197308.0,1209.5409648215264,1227.001261353895,1202.6863953452741,DIA,index,True
2025-02-27,2025-02-27 00:00:00,1209.4937510752582,44904100.0,1202.2786141908095,1214.9193619264997,1191.7607641841064,DIA,index,True
2025-02-28,2025-02-28 00:00:00,1202.0631459620065,43322939.0,1211.1724022763988,1211.844305904243,1193.9151411745474,DIA,index,True
2025-03-03,2025-03-03 00:00:00,1211.0668088137302,16711765.0,1209.2128767274198,1221.8988075205011,1198.1275998258914,DIA,index,True
2025-03-04,2025-03-04 00:00:00,1208.8133689499684,29433358.0,1204.3927127825239,1216.3801217241337,1196.0138907525761,DIA,index,True
2025-03-05,2025-03-05 00:00:00,1204.6270106489294,15208963.0,1199.6473580675345,1211.8972183385729,1188.9015669645798,DIA,index,True
2025-03-06,2025-03-06 00:00:00,1199.1722902107579,14373660.0,1205.5917639586864,1216.7429033818194,1196.9272658834218,DIA,index,True
2025-03-07,2025-03-07 00:00:00,1205.1847304114226,16054450.0,1195.417093963537,1214.9582147937576,1189.712241577133,DIA,index,True
2025-03-10,2025-03-10 00:00:00,1195.2767365329357,36400114.0,1200.1707261634085,1208.919038696307,1183.9212926258458,DIA,index,True
2025-03-11,2025-03-11 00:00:00,1200.1294680488659,18876517.0,1194.8092659388922,1201.4330329112809,1187.6235225598698,DIA,index,True
2025-03-12,2025-03-12 00:00:00,1194.416407449425,17488649.0,1194.4213957691209,1204.5819997196393,1191.3050283105497,DIA,index,True
2025-03-13,2025-03-13 00:00:00,1194.5477725242117,23714132.0,1194.626172762319,1202.9366590330262,1188.6809415882717,DIA,index,True
2025-03-14,2025-03-14 00:00:00,1194.2387759768965,24573837.0,1188.9444651090155,1200.2515005958578,1178.4399600213992,DIA,index,True
2025-03-17,2025-03-17 00:00:00,1189.3499074331403,8659222.0,1195.7038565809614,1199.2815969379283,1181.3493822522698,DIA,index,True
2025-03-18,2025-03-18 00:00:00,1195.5118350511675,8863455.0,1194.5235496068842,1206.3546321677343,1192.03966249844,DIA,index,True
2025-03-19,2025-03-19 00:00:00,1194.6131883918008,20543944.0,1191.471931179388,1204.8673930161822,1179.9863195006867,DIA,index,True
2025-03-20,2025-03-20 00:00:00,1191.005896875766,47786946.0,1199.4567816215533,1209.0019676748298,1181.9094364353666,DIA,index,True
2025-03-21,2025-03-21 00:00:00,1199.1920162267993,43416800.0,1190.593847018741,1207.2944063068783,1181.3517597027212,DIA,index,True
2025-03-24,2025-03-24 00:00:00,1190.1989656512694,6531609.0,1188.3658444226064,1201.4980255847404,1185.1702920275675,DIA,index,True
2025-03-25,2025-03-25 00:00:00,1188.3915587236606,46203225.0,1194.2255677879389,1197.388525863678,1186.4979441929383,DIA,index,True
2025-03-26,2025-03-26 00:00:00,1194.2610519607827,16866744.0,1185.8291385244274,1203.396126716751,1181.2962018476871,DIA,index,True
2025-03-27,2025-03-27 00:00:00,1185.7822350121867,8950537.0,1193.8920947461004,1196.930375658254,1181.8885095773692,DIA,index,True
2025-03-28,2025-03-28 00:00:00,1193.445051154845,31279711.0,1190.001548338191,1195.1261442552052,1182.5199063114796,DIA,index,True
2025-03-31,2025-03-31 00:00:00,1190.072033367522,24758703.0,1185.1851833335425,1196.4666096195774,1185.0609514968921,DIA,index,True
2025-04-01,2025-04-01 00:00:00,1184.8665449506216,22935363.0,1178.6790320102264,1193.872078362346,1168.3548483607478,DIA,index,True
2025-04-02,2025-04-02 00:00:00,1178.672174007176,22217278.0,1190.4893136545586,1197.4893138491327,1178.3452909246248,DIA,index,True
2025-04-03,2025-04-03 00:00:00,1190.8573745157776,25159937.0,1181.0934453607517,1198.9005814920815,1177.3196483022766,DIA,index,True
2025-04-04,2025-04-04 00:00:00,1181.0941624624825,48285426.0,1181.7923417763884,1184.0433635733061,1176.500707751647,DIA,index,True
2025-04-07,2025-04-07 00:00:00,1181.851758030482,46671480.0,1175.3594267924116,1187.2338340024276,1166.9653154631815,DIA,index,True
2025-04-08,2025-04-08 00:00:00,1175.5008900342661,47481902.0,1186.4269773289323,1186.7490280461054,1169.1609814454987,DIA,index,True
2025-04-09,2025-04-09 00:00:00,1186.017646084305,30022560.0,1192.076465619724,1196.2374630808893,1182.6295761796514,DIA,index,True
2025-04-10,2025-04-10 00:00:00,1191.648734283671,47077669.0,1192.5463456473303,1196.6035163678223,1188.8518417900916,DIA,index,True
2025-04-11,2025-04-11 00:00:00,1192.452221327774,23764284.0,1190.4208993014906,1203.4385944061864,1188.393533724511,DIA,index,True
2025-04-14,2025-04-14 00:00:00,1190.35012390469,46340008.0,1186.1380428101206,1193.0791416582824,1177.452549093504,DIA,index,True
2025-04-15,2025-04-15 00:00:00,1185.759655217287,43335831.0,1185.7014368081411,1190.1123169527716,1177.268136941738,DIA,index,True
2025-04-16,2025-04-16 00:00:00,1185.9293849303062,44278777.0,1196.8711223552261,1207.2385389247388,1181.625233634402,DIA,index,True
2025-04-17,2025-04-17 00:00:00,1197.290308319122,15075438.0,1194.1855140540267,1200.6501408158783,1187.1609484662597,DIA,index,True
2025-04-18,2025-04-18 00:00:00,1194.0226201377056,12148361.0,1186.6799900556025,1196.5270878472586,1184.67527385093,DIA,index,True
2025-04-21,2025-04-21 00:00:00,1186.7886830942514,17469327.0,1184.792396674967,1193.6764774171943,1173.3729610083599,DIA,index,True
2025-04-22,2025-04-22 00:00:00,1184.640751475696,43381114.0,1177.5103561529404,1193.8812553622577,1171.572788047977,DIA,index,True
2025-04-23,2025-04-23 00:00:00,1177.9218320379991,32898119.0,1186.4380774523129,1190.6317113378873,1177.7469564446596,DIA,index,True
2025-04-24,2025-04-24 00:00:00,1186.8038051337119,13650351.0,1176.69632320358,1187.7643094263733,1175.2695407442598,DIA,index,True
2025-04-25,2025-04-25 00:00:00,1177.009101077073,34334385.0,1176.467924608851,1182.3673589399498,1173.0114323932708,DIA,index,True
2025-04-28,2025-04-28 00:00:00,1176.0462599924422,27705634.0,1171.0598963292175,1184.512705600298,1162.101911523728,DIA,index,True
2025-04-29,2025-04-29 00:00:00,1170.7130674222144,12287569.0,1180.1872620694687,1189.7463030041476,1169.3500375887877,DIA,index,True
2025-04-30,2025-04-30 00:00:00,1180.0083544647964,8404677.0,1187.8134463176593,1188.1710647483376,1176.6951348245043,DIA,index,True
2025-05-01,2025-05-01 00:00:00,1187.3166429238183,23775427.0,1192.3705857961802,1200.3383438675078,1184.743577303589,DIA,index,True
2025-05-02,2025-05-02 00:00:00,1192.6097404641805,15654057.0,1187.5843552779352,1195.0540196239517,1175.865178903863,DIA,index,True
2025-05-05,2025-05-05 00:00:00,1187.79543064391,8517313.0,1194.1393935987383,1197.7020714520888,1187.2000412452917,DIA,index,True
2025-05-06,2025-05-06 00:00:00,1193.829530455072,12328295.0,1201.4979035804054,1207.2868510739763,1187.6671209948036,DIA,index,True
2025-05-07,2025-05-07 00:00:00,1201.3692902179616,31507381.0,1197.7505706319046,1212.9423907138976,1196.5224346376601,DIA,index,True
2025-05-08,2025-05-08 00:00:00,1197.7286257827893,8992359.0,1192.9917544017867,1201.5118085720787,1190.4706126454907,DIA,index,True
2025-05-09,2025-05-09 00:00:00,1193.1405990412554,46556095.0,1184.5315312242024,1195.2116035836539,1177.4876492488704,DIA,index,True
2025-05-12,2025-05-12 00:00:00,1184.6863139461461,5858063.0,1181.5112743779453,1194.3518408084444,1181.128864423697,DIA,index,True
2025-05-13,2025-05-13 00:00:00,1181.7288176822785,39998929.0,1181.4150824554029,1186.4458048503384,1175.9237339134081,DIA,index,True
2025-05-14,2025-05-14 00:00:00,1181.0068309772869,32634190.0,1191.4903794783922,1202.0174976041785,1169.8796165641897,DIA,index,True
2025-05-15,2025-05-15 00:00:00,1191.4956224125924,26120318.0,1192.8938219085842,1202.568311805929,1179.9746255630923,DIA,index,True
2025-05-16,2025-05-16 00:00:00,1192.5587957223759,37774512.0,1193.5642240170018,1201.4706427658805,1190.7728291088163,DIA,index,True
2025-05-19,2025-05-19 00:00:00,1193.281679956247,18272337.0,1186.8937452010953,1200.9908259866475,1185.4839793936774,DIA,index,True
2025-05-20,2025-05-20 00:00:00,1186.4804383984392,30265739.0,1176.6702701389706,1188.3448931272833,1176.2095322370053,DIA,index,True
2025-05-21,2025-05-21 00:00:00,1176.171622171924,35721746.0,1182.1270676532556,1182.9726736275752,1174.807742480988,DIA,index,True
2025-05-22,2025-05-22 00:00:00,1182.0839867313182,10128432.0,1178.8372664330273,1189.2160275966457,1171.4272240012997,DIA,index,True
2025-05-23,2025-05-23 00:00:00,1178.517715346779,29449194.0,1175.5025488253068,1181.9420069984235,1172.5079039942643,DIA,index,True
2025-05-26,2025-05-26 00:00:00,1175.3660333448277,11621277.0,1176.2533196037323,1185.2356273483547,1164.5555914009644,DIA,index,True
2025-05-27,2025-05-27 00:00:00,1175.7492130495464,46142700.0,1171.360678486781,1176.9826721564064,1170.657264697304,DIA,index,True
2025-05-28,2025-05-28 00:00:00,1171.0862754336908,28366153.0,1170.8601033697514,1181.0658883784606,1169.5872632069422,DIA,index,True
2025-05-29,2025-05-29 00:00:00,1170.880770978221,46941702.0,1173.6327456552865,1184.4179668585223,1167.7514232991464,DIA,index,True
2025-05-30,2025-05-30 00:00:00,1173.6061973570002,20163628.0,1176.741679256274,1184.1657721388933,1168.4511019006663,DIA,index,True
2025-06-02,2025-06-02 00:00:00,1176.7968701611912,20489525.0,1174.5887538392888,1178.065754664284,1164.5909953738344,DIA,index,True
2025-06-03,2025-06-03 00:00:00,1174.1869786813347,5008541.0,1171.4044999703833,1182.604204110991,1167.3127463502833,DIA,index,True
2025-06-04,2025-06-04 00:00:00,1171.5285224303502,20998100.0,1175.7573405422936,1180.4918009580947,1163.5724621140007,DIA,index,True
2025-06-05,2025-06-05 00:00:00,1175.7306610922506,16868725.0,1178.0540377151544,1189.233475969901,1166.0960726271242,DIA,index,True
2025-06-06,2025-06-06 00:00:00,1177.5396527680568,34126337.0,1176.505886020745,1179.0331763243412,1174.53668046745,DIA,index,True
2025-06-09,2025-06-09 00:00:00,1176.451825797361,6429082.0,1176.374137482803,1178.1187237458792,1174.061292363178,DIA,index,True
2025-06-10,2025-06-10 00:00:00,1176.743550901815,6505571.0,1187.608508063359,1189.1426890482455,1173.140861130369,DIA,index,True
2025-06-11,2025-06-11 00:00:00,1187.6696518593762,48921234.0,1176.3193617752834,1190.812596475462,1164.9989457807853,DIA,index,True
2025-06-12,2025-06-12 00:00:00,1175.9063361451906,45477579.0,1167.5115157190257,1176.395714565383,1162.6490273509544,DIA,index,True
2025-06-13,2025-06-13 00:00:00,1167.6293654944363,19485166.0,1156.2981736873828,1171.795223398998,1153.9106801030837,DIA,index,True
2025-06-16,2025-06-16 00:00:00,1156.3752917556824,44906597.0,1158.7689402345086,1158.7870093032075,1152.6811964298124,DIA,index,True
2025-06-17,2025-06-17 00:00:00,1158.8485974360194,23267478.0,1157.3580577262996,1159.1378115222046,1153.781276258471,DIA,index,True
2025-06-18,2025-06-18 00:00:00,1157.173136364143,32969730.0,1164.8345707892493,1172.6381729483558,1153.8386301772618,DIA,index,True
2025-06-19,2025-06-19 00:00:00,1164.615163354109,20152539.0,1174.4060946337684,1176.53956429646,1158.5077780037027,DIA,index,True
2025-06-20,2025-06-20 00:00:00,1173.9110408847719,26359874.0,1170.1773276832262,1176.3751175491213,1163.6043593106374,DIA,index,True
2025-06-23,2025-06-23 00:00:00,1170.3207380894796,48173650.0,1179.6847247352475,1188.6061808563313,1163.0255943572736,DIA,index,True
2025-06-24,2025-06-24 00:00:00,1179.72454239526,20486784.0,1176.2058021675543,1191.2576888709764,1175.2728996316423,DIA,index,True
2025-06-25,2025-06-25 00:00:00,1176.4319756722348,21948796.0,1174.0845295903134,1179.2058706662,1166.867659804385,DIA,index,True
2025-06-26,2025-06-26 00:00:00,1173.782245555124,12518026.0,1168.4874988254,1185.4904183331396,1162.126876197231,DIA,index,True
2025-06-27,2025-06-27 00:00:00,1168.6546579068863,27256946.0,1167.3774717473018,1175.3268681708455,1159.088784043422,DIA,index,True
2025-06-30,2025-06-30 00:00:00,1167.5056250328048,41844267.0,1165.288621753268,1168.7091997596192,1155.4796613203514,DIA,index,True
2025-07-01,2025-07-01 00:00:00,1164.9095137974293,5923247.0,1159.7877441274234,1166.0326772813817,1158.2757685668364,DIA,index,True
2025-07-02,2025-07-02 00:00:00,1159.447604552997,38860471.0,1162.704479350979,1169.9325244199204,1156.6857549293736,DIA,index,True
2025-07-03,2025-07-03 00:00:00,1162.4274663368253,26287236.0,1172.0604445212457,1180.5404249800968,1160.8043031050497,DIA,index,True
2025-07-04,2025-07-04 00:00:00,1171.6112510911407,15920391.0,1176.2289982467314,1186.2628372838735,1162.4557397218543,DIA,index,True
2025-07-07,2025-07-07 00:00:00,1175.8038878431214,14148307.0,1185.7036049874866,1187.6224635344004,1175.2600713588358,DIA,index,True
2025-07-08,2025-07-08 00:00:00,1185.5021832725797,25661693.0,1194.6752054921508,1205.3601360971054,1180.963054511183,DIA,index,True
2025-07-09,2025-07-09 00:00:00,1194.8125475268632,9395913.0,1206.3331494727058,1214.4033662472837,1192.8898462354857,DIA,index,True
2025-07-10,2025-07-10 00:00:00,1206.3375382520883,25601347.0,1199.9961575042655,1218.2177478780252,1190.1952244420524,DIA,index,True
2025-07-11,2025-07-11 00:00:00,1200.1311743841334,49765089.0,1191.5362857544387,1210.3590257579344,1190.9706577849597,DIA,index,True
2025-07-14,2025-07-14 00:00:00,1191.5905605011192,34715996.0,1199.33516457686,1204.017282805262,1181.781786926045,DIA,index,True
2025-07-15,2025-07-15 00:00:00,1199.3906271737146,42546964.0,1206.0,1209.348904426801,1190.3957147310678,DIA,index,True
