Date,Datetime,Close,Volume,Open,High,Low,Symbol,Type,IsMock
2025-04-16,2025-04-16 05:30:00,83656.49248858042,25084671427.622566,83656.49248858042,83656.49248858042,83656.49248858042,BTC-USD,crypto,
2025-04-17,2025-04-17 05:30:00,84105.77942167096,26948109141.803364,84105.77942167096,84105.77942167096,84105.77942167096,BTC-USD,crypto,
2025-04-18,2025-04-18 05:30:00,84930.90857600998,19323821375.14309,84930.90857600998,84930.90857600998,84930.90857600998,BTC-USD,crypto,
2025-04-19,2025-04-19 05:30:00,84433.75017215389,9550691272.782005,84433.75017215389,84433.75017215389,84433.75017215389,BTC-USD,crypto,
2025-04-20,2025-04-20 05:30:00,85126.66244301842,12635983530.804455,85126.66244301842,85126.66244301842,85126.66244301842,BTC-USD,crypto,
2025-04-21,2025-04-21 05:30:00,85073.16544858096,12625843856.313684,85073.16544858096,85073.16544858096,85073.16544858096,BTC-USD,crypto,
2025-04-22,2025-04-22 05:30:00,87452.04699068287,40070025414.28289,87452.04699068287,87452.04699068287,87452.04699068287,BTC-USD,crypto,
2025-04-23,2025-04-23 05:30:00,93576.16588573981,53841992235.36636,93576.16588573981,93576.16588573981,93576.16588573981,BTC-USD,crypto,
2025-04-24,2025-04-24 05:30:00,93605.45230873208,39901515879.65954,93605.45230873208,93605.45230873208,93605.45230873208,BTC-USD,crypto,
2025-04-25,2025-04-25 05:30:00,93872.81422867288,30031246761.093452,93872.81422867288,93872.81422867288,93872.81422867288,BTC-USD,crypto,
2025-04-26,2025-04-26 05:30:00,94773.11200643536,39336184715.04292,94773.11200643536,94773.11200643536,94773.11200643536,BTC-USD,crypto,
2025-04-27,2025-04-27 05:30:00,94644.06637120107,15445392739.787264,94644.06637120107,94644.06637120107,94644.06637120107,BTC-USD,crypto,
2025-04-28,2025-04-28 05:30:00,93809.33781968223,15926259371.057959,93809.33781968223,93809.33781968223,93809.33781968223,BTC-USD,crypto,
2025-04-29,2025-04-29 05:30:00,95030.60645474444,31913814736.53902,95030.60645474444,95030.60645474444,95030.60645474444,BTC-USD,crypto,
2025-04-30,2025-04-30 05:30:00,94256.35946318062,25882629766.278946,94256.35946318062,94256.35946318062,94256.35946318062,BTC-USD,crypto,
2025-05-01,2025-05-01 05:30:00,94235.75331048167,26541700309.366146,94235.75331048167,94235.75331048167,94235.75331048167,BTC-USD,crypto,
2025-05-02,2025-05-02 05:30:00,96426.94522273027,30207566405.468834,96426.94522273027,96426.94522273027,96426.94522273027,BTC-USD,crypto,
2025-05-03,2025-05-03 05:30:00,96855.5681343944,23276376191.483967,96855.5681343944,96855.5681343944,96855.5681343944,BTC-USD,crypto,
2025-05-04,2025-05-04 05:30:00,95922.86842404422,13797554863.642815,95922.86842404422,95922.86842404422,95922.86842404422,BTC-USD,crypto,
2025-05-05,2025-05-05 05:30:00,94326.62048529249,14903122945.616686,94326.62048529249,94326.62048529249,94326.62048529249,BTC-USD,crypto,
2025-05-06,2025-05-06 05:30:00,94758.8237105546,24086456278.203846,94758.8237105546,94758.8237105546,94758.8237105546,BTC-USD,crypto,
2025-05-07,2025-05-07 05:30:00,96854.53198815876,23348052607.071873,96854.53198815876,96854.53198815876,96854.53198815876,BTC-USD,crypto,
2025-05-08,2025-05-08 05:30:00,97026.49376966801,64376174032.08048,97026.49376966801,97026.49376966801,97026.49376966801,BTC-USD,crypto,
2025-05-09,2025-05-09 05:30:00,103076.27555512934,50020047720.65604,103076.27555512934,103076.27555512934,103076.27555512934,BTC-USD,crypto,
2025-05-10,2025-05-10 05:30:00,102962.54045692299,40800894903.23446,102962.54045692299,102962.54045692299,102962.54045692299,BTC-USD,crypto,
2025-05-11,2025-05-11 05:30:00,104630.8792994166,21558992540.042442,104630.8792994166,104630.8792994166,104630.8792994166,BTC-USD,crypto,
2025-05-12,2025-05-12 05:30:00,103994.061616746,27389436049.454792,103994.061616746,103994.061616746,103994.061616746,BTC-USD,crypto,
2025-05-13,2025-05-13 05:30:00,102876.8304286011,43090605819.36596,102876.8304286011,102876.8304286011,102876.8304286011,BTC-USD,crypto,
2025-05-14,2025-05-14 05:30:00,104184.49039270742,33861432519.50822,104184.49039270742,104184.49039270742,104184.49039270742,BTC-USD,crypto,
2025-05-15,2025-05-15 05:30:00,103594.42575090709,28398245846.798244,103594.42575090709,103594.42575090709,103594.42575090709,BTC-USD,crypto,
2025-05-16,2025-05-16 05:30:00,103708.85136423641,31823340473.339912,103708.85136423641,103708.85136423641,103708.85136423641,BTC-USD,crypto,
2025-05-17,2025-05-17 05:30:00,103556.03493982446,25887953182.14765,103556.03493982446,103556.03493982446,103556.03493982446,BTC-USD,crypto,
2025-05-18,2025-05-18 05:30:00,103212.36483885496,18950056010.479057,103212.36483885496,103212.36483885496,103212.36483885496,BTC-USD,crypto,
2025-05-19,2025-05-19 05:30:00,106030.6376831359,30744060179.802963,106030.6376831359,106030.6376831359,106030.6376831359,BTC-USD,crypto,
2025-05-20,2025-05-20 05:30:00,105629.41580436694,43339734153.75087,105629.41580436694,105629.41580436694,105629.41580436694,BTC-USD,crypto,
2025-05-21,2025-05-21 05:30:00,106786.71995834043,36393687094.25122,106786.71995834043,106786.71995834043,106786.71995834043,BTC-USD,crypto,
2025-05-22,2025-05-22 05:30:00,109665.86371625263,60722883113.84,109665.86371625263,109665.86371625263,109665.86371625263,BTC-USD,crypto,
2025-05-23,2025-05-23 05:30:00,111560.356938144,52218408239.45193,111560.356938144,111560.356938144,111560.356938144,BTC-USD,crypto,
2025-05-24,2025-05-24 05:30:00,107216.66856870624,49251745837.96465,107216.66856870624,107216.66856870624,107216.66856870624,BTC-USD,crypto,
2025-05-25,2025-05-25 05:30:00,107831.36374380375,27128230116.517162,107831.36374380375,107831.36374380375,107831.36374380375,BTC-USD,crypto,
2025-05-26,2025-05-26 05:30:00,108861.81037744327,29652659665.048733,108861.81037744327,108861.81037744327,108861.81037744327,BTC-USD,crypto,
2025-05-27,2025-05-27 05:30:00,109377.71513263129,27950577137.918888,109377.71513263129,109377.71513263129,109377.71513263129,BTC-USD,crypto,
2025-05-28,2025-05-28 05:30:00,109068.45694901445,38978783508.88622,109068.45694901445,109068.45694901445,109068.45694901445,BTC-USD,crypto,
2025-05-29,2025-05-29 05:30:00,107838.18431100152,29794278037.284946,107838.18431100152,107838.18431100152,107838.18431100152,BTC-USD,crypto,
2025-05-30,2025-05-30 05:30:00,105745.41660358038,38279231892.56757,105745.41660358038,105745.41660358038,105745.41660358038,BTC-USD,crypto,
2025-05-31,2025-05-31 05:30:00,104010.91956242644,39680060337.610214,104010.91956242644,104010.91956242644,104010.91956242644,BTC-USD,crypto,
2025-06-01,2025-06-01 05:30:00,104687.50742934884,20432694555.09522,104687.50742934884,104687.50742934884,104687.50742934884,BTC-USD,crypto,
2025-06-02,2025-06-02 05:30:00,105710.00593822816,17721500507.53389,105710.00593822816,105710.00593822816,105710.00593822816,BTC-USD,crypto,
2025-06-03,2025-06-03 05:30:00,105884.74263221149,26313843058.73954,105884.74263221149,105884.74263221149,105884.74263221149,BTC-USD,crypto,
2025-06-04,2025-06-04 05:30:00,105434.47745144971,25925661121.080395,105434.47745144971,105434.47745144971,105434.47745144971,BTC-USD,crypto,
2025-06-05,2025-06-05 05:30:00,104812.9182188067,25812143562.797962,104812.9182188067,104812.9182188067,104812.9182188067,BTC-USD,crypto,
2025-06-06,2025-06-06 05:30:00,101650.7387545425,39711941132.0234,101650.7387545425,101650.7387545425,101650.7387545425,BTC-USD,crypto,
2025-06-07,2025-06-07 05:30:00,104409.74967959142,29897390978.090103,104409.74967959142,104409.74967959142,104409.74967959142,BTC-USD,crypto,
2025-06-08,2025-06-08 05:30:00,105681.4546141758,17749731308.73042,105681.4546141758,105681.4546141758,105681.4546141758,BTC-USD,crypto,
2025-06-09,2025-06-09 05:30:00,105692.24740699006,16044679696.270103,105692.24740699006,105692.24740699006,105692.24740699006,BTC-USD,crypto,
2025-06-10,2025-06-10 05:30:00,110261.57485948496,38222993297.50514,110261.57485948496,110261.57485948496,110261.57485948496,BTC-USD,crypto,
2025-06-11,2025-06-11 05:30:00,110212.73252109604,36303839182.734825,110212.73252109604,110212.73252109604,110212.73252109604,BTC-USD,crypto,
2025-06-12,2025-06-12 05:30:00,108679.9760916168,30338936631.626648,108679.9760916168,108679.9760916168,108679.9760916168,BTC-USD,crypto,
2025-06-13,2025-06-13 05:30:00,105979.22902375912,35865159511.38857,105979.22902375912,105979.22902375912,105979.22902375912,BTC-USD,crypto,
2025-06-14,2025-06-14 05:30:00,106045.56440819203,49471015505.74361,106045.56440819203,106045.56440819203,106045.56440819203,BTC-USD,crypto,
2025-06-15,2025-06-15 05:30:00,105482.90611628917,17916412455.866283,105482.90611628917,105482.90611628917,105482.90611628917,BTC-USD,crypto,
2025-06-16,2025-06-16 05:30:00,105554.49383061715,16568441852.649668,105554.49383061715,105554.49383061715,105554.49383061715,BTC-USD,crypto,
2025-06-17,2025-06-17 05:30:00,106951.2720181497,32095957011.724205,106951.2720181497,106951.2720181497,106951.2720181497,BTC-USD,crypto,
2025-06-18,2025-06-18 05:30:00,104683.42479835715,38603212010.889435,104683.42479835715,104683.42479835715,104683.42479835715,BTC-USD,crypto,
2025-06-19,2025-06-19 05:30:00,104722.695052907,30339326410.154945,104722.695052907,104722.695052907,104722.695052907,BTC-USD,crypto,
2025-06-20,2025-06-20 05:30:00,104690.65002458123,18063282658.152298,104690.65002458123,104690.65002458123,104690.65002458123,BTC-USD,crypto,
2025-06-21,2025-06-21 05:30:00,103290.105144757,30632751225.407444,103290.105144757,103290.105144757,103290.105144757,BTC-USD,crypto,
2025-06-22,2025-06-22 05:30:00,101532.5683847329,21644463198.719532,101532.5683847329,101532.5683847329,101532.5683847329,BTC-USD,crypto,
2025-06-23,2025-06-23 05:30:00,100852.58264648831,51287142390.02526,100852.58264648831,100852.58264648831,100852.58264648831,BTC-USD,crypto,
2025-06-24,2025-06-24 05:30:00,105511.62437933135,50011797128.6837,105511.62437933135,105511.62437933135,105511.62437933135,BTC-USD,crypto,
2025-06-25,2025-06-25 05:30:00,105976.06929808448,31704641076.941063,105976.06929808448,105976.06929808448,105976.06929808448,BTC-USD,crypto,
2025-06-26,2025-06-26 05:30:00,107238.53045016268,30468274982.034847,107238.53045016268,107238.53045016268,107238.53045016268,BTC-USD,crypto,
2025-06-27,2025-06-27 05:30:00,106984.01253775663,24320699663.15122,106984.01253775663,106984.01253775663,106984.01253775663,BTC-USD,crypto,
2025-06-28,2025-06-28 05:30:00,107078.91560644074,25194306261.888832,107078.91560644074,107078.91560644074,107078.91560644074,BTC-USD,crypto,
2025-06-29,2025-06-29 05:30:00,107331.58548463577,8960877693.57604,107331.58548463577,107331.58548463577,107331.58548463577,BTC-USD,crypto,
2025-06-30,2025-06-30 05:30:00,108396.61631317894,14881078675.366829,108396.61631317894,108396.61631317894,108396.61631317894,BTC-USD,crypto,
2025-07-01,2025-07-01 05:30:00,107132.79910701896,22489515582.41552,107132.79910701896,107132.79910701896,107132.79910701896,BTC-USD,crypto,
2025-07-02,2025-07-02 05:30:00,105613.39974163055,25033160828.30909,105613.39974163055,105613.39974163055,105613.39974163055,BTC-USD,crypto,
2025-07-03,2025-07-03 05:30:00,108824.44423167943,36395184773.06136,108824.44423167943,108824.44423167943,108824.44423167943,BTC-USD,crypto,
2025-07-04,2025-07-04 05:30:00,109602.20483914016,29892049537.628605,109602.20483914016,109602.20483914016,109602.20483914016,BTC-USD,crypto,
2025-07-05,2025-07-05 05:30:00,108040.8919400104,24248906784.57383,108040.8919400104,108040.8919400104,108040.8919400104,BTC-USD,crypto,
2025-07-06,2025-07-06 05:30:00,108217.46849992426,10042942280.966904,108217.46849992426,108217.46849992426,108217.46849992426,BTC-USD,crypto,
2025-07-07,2025-07-07 05:30:00,109215.19771840284,14638669497.351297,109215.19771840284,109215.19771840284,109215.19771840284,BTC-USD,crypto,
2025-07-08,2025-07-08 05:30:00,108300.71675785031,25493246475.80407,108300.71675785031,108300.71675785031,108300.71675785031,BTC-USD,crypto,
2025-07-09,2025-07-09 05:30:00,108953.19187727802,20488865138.27645,108953.19187727802,108953.19187727802,108953.19187727802,BTC-USD,crypto,
2025-07-10,2025-07-10 05:30:00,111327.53054245669,37078460440.66385,111327.53054245669,111327.53054245669,111327.53054245669,BTC-USD,crypto,
2025-07-11,2025-07-11 05:30:00,115879.65030112496,56204086624.04028,115879.65030112496,115879.65030112496,115879.65030112496,BTC-USD,crypto,
2025-07-12,2025-07-12 05:30:00,117571.02510036016,64185145923.88688,117571.02510036016,117571.02510036016,117571.02510036016,BTC-USD,crypto,
2025-07-13,2025-07-13 05:30:00,117418.95745007684,24351256098.393543,117418.95745007684,117418.95745007684,117418.95745007684,BTC-USD,crypto,
2025-07-14,2025-07-14 05:30:00,119117.55666327637,27310851454.97692,119117.55666327637,119117.55666327637,119117.55666327637,BTC-USD,crypto,
2025-07-15,2025-07-15 01:37:12,119783.62790944842,69065560443.12938,119783.62790944842,119783.62790944842,119783.62790944842,BTC-USD,crypto,
2025-04-16,2025-04-16 05:30:00,1587.8222244021401,11786525215.180002,1587.8222244021401,1587.8222244021401,1587.8222244021401,ETH-USD,crypto,
2025-04-17,2025-04-17 05:30:00,1577.7073516760117,13120084885.866234,1577.7073516760117,1577.7073516760117,1577.7073516760117,ETH-USD,crypto,
2025-04-18,2025-04-18 05:30:00,1583.4764497002345,9437178720.867388,1583.4764497002345,1583.4764497002345,1583.4764497002345,ETH-USD,crypto,
2025-04-19,2025-04-19 05:30:00,1589.1516208270755,5254078676.877919,1589.1516208270755,1589.1516208270755,1589.1516208270755,ETH-USD,crypto,
2025-04-20,2025-04-20 05:30:00,1615.0502549158562,5148626529.402773,1615.0502549158562,1615.0502549158562,1615.0502549158562,ETH-USD,crypto,
2025-04-21,2025-04-21 05:30:00,1585.4600253443446,6695768150.024456,1585.4600253443446,1585.4600253443446,1585.4600253443446,ETH-USD,crypto,
2025-04-22,2025-04-22 05:30:00,1577.4465595922347,15275062279.387148,1577.4465595922347,1577.4465595922347,1577.4465595922347,ETH-USD,crypto,
2025-04-23,2025-04-23 05:30:00,1759.7064599311093,24271980430.95098,1759.7064599311093,1759.7064599311093,1759.7064599311093,ETH-USD,crypto,
2025-04-24,2025-04-24 05:30:00,1793.969849485534,22099177230.61867,1793.969849485534,1793.969849485534,1793.969849485534,ETH-USD,crypto,
2025-04-25,2025-04-25 05:30:00,1769.3925107354407,12923295609.972548,1769.3925107354407,1769.3925107354407,1769.3925107354407,ETH-USD,crypto,
2025-04-26,2025-04-26 05:30:00,1788.7981804331257,15656748328.784924,1788.7981804331257,1788.7981804331257,1788.7981804331257,ETH-USD,crypto,
2025-04-27,2025-04-27 05:30:00,1821.2695303291391,10293614895.776522,1821.2695303291391,1821.2695303291391,1821.2695303291391,ETH-USD,crypto,
2025-04-28,2025-04-28 05:30:00,1793.6918440730135,9632458065.106846,1793.6918440730135,1793.6918440730135,1793.6918440730135,ETH-USD,crypto,
2025-04-29,2025-04-29 05:30:00,1799.50191449199,16777384305.88931,1799.50191449199,1799.50191449199,1799.50191449199,ETH-USD,crypto,
2025-04-30,2025-04-30 05:30:00,1796.9720456768928,13994558644.11867,1796.9720456768928,1796.9720456768928,1796.9720456768928,ETH-USD,crypto,
2025-05-01,2025-05-01 05:30:00,1794.0495408617828,13644627083.285889,1794.0495408617828,1794.0495408617828,1794.0495408617828,ETH-USD,crypto,
2025-05-02,2025-05-02 05:30:00,1838.8543285925753,14310565589.052694,1838.8543285925753,1838.8543285925753,1838.8543285925753,ETH-USD,crypto,
2025-05-03,2025-05-03 05:30:00,1841.427590836958,11686301446.49476,1841.427590836958,1841.427590836958,1841.427590836958,ETH-USD,crypto,
2025-05-04,2025-05-04 05:30:00,1834.501911876416,6704990478.824657,1834.501911876416,1834.501911876416,1834.501911876416,ETH-USD,crypto,
2025-05-05,2025-05-05 05:30:00,1808.156093844096,7479845748.828526,1808.156093844096,1808.156093844096,1808.156093844096,ETH-USD,crypto,
2025-05-06,2025-05-06 05:30:00,1820.0044598893596,10545233503.347864,1820.0044598893596,1820.0044598893596,1820.0044598893596,ETH-USD,crypto,
2025-05-07,2025-05-07 05:30:00,1816.1686943818438,11950393736.527246,1816.1686943818438,1816.1686943818438,1816.1686943818438,ETH-USD,crypto,
2025-05-08,2025-05-08 05:30:00,1810.3169269284476,47111217119.49919,1810.3169269284476,1810.3169269284476,1810.3169269284476,ETH-USD,crypto,
2025-05-09,2025-05-09 05:30:00,2197.5611893238784,35992825075.05399,2197.5611893238784,2197.5611893238784,2197.5611893238784,ETH-USD,crypto,
2025-05-10,2025-05-10 05:30:00,2341.407963002621,44566779461.54657,2341.407963002621,2341.407963002621,2341.407963002621,ETH-USD,crypto,
2025-05-11,2025-05-11 05:30:00,2583.6829051429513,29947910159.02891,2583.6829051429513,2583.6829051429513,2583.6829051429513,ETH-USD,crypto,
2025-05-12,2025-05-12 05:30:00,2507.4693107597423,26138286410.23315,2507.4693107597423,2507.4693107597423,2507.4693107597423,ETH-USD,crypto,
2025-05-13,2025-05-13 05:30:00,2492.426391077375,31524626114.978752,2492.426391077375,2492.426391077375,2492.426391077375,ETH-USD,crypto,
2025-05-14,2025-05-14 05:30:00,2676.639163127913,32279895881.637806,2676.639163127913,2676.639163127913,2676.639163127913,ETH-USD,crypto,
2025-05-15,2025-05-15 05:30:00,2603.7180887199615,28150234190.931705,2603.7180887199615,2603.7180887199615,2603.7180887199615,ETH-USD,crypto,
2025-05-16,2025-05-16 05:30:00,2542.296692466797,26211434557.7159,2542.296692466797,2542.296692466797,2542.296692466797,ETH-USD,crypto,
2025-05-17,2025-05-17 05:30:00,2544.3870377235667,21130441534.96637,2544.3870377235667,2544.3870377235667,2544.3870377235667,ETH-USD,crypto,
2025-05-18,2025-05-18 05:30:00,2475.0543933696913,17185510890.702347,2475.0543933696913,2475.0543933696913,2475.0543933696913,ETH-USD,crypto,
2025-05-19,2025-05-19 05:30:00,2465.3409856139087,24797434472.364086,2465.3409856139087,2465.3409856139087,2465.3409856139087,ETH-USD,crypto,
2025-05-20,2025-05-20 05:30:00,2526.989643891319,25363871274.82505,2526.989643891319,2526.989643891319,2526.989643891319,ETH-USD,crypto,
2025-05-21,2025-05-21 05:30:00,2524.2743433146065,22871462735.416794,2524.2743433146065,2524.2743433146065,2524.2743433146065,ETH-USD,crypto,
2025-05-22,2025-05-22 05:30:00,2558.9502343769486,32697477527.54695,2558.9502343769486,2558.9502343769486,2558.9502343769486,ETH-USD,crypto,
2025-05-23,2025-05-23 05:30:00,2657.1674447566115,29592612076.505535,2657.1674447566115,2657.1674447566115,2657.1674447566115,ETH-USD,crypto,
2025-05-24,2025-05-24 05:30:00,2519.813809045145,30047329191.503662,2519.813809045145,2519.813809045145,2519.813809045145,ETH-USD,crypto,
2025-05-25,2025-05-25 05:30:00,2529.4429842284353,10744994421.192684,2529.4429842284353,2529.4429842284353,2529.4429842284353,ETH-USD,crypto,
2025-05-26,2025-05-26 05:30:00,2546.6201163370915,13814697849.726278,2546.6201163370915,2546.6201163370915,2546.6201163370915,ETH-USD,crypto,
2025-05-27,2025-05-27 05:30:00,2562.1729286392238,13350148034.293623,2562.1729286392238,2562.1729286392238,2562.1729286392238,ETH-USD,crypto,
2025-05-28,2025-05-28 05:30:00,2662.0940568241435,26434151855.253853,2662.0940568241435,2662.0940568241435,2662.0940568241435,ETH-USD,crypto,
2025-05-29,2025-05-29 05:30:00,2676.2674124507,18008588586.284103,2676.2674124507,2676.2674124507,2676.2674124507,ETH-USD,crypto,
2025-05-30,2025-05-30 05:30:00,2633.1392065286695,27021441335.5195,2633.1392065286695,2633.1392065286695,2633.1392065286695,ETH-USD,crypto,
2025-05-31,2025-05-31 05:30:00,2524.4762348050726,22927149330.30469,2524.4762348050726,2524.4762348050726,2524.4762348050726,ETH-USD,crypto,
2025-06-01,2025-06-01 05:30:00,2532.3627853090866,13006751258.18768,2532.3627853090866,2532.3627853090866,2532.3627853090866,ETH-USD,crypto,
2025-06-02,2025-06-02 05:30:00,2538.3300584367485,11338340571.11249,2538.3300584367485,2538.3300584367485,2538.3300584367485,ETH-USD,crypto,
2025-06-03,2025-06-03 05:30:00,2609.737253959435,15623967732.418657,2609.737253959435,2609.737253959435,2609.737253959435,ETH-USD,crypto,
2025-06-04,2025-06-04 05:30:00,2595.4689570062997,15955008730.338179,2595.4689570062997,2595.4689570062997,2595.4689570062997,ETH-USD,crypto,
2025-06-05,2025-06-05 05:30:00,2610.343189828259,16809606446.176416,2610.343189828259,2610.343189828259,2610.343189828259,ETH-USD,crypto,
2025-06-06,2025-06-06 05:30:00,2421.601103763502,25849573159.64817,2421.601103763502,2421.601103763502,2421.601103763502,ETH-USD,crypto,
2025-06-07,2025-06-07 05:30:00,2481.4039836690267,18395107930.47655,2481.4039836690267,2481.4039836690267,2481.4039836690267,ETH-USD,crypto,
2025-06-08,2025-06-08 05:30:00,2526.291995889778,9535426814.691927,2526.291995889778,2526.291995889778,2526.291995889778,ETH-USD,crypto,
2025-06-09,2025-06-09 05:30:00,2508.784123584585,10206893115.537256,2508.784123584585,2508.784123584585,2508.784123584585,ETH-USD,crypto,
2025-06-10,2025-06-10 05:30:00,2685.0001850413178,19485734665.28548,2685.0001850413178,2685.0001850413178,2685.0001850413178,ETH-USD,crypto,
2025-06-11,2025-06-11 05:30:00,2808.503208314919,38281210143.95115,2808.503208314919,2808.503208314919,2808.503208314919,ETH-USD,crypto,
2025-06-12,2025-06-12 05:30:00,2776.1371915822333,27369030837.548595,2776.1371915822333,2776.1371915822333,2776.1371915822333,ETH-USD,crypto,
2025-06-13,2025-06-13 05:30:00,2653.158968452672,26068993569.969894,2653.158968452672,2653.158968452672,2653.158968452672,ETH-USD,crypto,
2025-06-14,2025-06-14 05:30:00,2577.04861752583,38576471746.00814,2577.04861752583,2577.04861752583,2577.04861752583,ETH-USD,crypto,
2025-06-15,2025-06-15 05:30:00,2534.0702195359518,12077031034.291521,2534.0702195359518,2534.0702195359518,2534.0702195359518,ETH-USD,crypto,
2025-06-16,2025-06-16 05:30:00,2547.8456040920437,11678912429.510712,2547.8456040920437,2547.8456040920437,2547.8456040920437,ETH-USD,crypto,
2025-06-17,2025-06-17 05:30:00,2561.329843569428,24222149649.172424,2561.329843569428,2561.329843569428,2561.329843569428,ETH-USD,crypto,
2025-06-18,2025-06-18 05:30:00,2514.986700576147,25926506708.040215,2514.986700576147,2514.986700576147,2514.986700576147,ETH-USD,crypto,
2025-06-19,2025-06-19 05:30:00,2521.3334233964915,17800721253.243202,2521.3334233964915,2521.3334233964915,2521.3334233964915,ETH-USD,crypto,
2025-06-20,2025-06-20 05:30:00,2522.1791903642184,10392473841.155851,2522.1791903642184,2522.1791903642184,2522.1791903642184,ETH-USD,crypto,
2025-06-21,2025-06-21 05:30:00,2405.695434213183,20482816663.29469,2405.695434213183,2405.695434213183,2405.695434213183,ETH-USD,crypto,
2025-06-22,2025-06-22 05:30:00,2270.581996055585,16155611764.84833,2270.581996055585,2270.581996055585,2270.581996055585,ETH-USD,crypto,
2025-06-23,2025-06-23 05:30:00,2227.4287266371684,28181442532.315876,2227.4287266371684,2227.4287266371684,2227.4287266371684,ETH-USD,crypto,
2025-06-24,2025-06-24 05:30:00,2423.899644268608,25494295400.420887,2423.899644268608,2423.899644268608,2423.899644268608,ETH-USD,crypto,
2025-06-25,2025-06-25 05:30:00,2446.539301545049,19669025068.963604,2446.539301545049,2446.539301545049,2446.539301545049,ETH-USD,crypto,
2025-06-26,2025-06-26 05:30:00,2417.2267855277296,15513055665.262428,2417.2267855277296,2417.2267855277296,2417.2267855277296,ETH-USD,crypto,
2025-06-27,2025-06-27 05:30:00,2415.031864876594,16271811388.723804,2415.031864876594,2415.031864876594,2415.031864876594,ETH-USD,crypto,
2025-06-28,2025-06-28 05:30:00,2423.0302896731746,13100825617.816572,2423.0302896731746,2423.0302896731746,2423.0302896731746,ETH-USD,crypto,
2025-06-29,2025-06-29 05:30:00,2437.133001780241,5787313890.541637,2437.133001780241,2437.133001780241,2437.133001780241,ETH-USD,crypto,
2025-06-30,2025-06-30 05:30:00,2502.6672721177083,10236257918.833096,2502.6672721177083,2502.6672721177083,2502.6672721177083,ETH-USD,crypto,
2025-07-01,2025-07-01 05:30:00,2488.190781689803,16306915984.938057,2488.190781689803,2488.190781689803,2488.190781689803,ETH-USD,crypto,
2025-07-02,2025-07-02 05:30:00,2405.1045592800183,12933967031.524443,2405.1045592800183,2405.1045592800183,2405.1045592800183,ETH-USD,crypto,
2025-07-03,2025-07-03 05:30:00,2574.067718495133,21862573614.17975,2574.067718495133,2574.067718495133,2574.067718495133,ETH-USD,crypto,
2025-07-04,2025-07-04 05:30:00,2590.132231590221,19823369642.62606,2590.132231590221,2590.132231590221,2590.132231590221,ETH-USD,crypto,
2025-07-05,2025-07-05 05:30:00,2509.236345783362,16377116416.187033,2509.236345783362,2509.236345783362,2509.236345783362,ETH-USD,crypto,
2025-07-06,2025-07-06 05:30:00,2517.37917835065,6801276942.284494,2517.37917835065,2517.37917835065,2517.37917835065,ETH-USD,crypto,
2025-07-07,2025-07-07 05:30:00,2571.358192115984,9051659015.949968,2571.358192115984,2571.358192115984,2571.358192115984,ETH-USD,crypto,
2025-07-08,2025-07-08 05:30:00,2543.6317028067488,15947822897.049152,2543.6317028067488,2543.6317028067488,2543.6317028067488,ETH-USD,crypto,
2025-07-09,2025-07-09 05:30:00,2615.7759888945047,14750377128.581295,2615.7759888945047,2615.7759888945047,2615.7759888945047,ETH-USD,crypto,
2025-07-10,2025-07-10 05:30:00,2772.5795626609174,26626246774.244656,2772.5795626609174,2772.5795626609174,2772.5795626609174,ETH-USD,crypto,
2025-07-11,2025-07-11 05:30:00,2948.4462027029053,39308824585.23128,2948.4462027029053,2948.4462027029053,2948.4462027029053,ETH-USD,crypto,
2025-07-12,2025-07-12 05:30:00,2958.8514450990992,42455550664.554665,2958.8514450990992,2958.8514450990992,2958.8514450990992,ETH-USD,crypto,
2025-07-13,2025-07-13 05:30:00,2942.9616055388096,17472135946.60354,2942.9616055388096,2942.9616055388096,2942.9616055388096,ETH-USD,crypto,
2025-07-14,2025-07-14 05:30:00,2974.2654952333387,18605172049.087772,2974.2654952333387,2974.2654952333387,2974.2654952333387,ETH-USD,crypto,
2025-07-15,2025-07-15 01:37:51,2994.239389426617,41381269974.79992,2994.239389426617,2994.239389426617,2994.239389426617,ETH-USD,crypto,
2025-04-16,2025-04-16 05:30:00,2.087166740701441,2529137788.826132,2.087166740701441,2.087166740701441,2.087166740701441,XRP-USD,crypto,
2025-04-17,2025-04-17 05:30:00,2.0835198434155506,2975625490.375688,2.0835198434155506,2.0835198434155506,2.0835198434155506,XRP-USD,crypto,
2025-04-18,2025-04-18 05:30:00,2.0677436115822867,2069087395.311297,2.0677436115822867,2.0677436115822867,2.0677436115822867,XRP-USD,crypto,
2025-04-19,2025-04-19 05:30:00,2.062691684044618,1528702114.8309712,2.062691684044618,2.062691684044618,2.062691684044618,XRP-USD,crypto,
2025-04-20,2025-04-20 05:30:00,2.0855273823856817,1198082570.278999,2.0855273823856817,2.0855273823856817,2.0855273823856817,XRP-USD,crypto,
2025-04-21,2025-04-21 05:30:00,2.0747196454629124,1454273605.4356875,2.0747196454629124,2.0747196454629124,2.0747196454629124,XRP-USD,crypto,
2025-04-22,2025-04-22 05:30:00,2.0806696781556395,2357222891.83461,2.0806696781556395,2.0806696781556395,2.0806696781556395,XRP-USD,crypto,
2025-04-23,2025-04-23 05:30:00,2.221159426695198,4117163104.17999,2.221159426695198,2.221159426695198,2.221159426695198,XRP-USD,crypto,
2025-04-24,2025-04-24 05:30:00,2.217823599038466,4996062046.359891,2.217823599038466,2.217823599038466,2.217823599038466,XRP-USD,crypto,
2025-04-25,2025-04-25 05:30:00,2.206600349886956,4208930304.223753,2.206600349886956,2.206600349886956,2.206600349886956,XRP-USD,crypto,
2025-04-26,2025-04-26 05:30:00,2.1852873809524738,3234722208.502314,2.1852873809524738,2.1852873809524738,2.1852873809524738,XRP-USD,crypto,
2025-04-27,2025-04-27 05:30:00,2.1932493737799863,2459783783.285445,2.1932493737799863,2.1932493737799863,2.1932493737799863,XRP-USD,crypto,
2025-04-28,2025-04-28 05:30:00,2.2566771719971905,3751692488.2109566,2.2566771719971905,2.2566771719971905,2.2566771719971905,XRP-USD,crypto,
2025-04-29,2025-04-29 05:30:00,2.2959679622378415,4072974943.4389,2.2959679622378415,2.2959679622378415,2.2959679622378415,XRP-USD,crypto,
2025-04-30,2025-04-30 05:30:00,2.2399407863578777,2489793878.0180745,2.2399407863578777,2.2399407863578777,2.2399407863578777,XRP-USD,crypto,
2025-05-01,2025-05-01 05:30:00,2.1934727928877984,3252726421.623423,2.1934727928877984,2.1934727928877984,2.1934727928877984,XRP-USD,crypto,
2025-05-02,2025-05-02 05:30:00,2.2143085222346612,2155611895.0543213,2.2143085222346612,2.2143085222346612,2.2143085222346612,XRP-USD,crypto,
2025-05-03,2025-05-03 05:30:00,2.2089170454344824,1739910937.9821632,2.2089170454344824,2.2089170454344824,2.2089170454344824,XRP-USD,crypto,
2025-05-04,2025-05-04 05:30:00,2.188707355411367,1214767487.7877498,2.188707355411367,2.188707355411367,2.188707355411367,XRP-USD,crypto,
2025-05-05,2025-05-05 05:30:00,2.1580623583353407,1372805879.5778592,2.1580623583353407,2.1580623583353407,2.1580623583353407,XRP-USD,crypto,
2025-05-06,2025-05-06 05:30:00,2.1371617409153263,2194829695.4970164,2.1371617409153263,2.1371617409153263,2.1371617409153263,XRP-USD,crypto,
2025-05-07,2025-05-07 05:30:00,2.1553467775958843,2048616981.3491316,2.1553467775958843,2.1553467775958843,2.1553467775958843,XRP-USD,crypto,
2025-05-08,2025-05-08 05:30:00,2.1289110212370352,3559099566.438218,2.1289110212370352,2.1289110212370352,2.1289110212370352,XRP-USD,crypto,
2025-05-09,2025-05-09 05:30:00,2.318857034757937,4731256282.308641,2.318857034757937,2.318857034757937,2.318857034757937,XRP-USD,crypto,
2025-05-10,2025-05-10 05:30:00,2.34260418658349,6008731144.741504,2.34260418658349,2.34260418658349,2.34260418658349,XRP-USD,crypto,
2025-05-11,2025-05-11 05:30:00,2.465515991652043,4343182682.254746,2.465515991652043,2.465515991652043,2.465515991652043,XRP-USD,crypto,
2025-05-12,2025-05-12 05:30:00,2.3665185406774456,3957902320.317386,2.3665185406774456,2.3665185406774456,2.3665185406774456,XRP-USD,crypto,
2025-05-13,2025-05-13 05:30:00,2.5407166812994824,10787624520.70423,2.5407166812994824,2.5407166812994824,2.5407166812994824,XRP-USD,crypto,
2025-05-14,2025-05-14 05:30:00,2.5882656119238727,6137110174.707251,2.5882656119238727,2.5882656119238727,2.5882656119238727,XRP-USD,crypto,
2025-05-15,2025-05-15 05:30:00,2.552660064054796,4956660171.954109,2.552660064054796,2.552660064054796,2.552660064054796,XRP-USD,crypto,
2025-05-16,2025-05-16 05:30:00,2.3780203600308965,5285627666.563696,2.3780203600308965,2.3780203600308965,2.3780203600308965,XRP-USD,crypto,
2025-05-17,2025-05-17 05:30:00,2.387491166631724,3668091279.885704,2.387491166631724,2.387491166631724,2.387491166631724,XRP-USD,crypto,
2025-05-18,2025-05-18 05:30:00,2.352615765613394,2378581122.524433,2.352615765613394,2.352615765613394,2.352615765613394,XRP-USD,crypto,
2025-05-19,2025-05-19 05:30:00,2.4178990437197814,2871045382.6763167,2.4178990437197814,2.4178990437197814,2.4178990437197814,XRP-USD,crypto,
2025-05-20,2025-05-20 05:30:00,2.3808727609208282,3326769717.093891,2.3808727609208282,2.3808727609208282,2.3808727609208282,XRP-USD,crypto,
2025-05-21,2025-05-21 05:30:00,2.356578233921423,2736702822.998838,2.356578233921423,2.356578233921423,2.356578233921423,XRP-USD,crypto,
2025-05-22,2025-05-22 05:30:00,2.4028996266349396,3857208347.067667,2.4028996266349396,2.4028996266349396,2.4028996266349396,XRP-USD,crypto,
2025-05-23,2025-05-23 05:30:00,2.4284164339274192,3423292472.9337497,2.4284164339274192,2.4284164339274192,2.4284164339274192,XRP-USD,crypto,
2025-05-24,2025-05-24 05:30:00,2.2991928362328755,3803614983.5157166,2.2991928362328755,2.2991928362328755,2.2991928362328755,XRP-USD,crypto,
2025-05-25,2025-05-25 05:30:00,2.3319094660057416,1372961335.2188973,2.3319094660057416,2.3319094660057416,2.3319094660057416,XRP-USD,crypto,
2025-05-26,2025-05-26 05:30:00,2.3405861862412927,1905275005.1451297,2.3405861862412927,2.3405861862412927,2.3405861862412927,XRP-USD,crypto,
2025-05-27,2025-05-27 05:30:00,2.3082922649115565,1661784737.5361876,2.3082922649115565,2.3082922649115565,2.3082922649115565,XRP-USD,crypto,
2025-05-28,2025-05-28 05:30:00,2.3186677687774426,2048276738.5749948,2.3186677687774426,2.3186677687774426,2.3186677687774426,XRP-USD,crypto,
2025-05-29,2025-05-29 05:30:00,2.2746048552552507,2074053702.379202,2.2746048552552507,2.2746048552552507,2.2746048552552507,XRP-USD,crypto,
2025-05-30,2025-05-30 05:30:00,2.2505538163676135,2179459280.652964,2.2505538163676135,2.2505538163676135,2.2505538163676135,XRP-USD,crypto,
2025-05-31,2025-05-31 05:30:00,2.1423194738068942,3372833929.9944954,2.1423194738068942,2.1423194738068942,2.1423194738068942,XRP-USD,crypto,
2025-06-01,2025-06-01 05:30:00,2.177000081626197,2268132685.3159456,2.177000081626197,2.177000081626197,2.177000081626197,XRP-USD,crypto,
2025-06-02,2025-06-02 05:30:00,2.1802830722675224,1521954083.381058,2.1802830722675224,2.1802830722675224,2.1802830722675224,XRP-USD,crypto,
2025-06-03,2025-06-03 05:30:00,2.2004265864927537,1856646284.2520795,2.2004265864927537,2.2004265864927537,2.2004265864927537,XRP-USD,crypto,
2025-06-04,2025-06-04 05:30:00,2.2486280245071963,2193921747.996483,2.2486280245071963,2.2486280245071963,2.2486280245071963,XRP-USD,crypto,
2025-06-05,2025-06-05 05:30:00,2.202322198067478,1714810311.215842,2.202322198067478,2.202322198067478,2.202322198067478,XRP-USD,crypto,
2025-06-06,2025-06-06 05:30:00,2.0970164299223453,2893388349.562232,2.0970164299223453,2.0970164299223453,2.0970164299223453,XRP-USD,crypto,
2025-06-07,2025-06-07 05:30:00,2.163852346114403,1854390911.9791367,2.163852346114403,2.163852346114403,2.163852346114403,XRP-USD,crypto,
2025-06-08,2025-06-08 05:30:00,2.1779065492597427,953843043.4304752,2.1779065492597427,2.1779065492597427,2.1779065492597427,XRP-USD,crypto,
2025-06-09,2025-06-09 05:30:00,2.2629632981656744,2297445951.3852534,2.2629632981656744,2.2629632981656744,2.2629632981656744,XRP-USD,crypto,
2025-06-10,2025-06-10 05:30:00,2.321075765224377,2774696976.06667,2.321075765224377,2.321075765224377,2.321075765224377,XRP-USD,crypto,
2025-06-11,2025-06-11 05:30:00,2.305016386019404,2612062557.9833493,2.305016386019404,2.305016386019404,2.305016386019404,XRP-USD,crypto,
2025-06-12,2025-06-12 05:30:00,2.2701428874939213,2624047756.9494534,2.2701428874939213,2.2701428874939213,2.2701428874939213,XRP-USD,crypto,
2025-06-13,2025-06-13 05:30:00,2.1954298391805,2202653947.4050665,2.1954298391805,2.1954298391805,2.1954298391805,XRP-USD,crypto,
2025-06-14,2025-06-14 05:30:00,2.148866270593598,3949716840.388356,2.148866270593598,2.148866270593598,2.148866270593598,XRP-USD,crypto,
2025-06-15,2025-06-15 05:30:00,2.141891800480294,1687489656.576244,2.141891800480294,2.141891800480294,2.141891800480294,XRP-USD,crypto,
2025-06-16,2025-06-16 05:30:00,2.166318490313782,1231293467.1767986,2.166318490313782,2.166318490313782,2.166318490313782,XRP-USD,crypto,
2025-06-17,2025-06-17 05:30:00,2.255537416572947,4466552529.620607,2.255537416572947,2.255537416572947,2.255537416572947,XRP-USD,crypto,
2025-06-18,2025-06-18 05:30:00,2.1632317759396993,3466660612.110638,2.1632317759396993,2.1632317759396993,2.1632317759396993,XRP-USD,crypto,
2025-06-19,2025-06-19 05:30:00,2.1686830671349613,2350823381.424604,2.1686830671349613,2.1686830671349613,2.1686830671349613,XRP-USD,crypto,
2025-06-20,2025-06-20 05:30:00,2.166239439916603,1450568729.9521883,2.166239439916603,2.166239439916603,2.166239439916603,XRP-USD,crypto,
2025-06-21,2025-06-21 05:30:00,2.1201128146436803,2098115334.487172,2.1201128146436803,2.1201128146436803,2.1201128146436803,XRP-USD,crypto,
2025-06-22,2025-06-22 05:30:00,2.044379922195215,2305504805.382443,2.044379922195215,2.044379922195215,2.044379922195215,XRP-USD,crypto,
2025-06-23,2025-06-23 05:30:00,2.013512764553698,4449887424.63551,2.013512764553698,2.013512764553698,2.013512764553698,XRP-USD,crypto,
2025-06-24,2025-06-24 05:30:00,2.1640075102022664,4004307867.6364536,2.1640075102022664,2.1640075102022664,2.1640075102022664,XRP-USD,crypto,
2025-06-25,2025-06-25 05:30:00,2.1890368617248566,3119419439.9970093,2.1890368617248566,2.1890368617248566,2.1890368617248566,XRP-USD,crypto,
2025-06-26,2025-06-26 05:30:00,2.1839169388853152,2234760744.378113,2.1839169388853152,2.1839169388853152,2.1839169388853152,XRP-USD,crypto,
2025-06-27,2025-06-27 05:30:00,2.105597069865388,2569634191.4677787,2.105597069865388,2.105597069865388,2.105597069865388,XRP-USD,crypto,
2025-06-28,2025-06-28 05:30:00,2.140945561649059,2600100605.537264,2.140945561649059,2.140945561649059,2.140945561649059,XRP-USD,crypto,
2025-06-29,2025-06-29 05:30:00,2.185743305637095,1909072124.1732078,2.185743305637095,2.185743305637095,2.185743305637095,XRP-USD,crypto,
2025-06-30,2025-06-30 05:30:00,2.2080779439640237,1320178860.3618104,2.2080779439640237,2.2080779439640237,2.2080779439640237,XRP-USD,crypto,
2025-07-01,2025-07-01 05:30:00,2.2397868943055363,3688723731.503887,2.2397868943055363,2.2397868943055363,2.2397868943055363,XRP-USD,crypto,
2025-07-02,2025-07-02 05:30:00,2.171453605552325,2782662990.9534025,2.171453605552325,2.171453605552325,2.171453605552325,XRP-USD,crypto,
2025-07-03,2025-07-03 05:30:00,2.234339504341481,3660413082.1301646,2.234339504341481,2.234339504341481,2.234339504341481,XRP-USD,crypto,
2025-07-04,2025-07-04 05:30:00,2.2565985381225446,3456952710.4009995,2.2565985381225446,2.2565985381225446,2.2565985381225446,XRP-USD,crypto,
2025-07-05,2025-07-05 05:30:00,2.220660517934634,1759263909.260319,2.220660517934634,2.220660517934634,2.220660517934634,XRP-USD,crypto,
2025-07-06,2025-07-06 05:30:00,2.2177115630108464,898181111.5827129,2.2177115630108464,2.2177115630108464,2.2177115630108464,XRP-USD,crypto,
2025-07-07,2025-07-07 05:30:00,2.2711234551626793,2334073292.9256063,2.2711234551626793,2.2711234551626793,2.2711234551626793,XRP-USD,crypto,
2025-07-08,2025-07-08 05:30:00,2.275084085302051,3876739211.500435,2.275084085302051,2.275084085302051,2.275084085302051,XRP-USD,crypto,
2025-07-09,2025-07-09 05:30:00,2.3106154308712163,2680689161.887867,2.3106154308712163,2.3106154308712163,2.3106154308712163,XRP-USD,crypto,
2025-07-10,2025-07-10 05:30:00,2.405267395272407,4432186610.184976,2.405267395272407,2.405267395272407,2.405267395272407,XRP-USD,crypto,
2025-07-11,2025-07-11 05:30:00,2.5456780481070833,5263609598.373313,2.5456780481070833,2.5456780481070833,2.5456780481070833,XRP-USD,crypto,
2025-07-12,2025-07-12 05:30:00,2.735777793849028,14004307576.909258,2.735777793849028,2.735777793849028,2.735777793849028,XRP-USD,crypto,
2025-07-13,2025-07-13 05:30:00,2.7403085663356155,7635333692.640345,2.7403085663356155,2.7403085663356155,2.7403085663356155,XRP-USD,crypto,
2025-07-14,2025-07-14 05:30:00,2.836943449825265,6320439963.46504,2.836943449825265,2.836943449825265,2.836943449825265,XRP-USD,crypto,
2025-07-15,2025-07-15 01:37:54,2.9126304595389785,10813917412.063126,2.9126304595389785,2.9126304595389785,2.9126304595389785,XRP-USD,crypto,
2025-04-16,2025-04-16 05:30:00,0.6080639244271904,709020814.1750429,0.6080639244271904,0.6080639244271904,0.6080639244271904,ADA-USD,crypto,
2025-04-17,2025-04-17 05:30:00,0.6106653469788688,591359664.0730368,0.6106653469788688,0.6106653469788688,0.6106653469788688,ADA-USD,crypto,
2025-04-18,2025-04-18 05:30:00,0.6168950161106203,448807472.6198462,0.6168950161106203,0.6168950161106203,0.6168950161106203,ADA-USD,crypto,
2025-04-19,2025-04-19 05:30:00,0.6273043794612541,374649872.12397456,0.6273043794612541,0.6273043794612541,0.6273043794612541,ADA-USD,crypto,
2025-04-20,2025-04-20 05:30:00,0.6280852975713835,331430508.4467672,0.6280852975713835,0.6280852975713835,0.6280852975713835,ADA-USD,crypto,
2025-04-21,2025-04-21 05:30:00,0.6202087731824584,354987761.1249453,0.6202087731824584,0.6202087731824584,0.6202087731824584,ADA-USD,crypto,
2025-04-22,2025-04-22 05:30:00,0.6226371412727918,632027422.0139718,0.6226371412727918,0.6226371412727918,0.6226371412727918,ADA-USD,crypto,
2025-04-23,2025-04-23 05:30:00,0.6821362911471233,834269402.8814627,0.6821362911471233,0.6821362911471233,0.6821362911471233,ADA-USD,crypto,
2025-04-24,2025-04-24 05:30:00,0.6972646472481486,967029539.1144488,0.6972646472481486,0.6972646472481486,0.6972646472481486,ADA-USD,crypto,
2025-04-25,2025-04-25 05:30:00,0.7220676397924738,1035019627.1012883,0.7220676397924738,0.7220676397924738,0.7220676397924738,ADA-USD,crypto,
2025-04-26,2025-04-26 05:30:00,0.7138859038055668,949069153.9271946,0.7138859038055668,0.7138859038055668,0.7138859038055668,ADA-USD,crypto,
2025-04-27,2025-04-27 05:30:00,0.7075935331519487,659341778.5746859,0.7075935331519487,0.7075935331519487,0.7075935331519487,ADA-USD,crypto,
2025-04-28,2025-04-28 05:30:00,0.704070171794187,567359217.6728809,0.704070171794187,0.704070171794187,0.704070171794187,ADA-USD,crypto,
2025-04-29,2025-04-29 05:30:00,0.7052906740354157,889987578.2822492,0.7052906740354157,0.7052906740354157,0.7052906740354157,ADA-USD,crypto,
2025-04-30,2025-04-30 05:30:00,0.6957354792970168,817939169.992459,0.6957354792970168,0.6957354792970168,0.6957354792970168,ADA-USD,crypto,
2025-05-01,2025-05-01 05:30:00,0.6820275063998128,592053391.6761067,0.6820275063998128,0.6820275063998128,0.6820275063998128,ADA-USD,crypto,
2025-05-02,2025-05-02 05:30:00,0.7048540559063339,586072580.7401356,0.7048540559063339,0.7048540559063339,0.7048540559063339,ADA-USD,crypto,
2025-05-03,2025-05-03 05:30:00,0.6974986414291682,606872856.4955413,0.6974986414291682,0.6974986414291682,0.6974986414291682,ADA-USD,crypto,
2025-05-04,2025-05-04 05:30:00,0.7013467253059199,752443709.4776694,0.7013467253059199,0.7013467253059199,0.7013467253059199,ADA-USD,crypto,
2025-05-05,2025-05-05 05:30:00,0.6763756494805502,661246645.056914,0.6763756494805502,0.6763756494805502,0.6763756494805502,ADA-USD,crypto,
2025-05-06,2025-05-06 05:30:00,0.6631639151504879,664925434.1708654,0.6631639151504879,0.6631639151504879,0.6631639151504879,ADA-USD,crypto,
2025-05-07,2025-05-07 05:30:00,0.6787761903074216,552471849.9156157,0.6787761903074216,0.6787761903074216,0.6787761903074216,ADA-USD,crypto,
2025-05-08,2025-05-08 05:30:00,0.671376495581957,582536184.2563542,0.671376495581957,0.671376495581957,0.671376495581957,ADA-USD,crypto,
2025-05-09,2025-05-09 05:30:00,0.7651537464755499,1355272025.0992892,0.7651537464755499,0.7651537464755499,0.7651537464755499,ADA-USD,crypto,
2025-05-10,2025-05-10 05:30:00,0.7773024778174161,1491055749.585572,0.7773024778174161,0.7773024778174161,0.7773024778174161,ADA-USD,crypto,
2025-05-11,2025-05-11 05:30:00,0.8400596557571808,1390682398.3795056,0.8400596557571808,0.8400596557571808,0.8400596557571808,ADA-USD,crypto,
2025-05-12,2025-05-12 05:30:00,0.8048629924679394,1096359924.9786,0.8048629924679394,0.8048629924679394,0.8048629924679394,ADA-USD,crypto,
2025-05-13,2025-05-13 05:30:00,0.8191103769126542,1891364013.690922,0.8191103769126542,0.8191103769126542,0.8191103769126542,ADA-USD,crypto,
2025-05-14,2025-05-14 05:30:00,0.8312541090164433,1249623977.9694462,0.8312541090164433,0.8312541090164433,0.8312541090164433,ADA-USD,crypto,
2025-05-15,2025-05-15 05:30:00,0.7985815955519888,1166899569.1134908,0.7985815955519888,0.7985815955519888,0.7985815955519888,ADA-USD,crypto,
2025-05-16,2025-05-16 05:30:00,0.760909266948887,1032947704.5832616,0.760909266948887,0.760909266948887,0.760909266948887,ADA-USD,crypto,
2025-05-17,2025-05-17 05:30:00,0.7605802350885046,777814627.6177915,0.7605802350885046,0.7605802350885046,0.7605802350885046,ADA-USD,crypto,
2025-05-18,2025-05-18 05:30:00,0.7424784161936966,906498912.2572886,0.7424784161936966,0.7424784161936966,0.7424784161936966,ADA-USD,crypto,
2025-05-19,2025-05-19 05:30:00,0.7518394820880364,949005467.3644464,0.7518394820880364,0.7518394820880364,0.7518394820880364,ADA-USD,crypto,
2025-05-20,2025-05-20 05:30:00,0.7426046048097757,855716668.7541951,0.7426046048097757,0.7426046048097757,0.7426046048097757,ADA-USD,crypto,
2025-05-21,2025-05-21 05:30:00,0.7456441858290309,690998975.7792397,0.7456441858290309,0.7456441858290309,0.7456441858290309,ADA-USD,crypto,
2025-05-22,2025-05-22 05:30:00,0.772065003489696,1077168981.202006,0.772065003489696,0.772065003489696,0.772065003489696,ADA-USD,crypto,
2025-05-23,2025-05-23 05:30:00,0.8077548195843751,1069425848.6042526,0.8077548195843751,0.8077548195843751,0.8077548195843751,ADA-USD,crypto,
2025-05-24,2025-05-24 05:30:00,0.748254247966839,1417851508.940276,0.748254247966839,0.748254247966839,0.748254247966839,ADA-USD,crypto,
2025-05-25,2025-05-25 05:30:00,0.7460261925160765,630031485.6921482,0.7460261925160765,0.7460261925160765,0.7460261925160765,ADA-USD,crypto,
2025-05-26,2025-05-26 05:30:00,0.7589761692612583,673782320.823423,0.7589761692612583,0.7589761692612583,0.7589761692612583,ADA-USD,crypto,
2025-05-27,2025-05-27 05:30:00,0.7582470752465925,588809796.8894885,0.7582470752465925,0.7582470752465925,0.7582470752465925,ADA-USD,crypto,
2025-05-28,2025-05-28 05:30:00,0.7578018172885506,652902725.7086877,0.7578018172885506,0.7578018172885506,0.7578018172885506,ADA-USD,crypto,
2025-05-29,2025-05-29 05:30:00,0.7465205662397495,546997351.279757,0.7465205662397495,0.7465205662397495,0.7465205662397495,ADA-USD,crypto,
2025-05-30,2025-05-30 05:30:00,0.724272085506191,649806532.9053063,0.724272085506191,0.724272085506191,0.724272085506191,ADA-USD,crypto,
2025-05-31,2025-05-31 05:30:00,0.6912614352706643,935627012.618067,0.6912614352706643,0.6912614352706643,0.6912614352706643,ADA-USD,crypto,
2025-06-01,2025-06-01 05:30:00,0.6863035406713839,721005660.5061203,0.6863035406713839,0.6863035406713839,0.6863035406713839,ADA-USD,crypto,
2025-06-02,2025-06-02 05:30:00,0.6853559510305921,524853161.2361533,0.6853559510305921,0.6853559510305921,0.6853559510305921,ADA-USD,crypto,
2025-06-03,2025-06-03 05:30:00,0.6900620402912112,570636794.5706515,0.6900620402912112,0.6900620402912112,0.6900620402912112,ADA-USD,crypto,
2025-06-04,2025-06-04 05:30:00,0.684833771475063,494639383.16412145,0.684833771475063,0.684833771475063,0.684833771475063,ADA-USD,crypto,
2025-06-05,2025-06-05 05:30:00,0.6662352525151268,400096118.0279466,0.6662352525151268,0.6662352525151268,0.6662352525151268,ADA-USD,crypto,
2025-06-06,2025-06-06 05:30:00,0.6279989717216173,759754191.8443644,0.6279989717216173,0.6279989717216173,0.6279989717216173,ADA-USD,crypto,
2025-06-07,2025-06-07 05:30:00,0.6564156318236438,579132039.6493936,0.6564156318236438,0.6564156318236438,0.6564156318236438,ADA-USD,crypto,
2025-06-08,2025-06-08 05:30:00,0.665097118031322,345182718.07783103,0.665097118031322,0.665097118031322,0.665097118031322,ADA-USD,crypto,
2025-06-09,2025-06-09 05:30:00,0.6696475032429187,445907844.38359064,0.6696475032429187,0.6696475032429187,0.6696475032429187,ADA-USD,crypto,
2025-06-10,2025-06-10 05:30:00,0.7051927875959849,556699781.999879,0.7051927875959849,0.7051927875959849,0.7051927875959849,ADA-USD,crypto,
2025-06-11,2025-06-11 05:30:00,0.7161084051691045,816441834.7804779,0.7161084051691045,0.7161084051691045,0.7161084051691045,ADA-USD,crypto,
2025-06-12,2025-06-12 05:30:00,0.6978609557770317,650490779.2528718,0.6978609557770317,0.6978609557770317,0.6978609557770317,ADA-USD,crypto,
2025-06-13,2025-06-13 05:30:00,0.6645616396607636,644736788.8081536,0.6645616396607636,0.6645616396607636,0.6645616396607636,ADA-USD,crypto,
2025-06-14,2025-06-14 05:30:00,0.6415287116259395,967144196.2984973,0.6415287116259395,0.6415287116259395,0.6415287116259395,ADA-USD,crypto,
2025-06-15,2025-06-15 05:30:00,0.6249531411165467,377703624.01002413,0.6249531411165467,0.6249531411165467,0.6249531411165467,ADA-USD,crypto,
2025-06-16,2025-06-16 05:30:00,0.6338091675682362,306474152.5964094,0.6338091675682362,0.6338091675682362,0.6338091675682362,ADA-USD,crypto,
2025-06-17,2025-06-17 05:30:00,0.6348092267777333,634345979.704381,0.6348092267777333,0.6348092267777333,0.6348092267777333,ADA-USD,crypto,
2025-06-18,2025-06-18 05:30:00,0.6114224843190872,668780456.8391515,0.6114224843190872,0.6114224843190872,0.6114224843190872,ADA-USD,crypto,
2025-06-19,2025-06-19 05:30:00,0.6031520541269734,649432905.7020996,0.6031520541269734,0.6031520541269734,0.6031520541269734,ADA-USD,crypto,
2025-06-20,2025-06-20 05:30:00,0.6022517506298001,411526119.6336923,0.6022517506298001,0.6022517506298001,0.6022517506298001,ADA-USD,crypto,
2025-06-21,2025-06-21 05:30:00,0.5768480561772417,655089381.7343858,0.5768480561772417,0.5768480561772417,0.5768480561772417,ADA-USD,crypto,
2025-06-22,2025-06-22 05:30:00,0.5507083653541873,616320411.8508501,0.5507083653541873,0.5507083653541873,0.5507083653541873,ADA-USD,crypto,
2025-06-23,2025-06-23 05:30:00,0.5411301510006504,1046673222.5903796,0.5411301510006504,0.5411301510006504,0.5411301510006504,ADA-USD,crypto,
2025-06-24,2025-06-24 05:30:00,0.5832401178415064,923344856.19398,0.5832401178415064,0.5832401178415064,0.5832401178415064,ADA-USD,crypto,
2025-06-25,2025-06-25 05:30:00,0.5872194649270592,716773448.9598132,0.5872194649270592,0.5872194649270592,0.5872194649270592,ADA-USD,crypto,
2025-06-26,2025-06-26 05:30:00,0.5667721482568538,549499472.3311824,0.5667721482568538,0.5667721482568538,0.5667721482568538,ADA-USD,crypto,
2025-06-27,2025-06-27 05:30:00,0.5541621947716998,546164591.2662042,0.5541621947716998,0.5541621947716998,0.5541621947716998,ADA-USD,crypto,
2025-06-28,2025-06-28 05:30:00,0.5586998411211989,461343367.5389696,0.5586998411211989,0.5586998411211989,0.5586998411211989,ADA-USD,crypto,
2025-06-29,2025-06-29 05:30:00,0.5655976009022613,328696976.3556034,0.5655976009022613,0.5655976009022613,0.5655976009022613,ADA-USD,crypto,
2025-06-30,2025-06-30 05:30:00,0.5775074724180472,546299719.7888314,0.5775074724180472,0.5775074724180472,0.5775074724180472,ADA-USD,crypto,
2025-07-01,2025-07-01 05:30:00,0.5720180140652412,685730060.096957,0.5720180140652412,0.5720180140652412,0.5720180140652412,ADA-USD,crypto,
2025-07-02,2025-07-02 05:30:00,0.5421512626893101,631715565.0969181,0.5421512626893101,0.5421512626893101,0.5421512626893101,ADA-USD,crypto,
2025-07-03,2025-07-03 05:30:00,0.5846952591552708,934344132.0381689,0.5846952591552708,0.5846952591552708,0.5846952591552708,ADA-USD,crypto,
2025-07-04,2025-07-04 05:30:00,0.5987839336899987,723259758.2613916,0.5987839336899987,0.5987839336899987,0.5987839336899987,ADA-USD,crypto,
2025-07-05,2025-07-05 05:30:00,0.5728146380802783,539620249.5139698,0.5728146380802783,0.5728146380802783,0.5728146380802783,ADA-USD,crypto,
2025-07-06,2025-07-06 05:30:00,0.5760131698614164,287359327.05554503,0.5760131698614164,0.5760131698614164,0.5760131698614164,ADA-USD,crypto,
2025-07-07,2025-07-07 05:30:00,0.5857056935866781,379742988.53059584,0.5857056935866781,0.5857056935866781,0.5857056935866781,ADA-USD,crypto,
2025-07-08,2025-07-08 05:30:00,0.5798100944867142,559194866.5817564,0.5798100944867142,0.5798100944867142,0.5798100944867142,ADA-USD,crypto,
2025-07-09,2025-07-09 05:30:00,0.5882961516358525,487674618.9568239,0.5882961516358525,0.5882961516358525,0.5882961516358525,ADA-USD,crypto,
2025-07-10,2025-07-10 05:30:00,0.6236218758822067,921412284.2952383,0.6236218758822067,0.6236218758822067,0.6236218758822067,ADA-USD,crypto,
2025-07-11,2025-07-11 05:30:00,0.6771328310749256,1062017291.4508075,0.6771328310749256,0.6771328310749256,0.6771328310749256,ADA-USD,crypto,
2025-07-12,2025-07-12 05:30:00,0.7108207334882014,2545650162.8728247,0.7108207334882014,0.7108207334882014,0.7108207334882014,ADA-USD,crypto,
2025-07-13,2025-07-13 05:30:00,0.7087303921384289,1194202622.657187,0.7087303921384289,0.7087303921384289,0.7087303921384289,ADA-USD,crypto,
2025-07-14,2025-07-14 05:30:00,0.7378983923650405,1350750371.5082395,0.7378983923650405,0.7378983923650405,0.7378983923650405,ADA-USD,crypto,
2025-07-15,2025-07-15 01:38:02,0.7282529209331693,1606749643.4707375,0.7282529209331693,0.7282529209331693,0.7282529209331693,ADA-USD,crypto,
2025-04-16,2025-04-16 05:30:00,126.3038818388089,3719787998.9004683,126.3038818388089,126.3038818388089,126.3038818388089,SOL-USD,crypto,
2025-04-17,2025-04-17 05:30:00,131.4761427933663,5101503918.076568,131.4761427933663,131.4761427933663,131.4761427933663,SOL-USD,crypto,
2025-04-18,2025-04-18 05:30:00,134.6151648808524,4018737660.8549724,134.6151648808524,134.6151648808524,134.6151648808524,SOL-USD,crypto,
2025-04-19,2025-04-19 05:30:00,133.9760882871713,2480801560.1936097,133.9760882871713,133.9760882871713,133.9760882871713,SOL-USD,crypto,
2025-04-20,2025-04-20 05:30:00,139.64248014652355,2834667466.059489,139.64248014652355,139.64248014652355,139.64248014652355,SOL-USD,crypto,
2025-04-21,2025-04-21 05:30:00,137.6315829179827,3092429798.991093,137.6315829179827,137.6315829179827,137.6315829179827,SOL-USD,crypto,
2025-04-22,2025-04-22 05:30:00,136.3303974884886,4783795038.828256,136.3303974884886,136.3303974884886,136.3303974884886,SOL-USD,crypto,
2025-04-23,2025-04-23 05:30:00,148.80397504642707,5472749483.478719,148.80397504642707,148.80397504642707,148.80397504642707,SOL-USD,crypto,
2025-04-24,2025-04-24 05:30:00,150.9999108899842,5423865832.324091,150.9999108899842,150.9999108899842,150.9999108899842,SOL-USD,crypto,
2025-04-25,2025-04-25 05:30:00,152.3299363576059,4515150018.575274,152.3299363576059,152.3299363576059,152.3299363576059,SOL-USD,crypto,
2025-04-26,2025-04-26 05:30:00,150.92008896105446,5066838746.453711,150.92008896105446,150.92008896105446,150.92008896105446,SOL-USD,crypto,
2025-04-27,2025-04-27 05:30:00,149.14633083954075,2422656520.389346,149.14633083954075,149.14633083954075,149.14633083954075,SOL-USD,crypto,
2025-04-28,2025-04-28 05:30:00,148.2466719511348,2296538427.6507287,148.2466719511348,148.2466719511348,148.2466719511348,SOL-USD,crypto,
2025-04-29,2025-04-29 05:30:00,147.99083303267335,4344220983.973297,147.99083303267335,147.99083303267335,147.99083303267335,SOL-USD,crypto,
2025-04-30,2025-04-30 05:30:00,146.49305755147196,3236163761.820636,146.49305755147196,146.49305755147196,146.49305755147196,SOL-USD,crypto,
2025-05-01,2025-05-01 05:30:00,147.73348327834748,3339352715.472854,147.73348327834748,147.73348327834748,147.73348327834748,SOL-USD,crypto,
2025-05-02,2025-05-02 05:30:00,150.76046702861854,3739901458.503681,150.76046702861854,150.76046702861854,150.76046702861854,SOL-USD,crypto,
2025-05-03,2025-05-03 05:30:00,147.97213909446802,3193090564.1996865,147.97213909446802,147.97213909446802,147.97213909446802,SOL-USD,crypto,
2025-05-04,2025-05-04 05:30:00,146.79754814764868,1777312803.7801025,146.79754814764868,146.79754814764868,146.79754814764868,SOL-USD,crypto,
2025-05-05,2025-05-05 05:30:00,143.9823040324787,1839075329.597307,143.9823040324787,143.9823040324787,143.9823040324787,SOL-USD,crypto,
2025-05-06,2025-05-06 05:30:00,146.81070557078957,2594552533.4757075,146.81070557078957,146.81070557078957,146.81070557078957,SOL-USD,crypto,
2025-05-07,2025-05-07 05:30:00,146.90938773866714,3138354742.93678,146.90938773866714,146.90938773866714,146.90938773866714,SOL-USD,crypto,
2025-05-08,2025-05-08 05:30:00,147.20059726659957,4811988060.661323,147.20059726659957,147.20059726659957,147.20059726659957,SOL-USD,crypto,
2025-05-09,2025-05-09 05:30:00,163.41627317514832,7618036777.599004,163.41627317514832,163.41627317514832,163.41627317514832,SOL-USD,crypto,
2025-05-10,2025-05-10 05:30:00,172.6970765026263,8703440319.327112,172.6970765026263,172.6970765026263,172.6970765026263,SOL-USD,crypto,
2025-05-11,2025-05-11 05:30:00,177.3428319704922,4641291512.67865,177.3428319704922,177.3428319704922,177.3428319704922,SOL-USD,crypto,
2025-05-12,2025-05-12 05:30:00,172.85779222329435,4733142340.016698,172.85779222329435,172.85779222329435,172.85779222329435,SOL-USD,crypto,
2025-05-13,2025-05-13 05:30:00,174.41950190990173,8002629811.569619,174.41950190990173,174.41950190990173,174.41950190990173,SOL-USD,crypto,
2025-05-14,2025-05-14 05:30:00,184.05379777179434,6287498118.264789,184.05379777179434,184.05379777179434,184.05379777179434,SOL-USD,crypto,
2025-05-15,2025-05-15 05:30:00,176.45507175799847,5807895946.602451,176.45507175799847,176.45507175799847,176.45507175799847,SOL-USD,crypto,
2025-05-16,2025-05-16 05:30:00,168.75269732863256,5419257075.786196,168.75269732863256,168.75269732863256,168.75269732863256,SOL-USD,crypto,
2025-05-17,2025-05-17 05:30:00,167.76812404954248,4389549581.69855,167.76812404954248,167.76812404954248,167.76812404954248,SOL-USD,crypto,
2025-05-18,2025-05-18 05:30:00,165.9394166641985,3269429713.7712717,165.9394166641985,165.9394166641985,165.9394166641985,SOL-USD,crypto,
2025-05-19,2025-05-19 05:30:00,171.54067495745267,4719647862.73409,171.54067495745267,171.54067495745267,171.54067495745267,SOL-USD,crypto,
2025-05-20,2025-05-20 05:30:00,166.7148813421899,4917489419.353307,166.7148813421899,166.7148813421899,166.7148813421899,SOL-USD,crypto,
2025-05-21,2025-05-21 05:30:00,168.38572912424627,4723025924.7160635,168.38572912424627,168.38572912424627,168.38572912424627,SOL-USD,crypto,
2025-05-22,2025-05-22 05:30:00,173.96771434765478,6215139156.977671,173.96771434765478,173.96771434765478,173.96771434765478,SOL-USD,crypto,
2025-05-23,2025-05-23 05:30:00,179.57884486750282,5820960214.759074,179.57884486750282,179.57884486750282,179.57884486750282,SOL-USD,crypto,
2025-05-24,2025-05-24 05:30:00,174.43566967519817,8631193319.547667,174.43566967519817,174.43566967519817,174.43566967519817,SOL-USD,crypto,
2025-05-25,2025-05-25 05:30:00,175.9976176396849,3543822748.1900992,175.9976176396849,175.9976176396849,175.9976176396849,SOL-USD,crypto,
2025-05-26,2025-05-26 05:30:00,175.13203918726265,3915382381.155895,175.13203918726265,175.13203918726265,175.13203918726265,SOL-USD,crypto,
2025-05-27,2025-05-27 05:30:00,174.71672204451494,3202505989.7881603,174.71672204451494,174.71672204451494,174.71672204451494,SOL-USD,crypto,
2025-05-28,2025-05-28 05:30:00,176.57784495904014,4151034839.0818906,176.57784495904014,176.57784495904014,176.57784495904014,SOL-USD,crypto,
2025-05-29,2025-05-29 05:30:00,172.12073410994773,3798038676.2862353,172.12073410994773,172.12073410994773,172.12073410994773,SOL-USD,crypto,
2025-05-30,2025-05-30 05:30:00,166.83894593726552,3849498974.469161,166.83894593726552,166.83894593726552,166.83894593726552,SOL-USD,crypto,
2025-05-31,2025-05-31 05:30:00,156.51262963204462,4811893138.165595,156.51262963204462,156.51262963204462,156.51262963204462,SOL-USD,crypto,
2025-06-01,2025-06-01 05:30:00,156.86968538083693,3067057498.6570454,156.86968538083693,156.86968538083693,156.86968538083693,SOL-USD,crypto,
2025-06-02,2025-06-02 05:30:00,157.63092185153255,2744309615.2839994,157.63092185153255,157.63092185153255,157.63092185153255,SOL-USD,crypto,
2025-06-03,2025-06-03 05:30:00,156.97126157615844,3295032805.67504,156.97126157615844,156.97126157615844,156.97126157615844,SOL-USD,crypto,
2025-06-04,2025-06-04 05:30:00,155.57609294535118,4001215457.270695,155.57609294535118,155.57609294535118,155.57609294535118,SOL-USD,crypto,
2025-06-05,2025-06-05 05:30:00,153.52933334658826,2894328554.847466,153.52933334658826,153.52933334658826,153.52933334658826,SOL-USD,crypto,
2025-06-06,2025-06-06 05:30:00,144.54778524030908,5147783563.002369,144.54778524030908,144.54778524030908,144.54778524030908,SOL-USD,crypto,
2025-06-07,2025-06-07 05:30:00,148.27289869882955,3081994292.815606,148.27289869882955,148.27289869882955,148.27289869882955,SOL-USD,crypto,
2025-06-08,2025-06-08 05:30:00,150.07536034230216,2061571442.4994385,150.07536034230216,150.07536034230216,150.07536034230216,SOL-USD,crypto,
2025-06-09,2025-06-09 05:30:00,152.50446458828966,2132215310.9007103,152.50446458828966,152.50446458828966,152.50446458828966,SOL-USD,crypto,
2025-06-10,2025-06-10 05:30:00,161.15980951265985,4008837628.698958,161.15980951265985,161.15980951265985,161.15980951265985,SOL-USD,crypto,
2025-06-11,2025-06-11 05:30:00,164.9644225697288,5347282400.770432,164.9644225697288,164.9644225697288,164.9644225697288,SOL-USD,crypto,
2025-06-12,2025-06-12 05:30:00,161.01986639557893,5796688364.492554,161.01986639557893,161.01986639557893,161.01986639557893,SOL-USD,crypto,
2025-06-13,2025-06-13 05:30:00,152.6604566097001,3971540185.958896,152.6604566097001,152.6604566097001,152.6604566097001,SOL-USD,crypto,
2025-06-14,2025-06-14 05:30:00,148.53042859104298,6899166919.424324,148.53042859104298,148.53042859104298,148.53042859104298,SOL-USD,crypto,
2025-06-15,2025-06-15 05:30:00,144.75154594223267,2347896839.3558106,144.75154594223267,144.75154594223267,144.75154594223267,SOL-USD,crypto,
2025-06-16,2025-06-16 05:30:00,152.684889859998,3899774764.538459,152.684889859998,152.684889859998,152.684889859998,SOL-USD,crypto,
2025-06-17,2025-06-17 05:30:00,151.43554856186984,5091508004.197791,151.43554856186984,151.43554856186984,151.43554856186984,SOL-USD,crypto,
2025-06-18,2025-06-18 05:30:00,147.99188434299543,5049196750.599356,147.99188434299543,147.99188434299543,147.99188434299543,SOL-USD,crypto,
2025-06-19,2025-06-19 05:30:00,146.27697674399295,4140075680.6693616,146.27697674399295,146.27697674399295,146.27697674399295,SOL-USD,crypto,
2025-06-20,2025-06-20 05:30:00,147.09924520457085,3317445622.022612,147.09924520457085,147.09924520457085,147.09924520457085,SOL-USD,crypto,
2025-06-21,2025-06-21 05:30:00,140.04009054961782,4927733598.47951,140.04009054961782,140.04009054961782,140.04009054961782,SOL-USD,crypto,
2025-06-22,2025-06-22 05:30:00,133.71000196412658,3965117683.287045,133.71000196412658,133.71000196412658,133.71000196412658,SOL-USD,crypto,
2025-06-23,2025-06-23 05:30:00,131.8134744866569,6034851129.188091,131.8134744866569,131.8134744866569,131.8134744866569,SOL-USD,crypto,
2025-06-24,2025-06-24 05:30:00,144.7815680115998,6803245546.166264,144.7815680115998,144.7815680115998,144.7815680115998,SOL-USD,crypto,
2025-06-25,2025-06-25 05:30:00,145.8019507474219,4365577695.258674,145.8019507474219,145.8019507474219,145.8019507474219,SOL-USD,crypto,
2025-06-26,2025-06-26 05:30:00,143.37011953879949,3632253966.777613,143.37011953879949,143.37011953879949,143.37011953879949,SOL-USD,crypto,
2025-06-27,2025-06-27 05:30:00,138.97799072607012,4094443190.4828176,138.97799072607012,138.97799072607012,138.97799072607012,SOL-USD,crypto,
2025-06-28,2025-06-28 05:30:00,142.12675809713753,3884472749.8418827,142.12675809713753,142.12675809713753,142.12675809713753,SOL-USD,crypto,
2025-06-29,2025-06-29 05:30:00,150.7812372563586,3480663753.86231,150.7812372563586,150.7812372563586,150.7812372563586,SOL-USD,crypto,
2025-06-30,2025-06-30 05:30:00,153.31879559308874,3034669713.0257177,153.31879559308874,153.31879559308874,153.31879559308874,SOL-USD,crypto,
2025-07-01,2025-07-01 05:30:00,154.9374500694811,5839631136.997528,154.9374500694811,154.9374500694811,154.9374500694811,SOL-USD,crypto,
2025-07-02,2025-07-02 05:30:00,146.84115991278014,4180937195.699031,146.84115991278014,146.84115991278014,146.84115991278014,SOL-USD,crypto,
2025-07-03,2025-07-03 05:30:00,152.1680329188485,4586707670.749116,152.1680329188485,152.1680329188485,152.1680329188485,SOL-USD,crypto,
2025-07-04,2025-07-04 05:30:00,152.28063806980848,4481298325.462197,152.28063806980848,152.28063806980848,152.28063806980848,SOL-USD,crypto,
2025-07-05,2025-07-05 05:30:00,147.76302956048175,4122205670.4260592,147.76302956048175,147.76302956048175,147.76302956048175,SOL-USD,crypto,
2025-07-06,2025-07-06 05:30:00,147.60067170952217,1854457228.577465,147.60067170952217,147.60067170952217,147.60067170952217,SOL-USD,crypto,
2025-07-07,2025-07-07 05:30:00,151.92103968743746,3555730137.1277676,151.92103968743746,151.92103968743746,151.92103968743746,SOL-USD,crypto,
2025-07-08,2025-07-08 05:30:00,148.79005045485957,4159999387.584406,148.79005045485957,148.79005045485957,148.79005045485957,SOL-USD,crypto,
2025-07-09,2025-07-09 05:30:00,151.83083400485827,4528768718.257452,151.83083400485827,151.83083400485827,151.83083400485827,SOL-USD,crypto,
2025-07-10,2025-07-10 05:30:00,157.20772193763892,5340601044.883773,157.20772193763892,157.20772193763892,157.20772193763892,SOL-USD,crypto,
2025-07-11,2025-07-11 05:30:00,163.85821380442644,10873010259.89518,163.85821380442644,163.85821380442644,163.85821380442644,SOL-USD,crypto,
2025-07-12,2025-07-12 05:30:00,162.75319398002793,15000208185.36994,162.75319398002793,162.75319398002793,162.75319398002793,SOL-USD,crypto,
2025-07-13,2025-07-13 05:30:00,160.46917812212587,7427115213.712982,160.46917812212587,160.46917812212587,160.46917812212587,SOL-USD,crypto,
2025-07-14,2025-07-14 05:30:00,161.2426294578984,7216327088.3555765,161.2426294578984,161.2426294578984,161.2426294578984,SOL-USD,crypto,
2025-07-15,2025-07-15 01:38:05,163.74464921066718,14455472084.273954,163.74464921066718,163.74464921066718,163.74464921066718,SOL-USD,crypto,
2024-11-06,2024-11-06 00:00:00,347.2019830082163,874937.0,347.5939226245249,349.5726331475642,346.7225204501884,AAPL,stock,True
2024-11-07,2024-11-07 00:00:00,347.7208740978763,3506841.0,344.1564971347961,350.58846963730997,341.43593204777596,AAPL,stock,True
2024-11-08,2024-11-08 00:00:00,344.02062478388694,2034122.0,349.07966368334235,349.8693679607262,342.2975155921073,AAPL,stock,True
2024-11-11,2024-11-11 00:00:00,349.2195444699499,4216252.0,344.3758662467287,352.2580852310891,341.79725659898656,AAPL,stock,True
2024-11-12,2024-11-12 00:00:00,344.3759867701011,2098057.0,344.2278056897955,345.68099030253313,343.77653901795907,AAPL,stock,True
2024-11-13,2024-11-13 00:00:00,344.3314588242244,4485763.0,347.26846278282943,349.6504120894484,342.64982876058616,AAPL,stock,True
2024-11-14,2024-11-14 00:00:00,347.3533959704834,954383.0,348.2750281542206,351.26267006693644,345.3178138194544,AAPL,stock,True
2024-11-15,2024-11-15 00:00:00,348.3277599820772,2295219.0,352.1531579677198,353.56916006423353,346.1648270088769,AAPL,stock,True
2024-11-18,2024-11-18 00:00:00,352.0806355346102,1124797.0,351.8730839586578,355.2483404639885,350.23211816104066,AAPL,stock,True
2024-11-19,2024-11-19 00:00:00,351.93710890196206,3894405.0,355.735618630769,359.2786440621309,349.01914818384256,AAPL,stock,True
2024-11-20,2024-11-20 00:00:00,355.8544001354009,2830319.0,353.17911850893154,359.41244849742526,351.79712258412894,AAPL,stock,True
2024-11-21,2024-11-21 00:00:00,353.2332267360531,942411.0,351.5850363335826,354.88806110682674,350.2357316401965,AAPL,stock,True
2024-11-22,2024-11-22 00:00:00,351.65239459035087,1589488.0,349.75928686627304,352.13240224887926,346.9299304932916,AAPL,stock,True
2024-11-25,2024-11-25 00:00:00,349.68313896286566,786578.0,352.7426835919717,352.7820957320934,348.4743624500224,AAPL,stock,True
2024-11-26,2024-11-26 00:00:00,352.8340898640934,830082.0,351.6851174741757,356.2308588246549,349.12167502912405,AAPL,stock,True
2024-11-27,2024-11-27 00:00:00,351.82957971167144,3915810.0,354.00046585680633,356.036361981707,350.4824258931353,AAPL,stock,True
2024-11-28,2024-11-28 00:00:00,354.0519141881346,2828456.0,354.4909249537117,355.0635448037265,353.3727992950586,AAPL,stock,True
2024-11-29,2024-11-29 00:00:00,354.55448869279894,3901996.0,353.49645645580017,355.8019347746659,353.32989893104536,AAPL,stock,True
2024-12-02,2024-12-02 00:00:00,353.65134834801955,4267153.0,351.3605952116394,354.7211627850491,350.18680803988576,AAPL,stock,True
2024-12-03,2024-12-03 00:00:00,351.41899527319435,2880437.0,348.4128398180133,351.4356540763937,345.0217972567697,AAPL,stock,True
2024-12-04,2024-12-04 00:00:00,348.31739490432403,1213706.0,346.39388369801804,350.3134080785514,344.9765161271879,AAPL,stock,True
2024-12-05,2024-12-05 00:00:00,346.42769871096516,2574596.0,344.3368254411383,348.0211826587956,340.96577131325137,AAPL,stock,True
2024-12-06,2024-12-06 00:00:00,344.28671975890876,1294810.0,347.3454938671864,347.5532901794664,341.5794529060509,AAPL,stock,True
2024-12-09,2024-12-09 00:00:00,347.1845254279209,3399601.0,342.3264904488865,347.78079767105686,339.48354462533575,AAPL,stock,True
2024-12-10,2024-12-10 00:00:00,342.3862890775224,1630919.0,338.73694377209716,345.0272066730385,337.823814675071,AAPL,stock,True
2024-12-11,2024-12-11 00:00:00,338.55369037686745,2900378.0,342.9143963332984,344.0116025640091,335.8407356743861,AAPL,stock,True
2024-12-12,2024-12-12 00:00:00,342.85590926178025,900984.0,338.2356423575292,345.1022783314452,335.6878569527113,AAPL,stock,True
2024-12-13,2024-12-13 00:00:00,338.1827189915037,3335412.0,333.64404301792587,338.87626591166855,333.5574547655249,AAPL,stock,True
2024-12-16,2024-12-16 00:00:00,333.609118695802,4478683.0,334.3072327649559,334.7449963315914,332.1017390785467,AAPL,stock,True
2024-12-17,2024-12-17 00:00:00,334.1908481609298,3005264.0,335.63116603067834,336.1798780797828,334.07313482928373,AAPL,stock,True
2024-12-18,2024-12-18 00:00:00,335.6254922066062,2639264.0,335.8935536854563,336.610492371814,333.7969531843301,AAPL,stock,True
2024-12-19,2024-12-19 00:00:00,335.84491694459115,1425710.0,335.66506321378756,337.03972566535936,334.5182919212872,AAPL,stock,True
2024-12-20,2024-12-20 00:00:00,335.6606175275352,732450.0,332.74690284664007,338.5955095178292,329.9080905634826,AAPL,stock,True
2024-12-23,2024-12-23 00:00:00,332.7250889069319,704229.0,327.9508949773331,333.37409549653563,327.0178188754973,AAPL,stock,True
2024-12-24,2024-12-24 00:00:00,327.8512868098458,4524519.0,324.71205653927177,330.06465243984405,322.64460790547554,AAPL,stock,True
2024-12-25,2024-12-25 00:00:00,324.6088715154486,500158.0,328.3665552506828,331.6311494507943,323.82257142786153,AAPL,stock,True
2024-12-26,2024-12-26 00:00:00,328.43095687033207,1634241.0,333.36833775944854,335.4149293838206,326.61549426657183,AAPL,stock,True
2024-12-27,2024-12-27 00:00:00,333.37456073170534,1543393.0,332.66708835791695,336.5263852850906,331.86357428977345,AAPL,stock,True
2024-12-30,2024-12-30 00:00:00,332.7737188113354,1704090.0,336.70542620465756,339.5602482079325,329.66253380325844,AAPL,stock,True
2024-12-31,2024-12-31 00:00:00,336.742261029,3215572.0,333.5071440388581,338.35656287422,330.55223815801816,AAPL,stock,True
2025-01-01,2025-01-01 00:00:00,333.4862875607067,1548565.0,331.39829549333746,334.7903562824087,328.1026921266649,AAPL,stock,True
2025-01-02,2025-01-02 00:00:00,331.3704035766468,2588755.0,331.51821369007456,331.701147119446,329.6601075623783,AAPL,stock,True
2025-01-03,2025-01-03 00:00:00,331.38173537876645,4634014.0,329.13787423019767,334.6030586205531,328.8251571944132,AAPL,stock,True
2025-01-06,2025-01-06 00:00:00,329.12949198487723,4527202.0,332.35047731949743,332.5237748259545,328.99711582008194,AAPL,stock,True
2025-01-07,2025-01-07 00:00:00,332.46799065745677,2836134.0,333.84971680116024,337.1218446820325,329.63355568500936,AAPL,stock,True
2025-01-08,2025-01-08 00:00:00,333.9029645956178,2434560.0,329.78052325695523,335.1685426946676,326.79132530353746,AAPL,stock,True
2025-01-09,2025-01-09 00:00:00,329.7306936884446,4188022.0,332.5470489191852,332.93497813863246,326.5239565912727,AAPL,stock,True
2025-01-10,2025-01-10 00:00:00,332.64356586655566,1183937.0,333.62057778929716,333.9247239148205,331.076767976841,AAPL,stock,True
2025-01-13,2025-01-13 00:00:00,333.7254437924076,4037342.0,331.0274686497193,337.0378250805878,330.65275885887127,AAPL,stock,True
2025-01-14,2025-01-14 00:00:00,331.0804661867822,3824213.0,333.2462574928851,334.62159459047757,329.5596417888081,AAPL,stock,True
2025-01-15,2025-01-15 00:00:00,333.1482562224543,2656984.0,335.79777565492185,337.73468214746237,332.2987423544923,AAPL,stock,True
2025-01-16,2025-01-16 00:00:00,335.6878380002099,2362892.0,337.16997440898143,338.37064862486835,333.92838791357997,AAPL,stock,True
2025-01-17,2025-01-17 00:00:00,337.2429258938201,2985609.0,332.4875840298531,337.3177878368292,331.0549311414115,AAPL,stock,True
2025-01-20,2025-01-20 00:00:00,332.4022510021243,3859488.0,335.2377611324332,337.71449459906705,330.4500273497628,AAPL,stock,True
2025-01-21,2025-01-21 00:00:00,335.31482799098126,1448550.0,334.5211080523824,338.0930796292628,334.3462591119174,AAPL,stock,True
2025-01-22,2025-01-22 00:00:00,334.3593785389836,3462162.0,337.8614891995739,339.3053793853154,331.75011938927963,AAPL,stock,True
2025-01-23,2025-01-23 00:00:00,337.9895099040145,751762.0,335.6236510345388,340.1180677813277,332.28018209924454,AAPL,stock,True
2025-01-24,2025-01-24 00:00:00,335.5690190398157,2849177.0,336.62291732218597,339.98813707064625,333.6705137587972,AAPL,stock,True
2025-01-27,2025-01-27 00:00:00,336.6237956991118,3307569.0,338.07583153116,339.8389149130386,336.2151202487924,AAPL,stock,True
2025-01-28,2025-01-28 00:00:00,338.12865353071294,2315228.0,341.72622553862277,341.938993753539,336.06755218029673,AAPL,stock,True
2025-01-29,2025-01-29 00:00:00,341.861793417487,909427.0,340.55493648159023,344.04514133324074,337.22787462884986,AAPL,stock,True
2025-01-30,2025-01-30 00:00:00,340.64389513099064,4502839.0,340.73481223373835,341.1767565993694,337.8223079360803,AAPL,stock,True
2025-01-31,2025-01-31 00:00:00,340.67176358678233,2458763.0,344.07595407932774,345.3109449015261,339.69393314323673,AAPL,stock,True
2025-02-03,2025-02-03 00:00:00,344.0559846567444,2142931.0,343.5136456490577,345.64768418575295,342.4009818770657,AAPL,stock,True
2025-02-04,2025-02-04 00:00:00,343.4623208969113,2678218.0,341.7490719640237,344.23815761849636,341.22160839686467,AAPL,stock,True
2025-02-05,2025-02-05 00:00:00,341.6441101647733,2248960.0,340.85026401687236,345.03644951267466,338.86636494945657,AAPL,stock,True
2025-02-06,2025-02-06 00:00:00,340.7971641319813,1088632.0,342.06984380046123,342.55101160545127,339.72845304761995,AAPL,stock,True
2025-02-07,2025-02-07 00:00:00,341.98634235907974,1429656.0,341.73643330096655,343.0913765329287,340.3839612501353,AAPL,stock,True
2025-02-10,2025-02-10 00:00:00,341.57510456471573,1405406.0,341.38921588292703,341.97481467232626,339.9930189565883,AAPL,stock,True
2025-02-11,2025-02-11 00:00:00,341.52847958708816,4215616.0,340.50298016579956,344.5657742227537,337.87025881935006,AAPL,stock,True
2025-02-12,2025-02-12 00:00:00,340.5611298178177,722234.0,343.9335400534437,346.7019792181007,339.12812436027974,AAPL,stock,True
2025-02-13,2025-02-13 00:00:00,343.94649372328723,2321027.0,342.21695884745765,346.9814323641544,339.54127376458223,AAPL,stock,True
2025-02-14,2025-02-14 00:00:00,342.26494886807166,3319611.0,337.5346254834146,342.4782134362695,336.4219592991315,AAPL,stock,True
2025-02-17,2025-02-17 00:00:00,337.65642871077637,1927292.0,339.78959803263615,341.3396193916086,335.9897180707891,AAPL,stock,True
2025-02-18,2025-02-18 00:00:00,339.7764722818,4936802.0,340.9887112422332,343.9295811510758,338.81658272824285,AAPL,stock,True
2025-02-19,2025-02-19 00:00:00,341.10489034372966,633955.0,344.1029292206069,344.4377500025496,339.5626368637942,AAPL,stock,True
2025-02-20,2025-02-20 00:00:00,344.08876085840046,3023803.0,344.5661577433141,344.64230891633116,341.9449643107095,AAPL,stock,True
2025-02-21,2025-02-21 00:00:00,344.5144179822224,1404113.0,348.4267845130699,349.86399159456994,342.79191704150065,AAPL,stock,True
2025-02-24,2025-02-24 00:00:00,348.2425196686099,1948836.0,351.3816530061519,353.54655346525163,348.1793022544497,AAPL,stock,True
2025-02-25,2025-02-25 00:00:00,351.2672315895394,2155043.0,356.1052816825014,357.15610462129195,350.29512129244404,AAPL,stock,True
2025-02-26,2025-02-26 00:00:00,355.9307739502633,4311901.0,358.5292840449495,361.0234167660839,355.84631186909456,AAPL,stock,True
2025-02-27,2025-02-27 00:00:00,358.5107889841214,2528859.0,355.93156884796286,358.98397178856965,354.3909011476734,AAPL,stock,True
2025-02-28,2025-02-28 00:00:00,355.96332296275506,539731.0,355.7828344620698,357.76319894125857,355.0802056696569,AAPL,stock,True
2025-03-03,2025-03-03 00:00:00,355.7436103276259,1081846.0,353.4731394501302,357.5384937828529,352.3349828801414,AAPL,stock,True
2025-03-04,2025-03-04 00:00:00,353.5812247017993,1465248.0,358.1240081110099,358.60103986899924,352.41925007358634,AAPL,stock,True
2025-03-05,2025-03-05 00:00:00,357.97660724222095,4790906.0,360.42292805348256,363.5365804476953,356.35130066176055,AAPL,stock,True
2025-03-06,2025-03-06 00:00:00,360.32410992845246,2068988.0,358.3363142108124,362.64688951385864,357.5188870658583,AAPL,stock,True
2025-03-07,2025-03-07 00:00:00,358.4195414977071,891372.0,362.0051258106906,362.0554301239472,358.18266227795414,AAPL,stock,True
2025-03-10,2025-03-10 00:00:00,361.97736853968905,3647596.0,361.86705783657453,364.21602226718016,358.9449604723892,AAPL,stock,True
2025-03-11,2025-03-11 00:00:00,362.0240268351331,4927670.0,357.26069077094087,365.56580197286667,353.9564917647742,AAPL,stock,True
2025-03-12,2025-03-12 00:00:00,357.22252451395127,2407201.0,352.34096134743424,360.33946897123,349.83308450330486,AAPL,stock,True
2025-03-13,2025-03-13 00:00:00,352.2434791337901,649833.0,351.72127873187594,355.5632123283308,348.27066239963324,AAPL,stock,True
2025-03-14,2025-03-14 00:00:00,351.77492971543745,1473268.0,351.47177617068525,352.0236495381054,350.9806003869379,AAPL,stock,True
2025-03-17,2025-03-17 00:00:00,351.45734951306133,2346202.0,352.6797235620945,354.37175843566473,350.1309339265792,AAPL,stock,True
2025-03-18,2025-03-18 00:00:00,352.644298311965,1590785.0,352.365088292809,354.0271986152372,350.21692049759815,AAPL,stock,True
2025-03-19,2025-03-19 00:00:00,352.21124516253,3734439.0,356.2278811431499,357.58681948254804,352.12103466105896,AAPL,stock,True
2025-03-20,2025-03-20 00:00:00,356.38437560987387,4616247.0,354.42632475344743,356.7345256853639,352.53296636957356,AAPL,stock,True
2025-03-21,2025-03-21 00:00:00,354.302894918238,4110270.0,357.0841920763182,360.3511717657566,353.56458760487084,AAPL,stock,True
2025-03-24,2025-03-24 00:00:00,356.8941829458081,4891100.0,360.4168177938191,363.96577433363007,354.07887423625004,AAPL,stock,True
2025-03-25,2025-03-25 00:00:00,360.51453015058104,3788249.0,358.2867732362818,363.44973782412035,356.7502052726076,AAPL,stock,True
2025-03-26,2025-03-26 00:00:00,358.36769955516763,2763680.0,353.70131889281504,360.99923980696394,353.5946034795236,AAPL,stock,True
2025-03-27,2025-03-27 00:00:00,353.6002996883042,4223986.0,351.80392993828406,355.0000034080082,349.88043320081545,AAPL,stock,True
2025-03-28,2025-03-28 00:00:00,351.67750459110397,2814850.0,352.0956190138327,352.5415375148627,351.11520094162444,AAPL,stock,True
2025-03-31,2025-03-31 00:00:00,352.09518207239773,4386989.0,348.10199913317865,354.6878387780978,345.5483268584116,AAPL,stock,True
2025-04-01,2025-04-01 00:00:00,348.2352180521156,2292616.0,343.2227471418145,351.6286297493221,341.3984588306864,AAPL,stock,True
2025-04-02,2025-04-02 00:00:00,343.33066943120775,4303380.0,344.56373095736075,346.52661708890764,342.910191917138,AAPL,stock,True
2025-04-03,2025-04-03 00:00:00,344.3917824991441,2956238.0,342.65562472262155,346.1203354518153,340.1085332989169,AAPL,stock,True
2025-04-04,2025-04-04 00:00:00,342.6986111221589,1053926.0,341.78182577204683,344.94451005903034,339.6112114936548,AAPL,stock,True
2025-04-07,2025-04-07 00:00:00,341.8353065691759,3436214.0,343.12700937277833,345.87883999313624,339.24852589360546,AAPL,stock,True
2025-04-08,2025-04-08 00:00:00,343.09102890636996,868553.0,343.1362325510195,346.52155883632275,339.83456600108264,AAPL,stock,True
2025-04-09,2025-04-09 00:00:00,343.14902573813043,3135434.0,346.72834336208086,347.0373635617309,342.9874301244607,AAPL,stock,True
2025-04-10,2025-04-10 00:00:00,346.5435780160796,4953718.0,343.5464906667112,348.7947812693441,342.4913107548023,AAPL,stock,True
2025-04-11,2025-04-11 00:00:00,343.57477882941623,2899184.0,340.15956777665974,346.17239896101097,338.5792030639454,AAPL,stock,True
2025-04-14,2025-04-14 00:00:00,339.99327487954616,1510471.0,344.93415795995907,346.8091831602422,337.258539009854,AAPL,stock,True
2025-04-15,2025-04-15 00:00:00,345.010671240212,1188168.0,347.0202248996981,347.8458662323425,341.7875099409083,AAPL,stock,True
2025-04-16,2025-04-16 00:00:00,346.9997784035609,1752279.0,344.58861679423484,350.0924136188934,343.33194193832355,AAPL,stock,True
2025-04-17,2025-04-17 00:00:00,344.6009003828526,2102573.0,340.12261905271583,346.44816468845767,336.91129857945526,AAPL,stock,True
2025-04-18,2025-04-18 00:00:00,340.0025969406537,2282709.0,343.26754823431736,345.73998728174314,338.1507633316695,AAPL,stock,True
2025-04-21,2025-04-21 00:00:00,343.3370053534058,2672565.0,343.1694736325407,345.5906156502556,340.5882889412361,AAPL,stock,True
2025-04-22,2025-04-22 00:00:00,343.25641461874375,2393040.0,339.1888510708085,345.78800436184906,339.176092822982,AAPL,stock,True
2025-04-23,2025-04-23 00:00:00,339.24677856872773,1902510.0,337.8950186402891,342.5379193158886,335.5068001574425,AAPL,stock,True
2025-04-24,2025-04-24 00:00:00,337.93949326028326,1048078.0,341.06590009427606,342.4625752251159,337.68333614641676,AAPL,stock,True
2025-04-25,2025-04-25 00:00:00,340.9811476661533,2274506.0,341.5697192095932,344.6136390179396,337.82895732893314,AAPL,stock,True
2025-04-28,2025-04-28 00:00:00,341.51626000559116,4316931.0,340.909609495815,342.37635276323124,338.8862694618316,AAPL,stock,True
2025-04-29,2025-04-29 00:00:00,340.8338317444659,3264383.0,337.931001561658,342.7806966069487,336.08100794435353,AAPL,stock,True
2025-04-30,2025-04-30 00:00:00,337.7745439366375,2875689.0,333.02945677989595,340.6452109532926,332.71051529843186,AAPL,stock,True
2025-05-01,2025-05-01 00:00:00,333.1197367878903,788005.0,330.17076281008093,336.05363026640043,329.44342251169167,AAPL,stock,True
2025-05-02,2025-05-02 00:00:00,330.2984805029522,1081253.0,331.43506661552993,334.54009577798496,329.75381334348003,AAPL,stock,True
2025-05-05,2025-05-05 00:00:00,331.4855437100555,2803492.0,333.14154535986137,334.388865078832,329.38144365402565,AAPL,stock,True
2025-05-06,2025-05-06 00:00:00,333.13471407414556,1528094.0,334.46461328580983,337.3589200402437,330.0512670655698,AAPL,stock,True
2025-05-07,2025-05-07 00:00:00,334.3831820912233,3860782.0,336.296113569851,339.31229934562873,334.0529041713191,AAPL,stock,True
2025-05-08,2025-05-08 00:00:00,336.1777361275912,4145257.0,337.98096492380915,339.7129633188723,333.54696883024855,AAPL,stock,True
2025-05-09,2025-05-09 00:00:00,337.9679591785257,3555954.0,334.2775903878398,338.77401868306754,334.1929698503121,AAPL,stock,True
2025-05-12,2025-05-12 00:00:00,334.15507170574955,1666642.0,339.20038569085307,341.5501940814629,333.5225037620662,AAPL,stock,True
2025-05-13,2025-05-13 00:00:00,339.25572396195753,1171375.0,337.7866149358266,341.91506319111613,337.01849765132215,AAPL,stock,True
2025-05-14,2025-05-14 00:00:00,337.747081654859,1808953.0,340.21252231402036,340.69903969447773,336.5301048879426,AAPL,stock,True
2025-05-15,2025-05-15 00:00:00,340.1383478104132,4837907.0,340.5807748855475,343.55663557623586,338.07849827099665,AAPL,stock,True
2025-05-16,2025-05-16 00:00:00,340.61562021469973,4676406.0,337.94874851848505,341.03143852016825,336.97724551958936,AAPL,stock,True
2025-05-19,2025-05-19 00:00:00,338.08040304808543,1206591.0,340.6342306483539,340.66532185054695,335.22532858460664,AAPL,stock,True
2025-05-20,2025-05-20 00:00:00,340.77715542780345,2592691.0,341.5824006602063,344.76815567958187,340.6301531918755,AAPL,stock,True
2025-05-21,2025-05-21 00:00:00,341.633721376699,1916867.0,346.52460445253047,348.9082390790046,339.46315243418087,AAPL,stock,True
2025-05-22,2025-05-22 00:00:00,346.4489602932943,705843.0,343.8681382385088,349.18711392756757,343.0206508835653,AAPL,stock,True
2025-05-23,2025-05-23 00:00:00,343.9954569748217,4129409.0,345.8793828237138,347.204944461536,341.2869001505979,AAPL,stock,True
2025-05-26,2025-05-26 00:00:00,345.94328449061965,4021447.0,341.99290633484287,347.1882551118667,341.95846125910583,AAPL,stock,True
2025-05-27,2025-05-27 00:00:00,341.86909200089,2762470.0,337.48806324749694,344.88417369890357,335.69716636996384,AAPL,stock,True
2025-05-28,2025-05-28 00:00:00,337.63907279193336,2901013.0,341.95753513226487,344.4014275876239,336.1654348437352,AAPL,stock,True
2025-05-29,2025-05-29 00:00:00,341.7824687565198,2863847.0,344.2121691614592,345.1724243521434,340.5180203641569,AAPL,stock,True
2025-05-30,2025-05-30 00:00:00,344.2864487866368,1343082.0,339.7042943188529,346.74795901941354,337.05927055066394,AAPL,stock,True
2025-06-02,2025-06-02 00:00:00,339.6318304389846,2088619.0,343.16379693367713,346.1587110845096,337.3609481732359,AAPL,stock,True
2025-06-03,2025-06-03 00:00:00,343.00915728071163,2459965.0,342.1113346110546,345.2826938523602,339.3466243299821,AAPL,stock,True
2025-06-04,2025-06-04 00:00:00,341.98847136211344,586953.0,346.2045459885993,346.30989057732353,339.3037140591894,AAPL,stock,True
2025-06-05,2025-06-05 00:00:00,346.07540034637566,746777.0,341.82044468725917,349.2637733181165,339.9390463296811,AAPL,stock,True
2025-06-06,2025-06-06 00:00:00,341.9034870389612,2720751.0,339.3969932096788,343.60117265696056,336.73918831637116,AAPL,stock,True
2025-06-09,2025-06-09 00:00:00,339.3621221884642,2474190.0,334.47225554119734,340.05388271393934,332.09365491524227,AAPL,stock,True
2025-06-10,2025-06-10 00:00:00,334.3094373443648,905826.0,329.85404070829566,334.48171814184684,329.36460261724136,AAPL,stock,True
2025-06-11,2025-06-11 00:00:00,329.98773569058335,1005181.0,327.80040023649656,330.0929577749852,324.9661794577323,AAPL,stock,True
2025-06-12,2025-06-12 00:00:00,327.8376468203072,2813857.0,331.76582431595574,335.00290228357045,327.025113172456,AAPL,stock,True
2025-06-13,2025-06-13 00:00:00,331.6603733118903,1007916.0,332.3841198051339,334.3166584750556,328.6130993596453,AAPL,stock,True
2025-06-16,2025-06-16 00:00:00,332.41705631860214,871912.0,334.72005575909094,337.93081737299076,330.44998256240575,AAPL,stock,True
2025-06-17,2025-06-17 00:00:00,334.7211090627576,3926398.0,331.77808264119216,336.74523629761603,328.49656568919454,AAPL,stock,True
2025-06-18,2025-06-18 00:00:00,331.81686059573883,2355547.0,330.38524643215794,333.9821534700462,327.44983272186283,AAPL,stock,True
2025-06-19,2025-06-19 00:00:00,330.3896587518,1323436.0,332.20310863197227,333.6344481810947,330.3759591448286,AAPL,stock,True
2025-06-20,2025-06-20 00:00:00,332.10869137773926,1494213.0,329.9487128918245,334.7641391536293,327.35279333979184,AAPL,stock,True
2025-06-23,2025-06-23 00:00:00,329.88979247717896,2560863.0,331.46582914215486,332.4797000722364,328.8529494880342,AAPL,stock,True
2025-06-24,2025-06-24 00:00:00,331.61480518849214,4372235.0,330.6156894682874,332.3250822101811,327.73181026002294,AAPL,stock,True
2025-06-25,2025-06-25 00:00:00,330.4649509684297,549390.0,328.2302892772752,330.9524738074812,327.8385833013015,AAPL,stock,True
2025-06-26,2025-06-26 00:00:00,328.23024185122574,2514638.0,332.5693620392286,333.5965661264528,327.347397388745,AAPL,stock,True
2025-06-27,2025-06-27 00:00:00,332.6577100645799,810531.0,332.1616736494408,334.15520975768254,331.05793132775005,AAPL,stock,True
2025-06-30,2025-06-30 00:00:00,332.13298580093874,3707495.0,328.9887763203052,334.0560147088005,327.73233999836435,AAPL,stock,True
2025-07-01,2025-07-01 00:00:00,329.0072443649991,3653207.0,333.49192858592033,333.90690472203534,328.1249913056839,AAPL,stock,True
2025-07-02,2025-07-02 00:00:00,333.3577892855069,3870334.0,336.21907061512076,338.92837817674575,330.50956165257804,AAPL,stock,True
2025-07-03,2025-07-03 00:00:00,336.309940651159,1512267.0,331.791716807682,337.8703551509448,329.1222990981602,AAPL,stock,True
2025-07-04,2025-07-04 00:00:00,331.6756224325243,3981578.0,328.84025055813794,333.8096949534236,326.0473866613393,AAPL,stock,True
2025-07-07,2025-07-07 00:00:00,328.98182197664204,2773363.0,328.689622683964,329.27131781843286,325.4456043426639,AAPL,stock,True
2025-07-08,2025-07-08 00:00:00,328.63389298397294,2218681.0,332.66338990303626,334.9399084973838,325.67032715733177,AAPL,stock,True
2025-07-09,2025-07-09 00:00:00,332.51930567483845,2506274.0,331.63924412955004,332.7855765999638,331.4353897688449,AAPL,stock,True
2025-07-10,2025-07-10 00:00:00,331.72474317953316,756227.0,332.9815997457079,333.78188124891346,328.47250667007023,AAPL,stock,True
2025-07-11,2025-07-11 00:00:00,333.09501435111764,4758940.0,333.7272519475636,336.7616887598366,330.80604658507445,AAPL,stock,True
2025-07-14,2025-07-14 00:00:00,333.8146088696936,1178972.0,332.3840737160374,335.77917016581745,329.6754728321712,AAPL,stock,True
2025-07-15,2025-07-15 00:00:00,332.23747449951736,1242258.0,336.0,336.8999235662947,329.4076393901396,AAPL,stock,True
2024-11-06,2024-11-06 00:00:00,288.170877898552,4466994.0,286.07752958689287,289.3640320296992,285.06226779542845,MSFT,stock,True
2024-11-07,2024-11-07 00:00:00,286.1549464649821,4136391.0,289.9299110307982,291.4057241759509,284.9285994587941,MSFT,stock,True
2024-11-08,2024-11-08 00:00:00,289.97256392104214,1124906.0,288.5648430763244,290.9158069660459,287.84752549088034,MSFT,stock,True
2024-11-11,2024-11-11 00:00:00,288.6142610535756,2546381.0,290.5386687432154,292.2407468874801,287.81073186546627,MSFT,stock,True
2024-11-12,2024-11-12 00:00:00,290.3829989727341,4566429.0,292.86234025200116,294.4814302198907,289.23186847055837,MSFT,stock,True
2024-11-13,2024-11-13 00:00:00,292.7331220335983,3745237.0,292.5378062630189,294.603362338385,291.18600250708647,MSFT,stock,True
2024-11-14,2024-11-14 00:00:00,292.38890971987047,3324221.0,295.7476487127821,298.1713348637747,292.17340073375885,MSFT,stock,True
2024-11-15,2024-11-15 00:00:00,295.83671713108504,2178006.0,294.8846094141387,296.326515775218,293.44789910696153,MSFT,stock,True
2024-11-18,2024-11-18 00:00:00,294.80078217149025,596533.0,299.19362988879385,299.54775314193097,293.8808891257635,MSFT,stock,True
2024-11-19,2024-11-19 00:00:00,299.2451664585144,1305713.0,300.80643758492766,300.8480170091993,297.86316811824275,MSFT,stock,True
2024-11-20,2024-11-20 00:00:00,300.72319771187045,2810189.0,296.52676509345116,301.26980438032155,294.22047481959,MSFT,stock,True
2024-11-21,2024-11-21 00:00:00,296.5971803628266,1187593.0,293.109649902076,298.69306460225954,292.2230960155423,MSFT,stock,True
2024-11-22,2024-11-22 00:00:00,293.1330542905881,2792320.0,296.5037841024321,298.058512160611,291.4838245132543,MSFT,stock,True
2024-11-25,2024-11-25 00:00:00,296.4672803438163,4805140.0,299.73240621831775,300.4217508974805,296.04915386473266,MSFT,stock,True
2024-11-26,2024-11-26 00:00:00,299.8401139614994,4557343.0,298.5627611608277,301.3906637753441,298.15303749986083,MSFT,stock,True
2024-11-27,2024-11-27 00:00:00,298.5324646889252,3338494.0,295.0279622548885,298.65200151794136,294.73286589221533,MSFT,stock,True
2024-11-28,2024-11-28 00:00:00,295.0001869512458,3479360.0,296.9276421851202,297.63647191921063,294.701329650938,MSFT,stock,True
2024-11-29,2024-11-29 00:00:00,296.80410296467454,908021.0,294.01732298199045,299.07318904658007,291.39664129717255,MSFT,stock,True
2024-12-02,2024-12-02 00:00:00,293.86084478896896,3890115.0,292.1554514391533,296.3534522763243,291.300303121709,MSFT,stock,True
2024-12-03,2024-12-03 00:00:00,292.00276779237976,3627811.0,294.48387201681476,296.8627119449031,289.5322213732266,MSFT,stock,True
2024-12-04,2024-12-04 00:00:00,294.3693050912378,3058005.0,290.09092579283896,295.7286666320688,287.38623140574856,MSFT,stock,True
2024-12-05,2024-12-05 00:00:00,290.15662514642827,4658560.0,291.4097729994925,294.12886839839916,289.7360201533599,MSFT,stock,True
2024-12-06,2024-12-06 00:00:00,291.2977176601618,4733596.0,288.1673925947358,293.47132345818966,287.4474033697356,MSFT,stock,True
2024-12-09,2024-12-09 00:00:00,288.09809807788844,3995532.0,287.3393097003025,288.49227080207953,286.5388677349462,MSFT,stock,True
2024-12-10,2024-12-10 00:00:00,287.38644428280867,521520.0,289.2560905997522,291.6387881088922,287.3578672318144,MSFT,stock,True
2024-12-11,2024-12-11 00:00:00,289.2112313416642,3084573.0,290.6248321569757,292.10729739106023,286.7315445542888,MSFT,stock,True
2024-12-12,2024-12-12 00:00:00,290.54735815765764,4856695.0,291.0477711844876,291.4162400441138,288.2328343757633,MSFT,stock,True
2024-12-13,2024-12-13 00:00:00,291.14588180896703,2279295.0,293.5290579630284,294.67164992047384,290.3473646424304,MSFT,stock,True
2024-12-16,2024-12-16 00:00:00,293.61874963362334,3789118.0,290.9176640043482,295.17730398946867,289.6246369740398,MSFT,stock,True
2024-12-17,2024-12-17 00:00:00,290.9893149928868,1137409.0,293.29524392173016,293.8217643074951,290.40428241187504,MSFT,stock,True
2024-12-18,2024-12-18 00:00:00,293.30709718759596,2131592.0,290.71054217552455,294.22871743748146,287.96805291871766,MSFT,stock,True
2024-12-19,2024-12-19 00:00:00,290.5696958991052,624303.0,292.2483605791129,292.76715589888437,290.3176846287273,MSFT,stock,True
2024-12-20,2024-12-20 00:00:00,292.36494135093955,3632044.0,289.97571924624174,292.44953167536227,288.63777934189073,MSFT,stock,True
2024-12-23,2024-12-23 00:00:00,289.94220359312305,2971350.0,288.903003065595,292.64874345845124,286.0206966472485,MSFT,stock,True
2024-12-24,2024-12-24 00:00:00,288.98516594698026,2530245.0,287.30126537333905,289.3552741743919,286.6916534706666,MSFT,stock,True
2024-12-25,2024-12-25 00:00:00,287.296010446211,4773691.0,285.81590218553424,289.4936037711276,285.3386711627484,MSFT,stock,True
2024-12-26,2024-12-26 00:00:00,285.74897161238,1582939.0,289.8082112631261,290.6938061059635,284.28146751928887,MSFT,stock,True
2024-12-27,2024-12-27 00:00:00,289.846670738403,4960352.0,287.7995325249858,291.74797624309724,286.0144279837548,MSFT,stock,True
2024-12-30,2024-12-30 00:00:00,287.87303996917,2583947.0,287.032761976329,288.1283365678457,285.9312317149132,MSFT,stock,True
2024-12-31,2024-12-31 00:00:00,286.9101222533341,2364668.0,288.71804728624056,289.72545444311976,284.774247919041,MSFT,stock,True
2025-01-01,2025-01-01 00:00:00,288.62081833309963,1174437.0,287.7741140844384,290.3822570737844,286.86208157311245,MSFT,stock,True
2025-01-02,2025-01-02 00:00:00,287.7697537195561,2883875.0,283.52067688698514,288.44773840073987,282.9569422095925,MSFT,stock,True
2025-01-03,2025-01-03 00:00:00,283.5889416404205,4883571.0,280.5156534945692,286.0352526066631,279.6328188567941,MSFT,stock,True
2025-01-06,2025-01-06 00:00:00,280.3847425608743,962908.0,282.3217920222523,282.89247787480735,278.3717817415815,MSFT,stock,True
2025-01-07,2025-01-07 00:00:00,282.32488811439515,4026209.0,285.37183399371486,287.93999350046283,281.5974379765884,MSFT,stock,True
2025-01-08,2025-01-08 00:00:00,285.30951811272024,3868116.0,284.20594054434815,287.28862046489814,283.115543748072,MSFT,stock,True
2025-01-09,2025-01-09 00:00:00,284.3217245427552,1945571.0,287.8109858590521,288.52321163262087,282.2544484071468,MSFT,stock,True
2025-01-10,2025-01-10 00:00:00,287.6961680321263,3516008.0,288.8603586087238,290.0675704473589,286.0965627084605,MSFT,stock,True
2025-01-13,2025-01-13 00:00:00,288.8608848816756,1752874.0,287.21175758344015,291.5698810536048,285.23503163997833,MSFT,stock,True
2025-01-14,2025-01-14 00:00:00,287.27469095973447,4634568.0,288.83314472904067,291.0255513146059,286.3891997550656,MSFT,stock,True
2025-01-15,2025-01-15 00:00:00,288.67451690200596,563831.0,287.7482837261053,290.78313795508853,287.00084706422166,MSFT,stock,True
2025-01-16,2025-01-16 00:00:00,287.73210285565347,3572407.0,284.7945817063902,288.85393255016544,284.6520802363537,MSFT,stock,True
2025-01-17,2025-01-17 00:00:00,284.67287264249234,694533.0,288.69015573339306,289.80577600562816,283.80485333079673,MSFT,stock,True
2025-01-20,2025-01-20 00:00:00,288.5854398356731,1535262.0,292.3308301220943,292.54915061245396,287.88337433544416,MSFT,stock,True
2025-01-21,2025-01-21 00:00:00,292.35618349409623,3921120.0,288.6913151305127,292.5732611959832,287.6467416901693,MSFT,stock,True
2025-01-22,2025-01-22 00:00:00,288.65054320830137,1398281.0,289.81764070175944,290.696231220538,287.2689236715932,MSFT,stock,True
2025-01-23,2025-01-23 00:00:00,289.7194167436326,4579722.0,292.36991185141954,294.96402572574834,287.3715999000704,MSFT,stock,True
2025-01-24,2025-01-24 00:00:00,292.40247049681136,4154602.0,289.22147180404687,293.73356132508343,286.50327697916777,MSFT,stock,True
2025-01-27,2025-01-27 00:00:00,289.2989351726279,3531335.0,291.54152074883456,293.9638296807064,288.6680925500626,MSFT,stock,True
2025-01-28,2025-01-28 00:00:00,291.60540580762887,2807268.0,291.6136109813792,294.2710074630844,290.09857429531786,MSFT,stock,True
2025-01-29,2025-01-29 00:00:00,291.53134253224994,4551339.0,289.81226440088216,293.8724731893779,288.121308779676,MSFT,stock,True
2025-01-30,2025-01-30 00:00:00,289.6892863159896,3929694.0,286.8417889686777,291.5525174903758,286.7362670732824,MSFT,stock,True
2025-01-31,2025-01-31 00:00:00,286.7099163005881,3032634.0,283.8323058154363,287.778721397725,282.3047680195578,MSFT,stock,True
2025-02-03,2025-02-03 00:00:00,283.8860710018766,3636724.0,280.83358616897857,285.25828636446585,280.24926397824214,MSFT,stock,True
2025-02-04,2025-02-04 00:00:00,280.77917281936993,783697.0,280.8633570477099,282.60281206206525,278.7123724310046,MSFT,stock,True
2025-02-05,2025-02-05 00:00:00,280.8288679503454,3674193.0,282.8789653058281,283.95445626931485,280.5493786226043,MSFT,stock,True
2025-02-06,2025-02-06 00:00:00,282.91996302548534,4196261.0,285.88035506804465,286.5641223882585,280.61051589542444,MSFT,stock,True
2025-02-07,2025-02-07 00:00:00,285.8892422241717,3078364.0,282.52476477766527,286.8039343806732,280.61751501104726,MSFT,stock,True
2025-02-10,2025-02-10 00:00:00,282.63523917264826,2123362.0,281.6354388031838,283.13882846244076,281.4029332158654,MSFT,stock,True
2025-02-11,2025-02-11 00:00:00,281.49366019949474,4344863.0,281.9045137480573,281.9837714628998,279.86913627628826,MSFT,stock,True
2025-02-12,2025-02-12 00:00:00,281.82690960079725,1183525.0,283.71828546157195,285.520896275387,280.8571889636545,MSFT,stock,True
2025-02-13,2025-02-13 00:00:00,283.5757554426556,3575369.0,279.7645618400742,285.8726462767896,279.00774569372504,MSFT,stock,True
2025-02-14,2025-02-14 00:00:00,279.86003412020375,4736165.0,283.1021340667912,283.5020268380171,277.87609942371336,MSFT,stock,True
2025-02-17,2025-02-17 00:00:00,283.0453243369955,1865859.0,287.1243080579559,289.5761567867516,281.9384195347896,MSFT,stock,True
2025-02-18,2025-02-18 00:00:00,287.207902798129,609292.0,286.55257497756077,288.2471001527003,285.7733052158536,MSFT,stock,True
2025-02-19,2025-02-19 00:00:00,286.5898418891992,2526087.0,285.7093486762525,288.39881479524905,284.1239666718553,MSFT,stock,True
2025-02-20,2025-02-20 00:00:00,285.5667282987713,721057.0,286.15048228329186,288.2016743988578,283.3859597554833,MSFT,stock,True
2025-02-21,2025-02-21 00:00:00,286.14963987352866,4023208.0,288.8631729627584,288.9536662515053,285.04922263065913,MSFT,stock,True
2025-02-24,2025-02-24 00:00:00,288.82765268912533,4938266.0,286.4378921697589,289.1941650347592,286.38887148401216,MSFT,stock,True
2025-02-25,2025-02-25 00:00:00,286.44322956903363,3808074.0,285.6005609052844,288.1357123673281,284.97285673670643,MSFT,stock,True
2025-02-26,2025-02-26 00:00:00,285.44795288250776,1640573.0,288.95024356781164,289.4180151666227,284.3324783401766,MSFT,stock,True
2025-02-27,2025-02-27 00:00:00,289.0461999339838,4123402.0,287.275003737136,291.4091073626502,284.93150622324447,MSFT,stock,True
2025-02-28,2025-02-28 00:00:00,287.34282989533045,4112494.0,290.3208911503699,290.83595610199967,285.67455857513005,MSFT,stock,True
2025-03-03,2025-03-03 00:00:00,290.16660652821673,2797202.0,290.31773034771527,291.2961627405627,288.5369215281558,MSFT,stock,True
2025-03-04,2025-03-04 00:00:00,290.4472498529536,1083404.0,293.9607876897823,294.6796053367832,289.53343729519446,MSFT,stock,True
2025-03-05,2025-03-05 00:00:00,294.08584034177926,505224.0,293.1251610186733,296.2409063071755,290.93379807837545,MSFT,stock,True
2025-03-06,2025-03-06 00:00:00,293.24184893772315,4603915.0,289.7795182576207,294.40156882431523,289.6043613571889,MSFT,stock,True
2025-03-07,2025-03-07 00:00:00,289.7300363268924,1845132.0,292.07644552720933,292.19354307097916,289.1620065878277,MSFT,stock,True
2025-03-10,2025-03-10 00:00:00,292.1306835768821,4254006.0,294.7645693643165,296.22278371440393,290.24540466523575,MSFT,stock,True
2025-03-11,2025-03-11 00:00:00,294.7936844950852,778303.0,298.93624297886487,301.2188351454659,294.1308197143906,MSFT,stock,True
2025-03-12,2025-03-12 00:00:00,299.04050872972846,3177505.0,298.9281141254337,301.8384618440274,297.8326653173402,MSFT,stock,True
2025-03-13,2025-03-13 00:00:00,298.7817187260587,1823135.0,300.96116877758107,301.56245547436436,298.6324083550603,MSFT,stock,True
2025-03-14,2025-03-14 00:00:00,300.99421910443965,1778458.0,300.55651694244324,301.6714118462478,297.569748459558,MSFT,stock,True
2025-03-17,2025-03-17 00:00:00,300.4889438907467,1726244.0,302.4745775814009,303.8384468105793,299.0596289262976,MSFT,stock,True
2025-03-18,2025-03-18 00:00:00,302.48868193942116,1480545.0,305.6169880641697,306.28476077701237,300.57215930942203,MSFT,stock,True
2025-03-19,2025-03-19 00:00:00,305.56137869786113,4231659.0,303.0681064175441,306.79456806030913,301.0845487227588,MSFT,stock,True
2025-03-20,2025-03-20 00:00:00,302.93433191113013,2361902.0,301.84776793366433,304.3794524390899,300.7316601649878,MSFT,stock,True
2025-03-21,2025-03-21 00:00:00,301.69359609206845,3360854.0,304.84360025292995,305.2510726637482,300.4473410796888,MSFT,stock,True
2025-03-24,2025-03-24 00:00:00,304.752252950968,1722778.0,307.0707466095044,309.41307622773587,302.24460853147997,MSFT,stock,True
2025-03-25,2025-03-25 00:00:00,307.0804976368473,3548615.0,305.72810264117385,308.1077734421312,304.8945965946713,MSFT,stock,True
2025-03-26,2025-03-26 00:00:00,305.7910416517106,4864240.0,307.9233408548785,307.94501511234694,303.70880867531326,MSFT,stock,True
2025-03-27,2025-03-27 00:00:00,307.89125248007696,1451780.0,312.0019600587923,312.11909520641126,306.3542642282558,MSFT,stock,True
2025-03-28,2025-03-28 00:00:00,311.99314562461717,2453405.0,312.4534532191934,313.7362002643751,311.0909652725652,MSFT,stock,True
2025-03-31,2025-03-31 00:00:00,312.37980381477973,3597832.0,314.35086328097134,315.76817457561094,310.5630741389724,MSFT,stock,True
2025-04-01,2025-04-01 00:00:00,314.2639403652086,779417.0,311.6249982793006,315.02328935426084,310.18491188433757,MSFT,stock,True
2025-04-02,2025-04-02 00:00:00,311.5235755505707,828090.0,315.4301309369731,315.460273102966,309.02628655508374,MSFT,stock,True
2025-04-03,2025-04-03 00:00:00,315.56079144097487,3055183.0,316.5633099442406,317.3625797529392,313.4137290798229,MSFT,stock,True
2025-04-04,2025-04-04 00:00:00,316.6014450250826,2151703.0,318.6358375123125,319.7119212636976,314.5466650917204,MSFT,stock,True
2025-04-07,2025-04-07 00:00:00,318.50840771565544,2771745.0,322.3945411060147,322.81332611556877,317.54511739731817,MSFT,stock,True
2025-04-08,2025-04-08 00:00:00,322.53042438402304,1914981.0,322.07778382630323,323.8092027189558,322.025204919997,MSFT,stock,True
2025-04-09,2025-04-09 00:00:00,322.2069474959662,927030.0,326.8163653654769,328.5829935496031,322.07518521425027,MSFT,stock,True
2025-04-10,2025-04-10 00:00:00,326.66690417315755,1406014.0,330.4263807339917,331.8364755663807,323.7532742291351,MSFT,stock,True
2025-04-11,2025-04-11 00:00:00,330.4446195151593,2681286.0,330.1901250499859,332.1862350866696,328.407095610882,MSFT,stock,True
2025-04-14,2025-04-14 00:00:00,330.1631642593716,3795888.0,332.39923516102107,332.8206366820851,328.96567679340546,MSFT,stock,True
2025-04-15,2025-04-15 00:00:00,332.4159602773903,2154737.0,334.81480098602157,335.67692038552207,332.27372757561926,MSFT,stock,True
2025-04-16,2025-04-16 00:00:00,334.6709778235447,4487570.0,330.8042536705391,336.0001181470384,329.43323173735354,MSFT,stock,True
2025-04-17,2025-04-17 00:00:00,330.9509899394495,3955683.0,334.5808162418714,337.1382656101967,329.6485697025174,MSFT,stock,True
2025-04-18,2025-04-18 00:00:00,334.5984915287508,700153.0,338.57066773345633,341.2942283652371,334.13355412564806,MSFT,stock,True
2025-04-21,2025-04-21 00:00:00,338.4887997781604,4597335.0,342.9039705149347,346.27540193297045,336.6067508012234,MSFT,stock,True
2025-04-22,2025-04-22 00:00:00,342.77225305960394,3798921.0,339.03589745861274,346.1432816857439,338.3368818056502,MSFT,stock,True
2025-04-23,2025-04-23 00:00:00,338.8550299707504,4625677.0,340.4192476174247,340.6489686292657,337.1649902648741,MSFT,stock,True
2025-04-24,2025-04-24 00:00:00,340.3559651186712,3673611.0,343.9976449919808,347.0092048328002,340.21389254732355,MSFT,stock,True
2025-04-25,2025-04-25 00:00:00,343.8802345847541,2209042.0,347.6781466653134,350.37260495899227,340.8944229071098,MSFT,stock,True
2025-04-28,2025-04-28 00:00:00,347.6556005326864,3325018.0,351.9279788732887,353.7955377009692,346.350569536365,MSFT,stock,True
2025-04-29,2025-04-29 00:00:00,351.8266589301741,4970762.0,348.7135171435209,351.9648057946958,348.0942038680097,MSFT,stock,True
2025-04-30,2025-04-30 00:00:00,348.6924804421453,904630.0,347.7595099225453,351.03859190369593,344.4544951340317,MSFT,stock,True
2025-05-01,2025-05-01 00:00:00,347.7279517304285,4457669.0,343.0536667453408,349.8456769247737,340.1006117959539,MSFT,stock,True
2025-05-02,2025-05-02 00:00:00,342.9911152267706,3045844.0,338.08063853101874,345.01524489966994,335.60898499817887,MSFT,stock,True
2025-05-05,2025-05-05 00:00:00,337.94521819393316,4262075.0,333.0174652176725,340.6553155757848,332.3687786252981,MSFT,stock,True
2025-05-06,2025-05-06 00:00:00,333.16676427033315,3022214.0,337.97024946928724,341.1805682336659,330.2893014196466,MSFT,stock,True
2025-05-07,2025-05-07 00:00:00,337.94283384923705,786093.0,342.26513997518117,343.174447587626,336.9086513501351,MSFT,stock,True
2025-05-08,2025-05-08 00:00:00,342.3885376532337,3581092.0,344.77178998837087,345.34660841761655,341.5778283217387,MSFT,stock,True
2025-05-09,2025-05-09 00:00:00,344.65936943995223,1697153.0,347.0354855549394,347.404840737403,341.5455671243072,MSFT,stock,True
2025-05-12,2025-05-12 00:00:00,347.17879288322143,2352773.0,350.61407928032753,350.6970847087406,346.42041034189026,MSFT,stock,True
2025-05-13,2025-05-13 00:00:00,350.6467156751896,1910617.0,347.87206944051707,351.6944405212141,347.4449651193308,MSFT,stock,True
2025-05-14,2025-05-14 00:00:00,347.8653162687571,4387650.0,350.67073750550946,351.51871393854924,344.4678235159031,MSFT,stock,True
2025-05-15,2025-05-15 00:00:00,350.61507160836703,4334112.0,351.4105304290976,353.92256644838125,348.0990070832678,MSFT,stock,True
2025-05-16,2025-05-16 00:00:00,351.49322863291115,2672409.0,352.87491209442777,353.40808326713073,349.76664323778897,MSFT,stock,True
2025-05-19,2025-05-19 00:00:00,352.75852030598526,3404467.0,354.28908078696287,357.21745080942344,351.35540560315314,MSFT,stock,True
2025-05-20,2025-05-20 00:00:00,354.20707662593935,2227507.0,353.9195817018488,356.5553803140693,351.8946504766097,MSFT,stock,True
2025-05-21,2025-05-21 00:00:00,353.95773493814323,1823014.0,358.3655322727259,361.41480030609887,350.92573030456134,MSFT,stock,True
2025-05-22,2025-05-22 00:00:00,358.52073366055373,1224810.0,358.063513448098,359.3018424691179,355.3205548128655,MSFT,stock,True
2025-05-23,2025-05-23 00:00:00,357.9710447788473,2359664.0,362.59980435225043,363.64300089810024,357.78513926171837,MSFT,stock,True
2025-05-26,2025-05-26 00:00:00,362.4841551522859,653380.0,366.9618922908295,367.1440503909752,361.8087378577063,MSFT,stock,True
2025-05-27,2025-05-27 00:00:00,366.7647180805891,4575229.0,362.2671906997584,367.12280816200746,361.88104299513145,MSFT,stock,True
2025-05-28,2025-05-28 00:00:00,362.2378901619538,2233017.0,357.9748271372554,365.6879969927344,357.4235726315094,MSFT,stock,True
2025-05-29,2025-05-29 00:00:00,358.06040308736635,2071478.0,363.44868503014453,365.92675015196903,358.0355735250355,MSFT,stock,True
2025-05-30,2025-05-30 00:00:00,363.5643421648267,2825863.0,365.18597744682944,365.4316974983502,360.7315829976486,MSFT,stock,True
2025-06-02,2025-06-02 00:00:00,365.33989131160405,4504776.0,362.2425307163116,367.0805027996374,361.02213165453094,MSFT,stock,True
2025-06-03,2025-06-03 00:00:00,362.3758026818259,2205888.0,367.3137897340404,367.7550986728215,359.4925893850162,MSFT,stock,True
2025-06-04,2025-06-04 00:00:00,367.12873442894386,701763.0,364.1393718736477,370.44631743264586,360.8432129406458,MSFT,stock,True
2025-06-05,2025-06-05 00:00:00,363.94693756586366,4506676.0,366.8762872903737,369.6836737367702,363.52888565726045,MSFT,stock,True
2025-06-06,2025-06-06 00:00:00,366.7276216938687,3702527.0,365.07027485564123,368.2445061522548,364.45615233707747,MSFT,stock,True
2025-06-09,2025-06-09 00:00:00,365.17543217349447,2828613.0,360.38567244612307,366.9432932046845,357.43301262164186,MSFT,stock,True
2025-06-10,2025-06-10 00:00:00,360.2815180232891,4393673.0,362.212417261867,362.57310282952,359.8789773498373,MSFT,stock,True
2025-06-11,2025-06-11 00:00:00,362.1070149723934,502262.0,363.0856154382405,365.79576050951664,361.94549195211965,MSFT,stock,True
2025-06-12,2025-06-12 00:00:00,362.9032822996654,2890960.0,359.59962068313337,365.29581919196426,356.8526398659304,MSFT,stock,True
2025-06-13,2025-06-13 00:00:00,359.697141241635,3072007.0,354.38500108980764,359.7942566480305,351.64839213708274,MSFT,stock,True
2025-06-16,2025-06-16 00:00:00,354.2340777783952,3617152.0,356.25082858768815,358.87543420277984,351.5489746855301,MSFT,stock,True
2025-06-17,2025-06-17 00:00:00,356.2789957526917,3511986.0,361.01148750450767,362.1601999607092,355.76524983376146,MSFT,stock,True
2025-06-18,2025-06-18 00:00:00,361.07178683572016,4665771.0,358.6462300970419,362.7692729569148,356.1231058780455,MSFT,stock,True
2025-06-19,2025-06-19 00:00:00,358.44947972077136,3480412.0,353.55700428228573,358.6193536505588,353.48080881795596,MSFT,stock,True
2025-06-20,2025-06-20 00:00:00,353.692518245385,2908918.0,351.4826468514931,356.83132445486626,348.8891415559788,MSFT,stock,True
2025-06-23,2025-06-23 00:00:00,351.64046461761876,849150.0,350.57458146063794,353.42941896952885,350.56870035558325,MSFT,stock,True
2025-06-24,2025-06-24 00:00:00,350.6632936172116,3832459.0,354.018916150758,357.5374661420045,350.44862949383105,MSFT,stock,True
2025-06-25,2025-06-25 00:00:00,354.08345902241734,3881487.0,353.0893534731802,354.375219044307,352.9546887748735,MSFT,stock,True
2025-06-26,2025-06-26 00:00:00,352.94948080985415,4769524.0,358.00838461508954,358.39356388391417,350.8510406459799,MSFT,stock,True
2025-06-27,2025-06-27 00:00:00,357.85286495837806,1935182.0,357.4439273900962,359.32018613861635,356.85660148321915,MSFT,stock,True
2025-06-30,2025-06-30 00:00:00,357.34182174345,4147392.0,357.3162662306695,359.7719299539739,355.17831514692637,MSFT,stock,True
2025-07-01,2025-07-01 00:00:00,357.22832579613066,637491.0,355.00315693524146,358.243833525457,352.07954196836477,MSFT,stock,True
2025-07-02,2025-07-02 00:00:00,355.0801021160354,4328744.0,352.5283150864612,357.5220133680397,349.99456250085547,MSFT,stock,True
2025-07-03,2025-07-03 00:00:00,352.65533049353286,2519862.0,347.7589431264714,352.89505409785545,347.38899215578095,MSFT,stock,True
2025-07-04,2025-07-04 00:00:00,347.90200710389917,4921271.0,352.0336453773232,354.3164685605938,345.8370540926414,MSFT,stock,True
2025-07-07,2025-07-07 00:00:00,351.98964338989447,1670889.0,355.57194320949037,355.68693873327595,348.72728440053066,MSFT,stock,True
2025-07-08,2025-07-08 00:00:00,355.6443954222019,3207139.0,353.977910836491,356.4548349400639,351.23099244444234,MSFT,stock,True
2025-07-09,2025-07-09 00:00:00,354.083127337395,3453694.0,359.38717787859895,361.8853847794473,351.5453669062161,MSFT,stock,True
2025-07-10,2025-07-10 00:00:00,359.39061935520886,1718029.0,359.9924269368137,362.7530194420998,355.9753072143002,MSFT,stock,True
2025-07-11,2025-07-11 00:00:00,359.8071533523126,1383812.0,357.09126772139217,362.10112070742787,355.33658405576614,MSFT,stock,True
2025-07-14,2025-07-14 00:00:00,357.19800020783254,1467838.0,360.08287902850856,362.0055754994729,355.9476238669317,MSFT,stock,True
2025-07-15,2025-07-15 00:00:00,359.89192614256297,2556129.0,364.0,364.1387646737522,356.36346348314066,MSFT,stock,True
2024-11-06,2024-11-06 00:00:00,385.7973659172808,3676926.0,382.3641126608974,388.55474295725674,378.87409462809467,GOOGL,stock,True
2024-11-07,2024-11-07 00:00:00,382.268882630638,4970362.0,380.11086861556976,385.87361394517484,378.5740672188199,GOOGL,stock,True
2024-11-08,2024-11-08 00:00:00,379.99681564505056,2382260.0,379.55347786712554,382.3571892179867,376.60776153991196,GOOGL,stock,True
2024-11-11,2024-11-11 00:00:00,379.7146195500437,861198.0,380.31810443367857,383.9692764239602,378.8416846065953,GOOGL,stock,True
2024-11-12,2024-11-12 00:00:00,380.18570565787536,1185127.0,377.2198340641399,383.3909335187214,375.727670128135,GOOGL,stock,True
2024-11-13,2024-11-13 00:00:00,377.1312534551151,2379897.0,377.883110212237,379.9576959709758,373.91727789690765,GOOGL,stock,True
2024-11-14,2024-11-14 00:00:00,377.77871912145525,3530949.0,382.10425143158596,382.54851571694593,377.5107980014641,GOOGL,stock,True
2024-11-15,2024-11-15 00:00:00,381.98057763233584,520527.0,387.47659176812147,388.962511300089,380.4233198856186,GOOGL,stock,True
2024-11-18,2024-11-18 00:00:00,387.4208794875592,3648562.0,390.09525832841797,390.1956573188764,386.51633568822666,GOOGL,stock,True
2024-11-19,2024-11-19 00:00:00,389.9284313379156,1840573.0,386.46193218791166,393.02555490784596,384.4439128395762,GOOGL,stock,True
2024-11-20,2024-11-20 00:00:00,386.56191696060574,2981786.0,383.10660760638683,388.1606594710415,382.84206000468,GOOGL,stock,True
2024-11-21,2024-11-21 00:00:00,383.26205949834264,1880606.0,383.71382913992824,386.5753855522791,379.7716358398476,GOOGL,stock,True
2024-11-22,2024-11-22 00:00:00,383.69435554108003,4901712.0,380.71360214792264,387.16274999933177,377.23427332568707,GOOGL,stock,True
2024-11-25,2024-11-25 00:00:00,380.8478587354555,4030285.0,386.1051439683421,387.3754867827983,379.97604498982133,GOOGL,stock,True
2024-11-26,2024-11-26 00:00:00,386.115247037416,551109.0,390.5248860240345,392.14092477143794,382.8143203546492,GOOGL,stock,True
2024-11-27,2024-11-27 00:00:00,390.34247346391845,3102710.0,395.1458189813854,395.4981307135558,386.8536997818252,GOOGL,stock,True
2024-11-28,2024-11-28 00:00:00,395.04380020365414,962829.0,397.7864632047772,400.29170666995157,391.20889390533586,GOOGL,stock,True
2024-11-29,2024-11-29 00:00:00,397.6978724588771,1659039.0,403.2843435195893,403.87131750180504,396.5292942732834,GOOGL,stock,True
2024-12-02,2024-12-02 00:00:00,403.07498469540474,4531087.0,403.4129410817567,404.52455292170936,402.68806039511554,GOOGL,stock,True
2024-12-03,2024-12-03 00:00:00,403.44632652745054,3138828.0,403.4829042315379,403.88891736529695,400.3023627685554,GOOGL,stock,True
2024-12-04,2024-12-04 00:00:00,403.41872995908284,991446.0,397.8056904492235,404.46996901149146,397.5091539598695,GOOGL,stock,True
2024-12-05,2024-12-05 00:00:00,397.9629714116388,4625306.0,399.64587329928844,401.7572371773912,395.53056936163006,GOOGL,stock,True
2024-12-06,2024-12-06 00:00:00,399.7432113365336,4557164.0,399.2111824563958,401.41091211995433,397.8193052428263,GOOGL,stock,True
2024-12-09,2024-12-09 00:00:00,399.07151102148697,4264182.0,394.0736148826673,400.19030960132784,390.5413762771402,GOOGL,stock,True
2024-12-10,2024-12-10 00:00:00,394.04724785776375,907541.0,398.865034688241,399.9371439616831,393.608070694013,GOOGL,stock,True
2024-12-11,2024-12-11 00:00:00,399.0222090908033,1262708.0,401.1890093804604,404.1561809926751,397.61990764623266,GOOGL,stock,True
2024-12-12,2024-12-12 00:00:00,400.98636583786,2893705.0,399.5667097770046,403.681960393687,395.6096826940663,GOOGL,stock,True
2024-12-13,2024-12-13 00:00:00,399.4697616649007,3246822.0,393.9488729116985,401.59944955903984,392.71229432196776,GOOGL,stock,True
2024-12-16,2024-12-16 00:00:00,393.84988667124685,4174619.0,390.80324205614363,396.6318849869214,390.54597183754794,GOOGL,stock,True
2024-12-17,2024-12-17 00:00:00,390.7577572730099,1484964.0,394.4497433380252,397.80848224542393,387.48439364139244,GOOGL,stock,True
2024-12-18,2024-12-18 00:00:00,394.43602439305795,4524446.0,394.3985831270668,397.5431372037443,393.6578636734732,GOOGL,stock,True
2024-12-19,2024-12-19 00:00:00,394.41425220927454,2654426.0,392.0891843661872,396.8372206102384,388.70078306041574,GOOGL,stock,True
2024-12-20,2024-12-20 00:00:00,392.15117666632864,3534010.0,388.5852734221889,395.22394841313974,384.8935342705393,GOOGL,stock,True
2024-12-23,2024-12-23 00:00:00,388.5706349641345,3253844.0,389.3173016588295,391.5046979600595,386.2519828113367,GOOGL,stock,True
2024-12-24,2024-12-24 00:00:00,389.37322062774274,2693291.0,390.0011137626384,393.52070086028573,387.39021828975956,GOOGL,stock,True
2024-12-25,2024-12-25 00:00:00,390.0404748706571,1149862.0,390.8364710280693,393.5682441150264,387.784783675129,GOOGL,stock,True
2024-12-26,2024-12-26 00:00:00,390.97849588719447,3061381.0,387.7698466846092,393.75361632451643,386.68981147425063,GOOGL,stock,True
2024-12-27,2024-12-27 00:00:00,387.87497800211554,4714799.0,391.3012784937665,392.95104954579267,384.4840404179097,GOOGL,stock,True
2024-12-30,2024-12-30 00:00:00,391.31921951612173,1997621.0,393.6807914662029,394.28832253763835,387.5918874688081,GOOGL,stock,True
2024-12-31,2024-12-31 00:00:00,393.8058857481534,3919162.0,389.25112968456904,394.0856227827142,388.61286891277297,GOOGL,stock,True
2025-01-01,2025-01-01 00:00:00,389.291134434447,1740574.0,386.8873787167635,392.57138712562073,386.29184290169854,GOOGL,stock,True
2025-01-02,2025-01-02 00:00:00,386.8236647701225,1959692.0,383.8675495292394,387.7537014755106,382.53074424302685,GOOGL,stock,True
2025-01-03,2025-01-03 00:00:00,383.794246090443,946203.0,386.84628284722066,389.2167794333074,382.8539497084442,GOOGL,stock,True
2025-01-06,2025-01-06 00:00:00,387.0176938607749,2544804.0,387.4432653305781,390.1542518368301,384.91621282282557,GOOGL,stock,True
2025-01-07,2025-01-07 00:00:00,387.507889806991,4933402.0,391.0053469518143,393.7810737315128,386.90578293154744,GOOGL,stock,True
2025-01-08,2025-01-08 00:00:00,390.8949561812796,846475.0,386.52351155523417,394.069312153654,383.0754253748236,GOOGL,stock,True
2025-01-09,2025-01-09 00:00:00,386.67300443671235,4707043.0,388.1413869534148,391.4740535495231,386.50591720700754,GOOGL,stock,True
2025-01-10,2025-01-10 00:00:00,388.1399729283129,4433238.0,387.9937757831797,391.04893833025267,385.6717833959663,GOOGL,stock,True
2025-01-13,2025-01-13 00:00:00,387.9891854455206,3119242.0,387.27758944382856,389.76250830613725,383.90837152697054,GOOGL,stock,True
2025-01-14,2025-01-14 00:00:00,387.2169292974667,1157884.0,384.1829051556896,389.46814624332484,382.6481914565884,GOOGL,stock,True
2025-01-15,2025-01-15 00:00:00,384.1916812994908,4187754.0,388.32137936735205,389.39249241322017,383.3141806343676,GOOGL,stock,True
2025-01-16,2025-01-16 00:00:00,388.4240032976825,3755259.0,383.50673038218105,390.1177867483195,381.22921277846086,GOOGL,stock,True
2025-01-17,2025-01-17 00:00:00,383.33039866652257,2033309.0,388.26768907816006,390.27915400859825,379.68357097416043,GOOGL,stock,True
2025-01-20,2025-01-20 00:00:00,388.05485437824973,1927464.0,383.51407088223675,391.65240928190383,382.71851849796735,GOOGL,stock,True
2025-01-21,2025-01-21 00:00:00,383.62391229951953,4827157.0,380.70275668064227,387.0132390525158,378.66924346315227,GOOGL,stock,True
2025-01-22,2025-01-22 00:00:00,380.6071233810484,3512533.0,385.39491386703673,387.2852062852356,379.98067927644587,GOOGL,stock,True
2025-01-23,2025-01-23 00:00:00,385.4609830305261,2554523.0,383.2568487456536,387.0315093692288,382.933956798422,GOOGL,stock,True
2025-01-24,2025-01-24 00:00:00,383.3928124298855,3357579.0,386.65613314164864,387.76045895751554,379.6269555911515,GOOGL,stock,True
2025-01-27,2025-01-27 00:00:00,386.69694579609717,3303672.0,387.2297486456875,387.29460856621046,384.0370850590158,GOOGL,stock,True
2025-01-28,2025-01-28 00:00:00,387.1235904508684,4615709.0,383.1940788279944,390.59638356193784,383.0614960152737,GOOGL,stock,True
2025-01-29,2025-01-29 00:00:00,383.18734193806137,2479992.0,385.60190974862024,385.6598691474986,379.4135448541547,GOOGL,stock,True
2025-01-30,2025-01-30 00:00:00,385.72034742342026,3360462.0,383.98462417628946,388.61179083536024,382.77764197034685,GOOGL,stock,True
2025-01-31,2025-01-31 00:00:00,383.87211377895653,1689261.0,379.6114367149973,386.9823781506648,376.2139368408452,GOOGL,stock,True
2025-02-03,2025-02-03 00:00:00,379.73011390015506,2776701.0,378.8887064446119,380.39381060525767,375.1048980653988,GOOGL,stock,True
2025-02-04,2025-02-04 00:00:00,378.90934344689117,2445067.0,379.2902433150966,382.0300546196311,378.51479913780173,GOOGL,stock,True
2025-02-05,2025-02-05 00:00:00,379.1897798152027,4335907.0,383.67317312665926,385.334166526472,377.0006629963566,GOOGL,stock,True
2025-02-06,2025-02-06 00:00:00,383.7262282400508,1762313.0,388.9430205953598,392.258679395933,382.5912972124297,GOOGL,stock,True
2025-02-07,2025-02-07 00:00:00,388.7607574048177,1227919.0,390.4548947360034,393.2664856340355,388.24792342126926,GOOGL,stock,True
2025-02-10,2025-02-10 00:00:00,390.33286053011955,1369607.0,390.7366596247436,393.80617480599557,389.47154129028934,GOOGL,stock,True
2025-02-11,2025-02-11 00:00:00,390.6471188287057,4242669.0,391.35675221273476,393.36230519988504,387.70141295389686,GOOGL,stock,True
2025-02-12,2025-02-12 00:00:00,391.24437797319825,549403.0,389.3313644470647,395.07757587467324,386.82675275587854,GOOGL,stock,True
2025-02-13,2025-02-13 00:00:00,389.4399038740438,4203668.0,384.04475575818253,390.3430877316418,382.8656496023874,GOOGL,stock,True
2025-02-14,2025-02-14 00:00:00,383.83649178579094,3387507.0,378.879425441197,385.0042217914897,377.4274628929077,GOOGL,stock,True
2025-02-17,2025-02-17 00:00:00,378.7774534790213,2400390.0,377.2813908451617,381.16366901091766,374.03191101231545,GOOGL,stock,True
2025-02-18,2025-02-18 00:00:00,377.16081601144055,1335932.0,378.74100954141,379.8498922842936,375.5445071326734,GOOGL,stock,True
2025-02-19,2025-02-19 00:00:00,378.8680926728287,3991894.0,378.4932148745367,380.1799512708144,376.617890101752,GOOGL,stock,True
2025-02-20,2025-02-20 00:00:00,378.6491042387194,1141127.0,379.7377364198353,381.8102863661666,378.255710992997,GOOGL,stock,True
2025-02-21,2025-02-21 00:00:00,379.68899154180355,735385.0,384.771268927771,388.5914533254353,376.31665992452923,GOOGL,stock,True
2025-02-24,2025-02-24 00:00:00,384.58900924377343,1408896.0,383.4496872838519,386.87538676986355,381.01995774603705,GOOGL,stock,True
2025-02-25,2025-02-25 00:00:00,383.45169464046046,3449484.0,385.07791160879225,387.90656160836176,381.50155701667774,GOOGL,stock,True
2025-02-26,2025-02-26 00:00:00,384.94133441803467,3597500.0,385.5749919170133,385.9304208963529,384.7048743335541,GOOGL,stock,True
2025-02-27,2025-02-27 00:00:00,385.49912514208893,4675383.0,386.9014315683748,388.15176662115715,385.1083729409891,GOOGL,stock,True
2025-02-28,2025-02-28 00:00:00,386.9831572595957,2968756.0,384.9296084321326,387.68061356974835,381.853807883139,GOOGL,stock,True
2025-03-03,2025-03-03 00:00:00,384.73306976325483,3713756.0,382.7476466719828,386.70169961140846,380.80496477737665,GOOGL,stock,True
2025-03-04,2025-03-04 00:00:00,382.5504913911066,3811408.0,380.38749682267724,383.7764880664046,377.7033091147781,GOOGL,stock,True
2025-03-05,2025-03-05 00:00:00,380.46860912004195,4630002.0,380.2783226143532,380.85906098885226,378.6955242404981,GOOGL,stock,True
2025-03-06,2025-03-06 00:00:00,380.1176191687086,1722975.0,382.71014961782953,384.4593643715049,377.0863542963923,GOOGL,stock,True
2025-03-07,2025-03-07 00:00:00,382.7545454647276,4554537.0,384.52894928235753,385.4997815350502,380.6793567219637,GOOGL,stock,True
2025-03-10,2025-03-10 00:00:00,384.3453215723666,1548277.0,387.8960521595605,391.042041325836,382.3125404376397,GOOGL,stock,True
2025-03-11,2025-03-11 00:00:00,387.8605427324952,1973391.0,387.3692051844357,391.00930477772005,386.8147299902121,GOOGL,stock,True
2025-03-12,2025-03-12 00:00:00,387.301739268685,1498532.0,386.8498521932739,391.05272515959405,385.38109712637043,GOOGL,stock,True
2025-03-13,2025-03-13 00:00:00,386.8285578336322,4160328.0,387.9655851171138,391.750866821338,384.4890358302147,GOOGL,stock,True
2025-03-14,2025-03-14 00:00:00,387.83002575764357,3639521.0,385.90575072859144,391.57564083030684,383.2487175860293,GOOGL,stock,True
2025-03-17,2025-03-17 00:00:00,385.814900317061,3830875.0,388.744249016712,389.0671233420932,383.78857720333366,GOOGL,stock,True
2025-03-18,2025-03-18 00:00:00,388.7973832130105,4127052.0,394.3319175543504,397.9920532610432,385.0928837305981,GOOGL,stock,True
2025-03-19,2025-03-19 00:00:00,394.4380148021614,3421924.0,398.15370953879466,401.22585063224716,393.04389598393794,GOOGL,stock,True
2025-03-20,2025-03-20 00:00:00,398.1423821653257,3061980.0,398.147137349072,399.098254159628,396.8747016888891,GOOGL,stock,True
2025-03-21,2025-03-21 00:00:00,398.0107370421102,3968838.0,394.430748896044,399.16877852614886,392.2204226769403,GOOGL,stock,True
2025-03-24,2025-03-24 00:00:00,394.4319864840992,500249.0,394.8648079572296,397.28581699311445,391.24817590104584,GOOGL,stock,True
2025-03-25,2025-03-25 00:00:00,394.8580941730891,2945777.0,394.86971854488684,397.3820935602306,393.64113278191496,GOOGL,stock,True
2025-03-26,2025-03-26 00:00:00,394.9171771994945,4035249.0,398.86290235711573,399.5299543193101,392.2741780841617,GOOGL,stock,True
2025-03-27,2025-03-27 00:00:00,398.87921694901644,3521407.0,403.6044075419145,405.44464887422845,398.44217673896867,GOOGL,stock,True
2025-03-28,2025-03-28 00:00:00,403.50006909063416,1029629.0,401.90363712455814,407.30462458548106,400.3385510177514,GOOGL,stock,True
2025-03-31,2025-03-31 00:00:00,401.9023417367095,4318544.0,407.3182686306742,408.3815027027601,401.5155770623175,GOOGL,stock,True
2025-04-01,2025-04-01 00:00:00,407.43141433633826,2817350.0,405.1920043784543,411.3754891606402,401.5063896284329,GOOGL,stock,True
2025-04-02,2025-04-02 00:00:00,404.97181903825566,677351.0,411.12763217704384,414.3388606180851,404.6377743760242,GOOGL,stock,True
2025-04-03,2025-04-03 00:00:00,410.9060188279285,1833575.0,415.9271751118342,417.85477637044886,408.77310663689644,GOOGL,stock,True
2025-04-04,2025-04-04 00:00:00,415.70198156079056,3101747.0,410.72839605560284,418.03605732436637,408.64763581049914,GOOGL,stock,True
2025-04-07,2025-04-07 00:00:00,410.59023777451995,1626727.0,404.8803728926804,413.0527047670063,401.3451480306102,GOOGL,stock,True
2025-04-08,2025-04-08 00:00:00,405.03230713915787,4347949.0,400.7045759607361,406.15994732107237,399.74290754788603,GOOGL,stock,True
2025-04-09,2025-04-09 00:00:00,400.73667947382825,4116373.0,405.581219432556,408.3739785073451,397.09001348867554,GOOGL,stock,True
2025-04-10,2025-04-10 00:00:00,405.68934436924155,2522586.0,404.2482436684148,405.73231807511405,404.1800459561944,GOOGL,stock,True
2025-04-11,2025-04-11 00:00:00,404.25177993565757,3043731.0,407.92192293762133,408.6787266503191,404.17296590865163,GOOGL,stock,True
2025-04-14,2025-04-14 00:00:00,408.0789304028731,3633712.0,405.3337294601231,408.1135065987929,403.0011801668578,GOOGL,stock,True
2025-04-15,2025-04-15 00:00:00,405.2114853489267,1756749.0,402.8111388113465,407.48213611930237,399.76902401049296,GOOGL,stock,True
2025-04-16,2025-04-16 00:00:00,402.77982042049746,3110947.0,402.138326273299,403.7038444163544,399.4215283103878,GOOGL,stock,True
2025-04-17,2025-04-17 00:00:00,402.23246754349935,4181499.0,397.4089209723643,406.13387792560655,396.42353163120316,GOOGL,stock,True
2025-04-18,2025-04-18 00:00:00,397.4372301621254,568822.0,392.22153947140083,399.8701252767311,389.24904433001234,GOOGL,stock,True
2025-04-21,2025-04-21 00:00:00,392.082094795883,673416.0,393.39230584852305,397.3118105503209,390.8341755188471,GOOGL,stock,True
2025-04-22,2025-04-22 00:00:00,393.44801214138596,4395324.0,399.1694600904155,399.2379088073507,390.6984852989433,GOOGL,stock,True
2025-04-23,2025-04-23 00:00:00,399.06708291075387,940846.0,403.7780295481905,404.807236033768,395.1161404556754,GOOGL,stock,True
2025-04-24,2025-04-24 00:00:00,403.59827475987765,1492313.0,407.8007373391238,409.9912650725826,402.56517632551015,GOOGL,stock,True
2025-04-25,2025-04-25 00:00:00,407.73008761125794,2770645.0,408.1251205901785,409.92740047962315,406.1333524391285,GOOGL,stock,True
2025-04-28,2025-04-28 00:00:00,408.0436499663086,1919735.0,410.2029264710542,414.2733820145081,406.6851041507509,GOOGL,stock,True
2025-04-29,2025-04-29 00:00:00,410.038151611743,3579776.0,407.3768752638945,413.3245686729584,407.1659101049443,GOOGL,stock,True
2025-04-30,2025-04-30 00:00:00,407.1627300390946,4447646.0,405.0731446313509,411.19364714356175,401.4053067441629,GOOGL,stock,True
2025-05-01,2025-05-01 00:00:00,405.2509181621356,4050507.0,408.3032675306309,408.96349966622796,403.97341149407396,GOOGL,stock,True
2025-05-02,2025-05-02 00:00:00,408.3786806940804,4417377.0,412.02269165566304,412.53227933745177,406.0094050026642,GOOGL,stock,True
2025-05-05,2025-05-05 00:00:00,412.20018683340567,3326077.0,407.1491511863193,414.93398964877605,405.0646579480911,GOOGL,stock,True
2025-05-06,2025-05-06 00:00:00,407.07207473889974,1581549.0,407.66138372926235,410.3407605863301,403.7757386299258,GOOGL,stock,True
2025-05-07,2025-05-07 00:00:00,407.6073620593746,2590853.0,412.344441738766,415.4409530696164,404.28660478606673,GOOGL,stock,True
2025-05-08,2025-05-08 00:00:00,412.36447164043665,1881200.0,417.172661077122,421.2865710029462,410.4884860235967,GOOGL,stock,True
2025-05-09,2025-05-09 00:00:00,417.0732071849237,3768907.0,418.6002936823471,420.92016554172005,413.6423431131503,GOOGL,stock,True
2025-05-12,2025-05-12 00:00:00,418.62630452750875,2712438.0,418.7604815939396,422.9255559177518,416.99566776740716,GOOGL,stock,True
2025-05-13,2025-05-13 00:00:00,418.561487303081,2378439.0,420.2284901887717,423.4847374233736,417.46495355125313,GOOGL,stock,True
2025-05-14,2025-05-14 00:00:00,420.27330392282437,3283235.0,419.60959246760507,423.2332476334903,417.9332878868365,GOOGL,stock,True
2025-05-15,2025-05-15 00:00:00,419.62414493755017,2043398.0,419.7138999252966,421.68183896450734,417.7805826370934,GOOGL,stock,True
2025-05-16,2025-05-16 00:00:00,419.7794008063511,4860060.0,417.1556593880937,421.58233562819896,415.1407559611344,GOOGL,stock,True
2025-05-19,2025-05-19 00:00:00,417.0985978593674,3750640.0,421.58336662446743,422.2929033239961,412.97678599897654,GOOGL,stock,True
2025-05-20,2025-05-20 00:00:00,421.45155493351916,3420420.0,416.7035288684731,424.5950597576967,412.9204079832889,GOOGL,stock,True
2025-05-21,2025-05-21 00:00:00,416.8287280887753,4945049.0,413.28870462894383,418.08835733224447,409.44771869279464,GOOGL,stock,True
2025-05-22,2025-05-22 00:00:00,413.4047781784496,923288.0,410.2649530454601,417.0917087987467,406.82718556981916,GOOGL,stock,True
2025-05-23,2025-05-23 00:00:00,410.05228872587486,4612576.0,413.4888941300919,415.90048805481246,408.9074411589259,GOOGL,stock,True
2025-05-26,2025-05-26 00:00:00,413.6443343838486,3347138.0,414.80445367675213,418.4633479649669,412.4713861984749,GOOGL,stock,True
2025-05-27,2025-05-27 00:00:00,414.8488493289422,3578459.0,411.97583640816174,418.15382075353455,409.36268335461745,GOOGL,stock,True
2025-05-28,2025-05-28 00:00:00,411.97604666737607,583750.0,406.4164927017565,412.76048335255524,404.85898747784404,GOOGL,stock,True
2025-05-29,2025-05-29 00:00:00,406.258678875448,4320817.0,400.6746516759161,408.68380841887284,397.2719088541198,GOOGL,stock,True
2025-05-30,2025-05-30 00:00:00,400.51491966048394,4639068.0,403.4935337803709,404.6887350901039,400.1331843785688,GOOGL,stock,True
2025-06-02,2025-06-02 00:00:00,403.484708688243,3007687.0,403.05846734396357,405.9214895595142,399.23670998013796,GOOGL,stock,True
2025-06-03,2025-06-03 00:00:00,403.15807272555645,1673793.0,402.9535976287469,406.4698175628376,399.9432600695898,GOOGL,stock,True
2025-06-04,2025-06-04 00:00:00,403.0799570455751,4702676.0,404.5426226852766,404.9698824895348,399.547404884067,GOOGL,stock,True
2025-06-05,2025-06-05 00:00:00,404.38154470995323,1904666.0,398.8400837716396,407.1681425634059,397.95832699890093,GOOGL,stock,True
2025-06-06,2025-06-06 00:00:00,398.77473123125714,3827559.0,399.75272133691186,403.29513558225307,397.9059119356895,GOOGL,stock,True
2025-06-09,2025-06-09 00:00:00,399.7674239927525,1744060.0,399.77151028218583,400.04500423681003,397.91296776822423,GOOGL,stock,True
2025-06-10,2025-06-10 00:00:00,399.82487243621046,4721540.0,397.04979489088527,403.26806326490134,396.4384698485173,GOOGL,stock,True
2025-06-11,2025-06-11 00:00:00,396.9285244009157,4958914.0,398.1999059105573,398.4830719189554,394.0620907737706,GOOGL,stock,True
2025-06-12,2025-06-12 00:00:00,397.99109773775507,3846097.0,403.04008891555935,405.3361091192287,394.62725026353803,GOOGL,stock,True
2025-06-13,2025-06-13 00:00:00,402.860578001376,1338912.0,408.09741442007015,409.3094004964676,400.9216761689687,GOOGL,stock,True
2025-06-16,2025-06-16 00:00:00,407.94785600690255,520298.0,412.40485272756507,415.96614482112454,404.608062057582,GOOGL,stock,True
2025-06-17,2025-06-17 00:00:00,412.57303517728656,1056718.0,407.25693431490186,414.085401257247,406.97983066665313,GOOGL,stock,True
2025-06-18,2025-06-18 00:00:00,407.39705300041413,4659958.0,411.0021669136853,411.11561856258504,403.5796314842163,GOOGL,stock,True
2025-06-19,2025-06-19 00:00:00,411.1379592272581,3250979.0,413.5185487593197,416.02153690934546,409.54234640310875,GOOGL,stock,True
2025-06-20,2025-06-20 00:00:00,413.57654627674543,3944206.0,410.20896727192024,416.0108054538267,407.5705410401568,GOOGL,stock,True
2025-06-23,2025-06-23 00:00:00,410.159096690289,3331911.0,409.5406602028118,412.0316950844963,407.18662410272896,GOOGL,stock,True
2025-06-24,2025-06-24 00:00:00,409.39340047837106,809060.0,411.94487135449003,413.00929798555484,406.946315388898,GOOGL,stock,True
2025-06-25,2025-06-25 00:00:00,411.8840052703812,1474695.0,417.3808128185383,419.33659375687836,411.81821258580527,GOOGL,stock,True
2025-06-26,2025-06-26 00:00:00,417.1567911789338,1928697.0,413.5600778537769,418.3024254419017,409.94778642860774,GOOGL,stock,True
2025-06-27,2025-06-27 00:00:00,413.6336336746312,928192.0,413.23001570937527,416.5107633248398,411.0943167649962,GOOGL,stock,True
2025-06-30,2025-06-30 00:00:00,413.37259467657685,3071240.0,408.67962627109165,414.55149449551084,407.1902521822979,GOOGL,stock,True
2025-07-01,2025-07-01 00:00:00,408.70639756059603,3478383.0,407.89468736971446,410.32662589698793,404.4181696588816,GOOGL,stock,True
2025-07-02,2025-07-02 00:00:00,407.7858023197094,3638056.0,412.1648604833007,412.3231548525634,407.1959030892432,GOOGL,stock,True
2025-07-03,2025-07-03 00:00:00,412.1338111867959,939499.0,416.30850437312984,417.6942865538181,408.9673628576451,GOOGL,stock,True
2025-07-04,2025-07-04 00:00:00,416.2517423801057,4899997.0,422.0525162750899,423.33235330219884,413.7846319628409,GOOGL,stock,True
2025-07-07,2025-07-07 00:00:00,422.20238644852424,2788778.0,426.4972535496849,427.25956749479246,418.0685623657255,GOOGL,stock,True
2025-07-08,2025-07-08 00:00:00,426.5469607932336,4638725.0,431.6026200373646,432.96696284958784,424.98305791438327,GOOGL,stock,True
2025-07-09,2025-07-09 00:00:00,431.58329770765863,3124192.0,436.35005696435525,436.3775072627622,429.90479955134833,GOOGL,stock,True
2025-07-10,2025-07-10 00:00:00,436.26474187953767,4284178.0,434.29914157736135,437.10373884135265,429.9631318976231,GOOGL,stock,True
2025-07-11,2025-07-11 00:00:00,434.0883984455385,2698558.0,429.1330562326863,436.7657677433162,428.83670351697674,GOOGL,stock,True
2025-07-14,2025-07-14 00:00:00,428.98873869587646,4164899.0,428.5787777757094,430.89581674432605,427.6746033025857,GOOGL,stock,True
2025-07-15,2025-07-15 00:00:00,428.3948678786378,1970999.0,426.0,429.2904017689222,425.1128781061516,GOOGL,stock,True
2024-11-06,2024-11-06 00:00:00,381.56698267508347,2435400.0,378.66805210337327,384.3187318584336,376.577464368871,AMZN,stock,True
2024-11-07,2024-11-07 00:00:00,378.8209956451072,2978597.0,383.463393999067,385.797443214367,378.0940591639005,AMZN,stock,True
2024-11-08,2024-11-08 00:00:00,383.5847895699742,612949.0,386.2351454784153,389.85674136437575,380.3999861669433,AMZN,stock,True
2024-11-11,2024-11-11 00:00:00,386.0727428156135,2405152.0,381.8072039789002,387.4990687983149,381.121219125949,AMZN,stock,True
2024-11-12,2024-11-12 00:00:00,381.89918450792936,2746686.0,383.24370347505953,384.52784334318324,381.78800951213987,AMZN,stock,True
2024-11-13,2024-11-13 00:00:00,383.2261908251729,1517484.0,385.1305875339641,388.50659167705777,380.54843975688476,AMZN,stock,True
2024-11-14,2024-11-14 00:00:00,385.2665058894335,3494978.0,382.2229531027087,386.7549347964295,379.8385356576872,AMZN,stock,True
2024-11-15,2024-11-15 00:00:00,382.11201164072367,4910957.0,383.8211006320547,385.4025351941727,381.07564501338794,AMZN,stock,True
2024-11-18,2024-11-18 00:00:00,383.95468262289523,3596595.0,385.8856351640555,386.77448893712125,382.7853852023685,AMZN,stock,True
2024-11-19,2024-11-19 00:00:00,385.70659831602626,2269026.0,387.84544428152003,388.2500942171521,384.99332572898345,AMZN,stock,True
2024-11-20,2024-11-20 00:00:00,387.85108827114885,809071.0,384.65960917708315,389.93195997368707,384.2061644896455,AMZN,stock,True
2024-11-21,2024-11-21 00:00:00,384.5114944749531,4208009.0,382.5531532671992,385.3007655887923,381.8364794437962,AMZN,stock,True
2024-11-22,2024-11-22 00:00:00,382.65975111740477,4475108.0,383.9858547408219,384.4535708649848,382.08958580212646,AMZN,stock,True
2024-11-25,2024-11-25 00:00:00,384.1298647355312,2812808.0,387.07385016066104,387.5130480432379,380.8172296359756,AMZN,stock,True
2024-11-26,2024-11-26 00:00:00,387.0180798951767,1468609.0,383.8080635927789,388.8987815396031,382.36360750816846,AMZN,stock,True
2024-11-27,2024-11-27 00:00:00,383.9357189835521,3106785.0,382.3003350500499,386.2601716569067,381.6707120134074,AMZN,stock,True
2024-11-28,2024-11-28 00:00:00,382.19856049335067,2828063.0,377.16827993724957,382.65513417559316,374.26655735860743,AMZN,stock,True
2024-11-29,2024-11-29 00:00:00,377.0424535691259,2003812.0,380.34852025246323,382.6037163611143,375.61924216004087,AMZN,stock,True
2024-12-02,2024-12-02 00:00:00,380.2353848101206,4246809.0,379.8704190377385,383.0342663713589,379.61064484247527,AMZN,stock,True
2024-12-03,2024-12-03 00:00:00,379.92365900652834,4392270.0,382.8018517196768,382.80624986556063,376.87303554518263,AMZN,stock,True
2024-12-04,2024-12-04 00:00:00,382.6914820529131,4422182.0,387.27572569678597,390.89332756898153,381.6705769403896,AMZN,stock,True
2024-12-05,2024-12-05 00:00:00,387.4093595793104,3840967.0,388.45458000260123,388.98168371457524,385.71367851394035,AMZN,stock,True
2024-12-06,2024-12-06 00:00:00,388.52630980132926,599289.0,384.8833706235121,391.3460194861263,382.4141491730391,AMZN,stock,True
2024-12-09,2024-12-09 00:00:00,384.85228351482,3370227.0,388.08898413948896,389.5945610767155,381.10215131909297,AMZN,stock,True
2024-12-10,2024-12-10 00:00:00,388.0305925764086,4877283.0,383.71696441270046,388.92919427888273,383.2380928012905,AMZN,stock,True
2024-12-11,2024-12-11 00:00:00,383.5777638206187,1421424.0,387.63367195051245,388.49287090579935,383.49660231896354,AMZN,stock,True
2024-12-12,2024-12-12 00:00:00,387.6832443138807,1819753.0,385.7068986819332,390.4110326098394,383.1022507136743,AMZN,stock,True
2024-12-13,2024-12-13 00:00:00,385.5238280047725,2313454.0,385.99226316040676,387.00453199697995,383.40781135999475,AMZN,stock,True
2024-12-16,2024-12-16 00:00:00,385.98460852069456,2471893.0,391.31588474752255,393.0859723935962,384.6205336952527,AMZN,stock,True
2024-12-17,2024-12-17 00:00:00,391.28375473903105,4401409.0,388.8733577074872,394.8666932499671,388.60424846454595,AMZN,stock,True
2024-12-18,2024-12-18 00:00:00,388.7614535795341,1879547.0,384.1994603162337,391.71374972223254,382.9183680116935,AMZN,stock,True
2024-12-19,2024-12-19 00:00:00,384.2114484311983,4409800.0,382.59341012145677,384.9656044432805,379.3185949595241,AMZN,stock,True
2024-12-20,2024-12-20 00:00:00,382.4723020301569,3469513.0,384.5527032162673,387.99731724846276,379.82170041254875,AMZN,stock,True
2024-12-23,2024-12-23 00:00:00,384.612336691929,4111884.0,386.51888574580215,389.8767013929283,382.88856857154144,AMZN,stock,True
2024-12-24,2024-12-24 00:00:00,386.5947641438863,4175917.0,391.29965399252694,392.4621139160171,383.818080215336,AMZN,stock,True
2024-12-25,2024-12-25 00:00:00,391.110108168614,4012432.0,393.3868594902608,394.18260109740595,390.5860151716914,AMZN,stock,True
2024-12-26,2024-12-26 00:00:00,393.2381983448164,2395560.0,397.4143345039659,401.1497970623835,392.4632746215572,AMZN,stock,True
2024-12-27,2024-12-27 00:00:00,397.5597426468954,3925001.0,394.1203394395395,398.83461978281565,390.539086622324,AMZN,stock,True
2024-12-30,2024-12-30 00:00:00,394.0324730130727,2646737.0,390.97122139836165,397.7224106571478,387.7579542898693,AMZN,stock,True
2024-12-31,2024-12-31 00:00:00,391.13613255969983,3496678.0,392.3705298827415,394.69206209676474,388.7521100416811,AMZN,stock,True
2025-01-01,2025-01-01 00:00:00,392.33878394369964,912020.0,386.9811514662407,393.08711505360645,386.0410258635151,AMZN,stock,True
2025-01-02,2025-01-02 00:00:00,387.0965854703579,1246223.0,389.07180532153893,389.5714830932989,384.7053412207946,AMZN,stock,True
2025-01-03,2025-01-03 00:00:00,388.9828235536229,3027191.0,384.7528936817812,390.197600765386,382.27357612383685,AMZN,stock,True
2025-01-06,2025-01-06 00:00:00,384.89900789870825,1073647.0,386.9019544787179,389.18160201407176,381.98451772559406,AMZN,stock,True
2025-01-07,2025-01-07 00:00:00,386.70791796492665,1778870.0,388.6342853543076,391.3894045428301,383.39220597941056,AMZN,stock,True
2025-01-08,2025-01-08 00:00:00,388.5512545464708,2465876.0,391.503912151483,392.63181343415886,386.7336729636943,AMZN,stock,True
2025-01-09,2025-01-09 00:00:00,391.3975563371175,2042170.0,390.70655146349384,394.0348906347635,389.23434988665184,AMZN,stock,True
2025-01-10,2025-01-10 00:00:00,390.75918407272655,3493159.0,388.4012425441695,393.9706098157912,386.2749031375632,AMZN,stock,True
2025-01-13,2025-01-13 00:00:00,388.54468300780815,3666423.0,386.32012011175016,389.4408857347994,382.81195120932125,AMZN,stock,True
2025-01-14,2025-01-14 00:00:00,386.4306293901705,949377.0,391.5761078033551,393.77546362589163,385.98671811352375,AMZN,stock,True
2025-01-15,2025-01-15 00:00:00,391.64114532107857,1656466.0,387.3038671347768,395.4663761285392,386.12003614153474,AMZN,stock,True
2025-01-16,2025-01-16 00:00:00,387.2600235989557,3215795.0,381.9464022101052,389.8302225797081,381.4259732491066,AMZN,stock,True
2025-01-17,2025-01-17 00:00:00,381.8065768271731,1706147.0,387.17903886377457,389.5178195581833,380.189696957314,AMZN,stock,True
2025-01-20,2025-01-20 00:00:00,386.9919642500166,725080.0,386.6775451044033,389.7353281021518,382.94231796188393,AMZN,stock,True
2025-01-21,2025-01-21 00:00:00,386.65485463063214,930916.0,390.5618508579996,390.70551657074856,384.62108902862695,AMZN,stock,True
2025-01-22,2025-01-22 00:00:00,390.7313507320004,1182528.0,387.73675533098407,392.27058828348106,386.03866793177343,AMZN,stock,True
2025-01-23,2025-01-23 00:00:00,387.78786684221006,3447380.0,386.66754079120824,389.3573529409534,386.3152510634328,AMZN,stock,True
2025-01-24,2025-01-24 00:00:00,386.7057154030398,4077487.0,385.9979414655946,389.5682678144598,384.50783891760256,AMZN,stock,True
2025-01-27,2025-01-27 00:00:00,386.012142325245,3371215.0,380.8588671487798,389.59520657629326,379.50438611920384,AMZN,stock,True
2025-01-28,2025-01-28 00:00:00,380.9557118731259,1595699.0,380.7980485771931,381.15341539942597,379.3114990038969,AMZN,stock,True
2025-01-29,2025-01-29 00:00:00,380.7782747116635,947643.0,384.5679700302582,386.99445178650035,379.06619512060087,AMZN,stock,True
2025-01-30,2025-01-30 00:00:00,384.67058266679817,1516660.0,384.8133419571078,386.41068094977436,381.24959805971906,AMZN,stock,True
2025-01-31,2025-01-31 00:00:00,384.80193505627665,2892260.0,379.1482773255458,387.09051032574735,378.7716160255621,AMZN,stock,True
2025-02-03,2025-02-03 00:00:00,379.01388307020096,2731549.0,382.1080729978483,384.20513653011324,378.8575400030116,AMZN,stock,True
2025-02-04,2025-02-04 00:00:00,381.9451876244567,4598511.0,384.05617996492555,386.02847018649413,378.38208356968534,AMZN,stock,True
2025-02-05,2025-02-05 00:00:00,383.9622579944736,723960.0,382.3365404821296,387.7252501735579,378.6745129195119,AMZN,stock,True
2025-02-06,2025-02-06 00:00:00,382.39175800699104,2208632.0,383.89094095670725,384.45841882106004,381.97391211192667,AMZN,stock,True
2025-02-07,2025-02-07 00:00:00,384.04351306866806,3257908.0,378.4011832812679,386.39234813581135,377.78188588136584,AMZN,stock,True
2025-02-10,2025-02-10 00:00:00,378.4902824026682,4281896.0,383.3855858016985,384.747871288559,376.58083959374744,AMZN,stock,True
2025-02-11,2025-02-11 00:00:00,383.2842603036452,3395707.0,380.7927767190298,386.6831287195813,377.5004719247019,AMZN,stock,True
2025-02-12,2025-02-12 00:00:00,380.76324580862433,4940303.0,386.15151684568326,386.9610448645332,380.618189931983,AMZN,stock,True
2025-02-13,2025-02-13 00:00:00,386.2613659366295,2900767.0,388.239479227298,391.61690183135386,385.760857498812,AMZN,stock,True
2025-02-14,2025-02-14 00:00:00,388.31926424661407,4060054.0,383.1195619480387,389.008178914913,381.69497679991565,AMZN,stock,True
2025-02-17,2025-02-17 00:00:00,383.2274562106829,3215301.0,378.33455620052615,386.4337122725217,375.19376865940586,AMZN,stock,True
2025-02-18,2025-02-18 00:00:00,378.4101177062355,2906936.0,383.90195156131176,386.67125974920793,375.92097215214267,AMZN,stock,True
2025-02-19,2025-02-19 00:00:00,384.0558217863794,4912443.0,385.3951619662219,386.43772394309684,380.2500971789479,AMZN,stock,True
2025-02-20,2025-02-20 00:00:00,385.22267704338077,635574.0,386.64122328650086,390.0219570272674,382.148299912854,AMZN,stock,True
2025-02-21,2025-02-21 00:00:00,386.6005815270054,4218346.0,388.9018316452733,392.145078435324,385.62556947952334,AMZN,stock,True
2025-02-24,2025-02-24 00:00:00,388.7280337048805,969461.0,388.638309050908,391.59544725136294,388.1458294574949,AMZN,stock,True
2025-02-25,2025-02-25 00:00:00,388.708005803613,3776217.0,383.1003392970508,392.33853847040007,380.230039935148,AMZN,stock,True
2025-02-26,2025-02-26 00:00:00,383.0997621593589,3050908.0,385.36726145900394,386.2621015832844,379.8426403419177,AMZN,stock,True
2025-02-27,2025-02-27 00:00:00,385.2981375257286,3993783.0,384.4338490493124,387.29994603578143,381.53697467891755,AMZN,stock,True
2025-02-28,2025-02-28 00:00:00,384.5709815099978,2586921.0,383.73254281353354,387.44093375151556,381.7686897343574,AMZN,stock,True
2025-03-03,2025-03-03 00:00:00,383.5915452509056,1355854.0,377.9613995029815,386.9506750822687,376.16915603812197,AMZN,stock,True
2025-03-04,2025-03-04 00:00:00,377.7973460983309,1009405.0,378.97785494909886,382.0097827194985,375.3808174190477,AMZN,stock,True
2025-03-05,2025-03-05 00:00:00,378.9744495293356,4702075.0,378.5391910278391,379.2389152712319,377.0362560874747,AMZN,stock,True
2025-03-06,2025-03-06 00:00:00,378.39408718236416,1922593.0,373.3761966101717,381.12872035552823,370.0471805003343,AMZN,stock,True
2025-03-07,2025-03-07 00:00:00,373.2370643431013,1886700.0,369.0105623695473,375.0811747131664,367.1879003630733,AMZN,stock,True
2025-03-10,2025-03-10 00:00:00,368.84471734645,2879197.0,366.2300956369278,371.0218068460537,363.27584285850065,AMZN,stock,True
2025-03-11,2025-03-11 00:00:00,366.14880910187077,3215152.0,362.31782353678904,368.78212531703514,361.07033683449987,AMZN,stock,True
2025-03-12,2025-03-12 00:00:00,362.4272415826887,1343261.0,366.9112226307014,369.46309154644285,359.7038831243918,AMZN,stock,True
2025-03-13,2025-03-13 00:00:00,366.9519453820381,4815111.0,363.91233141569194,367.0784510047012,360.37688299359934,AMZN,stock,True
2025-03-14,2025-03-14 00:00:00,363.98189219759365,3433660.0,366.1635853391596,369.4873499751481,360.9362184510737,AMZN,stock,True
2025-03-17,2025-03-17 00:00:00,365.97936295891157,3336493.0,364.97485975903885,367.31598474004954,362.08651977760655,AMZN,stock,True
2025-03-18,2025-03-18 00:00:00,364.95234063705834,3842795.0,361.207190710248,366.25992850125357,359.2790828316676,AMZN,stock,True
2025-03-19,2025-03-19 00:00:00,361.24632191745354,744658.0,360.94231287165985,362.32646350707284,358.4919727083835,AMZN,stock,True
2025-03-20,2025-03-20 00:00:00,361.07417504182325,3731787.0,360.5315038475338,362.22725285862333,357.545814121008,AMZN,stock,True
2025-03-21,2025-03-21 00:00:00,360.5704465042728,3476125.0,365.1841848779174,365.9802719711211,357.3594681991007,AMZN,stock,True
2025-03-24,2025-03-24 00:00:00,365.28696852526934,2181853.0,361.6465372514346,365.7473253714527,358.3015428740459,AMZN,stock,True
2025-03-25,2025-03-25 00:00:00,361.70409500984914,2451067.0,364.7340671349635,366.5168079312775,360.97574195283346,AMZN,stock,True
2025-03-26,2025-03-26 00:00:00,364.8216510659148,550261.0,365.63543144430713,367.2955702840825,361.8041317542899,AMZN,stock,True
2025-03-27,2025-03-27 00:00:00,365.7753789770203,4363122.0,366.1214564387664,368.030299635708,365.2126917619489,AMZN,stock,True
2025-03-28,2025-03-28 00:00:00,366.18627615929955,1473672.0,363.26131500040105,366.70327402850785,361.06789074983897,AMZN,stock,True
2025-03-31,2025-03-31 00:00:00,363.1049226765665,1036293.0,365.9705037479389,368.31971513872054,360.8752549332955,AMZN,stock,True
2025-04-01,2025-04-01 00:00:00,366.0777381144205,3627528.0,369.874506210642,373.014512066665,364.6590028908795,AMZN,stock,True
2025-04-02,2025-04-02 00:00:00,369.8766974645403,4590605.0,364.5247002435604,371.69452579626693,361.315616854572,AMZN,stock,True
2025-04-03,2025-04-03 00:00:00,364.6212685101079,1942613.0,366.16645947806575,369.23081213199725,362.09495879585256,AMZN,stock,True
2025-04-04,2025-04-04 00:00:00,365.99721644671496,3035233.0,370.0586275693771,372.15351228789194,365.0830970662152,AMZN,stock,True
2025-04-07,2025-04-07 00:00:00,370.0658573081043,1475144.0,372.74240245912557,374.47829275847715,369.72444264948786,AMZN,stock,True
2025-04-08,2025-04-08 00:00:00,372.6768387164089,979650.0,373.7837656942949,375.6862066932212,369.8364798843514,AMZN,stock,True
2025-04-09,2025-04-09 00:00:00,373.68113831889394,4686335.0,371.4975477318181,376.9698757137338,371.44706855137184,AMZN,stock,True
2025-04-10,2025-04-10 00:00:00,371.65671427433733,2248493.0,368.824649647725,372.60641446329237,367.3558442973061,AMZN,stock,True
2025-04-11,2025-04-11 00:00:00,368.8362175003893,1708180.0,369.5814487148116,372.16973342283404,368.293617439387,AMZN,stock,True
2025-04-14,2025-04-14 00:00:00,369.4638847104333,2867743.0,371.7065566659424,374.77056008674504,367.6423820668045,AMZN,stock,True
2025-04-15,2025-04-15 00:00:00,371.6112622989884,1552398.0,375.28981218601734,375.830901180261,371.1556082787145,AMZN,stock,True
2025-04-16,2025-04-16 00:00:00,375.2540586927701,2331571.0,377.0180449825334,379.78107276695584,373.24132065950226,AMZN,stock,True
2025-04-17,2025-04-17 00:00:00,376.8409823971375,4885610.0,371.64999013000306,377.07950009775533,368.93225028637556,AMZN,stock,True
2025-04-18,2025-04-18 00:00:00,371.7163121993355,2685838.0,375.60399763122035,376.543439908798,370.123195523365,AMZN,stock,True
2025-04-21,2025-04-21 00:00:00,375.4327102409299,817891.0,376.5565343143505,378.7725946454199,374.5844677164718,AMZN,stock,True
2025-04-22,2025-04-22 00:00:00,376.5625039167198,1273869.0,375.360160161444,379.09310683063245,372.0969046425011,AMZN,stock,True
2025-04-23,2025-04-23 00:00:00,375.30211403873403,2760172.0,374.4532195901772,378.3386812357255,373.65842978412223,AMZN,stock,True
2025-04-24,2025-04-24 00:00:00,374.57708850842755,4852733.0,371.8091440401477,377.1166854464891,369.5918526172362,AMZN,stock,True
2025-04-25,2025-04-25 00:00:00,371.68397593491153,3837651.0,367.1558163717926,372.27727880563907,365.3584749033116,AMZN,stock,True
2025-04-28,2025-04-28 00:00:00,367.07130297924783,3645398.0,367.55971971616043,370.8307936874709,365.82009628626525,AMZN,stock,True
2025-04-29,2025-04-29 00:00:00,367.47120547658784,2815331.0,368.0291380165667,370.9199647738604,367.2408994441291,AMZN,stock,True
2025-04-30,2025-04-30 00:00:00,368.0344543774944,2563449.0,373.1293947762725,373.18297995813987,366.8204689216242,AMZN,stock,True
2025-05-01,2025-05-01 00:00:00,373.0703324907934,1848476.0,371.0104909648197,373.94081582852857,370.3997448618201,AMZN,stock,True
2025-05-02,2025-05-02 00:00:00,371.0680575787382,3927907.0,369.22416095281017,372.7584357422215,368.16334803411746,AMZN,stock,True
2025-05-05,2025-05-05 00:00:00,369.205222643161,1964483.0,370.4463379328351,373.1291629979331,366.5542733794157,AMZN,stock,True
2025-05-06,2025-05-06 00:00:00,370.5739963169877,4276943.0,372.0328585221349,375.5618637385614,367.77183813030535,AMZN,stock,True
2025-05-07,2025-05-07 00:00:00,371.9170177515299,2569516.0,371.1105645705124,373.2803994229731,367.6936895272887,AMZN,stock,True
2025-05-08,2025-05-08 00:00:00,371.08038501040096,1147664.0,366.85098699773164,373.1182298329398,364.86595171092233,AMZN,stock,True
2025-05-09,2025-05-09 00:00:00,366.64956504212097,4141389.0,366.0649750227771,370.0480527099094,362.9549083991821,AMZN,stock,True
2025-05-12,2025-05-12 00:00:00,366.0549582170188,2713840.0,363.757600235218,366.47316527463545,363.5889782485598,AMZN,stock,True
2025-05-13,2025-05-13 00:00:00,363.87712636552254,1525143.0,367.1724661799777,367.27813242233833,360.8944160210794,AMZN,stock,True
2025-05-14,2025-05-14 00:00:00,367.29502689895196,3915462.0,365.40293541784666,370.6215217356358,364.14184687048225,AMZN,stock,True
2025-05-15,2025-05-15 00:00:00,365.20944226104075,795349.0,360.10161767238696,365.4548933829583,357.80214568333764,AMZN,stock,True
2025-05-16,2025-05-16 00:00:00,360.06982312679935,4190333.0,362.5839861508622,363.1977964147119,358.0446038657368,AMZN,stock,True
2025-05-19,2025-05-19 00:00:00,362.47334170173076,820942.0,361.3263698532791,365.4179885575829,359.80877833244284,AMZN,stock,True
2025-05-20,2025-05-20 00:00:00,361.47592611599464,2448645.0,360.5342993472952,364.4872921867035,360.1570397441274,AMZN,stock,True
2025-05-21,2025-05-21 00:00:00,360.41433615062954,1105555.0,357.14007881860095,360.45181674688394,355.83846659197786,AMZN,stock,True
2025-05-22,2025-05-22 00:00:00,357.21839907872027,3271553.0,354.86886762288464,360.76069117920593,351.65026093356136,AMZN,stock,True
2025-05-23,2025-05-23 00:00:00,354.807569877359,3027389.0,353.7186379323267,357.63560589393546,350.42757001422257,AMZN,stock,True
2025-05-26,2025-05-26 00:00:00,353.77650400291805,1562963.0,353.5746019384773,355.9432182833376,351.9144268057791,AMZN,stock,True
2025-05-27,2025-05-27 00:00:00,353.70207771318786,3589449.0,348.6834218538793,354.5693307674081,346.8898138303593,AMZN,stock,True
2025-05-28,2025-05-28 00:00:00,348.595341738988,3688569.0,353.20553633146096,356.1313030640411,347.6805702472346,AMZN,stock,True
2025-05-29,2025-05-29 00:00:00,353.32744994447734,595936.0,356.32499309167025,359.42483046238493,351.37582837542374,AMZN,stock,True
2025-05-30,2025-05-30 00:00:00,356.46031060814227,2575767.0,355.62408564960555,357.69957261488264,352.9134360758675,AMZN,stock,True
2025-06-02,2025-06-02 00:00:00,355.70349804645485,4616826.0,360.3273281571326,360.5515644714737,352.3902960352344,AMZN,stock,True
2025-06-03,2025-06-03 00:00:00,360.1992384849292,1968610.0,361.94747632339755,362.2556138374665,359.82583164263076,AMZN,stock,True
2025-06-04,2025-06-04 00:00:00,362.07237977029155,3623520.0,362.94232334133176,366.51950597259446,360.4005360931652,AMZN,stock,True
2025-06-05,2025-06-05 00:00:00,362.87099958111645,4909602.0,363.1749042326964,366.3485948457456,361.7784788900247,AMZN,stock,True
2025-06-06,2025-06-06 00:00:00,363.23097273086967,4578284.0,364.3249308582452,365.4374194426747,359.81948811583993,AMZN,stock,True
2025-06-09,2025-06-09 00:00:00,364.34380571094016,3929088.0,366.846821196727,370.4748612501254,362.21816482955626,AMZN,stock,True
2025-06-10,2025-06-10 00:00:00,366.70839049165687,1355949.0,372.0389798101706,372.92250665491855,365.3152285234491,AMZN,stock,True
2025-06-11,2025-06-11 00:00:00,372.1235985387715,4485134.0,366.7610196748538,373.16671265956467,366.4116795096952,AMZN,stock,True
2025-06-12,2025-06-12 00:00:00,366.7327755463263,2753197.0,363.34594709420867,369.86330482452433,361.4879156205225,AMZN,stock,True
2025-06-13,2025-06-13 00:00:00,363.2950426581706,3841040.0,358.95804584833434,365.33729744143903,357.8072841378249,AMZN,stock,True
2025-06-16,2025-06-16 00:00:00,358.9584476852785,501306.0,360.0939545071718,363.2989242090863,357.8469183157175,AMZN,stock,True
2025-06-17,2025-06-17 00:00:00,359.91483269385003,695304.0,364.00487153442833,365.138401524556,358.6028070164972,AMZN,stock,True
2025-06-18,2025-06-18 00:00:00,363.98642917787004,2745731.0,364.5917424981401,366.45347258095404,361.65925856636596,AMZN,stock,True
2025-06-19,2025-06-19 00:00:00,364.73909095106495,4332270.0,369.6960052425844,373.038523638299,362.7049159104943,AMZN,stock,True
2025-06-20,2025-06-20 00:00:00,369.7025794918607,1151393.0,371.24391287268185,374.90839017495443,366.83955068179466,AMZN,stock,True
2025-06-23,2025-06-23 00:00:00,371.3224587298007,2905092.0,375.6438965890038,376.6413501968668,367.67836393825473,AMZN,stock,True
2025-06-24,2025-06-24 00:00:00,375.6115819077139,3373024.0,372.4834182735846,377.90158357109516,369.960371855636,AMZN,stock,True
2025-06-25,2025-06-25 00:00:00,372.6029151476905,4078986.0,371.9372829735088,375.99161954586157,369.0616099878224,AMZN,stock,True
2025-06-26,2025-06-26 00:00:00,372.0510083747742,1830645.0,366.63696657279144,372.40036098682714,365.47191192329734,AMZN,stock,True
2025-06-27,2025-06-27 00:00:00,366.4548087392955,3527687.0,366.73111114707365,370.11300593517785,366.1052206840967,AMZN,stock,True
2025-06-30,2025-06-30 00:00:00,366.5307136116349,3978374.0,367.56261122679564,370.5932288138885,363.3323759066718,AMZN,stock,True
2025-07-01,2025-07-01 00:00:00,367.5304869402412,2441985.0,367.5275655859663,370.66872434917616,364.6590918585445,AMZN,stock,True
2025-07-02,2025-07-02 00:00:00,367.6343876488567,1968286.0,370.9522087263694,372.45751460602355,366.44020278345516,AMZN,stock,True
2025-07-03,2025-07-03 00:00:00,371.08619009311656,1849426.0,365.6079625114581,374.5835185283836,362.4001273769211,AMZN,stock,True
2025-07-04,2025-07-04 00:00:00,365.7627007821825,1536690.0,362.041513960064,368.9200805228933,361.78082538680593,AMZN,stock,True
2025-07-07,2025-07-07 00:00:00,362.1775527371645,4048403.0,361.9180531351079,363.90579057033045,359.69056739554424,AMZN,stock,True
2025-07-08,2025-07-08 00:00:00,361.9046119016247,4607949.0,356.91794868977274,362.7515013156524,353.701399981923,AMZN,stock,True
2025-07-09,2025-07-09 00:00:00,356.8948542729401,4949338.0,352.1256118231631,360.141828495283,348.9433946877402,AMZN,stock,True
2025-07-10,2025-07-10 00:00:00,352.02045035921066,1359819.0,352.1429364535344,354.10814209974166,350.6274424410876,AMZN,stock,True
2025-07-11,2025-07-11 00:00:00,352.07062570059605,2945658.0,355.92371495767577,357.3499253526397,350.9033091040516,AMZN,stock,True
2025-07-14,2025-07-14 00:00:00,355.90391851495616,4807878.0,357.3599662813282,359.91134447561484,354.690487744533,AMZN,stock,True
2025-07-15,2025-07-15 00:00:00,357.5054305134063,2450667.0,360.0,362.9022192629837,356.4064759710948,AMZN,stock,True
2024-11-06,2024-11-06 00:00:00,310.0856092240241,4329926.0,312.5709499116471,314.5076357626401,307.98532843235165,TSLA,stock,True
2024-11-07,2024-11-07 00:00:00,312.6513453156796,3913839.0,314.78262959987745,314.78914492037967,309.6003478577906,TSLA,stock,True
2024-11-08,2024-11-08 00:00:00,314.90695131456414,2676071.0,317.8405426843222,320.3960162628005,313.66076329377137,TSLA,stock,True
2024-11-11,2024-11-11 00:00:00,317.8592627857902,4008511.0,315.0103993028351,320.6923826872154,313.05773140315193,TSLA,stock,True
2024-11-12,2024-11-12 00:00:00,315.00770924762634,3356069.0,319.5215228152017,322.5472845857931,312.90913591581676,TSLA,stock,True
2024-11-13,2024-11-13 00:00:00,319.5884479436364,4496065.0,315.51837972858914,321.6533839655544,313.8433523135691,TSLA,stock,True
2024-11-14,2024-11-14 00:00:00,315.5263907843056,3868315.0,316.19793301476795,318.7672438151348,313.71972989029973,TSLA,stock,True
2024-11-15,2024-11-15 00:00:00,316.2189126463131,629215.0,320.14253682952534,321.88659777116635,314.684577012892,TSLA,stock,True
2024-11-18,2024-11-18 00:00:00,320.1844037414744,4480855.0,318.10713275390975,320.63467434321876,317.01971407503385,TSLA,stock,True
2024-11-19,2024-11-19 00:00:00,318.07761208577153,1844418.0,318.3352014574294,318.865438501563,316.6421387214266,TSLA,stock,True
2024-11-20,2024-11-20 00:00:00,318.36605062096965,3188460.0,314.130810482673,319.6702122334526,313.24548117526604,TSLA,stock,True
2024-11-21,2024-11-21 00:00:00,314.1094069029914,2123838.0,317.3835718722977,318.93277671094256,311.9644497904495,TSLA,stock,True
2024-11-22,2024-11-22 00:00:00,317.4675810865928,3306722.0,318.63187298031386,320.22648833654796,316.5357483085535,TSLA,stock,True
2024-11-25,2024-11-25 00:00:00,318.50543865815587,1021109.0,315.8387513563487,319.1289730207949,312.84275450953385,TSLA,stock,True
2024-11-26,2024-11-26 00:00:00,315.9454722452181,2495038.0,314.3548714803484,316.040675977939,311.44076943097525,TSLA,stock,True
2024-11-27,2024-11-27 00:00:00,314.33310643077624,571376.0,310.4574617394702,315.3652897460962,308.94704120714323,TSLA,stock,True
2024-11-28,2024-11-28 00:00:00,310.44362773916174,2400776.0,306.6969155332057,313.49864730416516,306.55059642391456,TSLA,stock,True
2024-11-29,2024-11-29 00:00:00,306.5766797617427,1892209.0,308.60172778633273,310.6313233219259,304.7742068366219,TSLA,stock,True
2024-12-02,2024-12-02 00:00:00,308.5202109789348,1057899.0,311.7253961216326,313.6891353861945,305.9475123733665,TSLA,stock,True
2024-12-03,2024-12-03 00:00:00,311.70848284394367,2147125.0,309.0360624431664,314.18061243119485,307.847505335025,TSLA,stock,True
2024-12-04,2024-12-04 00:00:00,309.06209530275606,4028105.0,307.851524477598,310.4489501328606,307.21609693137816,TSLA,stock,True
2024-12-05,2024-12-05 00:00:00,307.7012142007135,3423002.0,304.6562165317203,310.10618375536893,302.4919911675109,TSLA,stock,True
2024-12-06,2024-12-06 00:00:00,304.5669505207002,4968508.0,308.2499521685472,309.4143793746737,302.94542763579614,TSLA,stock,True
2024-12-09,2024-12-09 00:00:00,308.2082674702498,3733663.0,304.0887507961195,309.7624612311194,302.32775871718815,TSLA,stock,True
2024-12-10,2024-12-10 00:00:00,303.97962273392744,2248981.0,302.55607839296033,304.53019860854266,299.69933412691944,TSLA,stock,True
2024-12-11,2024-12-11 00:00:00,302.4046649449755,952256.0,303.79739452406557,303.9351681646815,302.2392254518112,TSLA,stock,True
2024-12-12,2024-12-12 00:00:00,303.90922736439273,3121335.0,306.7598636997685,308.87494074299,303.8025660286016,TSLA,stock,True
2024-12-13,2024-12-13 00:00:00,306.7123136733203,1852247.0,303.19402552729804,307.6896686643289,300.51509426959916,TSLA,stock,True
2024-12-16,2024-12-16 00:00:00,303.1494810065129,3681247.0,305.7793585233519,307.6442771188282,302.39379478308445,TSLA,stock,True
2024-12-17,2024-12-17 00:00:00,305.7508511644822,4536820.0,308.3024172279789,308.4094842151424,303.4342720244039,TSLA,stock,True
2024-12-18,2024-12-18 00:00:00,308.26857307575597,1470726.0,307.6093757989272,311.3302501078088,305.87197223057467,TSLA,stock,True
2024-12-19,2024-12-19 00:00:00,307.72892317922134,3285104.0,310.56776859444113,310.79873925964233,304.7459189378202,TSLA,stock,True
2024-12-20,2024-12-20 00:00:00,310.47579726690304,3666896.0,314.1485218313018,315.2188522702459,308.7086003365593,TSLA,stock,True
2024-12-23,2024-12-23 00:00:00,314.0002528891582,1304031.0,316.2555359051622,319.0269787166685,312.3164231698362,TSLA,stock,True
2024-12-24,2024-12-24 00:00:00,316.1863641375781,3703636.0,319.7857713000711,321.83077108785324,313.95644772098365,TSLA,stock,True
2024-12-25,2024-12-25 00:00:00,319.6524399800413,4602397.0,316.9505525116604,321.401439817425,316.1600521652936,TSLA,stock,True
2024-12-26,2024-12-26 00:00:00,316.92522465697897,1849552.0,319.358937526169,322.0117541723408,316.2155782183174,TSLA,stock,True
2024-12-27,2024-12-27 00:00:00,319.385589671886,4612054.0,319.76339727234387,320.13221585698517,318.6854811924122,TSLA,stock,True
2024-12-30,2024-12-30 00:00:00,319.8260404680352,2799590.0,316.09680764129564,320.7499317284483,313.4449128384242,TSLA,stock,True
2024-12-31,2024-12-31 00:00:00,315.9920691102968,1760463.0,319.86429800949156,322.84812743965904,313.67462581854153,TSLA,stock,True
2025-01-01,2025-01-01 00:00:00,319.9557268153664,4813347.0,322.0654329684723,325.27188320517,317.4058268807677,TSLA,stock,True
2025-01-02,2025-01-02 00:00:00,321.89342552030945,2628349.0,319.7108006621582,322.34420460158776,318.5626594243127,TSLA,stock,True
2025-01-03,2025-01-03 00:00:00,319.7631630736595,1991268.0,315.6635719965356,319.8068507507481,315.1722416300187,TSLA,stock,True
2025-01-06,2025-01-06 00:00:00,315.8007209084799,3373864.0,316.8101955737065,318.4015451074269,313.3744153102574,TSLA,stock,True
2025-01-07,2025-01-07 00:00:00,316.7469399210324,2862038.0,319.0403507110628,319.4111420734034,315.5676753121988,TSLA,stock,True
2025-01-08,2025-01-08 00:00:00,319.03802555771205,3158589.0,321.47711447252397,323.74972847000384,316.8475895560394,TSLA,stock,True
2025-01-09,2025-01-09 00:00:00,321.3245822614736,3007698.0,318.86494703742164,322.74603070270973,318.30821853110734,TSLA,stock,True
2025-01-10,2025-01-10 00:00:00,318.8000898691765,3908759.0,319.5562825209254,321.2347717267125,316.9294261081393,TSLA,stock,True
2025-01-13,2025-01-13 00:00:00,319.6430987834222,4339800.0,321.44778335482374,322.0651213639868,316.6145278668185,TSLA,stock,True
2025-01-14,2025-01-14 00:00:00,321.30482669011093,871546.0,324.92659584368704,325.72907462760037,318.3278721651407,TSLA,stock,True
2025-01-15,2025-01-15 00:00:00,324.98837271233464,4708806.0,321.5327654581811,328.0750818795956,319.9070378238017,TSLA,stock,True
2025-01-16,2025-01-16 00:00:00,321.5901202198984,4876512.0,326.35224763874317,329.14781261735413,321.5067097337415,TSLA,stock,True
2025-01-17,2025-01-17 00:00:00,326.29424338613876,2151687.0,322.5588435959723,328.7802283826559,320.82248459823285,TSLA,stock,True
2025-01-20,2025-01-20 00:00:00,322.5636246412653,3669865.0,326.3859243561143,329.13990717654565,321.17189617270054,TSLA,stock,True
2025-01-21,2025-01-21 00:00:00,326.2574952405779,2781978.0,327.7816235207009,329.1165057045683,323.50493399102066,TSLA,stock,True
2025-01-22,2025-01-22 00:00:00,327.77908672945875,3984033.0,328.7900015571804,329.55361993863556,326.8193122268207,TSLA,stock,True
2025-01-23,2025-01-23 00:00:00,328.87315794542087,1965167.0,325.43810075416224,329.1231230665148,323.81406202054563,TSLA,stock,True
2025-01-24,2025-01-24 00:00:00,325.3727496064159,948215.0,321.03328593935765,327.590872372411,318.8317911423112,TSLA,stock,True
2025-01-27,2025-01-27 00:00:00,321.1331611588677,2344447.0,320.8767498850723,323.19953940811496,320.82193898207805,TSLA,stock,True
2025-01-28,2025-01-28 00:00:00,320.9556906653975,1115440.0,323.72833149559153,326.6653925063488,318.3759505545205,TSLA,stock,True
2025-01-29,2025-01-29 00:00:00,323.7029263355734,1740383.0,322.74127230435346,324.61044736901755,319.8593607078842,TSLA,stock,True
2025-01-30,2025-01-30 00:00:00,322.70827637920274,2611817.0,327.17295008628713,328.8029485939418,320.22734186102764,TSLA,stock,True
2025-01-31,2025-01-31 00:00:00,327.1280511276056,2704305.0,329.5181980799163,331.1035315380504,324.58967746933956,TSLA,stock,True
2025-02-03,2025-02-03 00:00:00,329.45949436728256,1592219.0,333.83978690915484,335.6185835825964,326.82023964815573,TSLA,stock,True
2025-02-04,2025-02-04 00:00:00,333.9316763188471,784455.0,335.60421919807686,338.93245464593605,333.58666938174264,TSLA,stock,True
2025-02-05,2025-02-05 00:00:00,335.47250622016463,3253563.0,340.16945571110983,340.77103940485796,334.5670789976563,TSLA,stock,True
2025-02-06,2025-02-06 00:00:00,340.2932167359636,1595311.0,340.9965184194183,343.7442141150949,338.5370981958422,TSLA,stock,True
2025-02-07,2025-02-07 00:00:00,340.8282183324958,2000755.0,336.81941564469156,342.17067953226103,336.0302374516018,TSLA,stock,True
2025-02-10,2025-02-10 00:00:00,336.70226312754414,2811656.0,334.58129761353104,338.9975009999567,334.08027151970384,TSLA,stock,True
2025-02-11,2025-02-11 00:00:00,334.566354666469,850140.0,336.3510411136154,336.6392424595097,332.64717207169474,TSLA,stock,True
2025-02-12,2025-02-12 00:00:00,336.25128498510725,966857.0,333.6084556057354,336.81214835212506,331.9816103065857,TSLA,stock,True
2025-02-13,2025-02-13 00:00:00,333.44215011482476,2728781.0,330.66274374508004,336.73869706001796,329.2799859842382,TSLA,stock,True
2025-02-14,2025-02-14 00:00:00,330.49047724672613,3352659.0,329.51192177016895,332.0079858249683,328.9449141646604,TSLA,stock,True
2025-02-17,2025-02-17 00:00:00,329.50148555307703,3686189.0,331.7533452063599,333.88656669825,329.4829202852318,TSLA,stock,True
2025-02-18,2025-02-18 00:00:00,331.5820625230034,2443899.0,329.13006303811954,331.99881231752227,328.5046035396839,TSLA,stock,True
2025-02-19,2025-02-19 00:00:00,329.21835783160253,1811239.0,329.61351092518726,331.4883477743064,326.07770159853595,TSLA,stock,True
2025-02-20,2025-02-20 00:00:00,329.6110126795155,971811.0,331.6522856912734,331.7528607885113,328.7425351760783,TSLA,stock,True
2025-02-21,2025-02-21 00:00:00,331.6438349222373,2089898.0,329.4253534168829,333.6677612809562,328.36160367241007,TSLA,stock,True
2025-02-24,2025-02-24 00:00:00,329.2905081530267,4153048.0,331.4924984034003,334.3780139238428,328.80888898650136,TSLA,stock,True
2025-02-25,2025-02-25 00:00:00,331.3474205092507,3965562.0,329.03964293595453,332.9132030601495,326.14404310062497,TSLA,stock,True
2025-02-26,2025-02-26 00:00:00,328.8881394914595,2203325.0,326.49787549207184,330.0017762193787,324.6069633892464,TSLA,stock,True
2025-02-27,2025-02-27 00:00:00,326.56089496735245,4487303.0,325.2208553814151,329.4641747525396,324.4271306427195,TSLA,stock,True
2025-02-28,2025-02-28 00:00:00,325.19966003234975,3730787.0,329.6803847863964,332.64837666856977,324.58857044166416,TSLA,stock,True
2025-03-03,2025-03-03 00:00:00,329.66957725944695,3941191.0,326.5699068319898,332.3298727152093,325.6554405981628,TSLA,stock,True
2025-03-04,2025-03-04 00:00:00,326.61273787235075,4169593.0,329.25422829790057,331.0266464774563,323.37914329394636,TSLA,stock,True
2025-03-05,2025-03-05 00:00:00,329.30417492385624,3229271.0,333.34790187454377,333.97622937235195,326.92036758462433,TSLA,stock,True
2025-03-06,2025-03-06 00:00:00,333.47632316438154,4884524.0,331.2764474828615,333.93737868430895,330.47495373415927,TSLA,stock,True
2025-03-07,2025-03-07 00:00:00,331.38474780009506,1671467.0,329.2900581526173,333.49311837443145,327.9507709416856,TSLA,stock,True
2025-03-10,2025-03-10 00:00:00,329.2611361447389,809822.0,333.4276321775591,336.0049889998579,327.0310258289198,TSLA,stock,True
2025-03-11,2025-03-11 00:00:00,333.5661148921609,3977123.0,333.92886194488426,337.1204643509885,330.4756906988249,TSLA,stock,True
2025-03-12,2025-03-12 00:00:00,333.8328933942313,3862138.0,336.8750910321702,339.03350999061945,331.4581450750336,TSLA,stock,True
2025-03-13,2025-03-13 00:00:00,336.89860905220684,4754725.0,339.2080002678649,341.1904836470653,335.0338733758541,TSLA,stock,True
2025-03-14,2025-03-14 00:00:00,339.1433067046677,3113962.0,340.74877009054455,343.6960260484611,336.06671923736,TSLA,stock,True
2025-03-17,2025-03-17 00:00:00,340.6419809194194,4390218.0,336.293259411613,342.1866888831235,336.15006444828794,TSLA,stock,True
2025-03-18,2025-03-18 00:00:00,336.3032570532562,1397694.0,335.30297706349893,336.77811192988986,334.68158462244907,TSLA,stock,True
2025-03-19,2025-03-19 00:00:00,335.15074611585914,4655488.0,336.14763866426705,338.73654753844977,332.94477268275153,TSLA,stock,True
2025-03-20,2025-03-20 00:00:00,336.2934324723806,657683.0,340.7941333388378,342.1538070818834,335.30406111745646,TSLA,stock,True
2025-03-21,2025-03-21 00:00:00,340.65858323864893,649204.0,341.18852234684346,343.7027487821915,337.7468499081229,TSLA,stock,True
2025-03-24,2025-03-24 00:00:00,341.06239011570943,2985403.0,340.49536456126026,342.4387724508074,339.6584126078684,TSLA,stock,True
2025-03-25,2025-03-25 00:00:00,340.549959751562,1433375.0,339.73891007770857,341.816656689889,339.564035870904,TSLA,stock,True
2025-03-26,2025-03-26 00:00:00,339.6610905898143,4366283.0,342.0029742594782,343.6733697542541,337.0165450714785,TSLA,stock,True
2025-03-27,2025-03-27 00:00:00,341.9270981383369,867314.0,338.09277332094376,342.3403701863639,334.96641236190504,TSLA,stock,True
2025-03-28,2025-03-28 00:00:00,337.94546145103124,1126889.0,339.56262477983535,342.04456305740376,335.9229361022175,TSLA,stock,True
2025-03-31,2025-03-31 00:00:00,339.496124267006,4252428.0,341.53414890688424,341.8291536870572,338.82355486009027,TSLA,stock,True
2025-04-01,2025-04-01 00:00:00,341.4526764177468,3780289.0,337.97870051592304,342.539720296867,335.969704401981,TSLA,stock,True
2025-04-02,2025-04-02 00:00:00,337.9411473099861,2190850.0,340.6709734279528,342.5070126777688,336.4629834692232,TSLA,stock,True
2025-04-03,2025-04-03 00:00:00,340.7929037199519,4932645.0,341.63869333213535,344.63978344944314,339.74184469434346,TSLA,stock,True
2025-04-04,2025-04-04 00:00:00,341.4935000112759,1908598.0,343.9515059029321,345.93395569720116,339.191775919124,TSLA,stock,True
2025-04-07,2025-04-07 00:00:00,343.93408685016846,3162228.0,341.1586198581538,346.61663711043843,339.3668160116273,TSLA,stock,True
2025-04-08,2025-04-08 00:00:00,340.99622384217156,2408743.0,345.009384894626,345.95918602382864,339.45891807605227,TSLA,stock,True
2025-04-09,2025-04-09 00:00:00,344.8353710675753,4119511.0,339.88076901448125,346.7208692706419,336.6054727570565,TSLA,stock,True
2025-04-10,2025-04-10 00:00:00,339.9586617626424,4645594.0,344.14759553614306,346.1388585141873,338.07552518950246,TSLA,stock,True
2025-04-11,2025-04-11 00:00:00,344.289237977199,826141.0,348.20560040420116,351.15858278057505,342.27922085993634,TSLA,stock,True
2025-04-14,2025-04-14 00:00:00,348.11774051519114,3563818.0,349.59576723906616,352.7073848270977,345.9242843127353,TSLA,stock,True
2025-04-15,2025-04-15 00:00:00,349.60093198240503,3906635.0,350.66419719451704,351.0677861970829,347.0649173399549,TSLA,stock,True
2025-04-16,2025-04-16 00:00:00,350.6819784997287,1579210.0,351.8012826941152,352.5386301108272,350.37713308375083,TSLA,stock,True
2025-04-17,2025-04-17 00:00:00,351.82399524715726,2122535.0,347.62230681170354,352.5693045180692,345.1115212003564,TSLA,stock,True
2025-04-18,2025-04-18 00:00:00,347.76606472276353,4146467.0,351.5699603000834,352.25531006284587,344.51090486554244,TSLA,stock,True
2025-04-21,2025-04-21 00:00:00,351.6417324192696,808225.0,348.57714678702536,353.3447336338804,346.50564973015696,TSLA,stock,True
2025-04-22,2025-04-22 00:00:00,348.6111324028738,1198446.0,344.0217622840137,350.96811556161384,342.4155870147256,TSLA,stock,True
2025-04-23,2025-04-23 00:00:00,343.9301983196021,2006112.0,347.86679595310375,350.4093088219824,343.2878357494335,TSLA,stock,True
2025-04-24,2025-04-24 00:00:00,347.70200813378403,4015876.0,347.52970916599986,349.31696727479704,347.00590350790657,TSLA,stock,True
2025-04-25,2025-04-25 00:00:00,347.5842405192267,4784600.0,352.65370785068257,353.50446869416146,345.8082572969698,TSLA,stock,True
2025-04-28,2025-04-28 00:00:00,352.65615196744557,1091270.0,349.063064403374,353.88870538161626,347.8822829475858,TSLA,stock,True
2025-04-29,2025-04-29 00:00:00,348.9395922604289,1214146.0,353.2504046438758,356.68703652760064,348.5457803779681,TSLA,stock,True
2025-04-30,2025-04-30 00:00:00,353.11617502673386,3494142.0,352.5198850173362,353.98583566946695,349.88561602429655,TSLA,stock,True
2025-05-01,2025-05-01 00:00:00,352.47088313404004,3842164.0,349.0542454102853,355.2809807432912,346.828043135982,TSLA,stock,True
2025-05-02,2025-05-02 00:00:00,348.9040366044108,1091207.0,350.07592767378515,353.56947665242626,347.39247928607256,TSLA,stock,True
2025-05-05,2025-05-05 00:00:00,349.9824948019125,2702959.0,349.26053528291084,351.704028081929,347.79416689307396,TSLA,stock,True
2025-05-06,2025-05-06 00:00:00,349.26729865591165,2060901.0,348.8298721163864,351.96148091249813,346.34276264396266,TSLA,stock,True
2025-05-07,2025-05-07 00:00:00,348.8288938533574,4123363.0,352.5323511564294,352.6041771499687,348.42128764135555,TSLA,stock,True
2025-05-08,2025-05-08 00:00:00,352.38125781194736,2412725.0,356.3155714969628,357.4425100606143,351.1316742277021,TSLA,stock,True
2025-05-09,2025-05-09 00:00:00,356.47491427172173,1065380.0,354.0842399824386,358.44798665871554,352.8974828604132,TSLA,stock,True
2025-05-12,2025-05-12 00:00:00,354.0982283260212,942772.0,352.4149259154269,354.51874727091837,350.6168118020248,TSLA,stock,True
2025-05-13,2025-05-13 00:00:00,352.4829919941264,3860113.0,350.96383370917323,354.28686051305414,350.1940868767935,TSLA,stock,True
2025-05-14,2025-05-14 00:00:00,351.0171451684735,2784772.0,346.33830805253916,351.56769051569563,346.2030171790875,TSLA,stock,True
2025-05-15,2025-05-15 00:00:00,346.37968676489527,3098438.0,347.9258317278584,349.7644834965668,343.3668547712081,TSLA,stock,True
2025-05-16,2025-05-16 00:00:00,347.993761967986,1733153.0,353.17747884364053,355.87325141081544,345.69525999766205,TSLA,stock,True
2025-05-19,2025-05-19 00:00:00,353.3350781250184,2178627.0,349.18337193258435,353.66101961102385,348.2286685563304,TSLA,stock,True
2025-05-20,2025-05-20 00:00:00,349.3155859897957,4916992.0,352.60643883327145,355.60206373501563,348.6086015688471,TSLA,stock,True
2025-05-21,2025-05-21 00:00:00,352.5737573447201,3001211.0,350.1737993425247,354.16120917323315,347.9763501913872,TSLA,stock,True
2025-05-22,2025-05-22 00:00:00,350.0972518417451,4082049.0,348.3044656719261,350.2418303003963,346.8250046973483,TSLA,stock,True
2025-05-23,2025-05-23 00:00:00,348.4052857684888,3502010.0,353.3021296054869,354.90578581999927,348.2916709873941,TSLA,stock,True
2025-05-26,2025-05-26 00:00:00,353.2335598252247,609324.0,355.4206401529298,358.0013383682915,352.6194131766069,TSLA,stock,True
2025-05-27,2025-05-27 00:00:00,355.4082435787527,4103426.0,359.46867812484464,362.5782084769155,355.142215286904,TSLA,stock,True
2025-05-28,2025-05-28 00:00:00,359.38199650824623,3145190.0,358.877985459601,359.9035715332575,355.88049723985307,TSLA,stock,True
2025-05-29,2025-05-29 00:00:00,358.70092078263815,3866825.0,358.4000524563741,359.9159826396867,357.09026166759145,TSLA,stock,True
2025-05-30,2025-05-30 00:00:00,358.45415618509384,1896723.0,357.0801878262341,358.56102495622076,357.0129158569756,TSLA,stock,True
2025-06-02,2025-06-02 00:00:00,356.89413891079397,2852288.0,355.861526733479,357.9023849430098,355.2351857192964,TSLA,stock,True
2025-06-03,2025-06-03 00:00:00,355.9136310425692,1481231.0,360.73499180173394,362.1101710698496,353.43933996938046,TSLA,stock,True
2025-06-04,2025-06-04 00:00:00,360.7588357467114,1155856.0,362.32993847883705,364.1818009873628,359.962858993498,TSLA,stock,True
2025-06-05,2025-06-05 00:00:00,362.4386875875564,1445051.0,362.08817116173617,363.35311943297415,361.45554217817994,TSLA,stock,True
2025-06-06,2025-06-06 00:00:00,362.06914441756163,1526859.0,360.4189304340917,362.90530619473043,358.6542767537241,TSLA,stock,True
2025-06-09,2025-06-09 00:00:00,360.55939697131544,3241847.0,360.0592509677225,361.9898573617075,357.27831869463483,TSLA,stock,True
2025-06-10,2025-06-10 00:00:00,359.9067391682789,1314691.0,356.7986456172557,361.7106290082967,354.9706249836734,TSLA,stock,True
2025-06-11,2025-06-11 00:00:00,356.9263993413047,2264167.0,354.2855787998036,360.11148904996674,351.9233186109287,TSLA,stock,True
2025-06-12,2025-06-12 00:00:00,354.1354554319178,1724831.0,358.1524331436166,361.5429592448555,351.12915945736194,TSLA,stock,True
2025-06-13,2025-06-13 00:00:00,358.13266394034156,4817079.0,356.7998496228864,361.37235031126016,355.24686723395536,TSLA,stock,True
2025-06-16,2025-06-16 00:00:00,356.7390827438294,2958852.0,353.8304345051304,357.7144596505236,353.4077785889616,TSLA,stock,True
2025-06-17,2025-06-17 00:00:00,353.93302916514347,3341114.0,357.5195898192205,359.66583170297497,351.8669429169528,TSLA,stock,True
2025-06-18,2025-06-18 00:00:00,357.5771285592008,1859250.0,359.975506884322,361.2025764844357,356.19491217565616,TSLA,stock,True
2025-06-19,2025-06-19 00:00:00,360.02982115375715,4059395.0,364.77916587001283,367.4136115263593,358.0036144401754,TSLA,stock,True
2025-06-20,2025-06-20 00:00:00,364.78179564906213,895571.0,367.3866981852547,369.3404216007963,364.7292330693569,TSLA,stock,True
2025-06-23,2025-06-23 00:00:00,367.2455736748004,1497040.0,366.1584108508779,369.26290571373687,365.1065148502853,TSLA,stock,True
2025-06-24,2025-06-24 00:00:00,366.1309103546995,1749873.0,369.08461133388397,371.8714378417003,364.27102502053515,TSLA,stock,True
2025-06-25,2025-06-25 00:00:00,368.9442484791355,4052841.0,371.0771055744665,373.8247956914634,365.83425416223645,TSLA,stock,True
2025-06-26,2025-06-26 00:00:00,371.03219513162026,712115.0,370.80462143908335,371.6024052448548,367.91335909937123,TSLA,stock,True
2025-06-27,2025-06-27 00:00:00,370.885947557403,1529495.0,366.6001302663202,372.38028399983625,363.8799567905549,TSLA,stock,True
2025-06-30,2025-06-30 00:00:00,366.43228028983236,4285659.0,366.1265244352157,367.2478153213682,365.8798838472076,TSLA,stock,True
2025-07-01,2025-07-01 00:00:00,366.0340890298972,4312075.0,365.8309176458852,368.43258873740854,362.7159783792049,TSLA,stock,True
2025-07-02,2025-07-02 00:00:00,365.69789146928986,2778631.0,368.9011810010569,371.4404093762278,363.20691088131144,TSLA,stock,True
2025-07-03,2025-07-03 00:00:00,368.90052679198993,3676216.0,363.4573611971905,369.52720593535645,361.8999967896338,TSLA,stock,True
2025-07-04,2025-07-04 00:00:00,363.3885665800561,4979944.0,364.69480224561977,364.7839189042068,359.8300109364955,TSLA,stock,True
2025-07-07,2025-07-07 00:00:00,364.6681442588441,2831285.0,369.8265630084124,371.6627942801243,361.5545926983919,TSLA,stock,True
2025-07-08,2025-07-08 00:00:00,369.62982820638814,811206.0,366.13489329388176,371.33871363268963,365.95389830734564,TSLA,stock,True
2025-07-09,2025-07-09 00:00:00,365.9942907123185,4777990.0,366.6440875403006,367.82658142824414,363.7762345443628,TSLA,stock,True
2025-07-10,2025-07-10 00:00:00,366.45643401721475,3956313.0,361.13864002153554,369.9470170514651,360.80598886079963,TSLA,stock,True
2025-07-11,2025-07-11 00:00:00,360.97208509144605,1094919.0,356.51835282803427,362.27775571211174,354.39421963330557,TSLA,stock,True
2025-07-14,2025-07-14 00:00:00,356.612245919313,2451788.0,361.30163276293354,362.0254259950459,356.185557813232,TSLA,stock,True
2025-07-15,2025-07-15 00:00:00,361.35133823232104,1028972.0,358.0,364.91616082514844,357.1325850433176,TSLA,stock,True
2024-11-06,2024-11-06 00:00:00,1331.3847933443865,14315365.0,1334.1531048934448,1338.9089369210074,1325.345592952808,SPY,index,True
2024-11-07,2024-11-07 00:00:00,1334.3058597984923,23196878.0,1342.8532626033925,1352.7292975241267,1329.871317139664,SPY,index,True
2024-11-08,2024-11-08 00:00:00,1342.6794294827441,32334712.0,1334.0445734118962,1350.2151875437937,1330.3805619211394,SPY,index,True
2024-11-11,2024-11-11 00:00:00,1334.2580489701738,32435252.0,1328.0364764168976,1338.6883788141783,1319.175792124307,SPY,index,True
2024-11-12,2024-11-12 00:00:00,1327.8497236635005,32034361.0,1335.0271279218257,1347.858596933031,1325.153879774269,SPY,index,True
2024-11-13,2024-11-13 00:00:00,1334.851891205776,17140224.0,1347.227383273381,1359.1239955777282,1325.245875389709,SPY,index,True
2024-11-14,2024-11-14 00:00:00,1347.4030186646476,47968242.0,1355.9953725114692,1367.951287858459,1343.1372012936106,SPY,index,True
2024-11-15,2024-11-15 00:00:00,1355.4248563196,37964004.0,1358.4545283564426,1369.3750023165273,1345.8991980077146,SPY,index,True
2024-11-18,2024-11-18 00:00:00,1357.9504594352327,43814530.0,1355.7722108885077,1367.5269900972296,1344.294155028117,SPY,index,True
2024-11-19,2024-11-19 00:00:00,1356.0533347807013,34031609.0,1367.0813963789224,1373.525213490462,1343.907045040962,SPY,index,True
2024-11-20,2024-11-20 00:00:00,1366.6539194277668,43939072.0,1354.9188718651508,1376.1884693267355,1354.187293274883,SPY,index,True
2024-11-21,2024-11-21 00:00:00,1354.3800082032744,13751536.0,1345.0638843280178,1363.040241081347,1341.6835078136357,SPY,index,True
2024-11-22,2024-11-22 00:00:00,1344.5503352198655,25803191.0,1341.6068984161034,1348.181727603972,1335.4204448490286,SPY,index,True
2024-11-25,2024-11-25 00:00:00,1341.0177654332888,44425128.0,1352.2783407092973,1355.96526214363,1331.811513440507,SPY,index,True
2024-11-26,2024-11-26 00:00:00,1352.171200944063,11871047.0,1364.958303821199,1377.3319306587784,1350.3215026600228,SPY,index,True
2024-11-27,2024-11-27 00:00:00,1365.3677710120799,49167828.0,1361.1131139845063,1371.8459151662187,1351.2270541811781,SPY,index,True
2024-11-28,2024-11-28 00:00:00,1361.3515815518933,19970477.0,1355.4698424377434,1364.9221328391643,1355.4095164888884,SPY,index,True
2024-11-29,2024-11-29 00:00:00,1355.2324671294166,19368232.0,1344.297094409945,1363.1215943686734,1334.2396131333066,SPY,index,True
2024-12-02,2024-12-02 00:00:00,1344.618187993919,22298260.0,1354.1169284403638,1357.6778231852998,1331.4604378375323,SPY,index,True
2024-12-03,2024-12-03 00:00:00,1354.3880790264677,39975599.0,1354.3185318347844,1357.7641237708667,1351.95509771152,SPY,index,True
2024-12-04,2024-12-04 00:00:00,1354.716050802998,12355555.0,1350.8245621999588,1364.9998070498257,1347.295361589206,SPY,index,True
2024-12-05,2024-12-05 00:00:00,1350.3837397638476,29646958.0,1356.7025197471173,1366.8603620369076,1344.8325784378635,SPY,index,True
2024-12-06,2024-12-06 00:00:00,1356.820582912919,10289982.0,1357.5111081729465,1358.8036888375439,1352.6439414106042,SPY,index,True
2024-12-09,2024-12-09 00:00:00,1357.9144569748892,7012399.0,1369.037657803972,1371.250055908487,1356.676024367791,SPY,index,True
2024-12-10,2024-12-10 00:00:00,1368.8027292977522,19510079.0,1368.9780155808746,1369.8773361834121,1367.340921079735,SPY,index,True
2024-12-11,2024-12-11 00:00:00,1368.968304333259,49585803.0,1365.9110016613417,1375.0445050459314,1362.7548358737577,SPY,index,True
2024-12-12,2024-12-12 00:00:00,1366.1168967285805,44453940.0,1375.0920971263088,1386.9011986588328,1355.531391961594,SPY,index,True
2024-12-13,2024-12-13 00:00:00,1375.0606695242384,17377262.0,1374.704191502654,1377.1983298244727,1372.1599411473644,SPY,index,True
2024-12-16,2024-12-16 00:00:00,1374.1161491137204,8658790.0,1363.7938740998977,1382.229943993921,1362.6251295741083,SPY,index,True
2024-12-17,2024-12-17 00:00:00,1364.2013353895059,14442869.0,1376.9602214795564,1381.8409472884898,1362.2612795296516,SPY,index,True
2024-12-18,2024-12-18 00:00:00,1376.4829802642778,34884683.0,1369.4458423631268,1388.2350881472335,1361.792106886604,SPY,index,True
2024-12-19,2024-12-19 00:00:00,1369.8294443014267,25136571.0,1381.743454896225,1385.3523701776548,1368.5088327442356,SPY,index,True
2024-12-20,2024-12-20 00:00:00,1382.203739508975,30526091.0,1386.4009067627385,1395.9275539495527,1376.7106155686329,SPY,index,True
2024-12-23,2024-12-23 00:00:00,1386.4157570870761,26039390.0,1379.7700285768403,1391.9217802587712,1369.3602890444436,SPY,index,True
2024-12-24,2024-12-24 00:00:00,1379.4696240467647,9569077.0,1391.2698557889366,1403.52981667299,1379.0061558026644,SPY,index,True
2024-12-25,2024-12-25 00:00:00,1390.8664225792563,9439704.0,1379.7841042259085,1403.2087571693123,1376.8311717208608,SPY,index,True
2024-12-26,2024-12-26 00:00:00,1379.3923353949026,34520530.0,1366.9373899918553,1382.1947858152153,1360.3692582071337,SPY,index,True
2024-12-27,2024-12-27 00:00:00,1366.399038139802,40728112.0,1373.320463700562,1379.124994551713,1360.4472320477578,SPY,index,True
2024-12-30,2024-12-30 00:00:00,1373.7164057158054,8319268.0,1381.588080559103,1388.1220139971347,1370.4499295655673,SPY,index,True
2024-12-31,2024-12-31 00:00:00,1381.0499638405201,22596024.0,1391.7373940082196,1393.2989803728008,1380.1301353845367,SPY,index,True
2025-01-01,2025-01-01 00:00:00,1391.2767992944355,48977527.0,1382.7428607612956,1397.0198261433973,1381.0792817836364,SPY,index,True
2025-01-02,2025-01-02 00:00:00,1383.0209435812728,14957546.0,1390.4559259078396,1403.2766575476678,1373.7051862709247,SPY,index,True
2025-01-03,2025-01-03 00:00:00,1390.1646734465587,35134796.0,1387.1655988090151,1395.4541338896393,1378.9812761256164,SPY,index,True
2025-01-06,2025-01-06 00:00:00,1386.924139811514,12789764.0,1374.8104874601859,1389.8151230060964,1373.5433907806917,SPY,index,True
2025-01-07,2025-01-07 00:00:00,1374.616297426839,47493478.0,1364.1858054979182,1377.460050647742,1362.525776777916,SPY,index,True
2025-01-08,2025-01-08 00:00:00,1364.5881995847428,49593551.0,1361.1395786765495,1370.9124587993842,1355.677011797198,SPY,index,True
2025-01-09,2025-01-09 00:00:00,1360.9680016929904,10893830.0,1370.4129785653092,1383.337481826046,1355.8382254382095,SPY,index,True
2025-01-10,2025-01-10 00:00:00,1370.4071636278306,39139862.0,1366.056652468816,1376.0114892257466,1362.4827284087082,SPY,index,True
2025-01-13,2025-01-13 00:00:00,1366.4654863156122,47148288.0,1353.7742715675765,1377.0539596658816,1352.951764821938,SPY,index,True
2025-01-14,2025-01-14 00:00:00,1353.3029371033535,32377300.0,1350.4316978070203,1356.9641353584989,1343.6493398590421,SPY,index,True
2025-01-15,2025-01-15 00:00:00,1350.0317168955307,44373467.0,1358.6196022803683,1365.5030147841826,1346.1649634489336,SPY,index,True
2025-01-16,2025-01-16 00:00:00,1358.0234196499655,25227543.0,1358.7188232576925,1359.4473662532553,1355.5938504897085,SPY,index,True
2025-01-17,2025-01-17 00:00:00,1358.2730378997662,36769266.0,1364.0583176182984,1369.7471078639612,1348.156508752356,SPY,index,True
2025-01-20,2025-01-20 00:00:00,1364.1806685619688,9649917.0,1359.879786593096,1372.843943529889,1350.382746845765,SPY,index,True
2025-01-21,2025-01-21 00:00:00,1360.1758351596018,33823029.0,1352.1067232658663,1362.6852856123767,1341.7615862204534,SPY,index,True
2025-01-22,2025-01-22 00:00:00,1352.2577555696998,6220307.0,1353.2852702600098,1359.1773796081718,1349.227249822177,SPY,index,True
2025-01-23,2025-01-23 00:00:00,1352.7083571479045,11949105.0,1365.982778590465,1368.6602622704038,1340.1013532299737,SPY,index,True
2025-01-24,2025-01-24 00:00:00,1365.924103177786,12109249.0,1360.799735190012,1379.4870297909113,1358.9892299542566,SPY,index,True
2025-01-27,2025-01-27 00:00:00,1360.6236687218407,34989590.0,1363.2124942395496,1368.9251291518353,1357.182805530269,SPY,index,True
2025-01-28,2025-01-28 00:00:00,1363.5160201669396,40650773.0,1376.1638054516834,1378.4382169885394,1362.2037101831443,SPY,index,True
2025-01-29,2025-01-29 00:00:00,1376.5745523446742,45110889.0,1366.2049103852223,1385.9092429587727,1358.9772437096012,SPY,index,True
2025-01-30,2025-01-30 00:00:00,1366.2638624497058,47274811.0,1374.6414431832902,1387.7018701295983,1359.2741375557544,SPY,index,True
2025-01-31,2025-01-31 00:00:00,1374.6340489339916,18599072.0,1366.9135925402732,1379.6561489812157,1356.986228972685,SPY,index,True
2025-02-03,2025-02-03 00:00:00,1367.054152102244,27141793.0,1367.4367077276102,1377.1146440679206,1360.5220242291375,SPY,index,True
2025-02-04,2025-02-04 00:00:00,1367.455972699735,36285929.0,1378.614917598646,1378.6579986566267,1362.1895263263598,SPY,index,True
2025-02-05,2025-02-05 00:00:00,1378.4161891557428,22818025.0,1389.8920267971023,1390.131446376883,1365.7233677517195,SPY,index,True
2025-02-06,2025-02-06 00:00:00,1390.0561322858011,26734079.0,1376.3262218954092,1401.6726095074666,1373.0369107948077,SPY,index,True
2025-02-07,2025-02-07 00:00:00,1376.8093434501461,29912210.0,1365.5604094521093,1381.942901299668,1352.048359390855,SPY,index,True
2025-02-10,2025-02-10 00:00:00,1364.9713948926374,19123395.0,1376.7348747213848,1386.8518498136036,1357.027849444164,SPY,index,True
2025-02-11,2025-02-11 00:00:00,1376.315187040142,29112210.0,1367.8254481110996,1379.2823323355099,1362.3467270009774,SPY,index,True
2025-02-12,2025-02-12 00:00:00,1367.384130849449,21569690.0,1354.4207671137854,1378.811115410755,1352.299567123864,SPY,index,True
2025-02-13,2025-02-13 00:00:00,1354.587355947195,28216606.0,1346.0666319066029,1367.2381271781892,1342.5403568689146,SPY,index,True
2025-02-14,2025-02-14 00:00:00,1346.4041426960002,17629016.0,1335.9689422606814,1350.5284139180567,1334.2659211853102,SPY,index,True
2025-02-17,2025-02-17 00:00:00,1335.7078174666906,25954856.0,1339.2072156970853,1351.4563530645132,1325.991131674988,SPY,index,True
2025-02-18,2025-02-18 00:00:00,1339.3224913661404,30616517.0,1343.8759564568095,1354.924991454689,1338.4369870036078,SPY,index,True
2025-02-19,2025-02-19 00:00:00,1344.134417922006,11779413.0,1331.171976894839,1355.0857041075453,1323.5948916215118,SPY,index,True
2025-02-20,2025-02-20 00:00:00,1330.6177627779596,33839150.0,1329.5595789209206,1340.4118655825155,1320.5957491525219,SPY,index,True
2025-02-21,2025-02-21 00:00:00,1329.815072296652,39003776.0,1332.3334307902085,1342.8908861434286,1322.4069437207731,SPY,index,True
2025-02-24,2025-02-24 00:00:00,1332.5991721516007,9055092.0,1342.0171942263112,1353.900741930117,1331.6020387124238,SPY,index,True
2025-02-25,2025-02-25 00:00:00,1342.2508611938936,6006202.0,1330.9130280500265,1347.4483883174894,1327.4167505210391,SPY,index,True
2025-02-26,2025-02-26 00:00:00,1330.500046042562,34903865.0,1319.6071951197553,1333.522209913699,1313.9665157954294,SPY,index,True
2025-02-27,2025-02-27 00:00:00,1319.9546073558151,38286157.0,1327.0788569337324,1329.100175756544,1318.8529786832319,SPY,index,True
2025-02-28,2025-02-28 00:00:00,1327.1845966910728,46136527.0,1317.7173608864766,1334.7631168140178,1311.937358393991,SPY,index,True
2025-03-03,2025-03-03 00:00:00,1318.026927920205,49766499.0,1308.9220200479704,1324.8014421056405,1298.7790665609898,SPY,index,True
2025-03-04,2025-03-04 00:00:00,1309.114509459608,5212113.0,1319.0829804454106,1320.6085368547797,1297.2727526134906,SPY,index,True
2025-03-05,2025-03-05 00:00:00,1318.9656174418358,45843164.0,1323.079972978159,1332.9223404156178,1316.6226527270192,SPY,index,True
2025-03-06,2025-03-06 00:00:00,1323.2930496249135,11532991.0,1335.3284194993923,1340.3425503101275,1322.7006875134366,SPY,index,True
2025-03-07,2025-03-07 00:00:00,1335.3908637902507,45780238.0,1331.954575899417,1345.0923500022375,1326.8325675658461,SPY,index,True
2025-03-10,2025-03-10 00:00:00,1331.9556911041725,11241931.0,1325.3749300098634,1337.0068026950605,1313.1520848721118,SPY,index,True
2025-03-11,2025-03-11 00:00:00,1324.8906047900036,29188578.0,1325.3749920474186,1328.4734303239122,1316.1117293173602,SPY,index,True
2025-03-12,2025-03-12 00:00:00,1325.0789863573075,45504857.0,1326.9063775843933,1338.8324689049057,1319.365332544782,SPY,index,True
2025-03-13,2025-03-13 00:00:00,1327.2170216288703,14922082.0,1321.2130920293,1336.0428966946772,1310.1807749472966,SPY,index,True
2025-03-14,2025-03-14 00:00:00,1321.543634069672,9141623.0,1315.156355344562,1328.5373665620743,1303.8804703102774,SPY,index,True
2025-03-17,2025-03-17 00:00:00,1315.5988441745294,20024215.0,1304.7146342092478,1323.8823494045325,1293.5709326638653,SPY,index,True
2025-03-18,2025-03-18 00:00:00,1304.1484928615896,44730612.0,1293.3558815635768,1316.8672113685443,1283.7686824836003,SPY,index,True
2025-03-19,2025-03-19 00:00:00,1293.7312717497439,5269641.0,1291.2515004241402,1301.6980030189357,1287.738935717373,SPY,index,True
2025-03-20,2025-03-20 00:00:00,1291.1200960728515,11121780.0,1290.7148185710503,1296.7216965236487,1287.3771948070626,SPY,index,True
2025-03-21,2025-03-21 00:00:00,1291.0949360159675,11142892.0,1279.4062374427053,1300.8008995843918,1272.173965162474,SPY,index,True
2025-03-24,2025-03-24 00:00:00,1279.8376478221019,37106977.0,1270.9592969423281,1284.962159731602,1258.75414263888,SPY,index,True
2025-03-25,2025-03-25 00:00:00,1270.427314285997,8450930.0,1261.7038204165058,1270.7331641521796,1259.19418143129,SPY,index,True
2025-03-26,2025-03-26 00:00:00,1261.693969530825,31309109.0,1252.04120102575,1271.8193998774927,1245.3798502064683,SPY,index,True
2025-03-27,2025-03-27 00:00:00,1252.3975612797644,27764926.0,1249.0570852864003,1258.5590885232245,1242.5326925750646,SPY,index,True
2025-03-28,2025-03-28 00:00:00,1248.8397493138682,9884357.0,1238.272158360145,1255.188914334631,1227.9312964313613,SPY,index,True
2025-03-31,2025-03-31 00:00:00,1237.9362565529075,29828878.0,1233.326625258025,1241.038194320616,1230.1285678020781,SPY,index,True
2025-04-01,2025-04-01 00:00:00,1232.9851049393535,21629519.0,1236.2390409493894,1246.3894465710055,1222.6726119260697,SPY,index,True
2025-04-02,2025-04-02 00:00:00,1235.9228612505744,25191299.0,1231.870545820072,1238.0494748357657,1222.5781420298495,SPY,index,True
2025-04-03,2025-04-03 00:00:00,1232.0807863707669,8147471.0,1243.885875644366,1244.6658370058701,1227.8182830066282,SPY,index,True
2025-04-04,2025-04-04 00:00:00,1244.313765144291,32630196.0,1232.1765094128264,1252.8190345740745,1228.1104067098397,SPY,index,True
2025-04-07,2025-04-07 00:00:00,1232.5475497004459,26013218.0,1222.7983219521134,1238.0567935561405,1212.362647010811,SPY,index,True
2025-04-08,2025-04-08 00:00:00,1222.974970460964,24257482.0,1213.9292605366497,1224.6307859440612,1208.9020940277967,SPY,index,True
2025-04-09,2025-04-09 00:00:00,1213.4881816365112,23434680.0,1201.8682536147448,1223.5991501882756,1197.5439794863437,SPY,index,True
2025-04-10,2025-04-10 00:00:00,1202.1891733676314,10280774.0,1192.4757202723445,1211.9821805584493,1180.7292746276682,SPY,index,True
2025-04-11,2025-04-11 00:00:00,1192.4568285711912,5564499.0,1195.8863577399582,1205.4650420432743,1186.2815717860303,SPY,index,True
2025-04-14,2025-04-14 00:00:00,1195.3899199898017,20121393.0,1203.5569205537527,1208.3795330817757,1188.1894388217243,SPY,index,True
2025-04-15,2025-04-15 00:00:00,1203.9111096841034,48018132.0,1196.5811896602454,1215.6358327919013,1189.010250522437,SPY,index,True
2025-04-16,2025-04-16 00:00:00,1196.1469068899323,5743637.0,1198.9125956515081,1204.1405897700838,1188.4335553625087,SPY,index,True
2025-04-17,2025-04-17 00:00:00,1199.2463563506526,11196797.0,1198.0987271643091,1207.7817166644704,1191.4892311333851,SPY,index,True
2025-04-18,2025-04-18 00:00:00,1197.5904276576246,28895548.0,1191.5834786019457,1205.8258815510042,1180.4359647099964,SPY,index,True
2025-04-21,2025-04-21 00:00:00,1191.1141789219969,13314761.0,1202.2083761707825,1202.2519828454094,1182.4697993999314,SPY,index,True
2025-04-22,2025-04-22 00:00:00,1202.338481363623,17756546.0,1205.0060451149163,1206.7476599253346,1196.6669685538466,SPY,index,True
2025-04-23,2025-04-23 00:00:00,1204.881745980846,19018267.0,1207.2777721159005,1209.4117905920027,1200.1530452639386,SPY,index,True
2025-04-24,2025-04-24 00:00:00,1207.1413026378798,34314017.0,1196.928549664043,1209.7589583042725,1196.3987944593846,SPY,index,True
2025-04-25,2025-04-25 00:00:00,1197.1520771224004,40271124.0,1195.3375438355883,1199.2472656423042,1183.4745376335914,SPY,index,True
2025-04-28,2025-04-28 00:00:00,1195.7582547693037,30513056.0,1203.63974588853,1210.769548579236,1186.4369750979677,SPY,index,True
2025-04-29,2025-04-29 00:00:00,1203.44858515701,32951154.0,1207.148925951814,1210.1890155882134,1202.240365430752,SPY,index,True
2025-04-30,2025-04-30 00:00:00,1206.781575516183,35126902.0,1205.9036374194316,1206.934568788322,1202.8874068991497,SPY,index,True
2025-05-01,2025-05-01 00:00:00,1205.6322540717717,48381267.0,1216.892970975147,1223.5171054438167,1197.365609216932,SPY,index,True
2025-05-02,2025-05-02 00:00:00,1216.397120987747,41724798.0,1215.5892699926294,1226.1483145564634,1208.7350623130405,SPY,index,True
2025-05-05,2025-05-05 00:00:00,1215.859356617936,15936258.0,1224.0617397488052,1229.4271060678107,1212.6028378353865,SPY,index,True
2025-05-06,2025-05-06 00:00:00,1224.4719303252982,6774177.0,1230.4351270585228,1232.5941686135395,1215.463711761067,SPY,index,True
2025-05-07,2025-05-07 00:00:00,1230.2037978214476,19608966.0,1231.3845261037936,1232.7246287431176,1218.5524079450154,SPY,index,True
2025-05-08,2025-05-08 00:00:00,1231.4706786695108,27072339.0,1224.1820170538047,1235.3089735091469,1212.7832770810096,SPY,index,True
2025-05-09,2025-05-09 00:00:00,1223.7667835914833,11869471.0,1226.0534703517753,1237.3444351984886,1214.7756577948862,SPY,index,True
2025-05-12,2025-05-12 00:00:00,1225.6966476514785,5464248.0,1225.9781834213638,1235.7093912287578,1217.0956597353577,SPY,index,True
2025-05-13,2025-05-13 00:00:00,1226.2003652332646,29134600.0,1232.008195513581,1242.2402658975784,1222.8978556662723,SPY,index,True
2025-05-14,2025-05-14 00:00:00,1232.1287724773636,45571502.0,1243.2095394139433,1244.2446582713872,1225.7299789507015,SPY,index,True
2025-05-15,2025-05-15 00:00:00,1243.0204428093077,31916463.0,1239.338598955344,1255.3753481506035,1230.0266442815064,SPY,index,True
2025-05-16,2025-05-16 00:00:00,1239.1120797190738,26380130.0,1237.9333011074273,1247.2483769574594,1226.4451686853026,SPY,index,True
2025-05-19,2025-05-19 00:00:00,1238.0391760714897,34393722.0,1248.2111140055022,1256.396262983745,1228.8047661951643,SPY,index,True
2025-05-20,2025-05-20 00:00:00,1248.4646184982714,42347694.0,1257.3646287648842,1267.9965450830161,1246.4767134469937,SPY,index,True
2025-05-21,2025-05-21 00:00:00,1257.6494299860578,28384323.0,1251.212665305317,1261.179155202517,1247.8132434897516,SPY,index,True
2025-05-22,2025-05-22 00:00:00,1250.8056554625389,10718808.0,1240.9472456223482,1257.0453403543625,1235.2987670515593,SPY,index,True
2025-05-23,2025-05-23 00:00:00,1241.3414748720795,13288841.0,1235.3611348513637,1252.1540107347473,1232.0001987008698,SPY,index,True
2025-05-26,2025-05-26 00:00:00,1235.4323905463518,30854315.0,1238.1693149412392,1242.6832784657163,1230.4028035756053,SPY,index,True
2025-05-27,2025-05-27 00:00:00,1238.3076327658769,6748771.0,1233.920617351434,1242.6594444448258,1232.246896033523,SPY,index,True
2025-05-28,2025-05-28 00:00:00,1233.5256999266437,31395757.0,1241.6879531569605,1245.811548823873,1225.3607336982498,SPY,index,True
2025-05-29,2025-05-29 00:00:00,1241.5434356246292,37189315.0,1238.2823899066818,1252.6610556861835,1227.220648032849,SPY,index,True
2025-05-30,2025-05-30 00:00:00,1237.945392104866,12515946.0,1242.4046500750733,1253.9043161819664,1228.4893929769612,SPY,index,True
2025-06-02,2025-06-02 00:00:00,1242.3723418659185,20605774.0,1234.0586813793257,1247.9803823316195,1222.797971019383,SPY,index,True
2025-06-03,2025-06-03 00:00:00,1233.8450764148101,12890446.0,1235.4706754787364,1244.8442693655022,1221.5645691366913,SPY,index,True
2025-06-04,2025-06-04 00:00:00,1235.5220456003733,46301887.0,1224.807632691954,1245.9047007396389,1214.918417214328,SPY,index,True
2025-06-05,2025-06-05 00:00:00,1225.125962781636,29645832.0,1228.2134032436206,1234.7510568905714,1221.4174382668687,SPY,index,True
2025-06-06,2025-06-06 00:00:00,1228.6389318969043,12085201.0,1223.974169871492,1233.5449726946474,1223.5739460833793,SPY,index,True
2025-06-09,2025-06-09 00:00:00,1224.0737783718484,48922566.0,1222.9105155274024,1230.9567086245288,1222.0910545793927,SPY,index,True
2025-06-10,2025-06-10 00:00:00,1223.258754956344,8962201.0,1235.3067517077554,1238.6152114932495,1219.245779307329,SPY,index,True
2025-06-11,2025-06-11 00:00:00,1235.5405888273033,22591479.0,1236.6998106546475,1236.825813908369,1223.2078767086032,SPY,index,True
2025-06-12,2025-06-12 00:00:00,1236.7382813702513,7816932.0,1248.8663669864914,1255.8777349031504,1234.7614602704746,SPY,index,True
2025-06-13,2025-06-13 00:00:00,1248.5513725581943,37637878.0,1259.2925570856003,1260.7951966141072,1237.8952729833302,SPY,index,True
2025-06-16,2025-06-16 00:00:00,1259.6777200997237,28719730.0,1269.4487721866005,1271.1772721935902,1252.8874434539368,SPY,index,True
2025-06-17,2025-06-17 00:00:00,1269.877521282927,7446726.0,1266.9258780235393,1278.8015395301852,1261.6220455567955,SPY,index,True
2025-06-18,2025-06-18 00:00:00,1267.3496349375039,13808579.0,1276.683541078412,1288.7664067662429,1264.0954911673164,SPY,index,True
2025-06-19,2025-06-19 00:00:00,1277.0115503305835,35751697.0,1264.535171627252,1284.1549552468214,1252.5852477995047,SPY,index,True
2025-06-20,2025-06-20 00:00:00,1264.828624248349,32987462.0,1271.7641938891582,1272.5731264064473,1258.8851395725396,SPY,index,True
2025-06-23,2025-06-23 00:00:00,1271.9760528680742,26131133.0,1271.573394086593,1282.3308371106573,1260.7406397421469,SPY,index,True
2025-06-24,2025-06-24 00:00:00,1271.5922577255617,12519397.0,1262.5308165371648,1276.3473883396034,1256.6578523773346,SPY,index,True
2025-06-25,2025-06-25 00:00:00,1262.0584564591516,27039440.0,1261.180897661669,1271.6887995538225,1255.1829480027557,SPY,index,True
2025-06-26,2025-06-26 00:00:00,1260.6569781704088,43392231.0,1250.1027292851804,1270.699105061935,1242.526948489327,SPY,index,True
2025-06-27,2025-06-27 00:00:00,1249.555925747138,9991522.0,1258.7236271235033,1260.400566840447,1238.2850931611106,SPY,index,True
2025-06-30,2025-06-30 00:00:00,1259.0052119809222,9103197.0,1264.0893382497734,1275.5431775290886,1257.3666438440857,SPY,index,True
2025-07-01,2025-07-01 00:00:00,1264.4030615787503,35108432.0,1257.8257743360318,1265.3909830272596,1253.6549385255887,SPY,index,True
2025-07-02,2025-07-02 00:00:00,1257.670752191352,18225560.0,1256.615057528923,1261.6911750438153,1244.9563569150237,SPY,index,True
2025-07-03,2025-07-03 00:00:00,1256.7997585354954,46070883.0,1247.334641207928,1266.7737102037743,1241.912712535951,SPY,index,True
2025-07-04,2025-07-04 00:00:00,1247.3057561197447,44871760.0,1257.3415930349868,1268.0320346957687,1234.8520526314965,SPY,index,True
2025-07-07,2025-07-07 00:00:00,1257.6303002161833,31960502.0,1246.4114682767622,1261.687539390347,1244.7546322473156,SPY,index,True
2025-07-08,2025-07-08 00:00:00,1246.1765577924468,49413189.0,1247.7953730599154,1248.369364663487,1236.3885312516682,SPY,index,True
2025-07-09,2025-07-09 00:00:00,1247.7685793726107,35382823.0,1236.1148823394112,1255.7396039234384,1223.983378004818,SPY,index,True
2025-07-10,2025-07-10 00:00:00,1236.44401218801,28030300.0,1246.9111687835739,1258.0556170411849,1225.977811675478,SPY,index,True
2025-07-11,2025-07-11 00:00:00,1246.843798591177,20664235.0,1249.5424105939385,1257.9081004900816,1240.4509751717783,SPY,index,True
2025-07-14,2025-07-14 00:00:00,1249.036355461894,39187513.0,1245.913448450358,1252.8338936029745,1240.3229371251155,SPY,index,True
2025-07-15,2025-07-15 00:00:00,1245.4872481834734,41301636.0,1252.0,1263.129600613044,1236.7578764555533,SPY,index,True
2024-11-06,2024-11-06 00:00:00,1136.429185985364,33986637.0,1141.5493592314351,1142.545383473283,1131.6227488336071,QQQ,index,True
2024-11-07,2024-11-07 00:00:00,1141.0524192364683,9590024.0,1139.0264990775645,1149.2165164155865,1127.7641696182677,QQQ,index,True
2024-11-08,2024-11-08 00:00:00,1139.0941420524284,27675899.0,1131.772013400767,1147.9236910061975,1123.3884503356257,QQQ,index,True
2024-11-11,2024-11-11 00:00:00,1131.6752664793532,45250330.0,1121.6177724128381,1137.72835807173,1121.3382281442475,QQQ,index,True
2024-11-12,2024-11-12 00:00:00,1121.8507768399563,43306399.0,1119.030524713445,1127.7398255122027,1110.0647230359327,QQQ,index,True
2024-11-13,2024-11-13 00:00:00,1119.257765707813,25285431.0,1122.7720781754665,1133.3976623607275,1115.9213587184458,QQQ,index,True
2024-11-14,2024-11-14 00:00:00,1122.8842105599113,32978154.0,1114.010556146138,1128.2188157316502,1107.7301636028012,QQQ,index,True
2024-11-15,2024-11-15 00:00:00,1113.8720056704694,15552428.0,1116.501471158914,1121.11041433311,1107.424918033593,QQQ,index,True
2024-11-18,2024-11-18 00:00:00,1116.6801157899154,23654736.0,1117.0120853836493,1121.0021358166796,1114.3778156544276,QQQ,index,True
2024-11-19,2024-11-19 00:00:00,1116.8482742226372,20425579.0,1118.6948869527805,1118.8848007988768,1110.6934184462348,QQQ,index,True
2024-11-20,2024-11-20 00:00:00,1118.8588851374673,10650681.0,1121.3875225218792,1129.345084672306,1112.5244770105596,QQQ,index,True
2024-11-21,2024-11-21 00:00:00,1121.1522013431775,7160915.0,1130.5640766491267,1136.2277733850817,1114.4588650864505,QQQ,index,True
2024-11-22,2024-11-22 00:00:00,1130.9494313964867,7012266.0,1140.9272121139732,1145.0502595700934,1130.109859033546,QQQ,index,True
2024-11-25,2024-11-25 00:00:00,1140.831082687328,6242686.0,1147.6354158572171,1152.267823513968,1140.1261885963822,QQQ,index,True
2024-11-26,2024-11-26 00:00:00,1147.719220007193,9557888.0,1138.8213254441964,1155.3653795910782,1128.9113495244278,QQQ,index,True
2024-11-27,2024-11-27 00:00:00,1138.992040499122,34971365.0,1141.5525872325936,1148.272463763896,1133.0987558619245,QQQ,index,True
2024-11-28,2024-11-28 00:00:00,1141.5844501773606,32438251.0,1137.26477873685,1144.331897157963,1132.6451376278153,QQQ,index,True
2024-11-29,2024-11-29 00:00:00,1137.05066754484,22814779.0,1145.6310664290852,1148.967463346757,1136.7295226404883,QQQ,index,True
2024-12-02,2024-12-02 00:00:00,1146.0023190871564,44708183.0,1152.8203423291811,1153.6687863612356,1144.7442881852792,QQQ,index,True
2024-12-03,2024-12-03 00:00:00,1152.7165458035722,13122934.0,1160.6797395353924,1165.4752580386255,1149.349868999852,QQQ,index,True
2024-12-04,2024-12-04 00:00:00,1160.609844603934,7226105.0,1159.3327720549262,1162.5875875433449,1156.243139993498,QQQ,index,True
2024-12-05,2024-12-05 00:00:00,1159.4125214135545,46220716.0,1167.3581625778056,1178.7944699491384,1151.8677419150424,QQQ,index,True
2024-12-06,2024-12-06 00:00:00,1167.1996331543025,41138920.0,1166.4335418264895,1168.0832856312666,1163.7028564388029,QQQ,index,True
2024-12-09,2024-12-09 00:00:00,1166.2526367663042,40495596.0,1159.2717954136533,1176.2116744347431,1152.4747605322862,QQQ,index,True
2024-12-10,2024-12-10 00:00:00,1159.3248640672407,42988950.0,1165.0643988796562,1172.6815250796662,1148.8929522679316,QQQ,index,True
2024-12-11,2024-12-11 00:00:00,1165.3391828293293,15773433.0,1166.3667821281701,1171.3974067128106,1156.6457298593468,QQQ,index,True
2024-12-12,2024-12-12 00:00:00,1165.9217817974363,46318081.0,1165.6969015076465,1172.8293907541195,1155.0597548535322,QQQ,index,True
2024-12-13,2024-12-13 00:00:00,1165.3905703062803,20808529.0,1172.6944087184913,1173.4331247653374,1156.5023567814042,QQQ,index,True
2024-12-16,2024-12-16 00:00:00,1172.9905105822443,14894693.0,1162.6016098010987,1179.207333093656,1152.813686769447,QQQ,index,True
2024-12-17,2024-12-17 00:00:00,1162.2448954150286,30737131.0,1161.7037347284586,1170.1744816675473,1151.2871620703231,QQQ,index,True
2024-12-18,2024-12-18 00:00:00,1161.4792508659664,17941285.0,1170.8193720406912,1173.1444640047785,1153.566549181633,QQQ,index,True
2024-12-19,2024-12-19 00:00:00,1170.9963243509692,15728873.0,1169.203925681182,1179.78139475208,1164.024196214712,QQQ,index,True
2024-12-20,2024-12-20 00:00:00,1168.76615886059,27209199.0,1161.817525597537,1177.1115337971044,1158.3081156617832,QQQ,index,True
2024-12-23,2024-12-23 00:00:00,1161.944053058491,28621452.0,1172.9781119300173,1176.6972693432467,1155.164743226698,QQQ,index,True
2024-12-24,2024-12-24 00:00:00,1172.5013947082366,31333818.0,1165.859577953812,1180.5042876522966,1159.1841237550059,QQQ,index,True
2024-12-25,2024-12-25 00:00:00,1166.015757001072,6045223.0,1156.7076818578923,1169.1684450755822,1155.567820529235,QQQ,index,True
2024-12-26,2024-12-26 00:00:00,1156.7430398420252,39318007.0,1167.7829453895056,1178.3248261511721,1148.556066221805,QQQ,index,True
2024-12-27,2024-12-27 00:00:00,1167.3059349790844,49798765.0,1178.5141030167647,1185.2408442740202,1159.060487822505,QQQ,index,True
2024-12-30,2024-12-30 00:00:00,1178.0718840890174,9840381.0,1182.5076371426235,1185.3459010125007,1167.1237221735407,QQQ,index,True
2024-12-31,2024-12-31 00:00:00,1182.3026410760376,33198654.0,1187.9392625081657,1194.103338566357,1181.02620161687,QQQ,index,True
2025-01-01,2025-01-01 00:00:00,1187.5353586822032,22001220.0,1197.2855861017447,1198.1680804966045,1184.401729550964,QQQ,index,True
2025-01-02,2025-01-02 00:00:00,1197.2960261461226,13379834.0,1204.0605948212337,1213.5604850177479,1197.0702105239825,QQQ,index,True
2025-01-03,2025-01-03 00:00:00,1204.032577182753,11469670.0,1196.74737158202,1215.4284119611402,1186.8346708978427,QQQ,index,True
2025-01-06,2025-01-06 00:00:00,1196.443342082993,36248860.0,1191.3869235937725,1201.1002807701898,1183.8161245715278,QQQ,index,True
2025-01-07,2025-01-07 00:00:00,1191.4615471843715,46335556.0,1188.8157449946648,1192.674989689118,1180.888829753621,QQQ,index,True
2025-01-08,2025-01-08 00:00:00,1189.1088666579228,29077351.0,1180.6882724978682,1199.3402205395755,1171.832130722685,QQQ,index,True
2025-01-09,2025-01-09 00:00:00,1181.049058762813,10155090.0,1174.9624677983188,1191.897563600457,1166.4949454440066,QQQ,index,True
2025-01-10,2025-01-10 00:00:00,1174.699013760184,28733296.0,1170.5282326272757,1181.1300905332905,1168.0410153883802,QQQ,index,True
2025-01-13,2025-01-13 00:00:00,1170.1411129157116,41284972.0,1166.5065685224297,1181.5919674616164,1160.9184381928405,QQQ,index,True
2025-01-14,2025-01-14 00:00:00,1166.3396015768965,12644657.0,1175.7418818941992,1182.0739457417048,1164.0384111330618,QQQ,index,True
2025-01-15,2025-01-15 00:00:00,1175.8840586145639,6615724.0,1175.076761416019,1186.4574218564364,1171.24770675074,QQQ,index,True
2025-01-16,2025-01-16 00:00:00,1175.1682025663063,23613012.0,1179.4912501526126,1184.4190528992865,1174.4065961571762,QQQ,index,True
2025-01-17,2025-01-17 00:00:00,1179.498783940691,43790567.0,1172.6328745991154,1187.9482812227086,1170.30442541341,QQQ,index,True
2025-01-20,2025-01-20 00:00:00,1172.1975381647947,39832720.0,1174.9830799105202,1185.9012674410549,1164.3663306369385,QQQ,index,True
2025-01-21,2025-01-21 00:00:00,1174.822421400818,37746490.0,1186.5495957491337,1189.7690139403587,1167.8045729115136,QQQ,index,True
2025-01-22,2025-01-22 00:00:00,1186.879598717199,6380805.0,1197.0679069731602,1200.426294613685,1185.4927785496527,QQQ,index,True
2025-01-23,2025-01-23 00:00:00,1197.341739704072,22173560.0,1204.1892647840446,1215.9932103773249,1196.8993716102482,QQQ,index,True
2025-01-24,2025-01-24 00:00:00,1203.7067027170165,32426830.0,1214.682490081434,1218.1134058546259,1202.8529652581667,QQQ,index,True
2025-01-27,2025-01-27 00:00:00,1214.9017215917195,33793878.0,1221.5261164954518,1228.4653105288705,1210.8336709328144,QQQ,index,True
2025-01-28,2025-01-28 00:00:00,1221.2509699655197,34769832.0,1210.7066855838932,1227.9630049736313,1202.3703871590847,QQQ,index,True
2025-01-29,2025-01-29 00:00:00,1210.7762531443743,22950524.0,1209.546554210337,1222.1272072110676,1204.6406638360208,QQQ,index,True
2025-01-30,2025-01-30 00:00:00,1209.1468706028918,5700442.0,1211.10805262966,1222.5980820771558,1204.7887154887776,QQQ,index,True
2025-01-31,2025-01-31 00:00:00,1211.0633005704703,47163171.0,1202.4610643708756,1221.5165494813366,1198.1483192711337,QQQ,index,True
2025-02-03,2025-02-03 00:00:00,1202.7524058548447,28731151.0,1203.7105184723534,1206.6088455765214,1201.4437719435293,QQQ,index,True
2025-02-04,2025-02-04 00:00:00,1203.4818587586376,24577922.0,1202.621237394272,1213.2104450384525,1197.5935144094183,QQQ,index,True
2025-02-05,2025-02-05 00:00:00,1202.8141812304789,11206371.0,1205.7209637798283,1207.2362878063695,1195.1499127314548,QQQ,index,True
2025-02-06,2025-02-06 00:00:00,1205.2513718480025,17113805.0,1217.0999621541193,1220.0338388574585,1202.6959101650725,QQQ,index,True
2025-02-07,2025-02-07 00:00:00,1216.6430629495821,7455736.0,1214.4723902311941,1222.1264701456432,1213.5037406961392,QQQ,index,True
2025-02-10,2025-02-10 00:00:00,1214.4498517561747,39785948.0,1204.4624210243007,1215.476139730327,1195.699835175295,QQQ,index,True
2025-02-11,2025-02-11 00:00:00,1204.3066450976953,28578547.0,1197.829228435853,1206.1679823743452,1197.097631512615,QQQ,index,True
2025-02-12,2025-02-12 00:00:00,1197.8367914192604,34104956.0,1198.0113614844731,1198.3816278439112,1193.1389833106953,QQQ,index,True
2025-02-13,2025-02-13 00:00:00,1198.3621359273614,24433906.0,1193.1913612487745,1203.7022984781656,1191.8658147439862,QQQ,index,True
2025-02-14,2025-02-14 00:00:00,1193.1029828771368,30566675.0,1198.658179756334,1204.4235081101756,1181.4098816285705,QQQ,index,True
2025-02-17,2025-02-17 00:00:00,1198.3988241853774,27211469.0,1208.3965184761785,1209.2085838012285,1191.250258107464,QQQ,index,True
2025-02-18,2025-02-18 00:00:00,1207.9137390334351,27731109.0,1211.1347483665172,1218.4131157924937,1204.7761191086927,QQQ,index,True
2025-02-19,2025-02-19 00:00:00,1211.3608033907665,49191459.0,1219.6785689986718,1223.7819089808427,1205.1488143343213,QQQ,index,True
2025-02-20,2025-02-20 00:00:00,1219.55766294692,46523643.0,1209.8845150723398,1230.9681300852353,1201.0887444704972,QQQ,index,True
2025-02-21,2025-02-21 00:00:00,1210.3066614146198,44085754.0,1199.62001626439,1213.7585720308482,1199.1897791833726,QQQ,index,True
2025-02-24,2025-02-24 00:00:00,1199.8580653976478,34285732.0,1192.417908746595,1204.9025061048296,1187.400682309937,QQQ,index,True
2025-02-25,2025-02-25 00:00:00,1191.9411026350083,29720124.0,1193.3596848815318,1195.388342417855,1184.950688211386,QQQ,index,True
2025-02-26,2025-02-26 00:00:00,1192.8555681989315,29358976.0,1191.8403508250537,1194.9360835256005,1189.3706131382958,QQQ,index,True
2025-02-27,2025-02-27 00:00:00,1191.5316712725516,27255422.0,1182.1583184998908,1192.34628801728,1175.357570927609,QQQ,index,True
2025-02-28,2025-02-28 00:00:00,1181.9444331958812,36953830.0,1175.932185307794,1185.1039975648534,1166.6132058912385,QQQ,index,True
2025-03-03,2025-03-03 00:00:00,1176.1627520879667,47448710.0,1169.565720493037,1186.5998749610374,1159.3131004856323,QQQ,index,True
2025-03-04,2025-03-04 00:00:00,1169.6417531919496,30593594.0,1180.6335911309422,1182.7209809791404,1163.105110092866,QQQ,index,True
2025-03-05,2025-03-05 00:00:00,1180.4239783567914,7100110.0,1180.670560349998,1185.087472341743,1178.3548252422504,QQQ,index,True
2025-03-06,2025-03-06 00:00:00,1180.497682580093,35609521.0,1178.3578167276132,1185.7348266003587,1170.2454413825687,QQQ,index,True
2025-03-07,2025-03-07 00:00:00,1178.4410349756322,39598515.0,1187.323575343303,1192.529591291102,1177.1880661165492,QQQ,index,True
2025-03-10,2025-03-10 00:00:00,1186.8519518172784,15917757.0,1186.6224404875722,1195.8086131743792,1180.8354698158807,QQQ,index,True
2025-03-11,2025-03-11 00:00:00,1186.836571821695,36392753.0,1179.8285990171125,1196.959792805267,1176.3402746037752,QQQ,index,True
2025-03-12,2025-03-12 00:00:00,1179.8954112499032,22516533.0,1185.852045213438,1195.3427484816443,1178.3139230926433,QQQ,index,True
2025-03-13,2025-03-13 00:00:00,1185.6011493114295,17814180.0,1181.1854954319915,1196.626420865712,1179.5370287837688,QQQ,index,True
2025-03-14,2025-03-14 00:00:00,1181.0513394143168,13352496.0,1170.9282348625954,1191.6989680278746,1161.4854085583947,QQQ,index,True
2025-03-17,2025-03-17 00:00:00,1170.6691788470814,30828471.0,1171.882870590302,1174.8372277325261,1166.5999914770457,QQQ,index,True
2025-03-18,2025-03-18 00:00:00,1171.8577816715258,26114494.0,1174.3823581671386,1183.5174659130396,1160.3573076429554,QQQ,index,True
2025-03-19,2025-03-19 00:00:00,1174.289256107518,32424233.0,1172.4457848008974,1175.3793579121775,1164.264092248459,QQQ,index,True
2025-03-20,2025-03-20 00:00:00,1172.1529890026638,8145151.0,1179.696373098368,1188.2803939698772,1170.237063554349,QQQ,index,True
2025-03-21,2025-03-21 00:00:00,1179.1785543731341,44138549.0,1183.008967037546,1183.3462111544452,1171.6570399085067,QQQ,index,True
2025-03-24,2025-03-24 00:00:00,1183.0785955898323,25384138.0,1184.5188275089615,1192.0846825946062,1181.7097844669495,QQQ,index,True
2025-03-25,2025-03-25 00:00:00,1184.8540828374237,10395807.0,1175.891805277022,1189.2291802989785,1171.1271620234363,QQQ,index,True
2025-03-26,2025-03-26 00:00:00,1175.472841524767,34328759.0,1164.0364663228086,1182.0662017321317,1160.753190169359,QQQ,index,True
2025-03-27,2025-03-27 00:00:00,1164.139345580296,9987046.0,1161.100826494212,1173.6045557832108,1160.8603922755658,QQQ,index,True
2025-03-28,2025-03-28 00:00:00,1160.8171617358057,34203670.0,1162.7387776073124,1172.7019720649437,1153.0582596031115,QQQ,index,True
2025-03-31,2025-03-31 00:00:00,1162.8570198466643,25666229.0,1165.0490668058862,1168.1844022944274,1157.8190733783067,QQQ,index,True
2025-04-01,2025-04-01 00:00:00,1164.9713782653603,5903034.0,1171.3430998245358,1178.7742279054514,1162.428948399393,QQQ,index,True
2025-04-02,2025-04-02 00:00:00,1171.0248923417037,42963536.0,1174.6114035189748,1185.4987612029086,1160.6468428054372,QQQ,index,True
2025-04-03,2025-04-03 00:00:00,1174.336554714531,12694011.0,1173.8591970777402,1178.8951730607487,1163.9747360491426,QQQ,index,True
2025-04-04,2025-04-04 00:00:00,1174.0216697424285,25710576.0,1179.8048561910655,1182.8284328257103,1172.8300531161533,QQQ,index,True
2025-04-07,2025-04-07 00:00:00,1179.6780362264537,14582176.0,1184.4810766014139,1187.501248868741,1178.8524212404668,QQQ,index,True
2025-04-08,2025-04-08 00:00:00,1184.1808287579067,30520330.0,1188.6948325359308,1194.2085917369136,1173.9330755371532,QQQ,index,True
2025-04-09,2025-04-09 00:00:00,1188.470277640752,28708785.0,1178.4939230672271,1192.3148786513352,1173.0612277121054,QQQ,index,True
2025-04-10,2025-04-10 00:00:00,1178.4586545431484,32357991.0,1170.5143893163213,1189.4307529869059,1162.3293612596435,QQQ,index,True
2025-04-11,2025-04-11 00:00:00,1170.8317662952247,9052471.0,1175.0114397346006,1178.2245109634766,1164.117844392151,QQQ,index,True
2025-04-14,2025-04-14 00:00:00,1174.602934171669,16534190.0,1172.021161972973,1180.8699843840946,1169.7245493769344,QQQ,index,True
2025-04-15,2025-04-15 00:00:00,1172.2312099752012,35984830.0,1174.513935266298,1182.4731713327037,1170.3476932407318,QQQ,index,True
2025-04-16,2025-04-16 00:00:00,1174.0658960728592,11757601.0,1165.5604415885032,1174.6416959111027,1160.5456384505467,QQQ,index,True
2025-04-17,2025-04-17 00:00:00,1165.2858571107463,18712187.0,1156.5128453288974,1170.7193859972601,1151.7407288717202,QQQ,index,True
2025-04-18,2025-04-18 00:00:00,1156.5506044812432,6712982.0,1167.2556108711117,1171.2867997136095,1156.2353621050995,QQQ,index,True
2025-04-21,2025-04-21 00:00:00,1166.9695684484986,27672708.0,1165.4878184592117,1174.0763000933196,1158.6329801544819,QQQ,index,True
2025-04-22,2025-04-22 00:00:00,1165.2557756711064,20584927.0,1175.6148663598294,1181.3404037310788,1161.8647730014702,QQQ,index,True
2025-04-23,2025-04-23 00:00:00,1175.1811325732724,18303664.0,1169.9833656917024,1186.0098529931527,1164.420604466521,QQQ,index,True
2025-04-24,2025-04-24 00:00:00,1169.7398580547085,22396460.0,1170.1411028421958,1176.0045688948117,1163.294706689614,QQQ,index,True
2025-04-25,2025-04-25 00:00:00,1170.3374728746758,35172401.0,1178.9294534954292,1184.373588275006,1166.7104755085734,QQQ,index,True
2025-04-28,2025-04-28 00:00:00,1179.1002074684354,32562069.0,1186.3161343245117,1191.3327874329077,1171.845708224218,QQQ,index,True
2025-04-29,2025-04-29 00:00:00,1186.3596945216293,36197588.0,1190.099679234309,1197.4047916841357,1175.2520103104705,QQQ,index,True
2025-04-30,2025-04-30 00:00:00,1190.328724898309,32100939.0,1199.2590357019294,1210.3956632328814,1183.644934887064,QQQ,index,True
2025-05-01,2025-05-01 00:00:00,1199.2160589057598,32132604.0,1194.5020710154433,1203.3583088887272,1193.200879820876,QQQ,index,True
2025-05-02,2025-05-02 00:00:00,1194.6541507311292,9924392.0,1206.496682623912,1218.4045945045443,1191.2275246731047,QQQ,index,True
2025-05-05,2025-05-05 00:00:00,1206.082698278276,48805091.0,1211.0204983480635,1218.023994087599,1201.0354010162116,QQQ,index,True
2025-05-06,2025-05-06 00:00:00,1210.788275028494,24549077.0,1220.9889700539518,1230.8665543607199,1202.7799308314457,QQQ,index,True
2025-05-07,2025-05-07 00:00:00,1221.0255750751587,34445363.0,1218.3091621502763,1222.6938670367094,1217.363947419724,QQQ,index,True
2025-05-08,2025-05-08 00:00:00,1218.5924683933015,22383198.0,1228.1239422200947,1228.1575009915312,1214.6613084018447,QQQ,index,True
2025-05-09,2025-05-09 00:00:00,1228.3952120630352,48191449.0,1235.0063159767603,1244.457695417743,1219.4195921457067,QQQ,index,True
2025-05-12,2025-05-12 00:00:00,1235.2958593069598,7173494.0,1246.7258801040455,1251.527027981909,1222.9523346315837,QQQ,index,True
2025-05-13,2025-05-13 00:00:00,1246.751230703753,16793547.0,1240.500457444764,1249.1279756943682,1231.4561019670186,QQQ,index,True
2025-05-14,2025-05-14 00:00:00,1240.078513233788,39214736.0,1234.3836551853292,1240.9500835207832,1232.179046774365,QQQ,index,True
2025-05-15,2025-05-15 00:00:00,1234.1693844471206,5542523.0,1230.2157737800426,1245.643473000929,1223.2914956248974,QQQ,index,True
2025-05-16,2025-05-16 00:00:00,1229.9780626409201,35181196.0,1234.487151892437,1242.598955855521,1220.7499937167115,QQQ,index,True
2025-05-19,2025-05-19 00:00:00,1234.2451953985842,44737215.0,1240.1419476519848,1251.7544772543627,1226.521526589601,QQQ,index,True
2025-05-20,2025-05-20 00:00:00,1239.881867069289,23752730.0,1238.7559354522132,1241.9438502559171,1236.5967553796347,QQQ,index,True
2025-05-21,2025-05-21 00:00:00,1238.7791795529804,27684745.0,1247.334777874691,1259.148472073264,1234.3235098077744,QQQ,index,True
2025-05-22,2025-05-22 00:00:00,1247.6367005279842,44658733.0,1251.430193174981,1253.279462385254,1235.9560096049852,QQQ,index,True
2025-05-23,2025-05-23 00:00:00,1250.9245624430384,14926988.0,1249.5443393677076,1261.3025119095466,1245.4134684270532,QQQ,index,True
2025-05-26,2025-05-26 00:00:00,1249.4425163443482,46301322.0,1251.3866905359514,1254.1297943072682,1245.0554869596438,QQQ,index,True
2025-05-27,2025-05-27 00:00:00,1251.4527663175984,6956071.0,1260.6474086720036,1267.5519902966712,1250.1253013739129,QQQ,index,True
2025-05-28,2025-05-28 00:00:00,1260.8912050340032,28992278.0,1260.0229481979602,1270.5255019835718,1248.6625797094723,QQQ,index,True
2025-05-29,2025-05-29 00:00:00,1260.1358782556315,37194830.0,1267.9324078545194,1280.202313937741,1252.748028045013,QQQ,index,True
2025-05-30,2025-05-30 00:00:00,1267.7515674502508,43146807.0,1279.3799465243364,1285.3943372031188,1265.6219605953365,QQQ,index,True
2025-06-02,2025-06-02 00:00:00,1279.3347633946614,33282014.0,1275.9867741212295,1282.4105892756556,1267.4513861827243,QQQ,index,True
2025-06-03,2025-06-03 00:00:00,1275.8066856531516,27745035.0,1267.6891199826855,1283.9024933180156,1261.4094753112972,QQQ,index,True
2025-06-04,2025-06-04 00:00:00,1267.6095794341722,28083588.0,1258.3186754765177,1279.289946908963,1257.0573141389093,QQQ,index,True
2025-06-05,2025-06-05 00:00:00,1258.4477513927939,11991662.0,1263.8213739471137,1268.4127833075274,1255.3723647750553,QQQ,index,True
2025-06-06,2025-06-06 00:00:00,1263.9676740946602,28536740.0,1261.2255637757776,1264.9641870049527,1253.226627483585,QQQ,index,True
2025-06-09,2025-06-09 00:00:00,1261.3470955816722,46602057.0,1250.1723098615462,1269.6095432004006,1244.9772047791985,QQQ,index,True
2025-06-10,2025-06-10 00:00:00,1249.752738249216,33202733.0,1242.6079647819806,1261.8450016674321,1237.239965754676,QQQ,index,True
2025-06-11,2025-06-11 00:00:00,1242.7056072027042,35399037.0,1248.9012724717065,1257.891744024032,1241.5949672349004,QQQ,index,True
2025-06-12,2025-06-12 00:00:00,1248.3912154222626,35075807.0,1242.8257358135822,1254.8694508435221,1230.630427895354,QQQ,index,True
2025-06-13,2025-06-13 00:00:00,1243.1173995801141,19374155.0,1236.8088734088267,1254.6368794891696,1229.2572970315844,QQQ,index,True
2025-06-16,2025-06-16 00:00:00,1236.8443561964189,41233047.0,1234.5584323911671,1241.9641064356808,1233.9333468987334,QQQ,index,True
2025-06-17,2025-06-17 00:00:00,1234.2366884163362,9393562.0,1243.0680595593071,1248.9810316320236,1224.0463484698541,QQQ,index,True
2025-06-18,2025-06-18 00:00:00,1242.825155185885,29537051.0,1249.232382939722,1256.1347922868283,1238.8807164211437,QQQ,index,True
2025-06-19,2025-06-19 00:00:00,1249.596570742829,30789808.0,1239.8873898948248,1258.15442747855,1228.3883836370533,QQQ,index,True
2025-06-20,2025-06-20 00:00:00,1239.6372741769142,41645795.0,1251.0328728372192,1260.5866704344317,1229.0452003702244,QQQ,index,True
2025-06-23,2025-06-23 00:00:00,1251.0042112137473,9644179.0,1250.165913487833,1255.6360987951568,1247.9004731134426,QQQ,index,True
2025-06-24,2025-06-24 00:00:00,1249.786985897786,11680311.0,1238.6305265274823,1250.289874405807,1229.3954881558836,QQQ,index,True
2025-06-25,2025-06-25 00:00:00,1238.2680533477812,25702891.0,1233.3917462301442,1240.0414043819142,1231.5868229600776,QQQ,index,True
2025-06-26,2025-06-26 00:00:00,1232.8765820046847,24613554.0,1236.8678754797324,1241.3414008483237,1231.2909710638462,QQQ,index,True
2025-06-27,2025-06-27 00:00:00,1236.9170965439293,47950229.0,1239.7469878579102,1241.311152350942,1234.9354984274491,QQQ,index,True
2025-06-30,2025-06-30 00:00:00,1239.7520045102124,26499681.0,1251.1432503380584,1253.9542762572837,1234.9154799693588,QQQ,index,True
2025-07-01,2025-07-01 00:00:00,1250.6151942255372,26519287.0,1251.830192330545,1260.5015217663683,1247.7865890409046,QQQ,index,True
2025-07-02,2025-07-02 00:00:00,1252.0447037000026,27237680.0,1243.491912534997,1259.4725484418177,1233.11096518543,QQQ,index,True
2025-07-03,2025-07-03 00:00:00,1243.6013398225357,38489165.0,1242.2949294836042,1247.548016088642,1232.9256615102381,QQQ,index,True
2025-07-04,2025-07-04 00:00:00,1242.0276232042856,39871323.0,1239.2096147057964,1248.598262290834,1235.1013987994727,QQQ,index,True
2025-07-07,2025-07-07 00:00:00,1238.9005656108839,21098420.0,1233.6216007537996,1249.4739570013598,1233.5941258857795,QQQ,index,True
2025-07-08,2025-07-08 00:00:00,1233.469556387948,48350348.0,1233.3617467456743,1244.3782903347608,1231.3621606640584,QQQ,index,True
2025-07-09,2025-07-09 00:00:00,1233.3061330417622,10765853.0,1229.3231629509085,1242.0862199692783,1224.5820005605929,QQQ,index,True
2025-07-10,2025-07-10 00:00:00,1229.586136173811,26081733.0,1230.7621370418524,1239.0717737433072,1219.4773915105277,QQQ,index,True
2025-07-11,2025-07-11 00:00:00,1231.1946270516253,21213352.0,1228.1962160032742,1240.841757615496,1220.2623696352007,QQQ,index,True
2025-07-14,2025-07-14 00:00:00,1228.6349859536188,33271339.0,1240.4066361020425,1252.3501482565118,1227.0339225358914,QQQ,index,True
2025-07-15,2025-07-15 00:00:00,1240.414471427139,23887015.0,1243.0,1254.2522741871041,1234.3289255358745,QQQ,index,True
2024-11-06,2024-11-06 00:00:00,1212.4863786301244,11726976.0,1208.0143806333886,1220.4891626536428,1199.2684670522963,DIA,index,True
2024-11-07,2024-11-07 00:00:00,1208.3056023957201,27941016.0,1199.1644713626924,1219.98664655651,1196.4620184838043,DIA,index,True
2024-11-08,2024-11-08 00:00:00,1198.7652519109574,36029721.0,1197.0525377083438,1210.1473878457184,1189.0490978445112,DIA,index,True
2024-11-11,2024-11-11 00:00:00,1197.3275307106778,35223971.0,1193.998281597256,1203.1265693877751,1187.9483759778868,DIA,index,True
2024-11-12,2024-11-12 00:00:00,1193.9510526551737,48080846.0,1204.8352097478273,1215.8571755230198,1184.6721684417578,DIA,index,True
2024-11-13,2024-11-13 00:00:00,1204.443809316058,37981536.0,1212.306894544519,1214.1643278361744,1200.0705980128662,DIA,index,True
2024-11-14,2024-11-14 00:00:00,1212.3366090143338,38945343.0,1207.7740792127356,1217.1695543092555,1198.501462292625,DIA,index,True
2024-11-15,2024-11-15 00:00:00,1207.8728919349212,35880406.0,1211.9807632331647,1214.1243957995132,1198.6404401263378,DIA,index,True
2024-11-18,2024-11-18 00:00:00,1212.3610221342421,30937031.0,1221.202170681401,1222.0054957890395,1212.2676912423258,DIA,index,True
2024-11-19,2024-11-19 00:00:00,1221.4711794181121,46336210.0,1222.5362748306386,1228.8257197193961,1214.4536517823076,DIA,index,True
2024-11-20,2024-11-20 00:00:00,1222.5873026386155,32620422.0,1231.8373987907996,1234.9674141408952,1216.5700010548005,DIA,index,True
2024-11-21,2024-11-21 00:00:00,1232.021103569656,43567628.0,1228.9542839996057,1237.2892882758074,1228.6242606680053,DIA,index,True
2024-11-22,2024-11-22 00:00:00,1229.2362640194058,12091186.0,1230.9656326190277,1236.9630731998743,1218.7818814905934,DIA,index,True
2024-11-25,2024-11-25 00:00:00,1231.132963088102,21253963.0,1221.7894583032753,1236.530531363109,1218.6503771768337,DIA,index,True
2024-11-26,2024-11-26 00:00:00,1221.641270521264,31981411.0,1228.097836536846,1232.6747513232522,1219.884681090008,DIA,index,True
2024-11-27,2024-11-27 00:00:00,1227.8792227567044,9295494.0,1231.0543346873444,1243.139021654134,1217.3051844871536,DIA,index,True
2024-11-28,2024-11-28 00:00:00,1230.807698269094,42983988.0,1235.009662704834,1236.2755547437662,1229.3797927907697,DIA,index,True
2024-11-29,2024-11-29 00:00:00,1234.785110238054,30566505.0,1229.7011983589243,1236.9176870932317,1222.195702336423,DIA,index,True
2024-12-02,2024-12-02 00:00:00,1229.1951097526019,43451288.0,1226.2844746789922,1232.7112098652804,1215.9585732611772,DIA,index,True
2024-12-03,2024-12-03 00:00:00,1225.917893683876,35283561.0,1220.306686257992,1230.6709990231188,1216.8537456398853,DIA,index,True
2024-12-04,2024-12-04 00:00:00,1220.1611574786962,8718741.0,1222.6631055052208,1227.6899252186754,1213.780062045743,DIA,index,True
2024-12-05,2024-12-05 00:00:00,1222.532147204276,35293960.0,1214.32733282342,1230.2837568068628,1214.2170031121157,DIA,index,True
2024-12-06,2024-12-06 00:00:00,1214.5304905367507,7457689.0,1207.1523559785649,1219.4139505533362,1201.8443241760403,DIA,index,True
2024-12-09,2024-12-09 00:00:00,1207.4387633406577,27328869.0,1213.7352522287993,1217.5407911043376,1198.997090305626,DIA,index,True
2024-12-10,2024-12-10 00:00:00,1213.5058879184699,9943519.0,1224.9501759146597,1231.0650429189218,1210.868808296354,DIA,index,True
2024-12-11,2024-12-11 00:00:00,1224.4454473684489,13816306.0,1223.4744173134295,1233.9862038465874,1215.7031315903257,DIA,index,True
2024-12-12,2024-12-12 00:00:00,1223.0984905488685,31763147.0,1213.671778283775,1228.6435049996635,1201.6002923295157,DIA,index,True
2024-12-13,2024-12-13 00:00:00,1213.464991786239,21156310.0,1210.367709750576,1220.1592736852506,1209.6503081825242,DIA,index,True
2024-12-16,2024-12-16 00:00:00,1210.4895610359486,16139626.0,1202.8363095772868,1211.0113575874143,1191.5797425158037,DIA,index,True
2024-12-17,2024-12-17 00:00:00,1202.9657808136246,41407162.0,1191.839102654258,1210.4520622843418,1187.738474107264,DIA,index,True
2024-12-18,2024-12-18 00:00:00,1191.5812768746127,11309975.0,1192.3895788576615,1203.5732788060893,1183.0090165399486,DIA,index,True
2024-12-19,2024-12-19 00:00:00,1192.6434519991915,36975748.0,1192.613836897128,1203.5675416060544,1186.2392394298129,DIA,index,True
2024-12-20,2024-12-20 00:00:00,1192.2120547493462,32928082.0,1188.9953574379624,1197.0337187428447,1187.2183706078483,DIA,index,True
2024-12-23,2024-12-23 00:00:00,1188.693545122613,37206650.0,1180.053303558301,1200.283665081153,1168.2808053596807,DIA,index,True
2024-12-24,2024-12-24 00:00:00,1180.126997335892,10252575.0,1173.4432117509316,1187.8567440762215,1165.1214871035838,DIA,index,True
2024-12-25,2024-12-25 00:00:00,1173.791962769485,10571672.0,1170.9767934144104,1182.502496559743,1168.6292791138903,DIA,index,True
2024-12-26,2024-12-26 00:00:00,1170.7836048361871,17630673.0,1172.0094649576797,1174.0404420840798,1162.4530691235423,DIA,index,True
2024-12-27,2024-12-27 00:00:00,1171.930862341188,5556950.0,1167.2813091819833,1176.3760067884418,1159.4983779905062,DIA,index,True
2024-12-30,2024-12-30 00:00:00,1167.4762573317466,15188312.0,1164.4111476540388,1171.8143973151662,1158.0691771641182,DIA,index,True
2024-12-31,2024-12-31 00:00:00,1164.116932865608,33313269.0,1167.3435986723546,1168.2523907803668,1153.4797232324602,DIA,index,True
2025-01-01,2025-01-01 00:00:00,1167.2503931603414,42875901.0,1170.0295204146946,1175.8561483534022,1160.1546233608776,DIA,index,True
2025-01-02,2025-01-02 00:00:00,1169.708248790387,22424052.0,1165.8680726719494,1170.8887665558525,1165.7557084618718,DIA,index,True
2025-01-03,2025-01-03 00:00:00,1165.5545763253324,19984173.0,1161.0598539932173,1172.7412820996049,1156.357711268294,DIA,index,True
2025-01-06,2025-01-06 00:00:00,1160.7224473649549,30678567.0,1170.6923906775878,1173.5743120623,1157.1789091658989,DIA,index,True
2025-01-07,2025-01-07 00:00:00,1170.9102624402763,49011401.0,1166.110011005632,1175.9546463783959,1161.9399017508154,DIA,index,True
2025-01-08,2025-01-08 00:00:00,1165.6555730602277,14161735.0,1163.463053496568,1166.3102677524091,1162.1884739391767,DIA,index,True
2025-01-09,2025-01-09 00:00:00,1163.449455013329,30266953.0,1172.5273750257331,1178.7391383301722,1154.7040308037508,DIA,index,True
2025-01-10,2025-01-10 00:00:00,1172.335200791835,29498296.0,1176.0370752823244,1176.6904553260558,1168.7999511530911,DIA,index,True
2025-01-13,2025-01-13 00:00:00,1175.760253870183,9711809.0,1174.6790474096365,1178.1057885339433,1163.4635911605653,DIA,index,True
2025-01-14,2025-01-14 00:00:00,1174.979590296446,9079700.0,1170.433298148841,1180.029764416976,1161.0937891167025,DIA,index,True
2025-01-15,2025-01-15 00:00:00,1170.5951860099908,24743195.0,1167.483755549209,1175.1441397342403,1164.8895316977637,DIA,index,True
2025-01-16,2025-01-16 00:00:00,1167.2860410918884,13766820.0,1165.6371961246632,1168.3358358787495,1156.1110407295505,DIA,index,True
2025-01-17,2025-01-17 00:00:00,1166.000456110819,34298893.0,1165.057085913296,1170.5833872197065,1161.5676683656375,DIA,index,True
2025-01-20,2025-01-20 00:00:00,1165.0199232672526,46262925.0,1166.303627381376,1167.167141598196,1161.2145240427956,DIA,index,True
2025-01-21,2025-01-21 00:00:00,1166.1219715592565,36309561.0,1166.414065608627,1177.2305555451182,1158.5488825117422,DIA,index,True
2025-01-22,2025-01-22 00:00:00,1166.4474812237236,32905302.0,1174.5826322631924,1180.8678538638203,1156.4705292543854,DIA,index,True
2025-01-23,2025-01-23 00:00:00,1174.5586462450847,32055569.0,1181.0413612066136,1190.173344274294,1163.782106933033,DIA,index,True
2025-01-24,2025-01-24 00:00:00,1180.5284386839783,49048480.0,1171.9203100148868,1187.018655611439,1169.2029803674907,DIA,index,True
2025-01-27,2025-01-27 00:00:00,1171.7048709882472,9043997.0,1171.4119753315754,1171.909228363524,1165.3542200299667,DIA,index,True
2025-01-28,2025-01-28 00:00:00,1171.7977818465793,18040269.0,1180.7793647938854,1191.349032305081,1161.5745305394573,DIA,index,True
2025-01-29,2025-01-29 00:00:00,1181.1905076014903,17191587.0,1171.9107842874912,1191.8874994151695,1169.788556179769,DIA,index,True
2025-01-30,2025-01-30 00:00:00,1171.43912496292,33252032.0,1176.9302343108216,1179.3435047737128,1166.1352512233905,DIA,index,True
2025-01-31,2025-01-31 00:00:00,1177.237099858176,45283817.0,1174.396982019698,1178.6510897355438,1165.4564980192201,DIA,index,True
2025-02-03,2025-02-03 00:00:00,1174.4652166597025,22743864.0,1165.3534005509814,1180.660092829358,1163.07593851644,DIA,index,True
2025-02-04,2025-02-04 00:00:00,1165.4688077525332,9946728.0,1164.7250442361005,1167.0615118887818,1162.048094407535,DIA,index,True
2025-02-05,2025-02-05 00:00:00,1165.0633971669815,37116185.0,1155.4263408472618,1175.4835725014311,1144.4636713240748,DIA,index,True
2025-02-06,2025-02-06 00:00:00,1155.1671357607488,10842346.0,1145.6324749645298,1156.4772443215638,1144.3795509147658,DIA,index,True
2025-02-07,2025-02-07 00:00:00,1145.8572420324856,32849334.0,1145.5775153796294,1147.3586723269088,1135.2290364545963,DIA,index,True
2025-02-10,2025-02-10 00:00:00,1145.6487818216508,13334765.0,1148.5062287586404,1159.8925412973424,1140.0899965027413,DIA,index,True
2025-02-11,2025-02-11 00:00:00,1148.803036299533,46148268.0,1144.860988266376,1151.5404516116168,1141.7059968692777,DIA,index,True
2025-02-12,2025-02-12 00:00:00,1144.8961807116427,7582230.0,1151.8749552782717,1162.190531722544,1143.3922140488457,DIA,index,True
2025-02-13,2025-02-13 00:00:00,1151.8147287356749,28904145.0,1150.4785513185338,1155.4311749721985,1144.6010813785963,DIA,index,True
2025-02-14,2025-02-14 00:00:00,1150.040744323373,22048752.0,1151.373685471967,1151.786780953754,1138.9709411564568,DIA,index,True
2025-02-17,2025-02-17 00:00:00,1151.5261890083964,38727699.0,1144.1268151984943,1157.2159481327926,1143.776348345053,DIA,index,True
2025-02-18,2025-02-18 00:00:00,1144.1307913480316,35521601.0,1141.261909099006,1152.2401952668702,1134.4830872519783,DIA,index,True
2025-02-19,2025-02-19 00:00:00,1141.0282056340118,40315449.0,1138.65997674958,1152.0479290333114,1137.4530814947332,DIA,index,True
2025-02-20,2025-02-20 00:00:00,1138.637851201999,19536317.0,1132.292384466879,1141.051729320721,1122.1331631263504,DIA,index,True
2025-02-21,2025-02-21 00:00:00,1132.5373328475168,16075521.0,1137.0760932039207,1137.7718670093302,1128.1707855052655,DIA,index,True
2025-02-24,2025-02-24 00:00:00,1136.8096442813287,48329594.0,1130.9244286808528,1141.522118318329,1130.0468034174232,DIA,index,True
2025-02-25,2025-02-25 00:00:00,1131.3299241019524,35153889.0,1128.306305710197,1141.2280085384398,1125.990097731672,DIA,index,True
2025-02-26,2025-02-26 00:00:00,1127.931773943072,25052014.0,1134.4034469489582,1139.0475143867347,1123.0154884722456,DIA,index,True
2025-02-27,2025-02-27 00:00:00,1134.4053214727337,12955072.0,1137.7924539180087,1140.4369886783352,1131.9613818813375,DIA,index,True
2025-02-28,2025-02-28 00:00:00,1137.2989389054485,26334846.0,1126.054538953978,1144.0090618283734,1117.271489685219,DIA,index,True
2025-03-03,2025-03-03 00:00:00,1125.7744670944114,25444554.0,1117.7050782224217,1125.7868563787833,1109.5422083169806,DIA,index,True
2025-03-04,2025-03-04 00:00:00,1117.7667821510024,42129932.0,1118.4027074162998,1127.4096840288114,1113.2351801507918,DIA,index,True
2025-03-05,2025-03-05 00:00:00,1118.1609183608364,29503048.0,1116.5580987814528,1118.5709996025766,1107.5820267658667,DIA,index,True
2025-03-06,2025-03-06 00:00:00,1116.6695883680425,22147881.0,1108.782345505324,1127.4166580122799,1099.89306366893,DIA,index,True
2025-03-07,2025-03-07 00:00:00,1108.6341929441385,14222435.0,1116.8729071064968,1128.031792816147,1098.7079198420809,DIA,index,True
2025-03-10,2025-03-10 00:00:00,1116.5329759013532,41975587.0,1114.766375623741,1117.3009925843983,1109.5003177763656,DIA,index,True
2025-03-11,2025-03-11 00:00:00,1114.6304992386977,40442652.0,1106.6047401497772,1121.3990486602916,1102.7042286326769,DIA,index,True
2025-03-12,2025-03-12 00:00:00,1106.7541348631453,39586493.0,1112.6532492211948,1118.1404976790627,1103.9931835713585,DIA,index,True
2025-03-13,2025-03-13 00:00:00,1112.8148185465504,32565753.0,1109.2590053170943,1113.190436772897,1103.22832734283,DIA,index,True
2025-03-14,2025-03-14 00:00:00,1109.419219014679,27016701.0,1114.3647245515176,1119.1222794892274,1106.1317039543958,DIA,index,True
2025-03-17,2025-03-17 00:00:00,1113.9844298138448,42611342.0,1115.3930952799958,1120.354940276624,1106.2111909118803,DIA,index,True
2025-03-18,2025-03-18 00:00:00,1115.7514462078784,5705502.0,1123.1364772915197,1130.1004674985234,1106.9243425786497,DIA,index,True
2025-03-19,2025-03-19 00:00:00,1123.536879179747,27111930.0,1125.8180531455519,1132.9710569513893,1118.6527902072291,DIA,index,True
2025-03-20,2025-03-20 00:00:00,1125.7428119048755,7108247.0,1124.6908512528548,1131.515208374554,1115.4400452188445,DIA,index,True
2025-03-21,2025-03-21 00:00:00,1124.8544913301378,14621573.0,1134.9119730329446,1145.0670592413242,1115.4269702606648,DIA,index,True
2025-03-24,2025-03-24 00:00:00,1135.2301657002029,20743709.0,1131.8175755903005,1137.618728365476,1127.1590787825696,DIA,index,True
2025-03-25,2025-03-25 00:00:00,1131.8616356354835,11691718.0,1141.3302699867472,1149.8204811678918,1124.9028604398563,DIA,index,True
2025-03-26,2025-03-26 00:00:00,1141.5591332002462,25818357.0,1138.2901212965721,1149.1106264820953,1129.0103955836028,DIA,index,True
2025-03-27,2025-03-27 00:00:00,1138.3694095479982,45433410.0,1140.6124169955392,1149.1707661215426,1136.610421058672,DIA,index,True
2025-03-28,2025-03-28 00:00:00,1140.5589782754491,46921838.0,1151.5750829211404,1157.6075588743956,1130.3296626371534,DIA,index,True
2025-03-31,2025-03-31 00:00:00,1151.669638254013,22229236.0,1158.956927514842,1165.4948691662444,1141.667958199114,DIA,index,True
2025-04-01,2025-04-01 00:00:00,1159.2523245060815,37358707.0,1164.5342709197728,1168.574271898001,1149.6413218809496,DIA,index,True
2025-04-02,2025-04-02 00:00:00,1164.6745830079121,5795221.0,1171.626084178413,1176.6096517384524,1156.864888648159,DIA,index,True
2025-04-03,2025-04-03 00:00:00,1171.327246250927,10023676.0,1174.570100899733,1178.4474860171938,1164.106935246855,DIA,index,True
2025-04-04,2025-04-04 00:00:00,1174.3963116713908,19017326.0,1175.1479914585364,1180.9284364634068,1162.970483808407,DIA,index,True
2025-04-07,2025-04-07 00:00:00,1175.2998720411529,20435041.0,1183.109590965861,1185.514929067236,1173.5929451942645,DIA,index,True
2025-04-08,2025-04-08 00:00:00,1183.2005901443115,22544950.0,1183.1276885816299,1188.360499970131,1177.655786944597,DIA,index,True
2025-04-09,2025-04-09 00:00:00,1183.1322858710018,18638204.0,1185.909597739081,1190.5222090423097,1177.7368244636912,DIA,index,True
2025-04-10,2025-04-10 00:00:00,1185.6451483347653,17681173.0,1185.9494797159123,1188.2903172245076,1183.4606919987132,DIA,index,True
2025-04-11,2025-04-11 00:00:00,1185.8738872331255,16750884.0,1178.427935182654,1191.9409653580524,1168.9958306089545,DIA,index,True
2025-04-14,2025-04-14 00:00:00,1178.0650396145857,13601546.0,1179.6742788385752,1189.82052937196,1173.508196246016,DIA,index,True
2025-04-15,2025-04-15 00:00:00,1179.7416256909282,39069145.0,1180.521573713015,1189.4038241486633,1169.803874434456,DIA,index,True
2025-04-16,2025-04-16 00:00:00,1180.0305402799522,14515948.0,1189.7671333741896,1196.8748183885155,1172.7787749611903,DIA,index,True
2025-04-17,2025-04-17 00:00:00,1189.666322329219,28441906.0,1183.2879358585658,1198.686479876268,1178.3822436731557,DIA,index,True
2025-04-18,2025-04-18 00:00:00,1183.3382955898076,11536658.0,1188.2242806876045,1189.586757255494,1172.6505025199376,DIA,index,True
2025-04-21,2025-04-21 00:00:00,1188.527716880612,14360785.0,1199.3914880543236,1210.4644247785948,1182.8299413048585,DIA,index,True
2025-04-22,2025-04-22 00:00:00,1199.6322583346885,13676835.0,1201.9440434915089,1202.793041869933,1197.1227278539297,DIA,index,True
2025-04-23,2025-04-23 00:00:00,1201.8707736974166,18350075.0,1200.6198179156154,1210.7836699407278,1194.3813316972878,DIA,index,True
2025-04-24,2025-04-24 00:00:00,1200.114537911611,42106783.0,1209.2678975601177,1215.8750554106764,1193.4461834998046,DIA,index,True
2025-04-25,2025-04-25 00:00:00,1209.5921294597606,46899950.0,1204.486039771266,1210.6908338728258,1200.017718610021,DIA,index,True
2025-04-28,2025-04-28 00:00:00,1204.3850715724589,11483152.0,1210.0879490390103,1210.1751667339636,1204.1726535697135,DIA,index,True
2025-04-29,2025-04-29 00:00:00,1209.8163613136498,9677237.0,1207.7710329284514,1213.897432939421,1205.920266594162,DIA,index,True
2025-04-30,2025-04-30 00:00:00,1208.02018719295,38759796.0,1198.9930261635488,1209.9305512652732,1194.6938905479021,DIA,index,True
2025-05-01,2025-05-01 00:00:00,1199.1063111383735,31620768.0,1207.5000818756316,1218.6720299795231,1190.6799539346869,DIA,index,True
2025-05-02,2025-05-02 00:00:00,1207.2309528316143,39540849.0,1213.1041616513207,1217.696536409956,1197.6597473481768,DIA,index,True
2025-05-05,2025-05-05 00:00:00,1213.2036820727703,24940329.0,1222.7875459800853,1226.6508888189048,1207.8470097561822,DIA,index,True
2025-05-06,2025-05-06 00:00:00,1222.9224524886365,24750056.0,1229.1059467308353,1240.4608342951867,1213.79651214792,DIA,index,True
2025-05-07,2025-05-07 00:00:00,1229.3202313591091,21828597.0,1217.2885441385154,1230.8777321149046,1211.7391851314596,DIA,index,True
2025-05-08,2025-05-08 00:00:00,1217.1706266159413,46837111.0,1212.7557557792898,1217.340809146817,1206.1903274427414,DIA,index,True
2025-05-09,2025-05-09 00:00:00,1212.7308264213304,12892263.0,1224.9220597722751,1225.8838155549815,1200.979521838607,DIA,index,True
2025-05-12,2025-05-12 00:00:00,1225.0917043049162,25358666.0,1227.0770311373863,1229.4021008613108,1223.226738233119,DIA,index,True
2025-05-13,2025-05-13 00:00:00,1227.3578758518424,20630174.0,1228.820784631421,1241.0876653854134,1215.9665455606687,DIA,index,True
2025-05-14,2025-05-14 00:00:00,1229.1924366227554,23194393.0,1231.4518430057963,1235.6995074128697,1225.3696574565606,DIA,index,True
2025-05-15,2025-05-15 00:00:00,1231.7757614071327,10280132.0,1244.1505526216392,1244.5031424555036,1220.5692240386065,DIA,index,True
2025-05-16,2025-05-16 00:00:00,1244.1143003034983,45896018.0,1252.1796002248866,1260.3744869458626,1239.3438256299169,DIA,index,True
2025-05-19,2025-05-19 00:00:00,1251.8720075544397,18634799.0,1250.9074321180171,1262.391478797636,1240.1046150508203,DIA,index,True
2025-05-20,2025-05-20 00:00:00,1251.3160172336834,19567787.0,1241.421569815401,1261.7734213577216,1240.657141003344,DIA,index,True
2025-05-21,2025-05-21 00:00:00,1241.6783630357986,30827584.0,1232.8195014125833,1245.3128525674933,1225.8578632423964,DIA,index,True
2025-05-22,2025-05-22 00:00:00,1232.789538701287,5042914.0,1241.7225205576283,1244.3323857474827,1220.9642692296693,DIA,index,True
2025-05-23,2025-05-23 00:00:00,1241.3739661192467,20583606.0,1240.5682821110468,1242.3716758496553,1240.3246364448617,DIA,index,True
2025-05-26,2025-05-26 00:00:00,1240.6542693927802,15552946.0,1241.7633488129065,1252.6623714554287,1240.1173010346158,DIA,index,True
2025-05-27,2025-05-27 00:00:00,1242.0283461198437,48657348.0,1233.9761461627033,1248.3496934000636,1227.9708671164658,DIA,index,True
2025-05-28,2025-05-28 00:00:00,1233.7409940045545,28710987.0,1227.5048596767579,1239.9350941826397,1221.426427419829,DIA,index,True
2025-05-29,2025-05-29 00:00:00,1227.8997924019377,16497820.0,1234.4046155633707,1236.8222929079425,1220.9993544279253,DIA,index,True
2025-05-30,2025-05-30 00:00:00,1234.3016087973294,43680446.0,1232.3424059529668,1240.9620275915147,1222.6013294613151,DIA,index,True
2025-06-02,2025-06-02 00:00:00,1232.3985852603284,9667676.0,1226.1055076865193,1233.6902607571028,1222.0767697252402,DIA,index,True
2025-06-03,2025-06-03 00:00:00,1225.7961217594143,13519645.0,1222.4617826871283,1231.4913534688644,1214.2371014371065,DIA,index,True
2025-06-04,2025-06-04 00:00:00,1222.1753651560246,16283172.0,1234.0595484385149,1245.3744824575547,1218.6253528439936,DIA,index,True
2025-06-05,2025-06-05 00:00:00,1233.951774664885,7549045.0,1225.1584343022698,1244.6167305131103,1214.1320856718366,DIA,index,True
2025-06-06,2025-06-06 00:00:00,1224.7522508159389,10395133.0,1221.7994210161519,1229.5663174804547,1220.4549292194288,DIA,index,True
2025-06-09,2025-06-09 00:00:00,1221.5758346454752,11096770.0,1228.4182320500186,1232.3270616517614,1221.2336027533288,DIA,index,True
2025-06-10,2025-06-10 00:00:00,1227.930320176777,6490609.0,1232.9299935308413,1236.3172290666405,1219.324451585385,DIA,index,True
2025-06-11,2025-06-11 00:00:00,1233.2732504361238,37268940.0,1227.2318254652653,1237.072734173763,1222.200829840756,DIA,index,True
2025-06-12,2025-06-12 00:00:00,1227.565713572491,33977637.0,1224.6837739660045,1231.3419686682842,1219.2478381027433,DIA,index,True
2025-06-13,2025-06-13 00:00:00,1224.2540174323133,36023817.0,1214.8758059849704,1234.9798047672084,1208.6632289834638,DIA,index,True
2025-06-16,2025-06-16 00:00:00,1215.174245300494,35565903.0,1212.3866301110713,1219.2886052080155,1209.340872595069,DIA,index,True
2025-06-17,2025-06-17 00:00:00,1212.6515774187715,31322131.0,1215.426039792928,1224.1067489427755,1204.2271096622078,DIA,index,True
2025-06-18,2025-06-18 00:00:00,1215.607388307247,49345189.0,1208.8610201971812,1221.571211092222,1201.7959504195303,DIA,index,True
2025-06-19,2025-06-19 00:00:00,1208.5504339647723,23352026.0,1217.2082610121704,1228.3081523058815,1196.5132344616063,DIA,index,True
2025-06-20,2025-06-20 00:00:00,1217.2887545135661,22895865.0,1208.064051534844,1223.3185907106706,1196.2227721187962,DIA,index,True
2025-06-23,2025-06-23 00:00:00,1207.9422401469742,42384674.0,1204.5177695937948,1216.7178889484358,1194.848876163885,DIA,index,True
2025-06-24,2025-06-24 00:00:00,1204.8450944146207,44255125.0,1213.2072481796315,1215.6485663921596,1204.0224569597742,DIA,index,True
2025-06-25,2025-06-25 00:00:00,1213.177606118739,15824658.0,1203.860747882018,1216.1747609678418,1195.0476235827612,DIA,index,True
2025-06-26,2025-06-26 00:00:00,1204.280351103194,24489312.0,1201.9440627424674,1211.5999396450782,1193.9914851350582,DIA,index,True
2025-06-27,2025-06-27 00:00:00,1201.8620667849652,27328926.0,1200.894385760191,1203.6024268671408,1199.9884305143598,DIA,index,True
2025-06-30,2025-06-30 00:00:00,1201.1335280331737,22290739.0,1202.2765566635835,1207.4505439109178,1194.2629064966986,DIA,index,True
2025-07-01,2025-07-01 00:00:00,1201.9761120112232,12889565.0,1200.922772866799,1209.7070528660286,1191.7481588251007,DIA,index,True
2025-07-02,2025-07-02 00:00:00,1200.432798355892,19957832.0,1202.9208746939853,1210.8128617444527,1193.7452772178262,DIA,index,True
2025-07-03,2025-07-03 00:00:00,1202.6437591558265,32390525.0,1203.12299618802,1211.2302861020069,1202.4255533222258,DIA,index,True
2025-07-04,2025-07-04 00:00:00,1203.1032262694125,48092888.0,1204.578209468182,1210.3650929091039,1198.3540133536203,DIA,index,True
2025-07-07,2025-07-07 00:00:00,1204.7749019256403,37078297.0,1198.196917499149,1205.195752645924,1186.4886684728808,DIA,index,True
2025-07-08,2025-07-08 00:00:00,1198.5027868534116,38158541.0,1201.2983852678724,1205.522450536894,1191.7323955418804,DIA,index,True
2025-07-09,2025-07-09 00:00:00,1201.0550379883516,40270329.0,1203.458643252892,1206.6811092954372,1190.3454583837765,DIA,index,True
2025-07-10,2025-07-10 00:00:00,1203.6585330334578,32328466.0,1210.751733459826,1219.1337509263303,1193.5915463215151,DIA,index,True
2025-07-11,2025-07-11 00:00:00,1210.311805468523,16068427.0,1204.1719785331495,1214.659606084811,1192.1525006880568,DIA,index,True
2025-07-14,2025-07-14 00:00:00,1204.012222042977,17342673.0,1194.7525879197342,1206.1648195388416,1191.5442054577497,DIA,index,True
2025-07-15,2025-07-15 00:00:00,1194.5366912739637,44569113.0,1206.0,1206.4340564137603,1193.1847424758328,DIA,index,True
