Date,Datetime,Close,Volume,Open,High,Low,Symbol,Type,IsMock
2025-04-16,2025-04-16 05:30:00,83656.49248858042,25084671427.622566,83656.49248858042,83656.49248858042,83656.49248858042,BTC-USD,crypto,
2025-04-17,2025-04-17 05:30:00,84105.77942167096,26948109141.803364,84105.77942167096,84105.77942167096,84105.77942167096,BTC-USD,crypto,
2025-04-18,2025-04-18 05:30:00,84930.90857600998,19323821375.14309,84930.90857600998,84930.90857600998,84930.90857600998,BTC-USD,crypto,
2025-04-19,2025-04-19 05:30:00,84433.75017215389,9550691272.782005,84433.75017215389,84433.75017215389,84433.75017215389,BTC-USD,crypto,
2025-04-20,2025-04-20 05:30:00,85126.66244301842,12635983530.804455,85126.66244301842,85126.66244301842,85126.66244301842,BTC-USD,crypto,
2025-04-21,2025-04-21 05:30:00,85073.16544858096,12625843856.313684,85073.16544858096,85073.16544858096,85073.16544858096,BTC-USD,crypto,
2025-04-22,2025-04-22 05:30:00,87452.04699068287,40070025414.28289,87452.04699068287,87452.04699068287,87452.04699068287,BTC-USD,crypto,
2025-04-23,2025-04-23 05:30:00,93576.16588573981,53841992235.36636,93576.16588573981,93576.16588573981,93576.16588573981,BTC-USD,crypto,
2025-04-24,2025-04-24 05:30:00,93605.45230873208,39901515879.65954,93605.45230873208,93605.45230873208,93605.45230873208,BTC-USD,crypto,
2025-04-25,2025-04-25 05:30:00,93872.81422867288,30031246761.093452,93872.81422867288,93872.81422867288,93872.81422867288,BTC-USD,crypto,
2025-04-26,2025-04-26 05:30:00,94773.11200643536,39336184715.04292,94773.11200643536,94773.11200643536,94773.11200643536,BTC-USD,crypto,
2025-04-27,2025-04-27 05:30:00,94644.06637120107,15445392739.787264,94644.06637120107,94644.06637120107,94644.06637120107,BTC-USD,crypto,
2025-04-28,2025-04-28 05:30:00,93809.33781968223,15926259371.057959,93809.33781968223,93809.33781968223,93809.33781968223,BTC-USD,crypto,
2025-04-29,2025-04-29 05:30:00,95030.60645474444,31913814736.53902,95030.60645474444,95030.60645474444,95030.60645474444,BTC-USD,crypto,
2025-04-30,2025-04-30 05:30:00,94256.35946318062,25882629766.278946,94256.35946318062,94256.35946318062,94256.35946318062,BTC-USD,crypto,
2025-05-01,2025-05-01 05:30:00,94235.75331048167,26541700309.366146,94235.75331048167,94235.75331048167,94235.75331048167,BTC-USD,crypto,
2025-05-02,2025-05-02 05:30:00,96426.94522273027,30207566405.468834,96426.94522273027,96426.94522273027,96426.94522273027,BTC-USD,crypto,
2025-05-03,2025-05-03 05:30:00,96855.5681343944,23276376191.483967,96855.5681343944,96855.5681343944,96855.5681343944,BTC-USD,crypto,
2025-05-04,2025-05-04 05:30:00,95922.86842404422,13797554863.642815,95922.86842404422,95922.86842404422,95922.86842404422,BTC-USD,crypto,
2025-05-05,2025-05-05 05:30:00,94326.62048529249,14903122945.616686,94326.62048529249,94326.62048529249,94326.62048529249,BTC-USD,crypto,
2025-05-06,2025-05-06 05:30:00,94758.8237105546,24086456278.203846,94758.8237105546,94758.8237105546,94758.8237105546,BTC-USD,crypto,
2025-05-07,2025-05-07 05:30:00,96854.53198815876,23348052607.071873,96854.53198815876,96854.53198815876,96854.53198815876,BTC-USD,crypto,
2025-05-08,2025-05-08 05:30:00,97026.49376966801,64376174032.08048,97026.49376966801,97026.49376966801,97026.49376966801,BTC-USD,crypto,
2025-05-09,2025-05-09 05:30:00,103076.27555512934,50020047720.65604,103076.27555512934,103076.27555512934,103076.27555512934,BTC-USD,crypto,
2025-05-10,2025-05-10 05:30:00,102962.54045692299,40800894903.23446,102962.54045692299,102962.54045692299,102962.54045692299,BTC-USD,crypto,
2025-05-11,2025-05-11 05:30:00,104630.8792994166,21558992540.042442,104630.8792994166,104630.8792994166,104630.8792994166,BTC-USD,crypto,
2025-05-12,2025-05-12 05:30:00,103994.061616746,27389436049.454792,103994.061616746,103994.061616746,103994.061616746,BTC-USD,crypto,
2025-05-13,2025-05-13 05:30:00,102876.8304286011,43090605819.36596,102876.8304286011,102876.8304286011,102876.8304286011,BTC-USD,crypto,
2025-05-14,2025-05-14 05:30:00,104184.49039270742,33861432519.50822,104184.49039270742,104184.49039270742,104184.49039270742,BTC-USD,crypto,
2025-05-15,2025-05-15 05:30:00,103594.42575090709,28398245846.798244,103594.42575090709,103594.42575090709,103594.42575090709,BTC-USD,crypto,
2025-05-16,2025-05-16 05:30:00,103708.85136423641,31823340473.339912,103708.85136423641,103708.85136423641,103708.85136423641,BTC-USD,crypto,
2025-05-17,2025-05-17 05:30:00,103556.03493982446,25887953182.14765,103556.03493982446,103556.03493982446,103556.03493982446,BTC-USD,crypto,
2025-05-18,2025-05-18 05:30:00,103212.36483885496,18950056010.479057,103212.36483885496,103212.36483885496,103212.36483885496,BTC-USD,crypto,
2025-05-19,2025-05-19 05:30:00,106030.6376831359,30744060179.802963,106030.6376831359,106030.6376831359,106030.6376831359,BTC-USD,crypto,
2025-05-20,2025-05-20 05:30:00,105629.41580436694,43339734153.75087,105629.41580436694,105629.41580436694,105629.41580436694,BTC-USD,crypto,
2025-05-21,2025-05-21 05:30:00,106786.71995834043,36393687094.25122,106786.71995834043,106786.71995834043,106786.71995834043,BTC-USD,crypto,
2025-05-22,2025-05-22 05:30:00,109665.86371625263,60722883113.84,109665.86371625263,109665.86371625263,109665.86371625263,BTC-USD,crypto,
2025-05-23,2025-05-23 05:30:00,111560.356938144,52218408239.45193,111560.356938144,111560.356938144,111560.356938144,BTC-USD,crypto,
2025-05-24,2025-05-24 05:30:00,107216.66856870624,49251745837.96465,107216.66856870624,107216.66856870624,107216.66856870624,BTC-USD,crypto,
2025-05-25,2025-05-25 05:30:00,107831.36374380375,27128230116.517162,107831.36374380375,107831.36374380375,107831.36374380375,BTC-USD,crypto,
2025-05-26,2025-05-26 05:30:00,108861.81037744327,29652659665.048733,108861.81037744327,108861.81037744327,108861.81037744327,BTC-USD,crypto,
2025-05-27,2025-05-27 05:30:00,109377.71513263129,27950577137.918888,109377.71513263129,109377.71513263129,109377.71513263129,BTC-USD,crypto,
2025-05-28,2025-05-28 05:30:00,109068.45694901445,38978783508.88622,109068.45694901445,109068.45694901445,109068.45694901445,BTC-USD,crypto,
2025-05-29,2025-05-29 05:30:00,107838.18431100152,29794278037.284946,107838.18431100152,107838.18431100152,107838.18431100152,BTC-USD,crypto,
2025-05-30,2025-05-30 05:30:00,105745.41660358038,38279231892.56757,105745.41660358038,105745.41660358038,105745.41660358038,BTC-USD,crypto,
2025-05-31,2025-05-31 05:30:00,104010.91956242644,39680060337.610214,104010.91956242644,104010.91956242644,104010.91956242644,BTC-USD,crypto,
2025-06-01,2025-06-01 05:30:00,104687.50742934884,20432694555.09522,104687.50742934884,104687.50742934884,104687.50742934884,BTC-USD,crypto,
2025-06-02,2025-06-02 05:30:00,105710.00593822816,17721500507.53389,105710.00593822816,105710.00593822816,105710.00593822816,BTC-USD,crypto,
2025-06-03,2025-06-03 05:30:00,105884.74263221149,26313843058.73954,105884.74263221149,105884.74263221149,105884.74263221149,BTC-USD,crypto,
2025-06-04,2025-06-04 05:30:00,105434.47745144971,25925661121.080395,105434.47745144971,105434.47745144971,105434.47745144971,BTC-USD,crypto,
2025-06-05,2025-06-05 05:30:00,104812.9182188067,25812143562.797962,104812.9182188067,104812.9182188067,104812.9182188067,BTC-USD,crypto,
2025-06-06,2025-06-06 05:30:00,101650.7387545425,39711941132.0234,101650.7387545425,101650.7387545425,101650.7387545425,BTC-USD,crypto,
2025-06-07,2025-06-07 05:30:00,104409.74967959142,29897390978.090103,104409.74967959142,104409.74967959142,104409.74967959142,BTC-USD,crypto,
2025-06-08,2025-06-08 05:30:00,105681.4546141758,17749731308.73042,105681.4546141758,105681.4546141758,105681.4546141758,BTC-USD,crypto,
2025-06-09,2025-06-09 05:30:00,105692.24740699006,16044679696.270103,105692.24740699006,105692.24740699006,105692.24740699006,BTC-USD,crypto,
2025-06-10,2025-06-10 05:30:00,110261.57485948496,38222993297.50514,110261.57485948496,110261.57485948496,110261.57485948496,BTC-USD,crypto,
2025-06-11,2025-06-11 05:30:00,110212.73252109604,36303839182.734825,110212.73252109604,110212.73252109604,110212.73252109604,BTC-USD,crypto,
2025-06-12,2025-06-12 05:30:00,108679.9760916168,30338936631.626648,108679.9760916168,108679.9760916168,108679.9760916168,BTC-USD,crypto,
2025-06-13,2025-06-13 05:30:00,105979.22902375912,35865159511.38857,105979.22902375912,105979.22902375912,105979.22902375912,BTC-USD,crypto,
2025-06-14,2025-06-14 05:30:00,106045.56440819203,49471015505.74361,106045.56440819203,106045.56440819203,106045.56440819203,BTC-USD,crypto,
2025-06-15,2025-06-15 05:30:00,105482.90611628917,17916412455.866283,105482.90611628917,105482.90611628917,105482.90611628917,BTC-USD,crypto,
2025-06-16,2025-06-16 05:30:00,105554.49383061715,16568441852.649668,105554.49383061715,105554.49383061715,105554.49383061715,BTC-USD,crypto,
2025-06-17,2025-06-17 05:30:00,106951.2720181497,32095957011.724205,106951.2720181497,106951.2720181497,106951.2720181497,BTC-USD,crypto,
2025-06-18,2025-06-18 05:30:00,104683.42479835715,38603212010.889435,104683.42479835715,104683.42479835715,104683.42479835715,BTC-USD,crypto,
2025-06-19,2025-06-19 05:30:00,104722.695052907,30339326410.154945,104722.695052907,104722.695052907,104722.695052907,BTC-USD,crypto,
2025-06-20,2025-06-20 05:30:00,104690.65002458123,18063282658.152298,104690.65002458123,104690.65002458123,104690.65002458123,BTC-USD,crypto,
2025-06-21,2025-06-21 05:30:00,103290.105144757,30632751225.407444,103290.105144757,103290.105144757,103290.105144757,BTC-USD,crypto,
2025-06-22,2025-06-22 05:30:00,101532.5683847329,21644463198.719532,101532.5683847329,101532.5683847329,101532.5683847329,BTC-USD,crypto,
2025-06-23,2025-06-23 05:30:00,100852.58264648831,51287142390.02526,100852.58264648831,100852.58264648831,100852.58264648831,BTC-USD,crypto,
2025-06-24,2025-06-24 05:30:00,105511.62437933135,50011797128.6837,105511.62437933135,105511.62437933135,105511.62437933135,BTC-USD,crypto,
2025-06-25,2025-06-25 05:30:00,105976.06929808448,31704641076.941063,105976.06929808448,105976.06929808448,105976.06929808448,BTC-USD,crypto,
2025-06-26,2025-06-26 05:30:00,107238.53045016268,30468274982.034847,107238.53045016268,107238.53045016268,107238.53045016268,BTC-USD,crypto,
2025-06-27,2025-06-27 05:30:00,106984.01253775663,24320699663.15122,106984.01253775663,106984.01253775663,106984.01253775663,BTC-USD,crypto,
2025-06-28,2025-06-28 05:30:00,107078.91560644074,25194306261.888832,107078.91560644074,107078.91560644074,107078.91560644074,BTC-USD,crypto,
2025-06-29,2025-06-29 05:30:00,107331.58548463577,8960877693.57604,107331.58548463577,107331.58548463577,107331.58548463577,BTC-USD,crypto,
2025-06-30,2025-06-30 05:30:00,108396.61631317894,14881078675.366829,108396.61631317894,108396.61631317894,108396.61631317894,BTC-USD,crypto,
2025-07-01,2025-07-01 05:30:00,107132.79910701896,22489515582.41552,107132.79910701896,107132.79910701896,107132.79910701896,BTC-USD,crypto,
2025-07-02,2025-07-02 05:30:00,105613.39974163055,25033160828.30909,105613.39974163055,105613.39974163055,105613.39974163055,BTC-USD,crypto,
2025-07-03,2025-07-03 05:30:00,108824.44423167943,36395184773.06136,108824.44423167943,108824.44423167943,108824.44423167943,BTC-USD,crypto,
2025-07-04,2025-07-04 05:30:00,109602.20483914016,29892049537.628605,109602.20483914016,109602.20483914016,109602.20483914016,BTC-USD,crypto,
2025-07-05,2025-07-05 05:30:00,108040.8919400104,24248906784.57383,108040.8919400104,108040.8919400104,108040.8919400104,BTC-USD,crypto,
2025-07-06,2025-07-06 05:30:00,108217.46849992426,10042942280.966904,108217.46849992426,108217.46849992426,108217.46849992426,BTC-USD,crypto,
2025-07-07,2025-07-07 05:30:00,109215.19771840284,14638669497.351297,109215.19771840284,109215.19771840284,109215.19771840284,BTC-USD,crypto,
2025-07-08,2025-07-08 05:30:00,108300.71675785031,25493246475.80407,108300.71675785031,108300.71675785031,108300.71675785031,BTC-USD,crypto,
2025-07-09,2025-07-09 05:30:00,108953.19187727802,20488865138.27645,108953.19187727802,108953.19187727802,108953.19187727802,BTC-USD,crypto,
2025-07-10,2025-07-10 05:30:00,111327.53054245669,37078460440.66385,111327.53054245669,111327.53054245669,111327.53054245669,BTC-USD,crypto,
2025-07-11,2025-07-11 05:30:00,115879.65030112496,56204086624.04028,115879.65030112496,115879.65030112496,115879.65030112496,BTC-USD,crypto,
2025-07-12,2025-07-12 05:30:00,117571.02510036016,64185145923.88688,117571.02510036016,117571.02510036016,117571.02510036016,BTC-USD,crypto,
2025-07-13,2025-07-13 05:30:00,117418.95745007684,24351256098.393543,117418.95745007684,117418.95745007684,117418.95745007684,BTC-USD,crypto,
2025-07-14,2025-07-14 05:30:00,119117.55666327637,27310851454.97692,119117.55666327637,119117.55666327637,119117.55666327637,BTC-USD,crypto,
2025-07-15,2025-07-15 01:23:43,119806.55984134652,68950915214.17363,119806.55984134652,119806.55984134652,119806.55984134652,BTC-USD,crypto,
2025-04-16,2025-04-16 05:30:00,1587.8222244021401,11786525215.180002,1587.8222244021401,1587.8222244021401,1587.8222244021401,ETH-USD,crypto,
2025-04-17,2025-04-17 05:30:00,1577.7073516760117,13120084885.866234,1577.7073516760117,1577.7073516760117,1577.7073516760117,ETH-USD,crypto,
2025-04-18,2025-04-18 05:30:00,1583.4764497002345,9437178720.867388,1583.4764497002345,1583.4764497002345,1583.4764497002345,ETH-USD,crypto,
2025-04-19,2025-04-19 05:30:00,1589.1516208270755,5254078676.877919,1589.1516208270755,1589.1516208270755,1589.1516208270755,ETH-USD,crypto,
2025-04-20,2025-04-20 05:30:00,1615.0502549158562,5148626529.402773,1615.0502549158562,1615.0502549158562,1615.0502549158562,ETH-USD,crypto,
2025-04-21,2025-04-21 05:30:00,1585.4600253443446,6695768150.024456,1585.4600253443446,1585.4600253443446,1585.4600253443446,ETH-USD,crypto,
2025-04-22,2025-04-22 05:30:00,1577.4465595922347,15275062279.387148,1577.4465595922347,1577.4465595922347,1577.4465595922347,ETH-USD,crypto,
2025-04-23,2025-04-23 05:30:00,1759.7064599311093,24271980430.95098,1759.7064599311093,1759.7064599311093,1759.7064599311093,ETH-USD,crypto,
2025-04-24,2025-04-24 05:30:00,1793.969849485534,22099177230.61867,1793.969849485534,1793.969849485534,1793.969849485534,ETH-USD,crypto,
2025-04-25,2025-04-25 05:30:00,1769.3925107354407,12923295609.972548,1769.3925107354407,1769.3925107354407,1769.3925107354407,ETH-USD,crypto,
2025-04-26,2025-04-26 05:30:00,1788.7981804331257,15656748328.784924,1788.7981804331257,1788.7981804331257,1788.7981804331257,ETH-USD,crypto,
2025-04-27,2025-04-27 05:30:00,1821.2695303291391,10293614895.776522,1821.2695303291391,1821.2695303291391,1821.2695303291391,ETH-USD,crypto,
2025-04-28,2025-04-28 05:30:00,1793.6918440730135,9632458065.106846,1793.6918440730135,1793.6918440730135,1793.6918440730135,ETH-USD,crypto,
2025-04-29,2025-04-29 05:30:00,1799.50191449199,16777384305.88931,1799.50191449199,1799.50191449199,1799.50191449199,ETH-USD,crypto,
2025-04-30,2025-04-30 05:30:00,1796.9720456768928,13994558644.11867,1796.9720456768928,1796.9720456768928,1796.9720456768928,ETH-USD,crypto,
2025-05-01,2025-05-01 05:30:00,1794.0495408617828,13644627083.285889,1794.0495408617828,1794.0495408617828,1794.0495408617828,ETH-USD,crypto,
2025-05-02,2025-05-02 05:30:00,1838.8543285925753,14310565589.052694,1838.8543285925753,1838.8543285925753,1838.8543285925753,ETH-USD,crypto,
2025-05-03,2025-05-03 05:30:00,1841.427590836958,11686301446.49476,1841.427590836958,1841.427590836958,1841.427590836958,ETH-USD,crypto,
2025-05-04,2025-05-04 05:30:00,1834.501911876416,6704990478.824657,1834.501911876416,1834.501911876416,1834.501911876416,ETH-USD,crypto,
2025-05-05,2025-05-05 05:30:00,1808.156093844096,7479845748.828526,1808.156093844096,1808.156093844096,1808.156093844096,ETH-USD,crypto,
2025-05-06,2025-05-06 05:30:00,1820.0044598893596,10545233503.347864,1820.0044598893596,1820.0044598893596,1820.0044598893596,ETH-USD,crypto,
2025-05-07,2025-05-07 05:30:00,1816.1686943818438,11950393736.527246,1816.1686943818438,1816.1686943818438,1816.1686943818438,ETH-USD,crypto,
2025-05-08,2025-05-08 05:30:00,1810.3169269284476,47111217119.49919,1810.3169269284476,1810.3169269284476,1810.3169269284476,ETH-USD,crypto,
2025-05-09,2025-05-09 05:30:00,2197.5611893238784,35992825075.05399,2197.5611893238784,2197.5611893238784,2197.5611893238784,ETH-USD,crypto,
2025-05-10,2025-05-10 05:30:00,2341.407963002621,44566779461.54657,2341.407963002621,2341.407963002621,2341.407963002621,ETH-USD,crypto,
2025-05-11,2025-05-11 05:30:00,2583.6829051429513,29947910159.02891,2583.6829051429513,2583.6829051429513,2583.6829051429513,ETH-USD,crypto,
2025-05-12,2025-05-12 05:30:00,2507.4693107597423,26138286410.23315,2507.4693107597423,2507.4693107597423,2507.4693107597423,ETH-USD,crypto,
2025-05-13,2025-05-13 05:30:00,2492.426391077375,31524626114.978752,2492.426391077375,2492.426391077375,2492.426391077375,ETH-USD,crypto,
2025-05-14,2025-05-14 05:30:00,2676.639163127913,32279895881.637806,2676.639163127913,2676.639163127913,2676.639163127913,ETH-USD,crypto,
2025-05-15,2025-05-15 05:30:00,2603.7180887199615,28150234190.931705,2603.7180887199615,2603.7180887199615,2603.7180887199615,ETH-USD,crypto,
2025-05-16,2025-05-16 05:30:00,2542.296692466797,26211434557.7159,2542.296692466797,2542.296692466797,2542.296692466797,ETH-USD,crypto,
2025-05-17,2025-05-17 05:30:00,2544.3870377235667,21130441534.96637,2544.3870377235667,2544.3870377235667,2544.3870377235667,ETH-USD,crypto,
2025-05-18,2025-05-18 05:30:00,2475.0543933696913,17185510890.702347,2475.0543933696913,2475.0543933696913,2475.0543933696913,ETH-USD,crypto,
2025-05-19,2025-05-19 05:30:00,2465.3409856139087,24797434472.364086,2465.3409856139087,2465.3409856139087,2465.3409856139087,ETH-USD,crypto,
2025-05-20,2025-05-20 05:30:00,2526.989643891319,25363871274.82505,2526.989643891319,2526.989643891319,2526.989643891319,ETH-USD,crypto,
2025-05-21,2025-05-21 05:30:00,2524.2743433146065,22871462735.416794,2524.2743433146065,2524.2743433146065,2524.2743433146065,ETH-USD,crypto,
2025-05-22,2025-05-22 05:30:00,2558.9502343769486,32697477527.54695,2558.9502343769486,2558.9502343769486,2558.9502343769486,ETH-USD,crypto,
2025-05-23,2025-05-23 05:30:00,2657.1674447566115,29592612076.505535,2657.1674447566115,2657.1674447566115,2657.1674447566115,ETH-USD,crypto,
2025-05-24,2025-05-24 05:30:00,2519.813809045145,30047329191.503662,2519.813809045145,2519.813809045145,2519.813809045145,ETH-USD,crypto,
2025-05-25,2025-05-25 05:30:00,2529.4429842284353,10744994421.192684,2529.4429842284353,2529.4429842284353,2529.4429842284353,ETH-USD,crypto,
2025-05-26,2025-05-26 05:30:00,2546.6201163370915,13814697849.726278,2546.6201163370915,2546.6201163370915,2546.6201163370915,ETH-USD,crypto,
2025-05-27,2025-05-27 05:30:00,2562.1729286392238,13350148034.293623,2562.1729286392238,2562.1729286392238,2562.1729286392238,ETH-USD,crypto,
2025-05-28,2025-05-28 05:30:00,2662.0940568241435,26434151855.253853,2662.0940568241435,2662.0940568241435,2662.0940568241435,ETH-USD,crypto,
2025-05-29,2025-05-29 05:30:00,2676.2674124507,18008588586.284103,2676.2674124507,2676.2674124507,2676.2674124507,ETH-USD,crypto,
2025-05-30,2025-05-30 05:30:00,2633.1392065286695,27021441335.5195,2633.1392065286695,2633.1392065286695,2633.1392065286695,ETH-USD,crypto,
2025-05-31,2025-05-31 05:30:00,2524.4762348050726,22927149330.30469,2524.4762348050726,2524.4762348050726,2524.4762348050726,ETH-USD,crypto,
2025-06-01,2025-06-01 05:30:00,2532.3627853090866,13006751258.18768,2532.3627853090866,2532.3627853090866,2532.3627853090866,ETH-USD,crypto,
2025-06-02,2025-06-02 05:30:00,2538.3300584367485,11338340571.11249,2538.3300584367485,2538.3300584367485,2538.3300584367485,ETH-USD,crypto,
2025-06-03,2025-06-03 05:30:00,2609.737253959435,15623967732.418657,2609.737253959435,2609.737253959435,2609.737253959435,ETH-USD,crypto,
2025-06-04,2025-06-04 05:30:00,2595.4689570062997,15955008730.338179,2595.4689570062997,2595.4689570062997,2595.4689570062997,ETH-USD,crypto,
2025-06-05,2025-06-05 05:30:00,2610.343189828259,16809606446.176416,2610.343189828259,2610.343189828259,2610.343189828259,ETH-USD,crypto,
2025-06-06,2025-06-06 05:30:00,2421.601103763502,25849573159.64817,2421.601103763502,2421.601103763502,2421.601103763502,ETH-USD,crypto,
2025-06-07,2025-06-07 05:30:00,2481.4039836690267,18395107930.47655,2481.4039836690267,2481.4039836690267,2481.4039836690267,ETH-USD,crypto,
2025-06-08,2025-06-08 05:30:00,2526.291995889778,9535426814.691927,2526.291995889778,2526.291995889778,2526.291995889778,ETH-USD,crypto,
2025-06-09,2025-06-09 05:30:00,2508.784123584585,10206893115.537256,2508.784123584585,2508.784123584585,2508.784123584585,ETH-USD,crypto,
2025-06-10,2025-06-10 05:30:00,2685.0001850413178,19485734665.28548,2685.0001850413178,2685.0001850413178,2685.0001850413178,ETH-USD,crypto,
2025-06-11,2025-06-11 05:30:00,2808.503208314919,38281210143.95115,2808.503208314919,2808.503208314919,2808.503208314919,ETH-USD,crypto,
2025-06-12,2025-06-12 05:30:00,2776.1371915822333,27369030837.548595,2776.1371915822333,2776.1371915822333,2776.1371915822333,ETH-USD,crypto,
2025-06-13,2025-06-13 05:30:00,2653.158968452672,26068993569.969894,2653.158968452672,2653.158968452672,2653.158968452672,ETH-USD,crypto,
2025-06-14,2025-06-14 05:30:00,2577.04861752583,38576471746.00814,2577.04861752583,2577.04861752583,2577.04861752583,ETH-USD,crypto,
2025-06-15,2025-06-15 05:30:00,2534.0702195359518,12077031034.291521,2534.0702195359518,2534.0702195359518,2534.0702195359518,ETH-USD,crypto,
2025-06-16,2025-06-16 05:30:00,2547.8456040920437,11678912429.510712,2547.8456040920437,2547.8456040920437,2547.8456040920437,ETH-USD,crypto,
2025-06-17,2025-06-17 05:30:00,2561.329843569428,24222149649.172424,2561.329843569428,2561.329843569428,2561.329843569428,ETH-USD,crypto,
2025-06-18,2025-06-18 05:30:00,2514.986700576147,25926506708.040215,2514.986700576147,2514.986700576147,2514.986700576147,ETH-USD,crypto,
2025-06-19,2025-06-19 05:30:00,2521.3334233964915,17800721253.243202,2521.3334233964915,2521.3334233964915,2521.3334233964915,ETH-USD,crypto,
2025-06-20,2025-06-20 05:30:00,2522.1791903642184,10392473841.155851,2522.1791903642184,2522.1791903642184,2522.1791903642184,ETH-USD,crypto,
2025-06-21,2025-06-21 05:30:00,2405.695434213183,20482816663.29469,2405.695434213183,2405.695434213183,2405.695434213183,ETH-USD,crypto,
2025-06-22,2025-06-22 05:30:00,2270.581996055585,16155611764.84833,2270.581996055585,2270.581996055585,2270.581996055585,ETH-USD,crypto,
2025-06-23,2025-06-23 05:30:00,2227.4287266371684,28181442532.315876,2227.4287266371684,2227.4287266371684,2227.4287266371684,ETH-USD,crypto,
2025-06-24,2025-06-24 05:30:00,2423.899644268608,25494295400.420887,2423.899644268608,2423.899644268608,2423.899644268608,ETH-USD,crypto,
2025-06-25,2025-06-25 05:30:00,2446.539301545049,19669025068.963604,2446.539301545049,2446.539301545049,2446.539301545049,ETH-USD,crypto,
2025-06-26,2025-06-26 05:30:00,2417.2267855277296,15513055665.262428,2417.2267855277296,2417.2267855277296,2417.2267855277296,ETH-USD,crypto,
2025-06-27,2025-06-27 05:30:00,2415.031864876594,16271811388.723804,2415.031864876594,2415.031864876594,2415.031864876594,ETH-USD,crypto,
2025-06-28,2025-06-28 05:30:00,2423.0302896731746,13100825617.816572,2423.0302896731746,2423.0302896731746,2423.0302896731746,ETH-USD,crypto,
2025-06-29,2025-06-29 05:30:00,2437.133001780241,5787313890.541637,2437.133001780241,2437.133001780241,2437.133001780241,ETH-USD,crypto,
2025-06-30,2025-06-30 05:30:00,2502.6672721177083,10236257918.833096,2502.6672721177083,2502.6672721177083,2502.6672721177083,ETH-USD,crypto,
2025-07-01,2025-07-01 05:30:00,2488.190781689803,16306915984.938057,2488.190781689803,2488.190781689803,2488.190781689803,ETH-USD,crypto,
2025-07-02,2025-07-02 05:30:00,2405.1045592800183,12933967031.524443,2405.1045592800183,2405.1045592800183,2405.1045592800183,ETH-USD,crypto,
2025-07-03,2025-07-03 05:30:00,2574.067718495133,21862573614.17975,2574.067718495133,2574.067718495133,2574.067718495133,ETH-USD,crypto,
2025-07-04,2025-07-04 05:30:00,2590.132231590221,19823369642.62606,2590.132231590221,2590.132231590221,2590.132231590221,ETH-USD,crypto,
2025-07-05,2025-07-05 05:30:00,2509.236345783362,16377116416.187033,2509.236345783362,2509.236345783362,2509.236345783362,ETH-USD,crypto,
2025-07-06,2025-07-06 05:30:00,2517.37917835065,6801276942.284494,2517.37917835065,2517.37917835065,2517.37917835065,ETH-USD,crypto,
2025-07-07,2025-07-07 05:30:00,2571.358192115984,9051659015.949968,2571.358192115984,2571.358192115984,2571.358192115984,ETH-USD,crypto,
2025-07-08,2025-07-08 05:30:00,2543.6317028067488,15947822897.049152,2543.6317028067488,2543.6317028067488,2543.6317028067488,ETH-USD,crypto,
2025-07-09,2025-07-09 05:30:00,2615.7759888945047,14750377128.581295,2615.7759888945047,2615.7759888945047,2615.7759888945047,ETH-USD,crypto,
2025-07-10,2025-07-10 05:30:00,2772.5795626609174,26626246774.244656,2772.5795626609174,2772.5795626609174,2772.5795626609174,ETH-USD,crypto,
2025-07-11,2025-07-11 05:30:00,2948.4462027029053,39308824585.23128,2948.4462027029053,2948.4462027029053,2948.4462027029053,ETH-USD,crypto,
2025-07-12,2025-07-12 05:30:00,2958.8514450990992,42455550664.554665,2958.8514450990992,2958.8514450990992,2958.8514450990992,ETH-USD,crypto,
2025-07-13,2025-07-13 05:30:00,2942.9616055388096,17472135946.60354,2942.9616055388096,2942.9616055388096,2942.9616055388096,ETH-USD,crypto,
2025-07-14,2025-07-14 05:30:00,2974.2654952333387,18605172049.087772,2974.2654952333387,2974.2654952333387,2974.2654952333387,ETH-USD,crypto,
2025-07-15,2025-07-15 01:23:37,2996.393000638362,41237511172.73305,2996.393000638362,2996.393000638362,2996.393000638362,ETH-USD,crypto,
2025-04-16,2025-04-16 05:30:00,2.087166740701441,2529137788.826132,2.087166740701441,2.087166740701441,2.087166740701441,XRP-USD,crypto,
2025-04-17,2025-04-17 05:30:00,2.0835198434155506,2975625490.375688,2.0835198434155506,2.0835198434155506,2.0835198434155506,XRP-USD,crypto,
2025-04-18,2025-04-18 05:30:00,2.0677436115822867,2069087395.311297,2.0677436115822867,2.0677436115822867,2.0677436115822867,XRP-USD,crypto,
2025-04-19,2025-04-19 05:30:00,2.062691684044618,1528702114.8309712,2.062691684044618,2.062691684044618,2.062691684044618,XRP-USD,crypto,
2025-04-20,2025-04-20 05:30:00,2.0855273823856817,1198082570.278999,2.0855273823856817,2.0855273823856817,2.0855273823856817,XRP-USD,crypto,
2025-04-21,2025-04-21 05:30:00,2.0747196454629124,1454273605.4356875,2.0747196454629124,2.0747196454629124,2.0747196454629124,XRP-USD,crypto,
2025-04-22,2025-04-22 05:30:00,2.0806696781556395,2357222891.83461,2.0806696781556395,2.0806696781556395,2.0806696781556395,XRP-USD,crypto,
2025-04-23,2025-04-23 05:30:00,2.221159426695198,4117163104.17999,2.221159426695198,2.221159426695198,2.221159426695198,XRP-USD,crypto,
2025-04-24,2025-04-24 05:30:00,2.217823599038466,4996062046.359891,2.217823599038466,2.217823599038466,2.217823599038466,XRP-USD,crypto,
2025-04-25,2025-04-25 05:30:00,2.206600349886956,4208930304.223753,2.206600349886956,2.206600349886956,2.206600349886956,XRP-USD,crypto,
2025-04-26,2025-04-26 05:30:00,2.1852873809524738,3234722208.502314,2.1852873809524738,2.1852873809524738,2.1852873809524738,XRP-USD,crypto,
2025-04-27,2025-04-27 05:30:00,2.1932493737799863,2459783783.285445,2.1932493737799863,2.1932493737799863,2.1932493737799863,XRP-USD,crypto,
2025-04-28,2025-04-28 05:30:00,2.2566771719971905,3751692488.2109566,2.2566771719971905,2.2566771719971905,2.2566771719971905,XRP-USD,crypto,
2025-04-29,2025-04-29 05:30:00,2.2959679622378415,4072974943.4389,2.2959679622378415,2.2959679622378415,2.2959679622378415,XRP-USD,crypto,
2025-04-30,2025-04-30 05:30:00,2.2399407863578777,2489793878.0180745,2.2399407863578777,2.2399407863578777,2.2399407863578777,XRP-USD,crypto,
2025-05-01,2025-05-01 05:30:00,2.1934727928877984,3252726421.623423,2.1934727928877984,2.1934727928877984,2.1934727928877984,XRP-USD,crypto,
2025-05-02,2025-05-02 05:30:00,2.2143085222346612,2155611895.0543213,2.2143085222346612,2.2143085222346612,2.2143085222346612,XRP-USD,crypto,
2025-05-03,2025-05-03 05:30:00,2.2089170454344824,1739910937.9821632,2.2089170454344824,2.2089170454344824,2.2089170454344824,XRP-USD,crypto,
2025-05-04,2025-05-04 05:30:00,2.188707355411367,1214767487.7877498,2.188707355411367,2.188707355411367,2.188707355411367,XRP-USD,crypto,
2025-05-05,2025-05-05 05:30:00,2.1580623583353407,1372805879.5778592,2.1580623583353407,2.1580623583353407,2.1580623583353407,XRP-USD,crypto,
2025-05-06,2025-05-06 05:30:00,2.1371617409153263,2194829695.4970164,2.1371617409153263,2.1371617409153263,2.1371617409153263,XRP-USD,crypto,
2025-05-07,2025-05-07 05:30:00,2.1553467775958843,2048616981.3491316,2.1553467775958843,2.1553467775958843,2.1553467775958843,XRP-USD,crypto,
2025-05-08,2025-05-08 05:30:00,2.1289110212370352,3559099566.438218,2.1289110212370352,2.1289110212370352,2.1289110212370352,XRP-USD,crypto,
2025-05-09,2025-05-09 05:30:00,2.318857034757937,4731256282.308641,2.318857034757937,2.318857034757937,2.318857034757937,XRP-USD,crypto,
2025-05-10,2025-05-10 05:30:00,2.34260418658349,6008731144.741504,2.34260418658349,2.34260418658349,2.34260418658349,XRP-USD,crypto,
2025-05-11,2025-05-11 05:30:00,2.465515991652043,4343182682.254746,2.465515991652043,2.465515991652043,2.465515991652043,XRP-USD,crypto,
2025-05-12,2025-05-12 05:30:00,2.3665185406774456,3957902320.317386,2.3665185406774456,2.3665185406774456,2.3665185406774456,XRP-USD,crypto,
2025-05-13,2025-05-13 05:30:00,2.5407166812994824,10787624520.70423,2.5407166812994824,2.5407166812994824,2.5407166812994824,XRP-USD,crypto,
2025-05-14,2025-05-14 05:30:00,2.5882656119238727,6137110174.707251,2.5882656119238727,2.5882656119238727,2.5882656119238727,XRP-USD,crypto,
2025-05-15,2025-05-15 05:30:00,2.552660064054796,4956660171.954109,2.552660064054796,2.552660064054796,2.552660064054796,XRP-USD,crypto,
2025-05-16,2025-05-16 05:30:00,2.3780203600308965,5285627666.563696,2.3780203600308965,2.3780203600308965,2.3780203600308965,XRP-USD,crypto,
2025-05-17,2025-05-17 05:30:00,2.387491166631724,3668091279.885704,2.387491166631724,2.387491166631724,2.387491166631724,XRP-USD,crypto,
2025-05-18,2025-05-18 05:30:00,2.352615765613394,2378581122.524433,2.352615765613394,2.352615765613394,2.352615765613394,XRP-USD,crypto,
2025-05-19,2025-05-19 05:30:00,2.4178990437197814,2871045382.6763167,2.4178990437197814,2.4178990437197814,2.4178990437197814,XRP-USD,crypto,
2025-05-20,2025-05-20 05:30:00,2.3808727609208282,3326769717.093891,2.3808727609208282,2.3808727609208282,2.3808727609208282,XRP-USD,crypto,
2025-05-21,2025-05-21 05:30:00,2.356578233921423,2736702822.998838,2.356578233921423,2.356578233921423,2.356578233921423,XRP-USD,crypto,
2025-05-22,2025-05-22 05:30:00,2.4028996266349396,3857208347.067667,2.4028996266349396,2.4028996266349396,2.4028996266349396,XRP-USD,crypto,
2025-05-23,2025-05-23 05:30:00,2.4284164339274192,3423292472.9337497,2.4284164339274192,2.4284164339274192,2.4284164339274192,XRP-USD,crypto,
2025-05-24,2025-05-24 05:30:00,2.2991928362328755,3803614983.5157166,2.2991928362328755,2.2991928362328755,2.2991928362328755,XRP-USD,crypto,
2025-05-25,2025-05-25 05:30:00,2.3319094660057416,1372961335.2188973,2.3319094660057416,2.3319094660057416,2.3319094660057416,XRP-USD,crypto,
2025-05-26,2025-05-26 05:30:00,2.3405861862412927,1905275005.1451297,2.3405861862412927,2.3405861862412927,2.3405861862412927,XRP-USD,crypto,
2025-05-27,2025-05-27 05:30:00,2.3082922649115565,1661784737.5361876,2.3082922649115565,2.3082922649115565,2.3082922649115565,XRP-USD,crypto,
2025-05-28,2025-05-28 05:30:00,2.3186677687774426,2048276738.5749948,2.3186677687774426,2.3186677687774426,2.3186677687774426,XRP-USD,crypto,
2025-05-29,2025-05-29 05:30:00,2.2746048552552507,2074053702.379202,2.2746048552552507,2.2746048552552507,2.2746048552552507,XRP-USD,crypto,
2025-05-30,2025-05-30 05:30:00,2.2505538163676135,2179459280.652964,2.2505538163676135,2.2505538163676135,2.2505538163676135,XRP-USD,crypto,
2025-05-31,2025-05-31 05:30:00,2.1423194738068942,3372833929.9944954,2.1423194738068942,2.1423194738068942,2.1423194738068942,XRP-USD,crypto,
2025-06-01,2025-06-01 05:30:00,2.177000081626197,2268132685.3159456,2.177000081626197,2.177000081626197,2.177000081626197,XRP-USD,crypto,
2025-06-02,2025-06-02 05:30:00,2.1802830722675224,1521954083.381058,2.1802830722675224,2.1802830722675224,2.1802830722675224,XRP-USD,crypto,
2025-06-03,2025-06-03 05:30:00,2.2004265864927537,1856646284.2520795,2.2004265864927537,2.2004265864927537,2.2004265864927537,XRP-USD,crypto,
2025-06-04,2025-06-04 05:30:00,2.2486280245071963,2193921747.996483,2.2486280245071963,2.2486280245071963,2.2486280245071963,XRP-USD,crypto,
2025-06-05,2025-06-05 05:30:00,2.202322198067478,1714810311.215842,2.202322198067478,2.202322198067478,2.202322198067478,XRP-USD,crypto,
2025-06-06,2025-06-06 05:30:00,2.0970164299223453,2893388349.562232,2.0970164299223453,2.0970164299223453,2.0970164299223453,XRP-USD,crypto,
2025-06-07,2025-06-07 05:30:00,2.163852346114403,1854390911.9791367,2.163852346114403,2.163852346114403,2.163852346114403,XRP-USD,crypto,
2025-06-08,2025-06-08 05:30:00,2.1779065492597427,953843043.4304752,2.1779065492597427,2.1779065492597427,2.1779065492597427,XRP-USD,crypto,
2025-06-09,2025-06-09 05:30:00,2.2629632981656744,2297445951.3852534,2.2629632981656744,2.2629632981656744,2.2629632981656744,XRP-USD,crypto,
2025-06-10,2025-06-10 05:30:00,2.321075765224377,2774696976.06667,2.321075765224377,2.321075765224377,2.321075765224377,XRP-USD,crypto,
2025-06-11,2025-06-11 05:30:00,2.305016386019404,2612062557.9833493,2.305016386019404,2.305016386019404,2.305016386019404,XRP-USD,crypto,
2025-06-12,2025-06-12 05:30:00,2.2701428874939213,2624047756.9494534,2.2701428874939213,2.2701428874939213,2.2701428874939213,XRP-USD,crypto,
2025-06-13,2025-06-13 05:30:00,2.1954298391805,2202653947.4050665,2.1954298391805,2.1954298391805,2.1954298391805,XRP-USD,crypto,
2025-06-14,2025-06-14 05:30:00,2.148866270593598,3949716840.388356,2.148866270593598,2.148866270593598,2.148866270593598,XRP-USD,crypto,
2025-06-15,2025-06-15 05:30:00,2.141891800480294,1687489656.576244,2.141891800480294,2.141891800480294,2.141891800480294,XRP-USD,crypto,
2025-06-16,2025-06-16 05:30:00,2.166318490313782,1231293467.1767986,2.166318490313782,2.166318490313782,2.166318490313782,XRP-USD,crypto,
2025-06-17,2025-06-17 05:30:00,2.255537416572947,4466552529.620607,2.255537416572947,2.255537416572947,2.255537416572947,XRP-USD,crypto,
2025-06-18,2025-06-18 05:30:00,2.1632317759396993,3466660612.110638,2.1632317759396993,2.1632317759396993,2.1632317759396993,XRP-USD,crypto,
2025-06-19,2025-06-19 05:30:00,2.1686830671349613,2350823381.424604,2.1686830671349613,2.1686830671349613,2.1686830671349613,XRP-USD,crypto,
2025-06-20,2025-06-20 05:30:00,2.166239439916603,1450568729.9521883,2.166239439916603,2.166239439916603,2.166239439916603,XRP-USD,crypto,
2025-06-21,2025-06-21 05:30:00,2.1201128146436803,2098115334.487172,2.1201128146436803,2.1201128146436803,2.1201128146436803,XRP-USD,crypto,
2025-06-22,2025-06-22 05:30:00,2.044379922195215,2305504805.382443,2.044379922195215,2.044379922195215,2.044379922195215,XRP-USD,crypto,
2025-06-23,2025-06-23 05:30:00,2.013512764553698,4449887424.63551,2.013512764553698,2.013512764553698,2.013512764553698,XRP-USD,crypto,
2025-06-24,2025-06-24 05:30:00,2.1640075102022664,4004307867.6364536,2.1640075102022664,2.1640075102022664,2.1640075102022664,XRP-USD,crypto,
2025-06-25,2025-06-25 05:30:00,2.1890368617248566,3119419439.9970093,2.1890368617248566,2.1890368617248566,2.1890368617248566,XRP-USD,crypto,
2025-06-26,2025-06-26 05:30:00,2.1839169388853152,2234760744.378113,2.1839169388853152,2.1839169388853152,2.1839169388853152,XRP-USD,crypto,
2025-06-27,2025-06-27 05:30:00,2.105597069865388,2569634191.4677787,2.105597069865388,2.105597069865388,2.105597069865388,XRP-USD,crypto,
2025-06-28,2025-06-28 05:30:00,2.140945561649059,2600100605.537264,2.140945561649059,2.140945561649059,2.140945561649059,XRP-USD,crypto,
2025-06-29,2025-06-29 05:30:00,2.185743305637095,1909072124.1732078,2.185743305637095,2.185743305637095,2.185743305637095,XRP-USD,crypto,
2025-06-30,2025-06-30 05:30:00,2.2080779439640237,1320178860.3618104,2.2080779439640237,2.2080779439640237,2.2080779439640237,XRP-USD,crypto,
2025-07-01,2025-07-01 05:30:00,2.2397868943055363,3688723731.503887,2.2397868943055363,2.2397868943055363,2.2397868943055363,XRP-USD,crypto,
2025-07-02,2025-07-02 05:30:00,2.171453605552325,2782662990.9534025,2.171453605552325,2.171453605552325,2.171453605552325,XRP-USD,crypto,
2025-07-03,2025-07-03 05:30:00,2.234339504341481,3660413082.1301646,2.234339504341481,2.234339504341481,2.234339504341481,XRP-USD,crypto,
2025-07-04,2025-07-04 05:30:00,2.2565985381225446,3456952710.4009995,2.2565985381225446,2.2565985381225446,2.2565985381225446,XRP-USD,crypto,
2025-07-05,2025-07-05 05:30:00,2.220660517934634,1759263909.260319,2.220660517934634,2.220660517934634,2.220660517934634,XRP-USD,crypto,
2025-07-06,2025-07-06 05:30:00,2.2177115630108464,898181111.5827129,2.2177115630108464,2.2177115630108464,2.2177115630108464,XRP-USD,crypto,
2025-07-07,2025-07-07 05:30:00,2.2711234551626793,2334073292.9256063,2.2711234551626793,2.2711234551626793,2.2711234551626793,XRP-USD,crypto,
2025-07-08,2025-07-08 05:30:00,2.275084085302051,3876739211.500435,2.275084085302051,2.275084085302051,2.275084085302051,XRP-USD,crypto,
2025-07-09,2025-07-09 05:30:00,2.3106154308712163,2680689161.887867,2.3106154308712163,2.3106154308712163,2.3106154308712163,XRP-USD,crypto,
2025-07-10,2025-07-10 05:30:00,2.405267395272407,4432186610.184976,2.405267395272407,2.405267395272407,2.405267395272407,XRP-USD,crypto,
2025-07-11,2025-07-11 05:30:00,2.5456780481070833,5263609598.373313,2.5456780481070833,2.5456780481070833,2.5456780481070833,XRP-USD,crypto,
2025-07-12,2025-07-12 05:30:00,2.735777793849028,14004307576.909258,2.735777793849028,2.735777793849028,2.735777793849028,XRP-USD,crypto,
2025-07-13,2025-07-13 05:30:00,2.7403085663356155,7635333692.640345,2.7403085663356155,2.7403085663356155,2.7403085663356155,XRP-USD,crypto,
2025-07-14,2025-07-14 05:30:00,2.836943449825265,6320439963.46504,2.836943449825265,2.836943449825265,2.836943449825265,XRP-USD,crypto,
2025-07-15,2025-07-15 01:23:18,2.9192319170129823,10805342069.352182,2.9192319170129823,2.9192319170129823,2.9192319170129823,XRP-USD,crypto,
2025-04-16,2025-04-16 05:30:00,0.6080639244271904,709020814.1750429,0.6080639244271904,0.6080639244271904,0.6080639244271904,ADA-USD,crypto,
2025-04-17,2025-04-17 05:30:00,0.6106653469788688,591359664.0730368,0.6106653469788688,0.6106653469788688,0.6106653469788688,ADA-USD,crypto,
2025-04-18,2025-04-18 05:30:00,0.6168950161106203,448807472.6198462,0.6168950161106203,0.6168950161106203,0.6168950161106203,ADA-USD,crypto,
2025-04-19,2025-04-19 05:30:00,0.6273043794612541,374649872.12397456,0.6273043794612541,0.6273043794612541,0.6273043794612541,ADA-USD,crypto,
2025-04-20,2025-04-20 05:30:00,0.6280852975713835,331430508.4467672,0.6280852975713835,0.6280852975713835,0.6280852975713835,ADA-USD,crypto,
2025-04-21,2025-04-21 05:30:00,0.6202087731824584,354987761.1249453,0.6202087731824584,0.6202087731824584,0.6202087731824584,ADA-USD,crypto,
2025-04-22,2025-04-22 05:30:00,0.6226371412727918,632027422.0139718,0.6226371412727918,0.6226371412727918,0.6226371412727918,ADA-USD,crypto,
2025-04-23,2025-04-23 05:30:00,0.6821362911471233,834269402.8814627,0.6821362911471233,0.6821362911471233,0.6821362911471233,ADA-USD,crypto,
2025-04-24,2025-04-24 05:30:00,0.6972646472481486,967029539.1144488,0.6972646472481486,0.6972646472481486,0.6972646472481486,ADA-USD,crypto,
2025-04-25,2025-04-25 05:30:00,0.7220676397924738,1035019627.1012883,0.7220676397924738,0.7220676397924738,0.7220676397924738,ADA-USD,crypto,
2025-04-26,2025-04-26 05:30:00,0.7138859038055668,949069153.9271946,0.7138859038055668,0.7138859038055668,0.7138859038055668,ADA-USD,crypto,
2025-04-27,2025-04-27 05:30:00,0.7075935331519487,659341778.5746859,0.7075935331519487,0.7075935331519487,0.7075935331519487,ADA-USD,crypto,
2025-04-28,2025-04-28 05:30:00,0.704070171794187,567359217.6728809,0.704070171794187,0.704070171794187,0.704070171794187,ADA-USD,crypto,
2025-04-29,2025-04-29 05:30:00,0.7052906740354157,889987578.2822492,0.7052906740354157,0.7052906740354157,0.7052906740354157,ADA-USD,crypto,
2025-04-30,2025-04-30 05:30:00,0.6957354792970168,817939169.992459,0.6957354792970168,0.6957354792970168,0.6957354792970168,ADA-USD,crypto,
2025-05-01,2025-05-01 05:30:00,0.6820275063998128,592053391.6761067,0.6820275063998128,0.6820275063998128,0.6820275063998128,ADA-USD,crypto,
2025-05-02,2025-05-02 05:30:00,0.7048540559063339,586072580.7401356,0.7048540559063339,0.7048540559063339,0.7048540559063339,ADA-USD,crypto,
2025-05-03,2025-05-03 05:30:00,0.6974986414291682,606872856.4955413,0.6974986414291682,0.6974986414291682,0.6974986414291682,ADA-USD,crypto,
2025-05-04,2025-05-04 05:30:00,0.7013467253059199,752443709.4776694,0.7013467253059199,0.7013467253059199,0.7013467253059199,ADA-USD,crypto,
2025-05-05,2025-05-05 05:30:00,0.6763756494805502,661246645.056914,0.6763756494805502,0.6763756494805502,0.6763756494805502,ADA-USD,crypto,
2025-05-06,2025-05-06 05:30:00,0.6631639151504879,664925434.1708654,0.6631639151504879,0.6631639151504879,0.6631639151504879,ADA-USD,crypto,
2025-05-07,2025-05-07 05:30:00,0.6787761903074216,552471849.9156157,0.6787761903074216,0.6787761903074216,0.6787761903074216,ADA-USD,crypto,
2025-05-08,2025-05-08 05:30:00,0.671376495581957,582536184.2563542,0.671376495581957,0.671376495581957,0.671376495581957,ADA-USD,crypto,
2025-05-09,2025-05-09 05:30:00,0.7651537464755499,1355272025.0992892,0.7651537464755499,0.7651537464755499,0.7651537464755499,ADA-USD,crypto,
2025-05-10,2025-05-10 05:30:00,0.7773024778174161,1491055749.585572,0.7773024778174161,0.7773024778174161,0.7773024778174161,ADA-USD,crypto,
2025-05-11,2025-05-11 05:30:00,0.8400596557571808,1390682398.3795056,0.8400596557571808,0.8400596557571808,0.8400596557571808,ADA-USD,crypto,
2025-05-12,2025-05-12 05:30:00,0.8048629924679394,1096359924.9786,0.8048629924679394,0.8048629924679394,0.8048629924679394,ADA-USD,crypto,
2025-05-13,2025-05-13 05:30:00,0.8191103769126542,1891364013.690922,0.8191103769126542,0.8191103769126542,0.8191103769126542,ADA-USD,crypto,
2025-05-14,2025-05-14 05:30:00,0.8312541090164433,1249623977.9694462,0.8312541090164433,0.8312541090164433,0.8312541090164433,ADA-USD,crypto,
2025-05-15,2025-05-15 05:30:00,0.7985815955519888,1166899569.1134908,0.7985815955519888,0.7985815955519888,0.7985815955519888,ADA-USD,crypto,
2025-05-16,2025-05-16 05:30:00,0.760909266948887,1032947704.5832616,0.760909266948887,0.760909266948887,0.760909266948887,ADA-USD,crypto,
2025-05-17,2025-05-17 05:30:00,0.7605802350885046,777814627.6177915,0.7605802350885046,0.7605802350885046,0.7605802350885046,ADA-USD,crypto,
2025-05-18,2025-05-18 05:30:00,0.7424784161936966,906498912.2572886,0.7424784161936966,0.7424784161936966,0.7424784161936966,ADA-USD,crypto,
2025-05-19,2025-05-19 05:30:00,0.7518394820880364,949005467.3644464,0.7518394820880364,0.7518394820880364,0.7518394820880364,ADA-USD,crypto,
2025-05-20,2025-05-20 05:30:00,0.7426046048097757,855716668.7541951,0.7426046048097757,0.7426046048097757,0.7426046048097757,ADA-USD,crypto,
2025-05-21,2025-05-21 05:30:00,0.7456441858290309,690998975.7792397,0.7456441858290309,0.7456441858290309,0.7456441858290309,ADA-USD,crypto,
2025-05-22,2025-05-22 05:30:00,0.772065003489696,1077168981.202006,0.772065003489696,0.772065003489696,0.772065003489696,ADA-USD,crypto,
2025-05-23,2025-05-23 05:30:00,0.8077548195843751,1069425848.6042526,0.8077548195843751,0.8077548195843751,0.8077548195843751,ADA-USD,crypto,
2025-05-24,2025-05-24 05:30:00,0.748254247966839,1417851508.940276,0.748254247966839,0.748254247966839,0.748254247966839,ADA-USD,crypto,
2025-05-25,2025-05-25 05:30:00,0.7460261925160765,630031485.6921482,0.7460261925160765,0.7460261925160765,0.7460261925160765,ADA-USD,crypto,
2025-05-26,2025-05-26 05:30:00,0.7589761692612583,673782320.823423,0.7589761692612583,0.7589761692612583,0.7589761692612583,ADA-USD,crypto,
2025-05-27,2025-05-27 05:30:00,0.7582470752465925,588809796.8894885,0.7582470752465925,0.7582470752465925,0.7582470752465925,ADA-USD,crypto,
2025-05-28,2025-05-28 05:30:00,0.7578018172885506,652902725.7086877,0.7578018172885506,0.7578018172885506,0.7578018172885506,ADA-USD,crypto,
2025-05-29,2025-05-29 05:30:00,0.7465205662397495,546997351.279757,0.7465205662397495,0.7465205662397495,0.7465205662397495,ADA-USD,crypto,
2025-05-30,2025-05-30 05:30:00,0.724272085506191,649806532.9053063,0.724272085506191,0.724272085506191,0.724272085506191,ADA-USD,crypto,
2025-05-31,2025-05-31 05:30:00,0.6912614352706643,935627012.618067,0.6912614352706643,0.6912614352706643,0.6912614352706643,ADA-USD,crypto,
2025-06-01,2025-06-01 05:30:00,0.6863035406713839,721005660.5061203,0.6863035406713839,0.6863035406713839,0.6863035406713839,ADA-USD,crypto,
2025-06-02,2025-06-02 05:30:00,0.6853559510305921,524853161.2361533,0.6853559510305921,0.6853559510305921,0.6853559510305921,ADA-USD,crypto,
2025-06-03,2025-06-03 05:30:00,0.6900620402912112,570636794.5706515,0.6900620402912112,0.6900620402912112,0.6900620402912112,ADA-USD,crypto,
2025-06-04,2025-06-04 05:30:00,0.684833771475063,494639383.16412145,0.684833771475063,0.684833771475063,0.684833771475063,ADA-USD,crypto,
2025-06-05,2025-06-05 05:30:00,0.6662352525151268,400096118.0279466,0.6662352525151268,0.6662352525151268,0.6662352525151268,ADA-USD,crypto,
2025-06-06,2025-06-06 05:30:00,0.6279989717216173,759754191.8443644,0.6279989717216173,0.6279989717216173,0.6279989717216173,ADA-USD,crypto,
2025-06-07,2025-06-07 05:30:00,0.6564156318236438,579132039.6493936,0.6564156318236438,0.6564156318236438,0.6564156318236438,ADA-USD,crypto,
2025-06-08,2025-06-08 05:30:00,0.665097118031322,345182718.07783103,0.665097118031322,0.665097118031322,0.665097118031322,ADA-USD,crypto,
2025-06-09,2025-06-09 05:30:00,0.6696475032429187,445907844.38359064,0.6696475032429187,0.6696475032429187,0.6696475032429187,ADA-USD,crypto,
2025-06-10,2025-06-10 05:30:00,0.7051927875959849,556699781.999879,0.7051927875959849,0.7051927875959849,0.7051927875959849,ADA-USD,crypto,
2025-06-11,2025-06-11 05:30:00,0.7161084051691045,816441834.7804779,0.7161084051691045,0.7161084051691045,0.7161084051691045,ADA-USD,crypto,
2025-06-12,2025-06-12 05:30:00,0.6978609557770317,650490779.2528718,0.6978609557770317,0.6978609557770317,0.6978609557770317,ADA-USD,crypto,
2025-06-13,2025-06-13 05:30:00,0.6645616396607636,644736788.8081536,0.6645616396607636,0.6645616396607636,0.6645616396607636,ADA-USD,crypto,
2025-06-14,2025-06-14 05:30:00,0.6415287116259395,967144196.2984973,0.6415287116259395,0.6415287116259395,0.6415287116259395,ADA-USD,crypto,
2025-06-15,2025-06-15 05:30:00,0.6249531411165467,377703624.01002413,0.6249531411165467,0.6249531411165467,0.6249531411165467,ADA-USD,crypto,
2025-06-16,2025-06-16 05:30:00,0.6338091675682362,306474152.5964094,0.6338091675682362,0.6338091675682362,0.6338091675682362,ADA-USD,crypto,
2025-06-17,2025-06-17 05:30:00,0.6348092267777333,634345979.704381,0.6348092267777333,0.6348092267777333,0.6348092267777333,ADA-USD,crypto,
2025-06-18,2025-06-18 05:30:00,0.6114224843190872,668780456.8391515,0.6114224843190872,0.6114224843190872,0.6114224843190872,ADA-USD,crypto,
2025-06-19,2025-06-19 05:30:00,0.6031520541269734,649432905.7020996,0.6031520541269734,0.6031520541269734,0.6031520541269734,ADA-USD,crypto,
2025-06-20,2025-06-20 05:30:00,0.6022517506298001,411526119.6336923,0.6022517506298001,0.6022517506298001,0.6022517506298001,ADA-USD,crypto,
2025-06-21,2025-06-21 05:30:00,0.5768480561772417,655089381.7343858,0.5768480561772417,0.5768480561772417,0.5768480561772417,ADA-USD,crypto,
2025-06-22,2025-06-22 05:30:00,0.5507083653541873,616320411.8508501,0.5507083653541873,0.5507083653541873,0.5507083653541873,ADA-USD,crypto,
2025-06-23,2025-06-23 05:30:00,0.5411301510006504,1046673222.5903796,0.5411301510006504,0.5411301510006504,0.5411301510006504,ADA-USD,crypto,
2025-06-24,2025-06-24 05:30:00,0.5832401178415064,923344856.19398,0.5832401178415064,0.5832401178415064,0.5832401178415064,ADA-USD,crypto,
2025-06-25,2025-06-25 05:30:00,0.5872194649270592,716773448.9598132,0.5872194649270592,0.5872194649270592,0.5872194649270592,ADA-USD,crypto,
2025-06-26,2025-06-26 05:30:00,0.5667721482568538,549499472.3311824,0.5667721482568538,0.5667721482568538,0.5667721482568538,ADA-USD,crypto,
2025-06-27,2025-06-27 05:30:00,0.5541621947716998,546164591.2662042,0.5541621947716998,0.5541621947716998,0.5541621947716998,ADA-USD,crypto,
2025-06-28,2025-06-28 05:30:00,0.5586998411211989,461343367.5389696,0.5586998411211989,0.5586998411211989,0.5586998411211989,ADA-USD,crypto,
2025-06-29,2025-06-29 05:30:00,0.5655976009022613,328696976.3556034,0.5655976009022613,0.5655976009022613,0.5655976009022613,ADA-USD,crypto,
2025-06-30,2025-06-30 05:30:00,0.5775074724180472,546299719.7888314,0.5775074724180472,0.5775074724180472,0.5775074724180472,ADA-USD,crypto,
2025-07-01,2025-07-01 05:30:00,0.5720180140652412,685730060.096957,0.5720180140652412,0.5720180140652412,0.5720180140652412,ADA-USD,crypto,
2025-07-02,2025-07-02 05:30:00,0.5421512626893101,631715565.0969181,0.5421512626893101,0.5421512626893101,0.5421512626893101,ADA-USD,crypto,
2025-07-03,2025-07-03 05:30:00,0.5846952591552708,934344132.0381689,0.5846952591552708,0.5846952591552708,0.5846952591552708,ADA-USD,crypto,
2025-07-04,2025-07-04 05:30:00,0.5987839336899987,723259758.2613916,0.5987839336899987,0.5987839336899987,0.5987839336899987,ADA-USD,crypto,
2025-07-05,2025-07-05 05:30:00,0.5728146380802783,539620249.5139698,0.5728146380802783,0.5728146380802783,0.5728146380802783,ADA-USD,crypto,
2025-07-06,2025-07-06 05:30:00,0.5760131698614164,287359327.05554503,0.5760131698614164,0.5760131698614164,0.5760131698614164,ADA-USD,crypto,
2025-07-07,2025-07-07 05:30:00,0.5857056935866781,379742988.53059584,0.5857056935866781,0.5857056935866781,0.5857056935866781,ADA-USD,crypto,
2025-07-08,2025-07-08 05:30:00,0.5798100944867142,559194866.5817564,0.5798100944867142,0.5798100944867142,0.5798100944867142,ADA-USD,crypto,
2025-07-09,2025-07-09 05:30:00,0.5882961516358525,487674618.9568239,0.5882961516358525,0.5882961516358525,0.5882961516358525,ADA-USD,crypto,
2025-07-10,2025-07-10 05:30:00,0.6236218758822067,921412284.2952383,0.6236218758822067,0.6236218758822067,0.6236218758822067,ADA-USD,crypto,
2025-07-11,2025-07-11 05:30:00,0.6771328310749256,1062017291.4508075,0.6771328310749256,0.6771328310749256,0.6771328310749256,ADA-USD,crypto,
2025-07-12,2025-07-12 05:30:00,0.7108207334882014,2545650162.8728247,0.7108207334882014,0.7108207334882014,0.7108207334882014,ADA-USD,crypto,
2025-07-13,2025-07-13 05:30:00,0.7087303921384289,1194202622.657187,0.7087303921384289,0.7087303921384289,0.7087303921384289,ADA-USD,crypto,
2025-07-14,2025-07-14 05:30:00,0.7378983923650405,1350750371.5082395,0.7378983923650405,0.7378983923650405,0.7378983923650405,ADA-USD,crypto,
2025-07-15,2025-07-15 01:23:53,0.7296294360658167,1610724865.8600492,0.7296294360658167,0.7296294360658167,0.7296294360658167,ADA-USD,crypto,
2024-11-06,2024-11-06 00:00:00,357.1977567764375,3540777.0,362.46260414458646,362.4701395705316,354.38446706094896,AAPL,stock,True
2024-11-07,2024-11-07 00:00:00,362.28619347853623,3816912.0,367.10976649751166,370.03688033288466,360.9099041910282,AAPL,stock,True
2024-11-08,2024-11-08 00:00:00,367.08926586155206,4570144.0,369.24430054842134,370.3965038140376,365.9813847289885,AAPL,stock,True
2024-11-11,2024-11-11 00:00:00,369.25001718085565,1796378.0,366.0387457683172,371.91934157842473,363.28575899405797,AAPL,stock,True
2024-11-12,2024-11-12 00:00:00,365.9621954497329,4337917.0,362.89734627760834,368.9294152905251,359.7270921249838,AAPL,stock,True
2024-11-13,2024-11-13 00:00:00,362.7914124475641,4255421.0,367.51245855673636,370.84075135684753,362.46372019562966,AAPL,stock,True
2024-11-14,2024-11-14 00:00:00,367.51804938273716,2287150.0,366.8683176324786,367.8158310867919,366.7824526291954,AAPL,stock,True
2024-11-15,2024-11-15 00:00:00,366.89531810875246,3176077.0,370.8301609937151,372.3376042225868,364.41739442181074,AAPL,stock,True
2024-11-18,2024-11-18 00:00:00,370.7928982624783,1183130.0,375.7923571524152,377.6990442404019,370.30984655601225,AAPL,stock,True
2024-11-19,2024-11-19 00:00:00,375.8312744215937,2881633.0,380.76533593619996,383.0598642416915,374.6777271464878,AAPL,stock,True
2024-11-20,2024-11-20 00:00:00,380.5631579475478,1707002.0,383.65825055872943,383.6742599162246,377.77230872414304,AAPL,stock,True
2024-11-21,2024-11-21 00:00:00,383.644931913558,4753345.0,380.9678098809467,384.9846324962754,379.88732240051024,AAPL,stock,True
2024-11-22,2024-11-22 00:00:00,380.77343774599456,4582640.0,375.3364764520919,381.07807395978875,373.71673168265414,AAPL,stock,True
2024-11-25,2024-11-25 00:00:00,375.25802656898975,4893681.0,373.53034117850063,378.6199610205482,370.7783003402086,AAPL,stock,True
2024-11-26,2024-11-26 00:00:00,373.39254106833556,1314017.0,378.6223505038028,380.45308073694787,370.7493537928652,AAPL,stock,True
2024-11-27,2024-11-27 00:00:00,378.5161846028462,3201631.0,375.1923444601401,380.00919559168256,371.81832448377133,AAPL,stock,True
2024-11-28,2024-11-28 00:00:00,375.03457953836244,1946078.0,373.0957101617814,378.2011540925754,370.55012988322494,AAPL,stock,True
2024-11-29,2024-11-29 00:00:00,373.11376085821445,3674810.0,369.0846671061841,375.0419255948459,366.853232697446,AAPL,stock,True
2024-12-02,2024-12-02 00:00:00,368.976486543904,2901231.0,364.15314183197853,370.06853233356685,363.54412883074383,AAPL,stock,True
2024-12-03,2024-12-03 00:00:00,364.17126897437385,3284031.0,360.15794361619066,365.75832173578715,357.9804287476416,AAPL,stock,True
2024-12-04,2024-12-04 00:00:00,360.0871389442385,3317779.0,358.5218764423792,361.26858280377877,357.4174091302117,AAPL,stock,True
2024-12-05,2024-12-05 00:00:00,358.60189131231954,3344238.0,355.12806687989274,361.37642978815546,353.2818202991823,AAPL,stock,True
2024-12-06,2024-12-06 00:00:00,355.0294332998196,1907214.0,356.21574682435875,356.6718239322879,354.0783649299175,AAPL,stock,True
2024-12-09,2024-12-09 00:00:00,356.2049817875951,3837668.0,359.4193744204009,360.998184559429,355.98029532833243,AAPL,stock,True
2024-12-10,2024-12-10 00:00:00,359.4014892062625,2817989.0,356.7445419530778,362.2999060474602,353.33062954140854,AAPL,stock,True
2024-12-11,2024-12-11 00:00:00,356.8577344082424,4908244.0,360.1934684048131,363.6605027563822,355.7732436175081,AAPL,stock,True
2024-12-12,2024-12-12 00:00:00,360.35218709101287,4901590.0,357.96938614968417,362.6855558864558,355.3962847269888,AAPL,stock,True
2024-12-13,2024-12-13 00:00:00,357.80265693123295,4518883.0,356.56384638267275,360.1082066433559,353.0642377150648,AAPL,stock,True
2024-12-16,2024-12-16 00:00:00,356.42209422480494,3855761.0,351.6474611677127,357.12648443699203,349.5199147231529,AAPL,stock,True
2024-12-17,2024-12-17 00:00:00,351.79847689617804,2875428.0,348.32845276387025,353.9992932310564,345.5734038472323,AAPL,stock,True
2024-12-18,2024-12-18 00:00:00,348.1938695218299,2031260.0,343.1429454406854,349.3258459133158,343.061828581571,AAPL,stock,True
2024-12-19,2024-12-19 00:00:00,343.289022519002,1122442.0,347.38537683385,350.42112873692713,342.84638234780635,AAPL,stock,True
2024-12-20,2024-12-20 00:00:00,347.2650257065775,798342.0,345.0450514784241,348.5086003294605,342.062391614861,AAPL,stock,True
2024-12-23,2024-12-23 00:00:00,345.03499698401725,4671115.0,344.2007577556037,346.8037708341121,343.1322543749372,AAPL,stock,True
2024-12-24,2024-12-24 00:00:00,344.05613510348815,964907.0,348.6950364854862,348.8276329305449,340.9011053967179,AAPL,stock,True
2024-12-25,2024-12-25 00:00:00,348.63419661918107,2679589.0,351.8732433823111,355.3240214803206,348.1567816196002,AAPL,stock,True
2024-12-26,2024-12-26 00:00:00,351.7663884094383,2946065.0,346.578660669315,354.36249951225824,344.56668763899745,AAPL,stock,True
2024-12-27,2024-12-27 00:00:00,346.5855946185166,3147344.0,351.1326107311699,353.5334147037054,345.1288958208427,AAPL,stock,True
2024-12-30,2024-12-30 00:00:00,351.0306736685629,2458955.0,352.24468339182414,353.89442638180435,348.21013892388623,AAPL,stock,True
2024-12-31,2024-12-31 00:00:00,352.3037590729017,2374912.0,351.5256460263097,355.3371218732449,350.6243962511865,AAPL,stock,True
2025-01-01,2025-01-01 00:00:00,351.43063854291773,2841932.0,349.14881068659827,352.8705666111705,345.7388129501117,AAPL,stock,True
2025-01-02,2025-01-02 00:00:00,349.0991615471402,3158555.0,351.34650073206063,352.40739092886287,347.40793347100674,AAPL,stock,True
2025-01-03,2025-01-03 00:00:00,351.3166192384121,1872494.0,348.7299498029084,354.6308043912422,346.7204784801638,AAPL,stock,True
2025-01-06,2025-01-06 00:00:00,348.6543499214976,4265508.0,348.8881493630088,351.8239204395586,346.0040377954373,AAPL,stock,True
2025-01-07,2025-01-07 00:00:00,348.9027535102344,2342485.0,353.15788491561284,354.6981156127652,345.7989956560988,AAPL,stock,True
2025-01-08,2025-01-08 00:00:00,353.2423027381672,1295147.0,357.6848617496872,358.8018947722032,350.4828850769357,AAPL,stock,True
2025-01-09,2025-01-09 00:00:00,357.5743079253466,1923347.0,354.41783331547316,358.70796607755443,354.3399187503828,AAPL,stock,True
2025-01-10,2025-01-10 00:00:00,354.23815022460406,904724.0,359.4268274538992,362.26503478865783,353.6830183485509,AAPL,stock,True
2025-01-13,2025-01-13 00:00:00,359.4071762598666,2084932.0,355.76309831177537,361.6303321142395,352.3216146754972,AAPL,stock,True
2025-01-14,2025-01-14 00:00:00,355.6628012644184,1973407.0,352.32780987964134,357.04615367232236,349.03414009982896,AAPL,stock,True
2025-01-15,2025-01-15 00:00:00,352.4180503331543,1374466.0,351.1109148745275,353.594951951425,348.6171060655569,AAPL,stock,True
2025-01-16,2025-01-16 00:00:00,351.09450437037464,2709208.0,351.81510568219517,352.58787446231975,349.0708339005005,AAPL,stock,True
2025-01-17,2025-01-17 00:00:00,351.6465146598515,2533017.0,352.0025036752152,353.96894246668126,350.8285689028369,AAPL,stock,True
2025-01-20,2025-01-20 00:00:00,352.0684839778676,922531.0,351.2686015031605,353.788828798192,349.89613284705024,AAPL,stock,True
2025-01-21,2025-01-21 00:00:00,351.23984576942854,2822224.0,355.66030922180585,355.849401677442,348.52226022227353,AAPL,stock,True
2025-01-22,2025-01-22 00:00:00,355.74817519891945,1434693.0,354.7612272842728,357.53988360224224,351.68766198612366,AAPL,stock,True
2025-01-23,2025-01-23 00:00:00,354.869005747235,1533737.0,355.9797784162614,358.04667217581203,352.65482664668434,AAPL,stock,True
2025-01-24,2025-01-24 00:00:00,355.8967555391612,3226140.0,358.39784073352274,361.7490359399485,352.89614884043556,AAPL,stock,True
2025-01-27,2025-01-27 00:00:00,358.497652137289,2790165.0,363.24535105345933,365.9570277330562,358.192738743013,AAPL,stock,True
2025-01-28,2025-01-28 00:00:00,363.23672310663903,3409604.0,366.1388498847427,366.8788877324647,361.7705839656488,AAPL,stock,True
2025-01-29,2025-01-29 00:00:00,366.24278190835486,1316385.0,368.64710110345067,370.7533466030397,362.859738430077,AAPL,stock,True
2025-01-30,2025-01-30 00:00:00,368.7291862276436,4049985.0,364.2349800393555,369.50028163752484,363.34603715390506,AAPL,stock,True
2025-01-31,2025-01-31 00:00:00,364.3539697510472,3687607.0,365.56212261070493,365.69164875781,363.39526299482594,AAPL,stock,True
2025-02-03,2025-02-03 00:00:00,365.3773970202148,4547380.0,369.5790312792347,370.07980609945537,362.90486431603307,AAPL,stock,True
2025-02-04,2025-02-04 00:00:00,369.6600056959128,842359.0,369.496617699811,371.3896270233679,367.90502715380956,AAPL,stock,True
2025-02-05,2025-02-05 00:00:00,369.3780446336745,4655643.0,365.8975924277982,369.7579414695016,364.8289690585077,AAPL,stock,True
2025-02-06,2025-02-06 00:00:00,365.7226689376422,1953764.0,363.152887655294,366.6804347415675,361.54413888475585,AAPL,stock,True
2025-02-07,2025-02-07 00:00:00,363.12239565738264,4648281.0,367.8259370748161,371.0488430655722,362.1067527910518,AAPL,stock,True
2025-02-10,2025-02-10 00:00:00,367.94360343032537,1546185.0,366.3086662748532,370.3110446929521,365.10192434623417,AAPL,stock,True
2025-02-11,2025-02-11 00:00:00,366.4726533872005,3336511.0,368.1017171713511,368.69127318297956,365.2285091484233,AAPL,stock,True
2025-02-12,2025-02-12 00:00:00,368.2412664576922,2194150.0,366.8280814223792,368.3761276499448,364.71692592896056,AAPL,stock,True
2025-02-13,2025-02-13 00:00:00,366.986409917506,2379230.0,366.0890023565148,370.5181009587965,365.59456736451125,AAPL,stock,True
2025-02-14,2025-02-14 00:00:00,366.1858161184713,2445150.0,369.1036959359084,370.0134988866478,364.6117861141676,AAPL,stock,True
2025-02-17,2025-02-17 00:00:00,368.9711837476483,2743259.0,367.4129931050561,370.5672327003312,363.8079095889388,AAPL,stock,True
2025-02-18,2025-02-18 00:00:00,367.381806970265,3678730.0,366.15032962365467,370.61385364629643,362.9964521487324,AAPL,stock,True
2025-02-19,2025-02-19 00:00:00,366.2184772915749,1172681.0,366.3019302730682,369.6999633989261,363.8086882019141,AAPL,stock,True
2025-02-20,2025-02-20 00:00:00,366.2628699953091,4223122.0,368.07313777954903,369.8254749618386,365.87151546708924,AAPL,stock,True
2025-02-21,2025-02-21 00:00:00,368.18712878314057,3168398.0,363.55177808970734,368.85838703079736,363.0858476717714,AAPL,stock,True
2025-02-24,2025-02-24 00:00:00,363.48792839577084,1506628.0,362.4525424667241,363.9368950209038,358.98628790255844,AAPL,stock,True
2025-02-25,2025-02-25 00:00:00,362.61206244755726,3629776.0,360.13008006013746,364.3295770823464,358.2329127991788,AAPL,stock,True
2025-02-26,2025-02-26 00:00:00,360.23405716349174,3453367.0,354.9316738597295,362.7147733737705,352.3335791727205,AAPL,stock,True
2025-02-27,2025-02-27 00:00:00,354.9959301146553,3021803.0,350.6999914752205,355.9381617858613,347.69861099845133,AAPL,stock,True
2025-02-28,2025-02-28 00:00:00,350.8372512279441,3674047.0,347.55335757259394,351.8364515991577,345.762842899237,AAPL,stock,True
2025-03-03,2025-03-03 00:00:00,347.37490945640997,1888506.0,342.9246485674673,350.72501300520764,340.73298505597745,AAPL,stock,True
2025-03-04,2025-03-04 00:00:00,342.9812109985052,4039206.0,344.4890400925615,346.38293813520477,342.72356250660755,AAPL,stock,True
2025-03-05,2025-03-05 00:00:00,344.4239869042676,3792601.0,343.0174784958359,345.22149788536575,341.93076388404364,AAPL,stock,True
2025-03-06,2025-03-06 00:00:00,342.88911756659974,962982.0,340.66354886110315,344.06303410030483,339.6604941445586,AAPL,stock,True
2025-03-07,2025-03-07 00:00:00,340.60677710921834,3412503.0,339.76936391911454,342.2945083837679,338.0381651428116,AAPL,stock,True
2025-03-10,2025-03-10 00:00:00,339.74834660221876,4420528.0,341.2938156102337,342.83597311069013,339.63818392517135,AAPL,stock,True
2025-03-11,2025-03-11 00:00:00,341.214095881453,4054260.0,341.0307715164403,342.765918853045,337.6994024633976,AAPL,stock,True
2025-03-12,2025-03-12 00:00:00,341.10110608130486,3633713.0,345.78780062152106,346.808469068552,340.12014492576293,AAPL,stock,True
2025-03-13,2025-03-13 00:00:00,345.6228509228143,3916091.0,344.83536179692135,347.07520541892904,344.30344855713776,AAPL,stock,True
2025-03-14,2025-03-14 00:00:00,344.79772681562844,4986990.0,345.053402496205,347.3956773755527,343.5769120747933,AAPL,stock,True
2025-03-17,2025-03-17 00:00:00,344.93977299778726,4244126.0,344.4080089259545,346.57752529995713,344.171821440467,AAPL,stock,True
2025-03-18,2025-03-18 00:00:00,344.4476709162362,1973070.0,347.99541362009785,349.30907745513963,342.0737479537536,AAPL,stock,True
2025-03-19,2025-03-19 00:00:00,348.07878745368765,3398884.0,345.47381198079466,351.39140833173474,343.8154529059419,AAPL,stock,True
2025-03-20,2025-03-20 00:00:00,345.4612983508618,592567.0,343.780210593304,348.5537369088214,343.3974625430515,AAPL,stock,True
2025-03-21,2025-03-21 00:00:00,343.6142911854629,570309.0,339.9874470571509,345.9629744820382,337.1021807560797,AAPL,stock,True
2025-03-24,2025-03-24 00:00:00,339.89575093595306,3399465.0,342.2218634765067,342.8266579804292,339.1065167417278,AAPL,stock,True
2025-03-25,2025-03-25 00:00:00,342.28400423081536,2706689.0,339.18621148623674,343.1290960194654,336.15470325771287,AAPL,stock,True
2025-03-26,2025-03-26 00:00:00,339.25231626494184,2107731.0,343.83745013518006,347.15322115541096,335.86776371524104,AAPL,stock,True
2025-03-27,2025-03-27 00:00:00,343.82061369436514,776476.0,348.1895208038486,348.7569614258736,343.48974952463414,AAPL,stock,True
2025-03-28,2025-03-28 00:00:00,348.33127102288165,3960227.0,350.63281224287164,351.75854203036715,346.9357973636345,AAPL,stock,True
2025-03-31,2025-03-31 00:00:00,350.50502601314037,1476115.0,348.93121065632835,353.5072190750916,347.27526348103714,AAPL,stock,True
2025-04-01,2025-04-01 00:00:00,348.8263526175262,2310134.0,345.47302200589405,349.46063616999794,343.83311475014807,AAPL,stock,True
2025-04-02,2025-04-02 00:00:00,345.37551794948433,547800.0,341.4171488034357,346.8951354772369,340.91866673054125,AAPL,stock,True
2025-04-03,2025-04-03 00:00:00,341.49450943953286,1445577.0,336.75276788707004,344.0488265985539,336.4259854034848,AAPL,stock,True
2025-04-04,2025-04-04 00:00:00,336.76510372184765,4038001.0,339.0335282620862,341.5866502329777,336.5837158843361,AAPL,stock,True
2025-04-07,2025-04-07 00:00:00,339.02260112950484,4898403.0,342.6179181802456,343.87401506215554,336.8673920603091,AAPL,stock,True
2025-04-08,2025-04-08 00:00:00,342.58882005736183,3736561.0,343.2683279506764,345.8148419532703,341.6844062773441,AAPL,stock,True
2025-04-09,2025-04-09 00:00:00,343.2447601087501,1229181.0,343.1041298274863,345.47336011623173,343.04461149056795,AAPL,stock,True
2025-04-10,2025-04-10 00:00:00,342.9293198160769,2737636.0,341.208993010988,343.99904442400117,339.09205718230146,AAPL,stock,True
2025-04-11,2025-04-11 00:00:00,341.1348348405967,2641990.0,343.1813698181054,344.34930486447655,337.96901174787575,AAPL,stock,True
2025-04-14,2025-04-14 00:00:00,343.3182219731989,1588131.0,338.8794568328765,344.2849791827332,337.1414466188639,AAPL,stock,True
2025-04-15,2025-04-15 00:00:00,338.90737573317784,3810895.0,343.6490308935952,345.4705928780679,336.36404925516297,AAPL,stock,True
2025-04-16,2025-04-16 00:00:00,343.70739515337357,2818929.0,347.420845277645,350.58205431660053,340.36749835420426,AAPL,stock,True
2025-04-17,2025-04-17 00:00:00,347.5755459364885,3427926.0,348.2128996039083,348.80719166517616,346.98076902560786,AAPL,stock,True
2025-04-18,2025-04-18 00:00:00,348.28848610330573,4468389.0,349.7607411885316,350.79727003321574,348.2293135801403,AAPL,stock,True
2025-04-21,2025-04-21 00:00:00,349.8427585652732,2742063.0,346.91145863311186,352.45350705111747,345.31141102305213,AAPL,stock,True
2025-04-22,2025-04-22 00:00:00,346.7362337814513,795547.0,349.3570496970541,349.8578914709849,345.402924255172,AAPL,stock,True
2025-04-23,2025-04-23 00:00:00,349.35593211770384,3055738.0,348.8247530562182,349.9382219743753,347.92048911069315,AAPL,stock,True
2025-04-24,2025-04-24 00:00:00,348.90918996227055,4560914.0,349.00181788187354,351.89534876713384,345.66097460565953,AAPL,stock,True
2025-04-25,2025-04-25 00:00:00,349.1358211731763,2656793.0,348.9337273198382,350.5699035740825,347.3539400095134,AAPL,stock,True
2025-04-28,2025-04-28 00:00:00,348.9514714469632,4350976.0,348.3469423202141,349.7161024794619,344.91460814264866,AAPL,stock,True
2025-04-29,2025-04-29 00:00:00,348.21514596422213,792670.0,349.13768415902564,349.495943341795,347.9871148995983,AAPL,stock,True
2025-04-30,2025-04-30 00:00:00,349.2604304284345,2088967.0,344.3575311660681,350.1725452021623,342.639418963728,AAPL,stock,True
2025-05-01,2025-05-01 00:00:00,344.37629284246964,4062258.0,339.92494698734953,347.7607503920558,338.92095834051645,AAPL,stock,True
2025-05-02,2025-05-02 00:00:00,340.0616634802593,4101369.0,338.7738099978332,341.31806750324887,338.3937932678369,AAPL,stock,True
2025-05-05,2025-05-05 00:00:00,338.6818617325899,2135033.0,338.06775502743267,339.0591607505506,336.462938882755,AAPL,stock,True
2025-05-06,2025-05-06 00:00:00,338.089053886453,2773521.0,341.4131272399781,344.7911863387972,336.74361965803786,AAPL,stock,True
2025-05-07,2025-05-07 00:00:00,341.56296186625934,1978302.0,341.5288974508697,343.4389268441803,338.3404736681122,AAPL,stock,True
2025-05-08,2025-05-08 00:00:00,341.6058923817872,4125220.0,341.4345117635828,342.3543198489735,340.7406493147461,AAPL,stock,True
2025-05-09,2025-05-09 00:00:00,341.5069470368468,4590632.0,340.6477396672292,343.15443150779606,337.9987479598338,AAPL,stock,True
2025-05-12,2025-05-12 00:00:00,340.5019634540077,4381727.0,338.8856704312322,343.76452917690807,337.85784597335004,AAPL,stock,True
2025-05-13,2025-05-13 00:00:00,338.7822849076115,4279732.0,336.59138136655463,339.4746991764102,333.6830709523463,AAPL,stock,True
2025-05-14,2025-05-14 00:00:00,336.61148029081915,4014042.0,336.69634448214634,339.95627999393497,335.062517369063,AAPL,stock,True
2025-05-15,2025-05-15 00:00:00,336.53158974596846,1705935.0,331.9176102529827,337.20068306997115,331.0036531709891,AAPL,stock,True
2025-05-16,2025-05-16 00:00:00,331.8092816354789,1638334.0,335.2424500052524,336.2810329984684,329.09133541316453,AAPL,stock,True
2025-05-19,2025-05-19 00:00:00,335.1108585454842,1007340.0,340.194916272624,341.36216395532574,332.1959092185722,AAPL,stock,True
2025-05-20,2025-05-20 00:00:00,340.3081972713291,2241758.0,339.7690707761736,343.56957321463614,337.83684271881054,AAPL,stock,True
2025-05-21,2025-05-21 00:00:00,339.6385650008265,4647965.0,342.83968328060115,345.58370725544853,337.4221731347828,AAPL,stock,True
2025-05-22,2025-05-22 00:00:00,342.75945125768254,2769479.0,343.71158363787333,344.5100546482364,341.65069122559146,AAPL,stock,True
2025-05-23,2025-05-23 00:00:00,343.7864573375718,2001765.0,345.6973325095313,346.38211115402123,343.23291623543855,AAPL,stock,True
2025-05-26,2025-05-26 00:00:00,345.5476822388384,2309730.0,343.9492495119767,347.86924252620236,343.6041516262972,AAPL,stock,True
2025-05-27,2025-05-27 00:00:00,344.0058796433653,4294650.0,340.8652771836086,345.3222614019823,338.1588235049193,AAPL,stock,True
2025-05-28,2025-05-28 00:00:00,340.90777028901726,2285436.0,345.90828434730173,348.54800737900723,340.39711750539436,AAPL,stock,True
2025-05-29,2025-05-29 00:00:00,346.0231795636509,935582.0,344.0004877152372,347.7552030678408,342.13671810102187,AAPL,stock,True
2025-05-30,2025-05-30 00:00:00,343.96353370522394,1005078.0,341.5436153546526,346.04411109495953,339.92499481721944,AAPL,stock,True
2025-06-02,2025-06-02 00:00:00,341.57360041135263,4070431.0,337.497624366712,343.4194192663015,337.423156899288,AAPL,stock,True
2025-06-03,2025-06-03 00:00:00,337.5584100345127,4127117.0,338.30860706018416,339.34065968535623,334.8613651610483,AAPL,stock,True
2025-06-04,2025-06-04 00:00:00,338.36350642755133,4762558.0,336.66110405876606,340.47668407934304,333.7737894615409,AAPL,stock,True
2025-06-05,2025-06-05 00:00:00,336.69243424626484,1047862.0,333.9528235873713,336.95481576592493,333.0202397071068,AAPL,stock,True
2025-06-06,2025-06-06 00:00:00,333.95503576756875,4165656.0,332.9050217825064,336.404328430175,331.1190896130919,AAPL,stock,True
2025-06-09,2025-06-09 00:00:00,332.75799821983355,878545.0,331.3656359030523,335.6163039598804,330.1899677239825,AAPL,stock,True
2025-06-10,2025-06-10 00:00:00,331.3793050743386,554973.0,330.24411775782,332.4445508685201,328.2420521254371,AAPL,stock,True
2025-06-11,2025-06-11 00:00:00,330.16912272609414,4066969.0,330.1857882044804,332.79152960150014,327.61775000487154,AAPL,stock,True
2025-06-12,2025-06-12 00:00:00,330.3187752778945,1058557.0,327.79265091386196,333.5606226772947,325.25242829953373,AAPL,stock,True
2025-06-13,2025-06-13 00:00:00,327.7208099388072,609202.0,324.28187234560676,329.9237723574792,321.84139575146116,AAPL,stock,True
2025-06-16,2025-06-16 00:00:00,324.3473040685095,621751.0,321.08160297157383,325.04018872447847,318.2225707167605,AAPL,stock,True
2025-06-17,2025-06-17 00:00:00,321.22087742488037,4536563.0,322.1510249683743,325.31707770749273,320.40359654228814,AAPL,stock,True
2025-06-18,2025-06-18 00:00:00,322.0257357804921,1328122.0,325.9092286565028,329.09493495532064,320.03996632269605,AAPL,stock,True
2025-06-19,2025-06-19 00:00:00,326.039727267401,2878504.0,323.713273655132,326.25141717589946,322.04336086501496,AAPL,stock,True
2025-06-20,2025-06-20 00:00:00,323.65841326673313,2446366.0,321.99636740952405,323.91426487704325,319.23529064007744,AAPL,stock,True
2025-06-23,2025-06-23 00:00:00,322.0037828652001,4239161.0,319.2759046351362,322.33511045460097,317.0014039165039,AAPL,stock,True
2025-06-24,2025-06-24 00:00:00,319.39976954620334,4287946.0,315.3760145759369,321.5789324237752,314.35316256871744,AAPL,stock,True
2025-06-25,2025-06-25 00:00:00,315.2332177173725,1726094.0,318.121849975609,320.2272842584315,313.80243686389133,AAPL,stock,True
2025-06-26,2025-06-26 00:00:00,318.08380585832333,2134385.0,320.02608126281723,320.9715742414719,317.9123338854301,AAPL,stock,True
2025-06-27,2025-06-27 00:00:00,320.0347054628165,3080332.0,318.6666137663102,321.8297934837807,318.2550748591879,AAPL,stock,True
2025-06-30,2025-06-30 00:00:00,318.61596380460134,4410409.0,323.28591558883994,325.40977558069824,318.4089729806529,AAPL,stock,True
2025-07-01,2025-07-01 00:00:00,323.1620968063529,2977045.0,324.90695633470784,328.02299022357096,320.6999694624336,AAPL,stock,True
2025-07-02,2025-07-02 00:00:00,324.93002412212275,1985031.0,323.39153212361674,326.39505939451,320.17439806696694,AAPL,stock,True
2025-07-03,2025-07-03 00:00:00,323.2429016375559,4810450.0,324.1051529445202,324.6222484596957,320.56132833529784,AAPL,stock,True
2025-07-04,2025-07-04 00:00:00,324.16583488988203,2154843.0,329.046229025132,329.83926453952546,321.8157585567687,AAPL,stock,True
2025-07-07,2025-07-07 00:00:00,328.954460094974,1356426.0,325.2278847990129,331.82614316101944,322.17838483180986,AAPL,stock,True
2025-07-08,2025-07-08 00:00:00,325.13902101673364,3272939.0,326.2911937307157,329.52700795205743,323.6882685806588,AAPL,stock,True
2025-07-09,2025-07-09 00:00:00,326.39696748969953,2766948.0,328.85779445930444,331.59011503138146,323.8190043400133,AAPL,stock,True
2025-07-10,2025-07-10 00:00:00,328.9066509095822,948333.0,332.3155157602006,332.62894593300194,327.2617984993727,AAPL,stock,True
2025-07-11,2025-07-11 00:00:00,332.30242592959274,2857249.0,334.9464606688214,337.22495177218406,332.200203061017,AAPL,stock,True
2025-07-14,2025-07-14 00:00:00,334.7640859370486,2710510.0,332.2089884153938,334.8807569306641,331.3066088840236,AAPL,stock,True
2025-07-15,2025-07-15 00:00:00,332.2138727541767,4655539.0,336.0,337.70975096940197,330.9616412921489,AAPL,stock,True
2024-11-06,2024-11-06 00:00:00,397.6504531792661,4598746.0,394.40170738503656,401.18050460332853,391.4589957755462,MSFT,stock,True
2024-11-07,2024-11-07 00:00:00,394.2752565780502,3096651.0,391.47917624415265,394.3419962604616,391.23181977977833,MSFT,stock,True
2024-11-08,2024-11-08 00:00:00,391.493836187891,4886036.0,396.09737914249234,397.8303230549041,388.7654089063835,MSFT,stock,True
2024-11-11,2024-11-11 00:00:00,396.09882711726493,4346122.0,400.2141311683083,401.38239552415143,395.77872766545806,MSFT,stock,True
2024-11-12,2024-11-12 00:00:00,400.1253330596793,2520969.0,404.9459916744344,405.69668372103826,399.1808914818939,MSFT,stock,True
2024-11-13,2024-11-13 00:00:00,404.8964232682028,4756645.0,400.16200905727544,408.606820700163,398.7221158687607,MSFT,stock,True
2024-11-14,2024-11-14 00:00:00,399.9880132310694,3467092.0,398.1059542837474,403.2869447183844,397.70752591582584,MSFT,stock,True
2024-11-15,2024-11-15 00:00:00,398.1534261482318,3956409.0,395.75064741703824,401.7379567114451,392.3687230524281,MSFT,stock,True
2024-11-18,2024-11-18 00:00:00,395.8323460125718,2689457.0,392.1534327332089,397.56744653013186,390.52240217926897,MSFT,stock,True
2024-11-19,2024-11-19 00:00:00,392.27263151148094,1997716.0,386.8018263150098,395.0300726359483,386.21814296086757,MSFT,stock,True
2024-11-20,2024-11-20 00:00:00,386.92722607593475,3809031.0,391.6714487051746,393.48272468479644,384.7983309641513,MSFT,stock,True
2024-11-21,2024-11-21 00:00:00,391.678582582269,1702210.0,394.3416265016252,395.6626548072928,389.9748025495944,MSFT,stock,True
2024-11-22,2024-11-22 00:00:00,394.44069402533785,3306587.0,392.6863229136225,394.6730076887381,392.6120371138943,MSFT,stock,True
2024-11-25,2024-11-25 00:00:00,392.5120704018966,3072101.0,395.0237604869048,397.6362777470692,390.79950790950727,MSFT,stock,True
2024-11-26,2024-11-26 00:00:00,395.17574926260977,2293432.0,400.592400324517,400.6119474690333,394.68361950594067,MSFT,stock,True
2024-11-27,2024-11-27 00:00:00,400.44557895357383,1960374.0,399.9127253671424,402.406971722532,397.5654017675562,MSFT,stock,True
2024-11-28,2024-11-28 00:00:00,399.79709323303905,3786489.0,397.22032706079125,402.93009359576575,396.4184879183041,MSFT,stock,True
2024-11-29,2024-11-29 00:00:00,397.0064384649627,1365393.0,397.3539830528044,399.30983141902374,393.87012164945537,MSFT,stock,True
2024-12-02,2024-12-02 00:00:00,397.3949858977439,2217157.0,401.81434559962804,404.5637784600651,393.44593569417594,MSFT,stock,True
2024-12-03,2024-12-03 00:00:00,401.86590549920436,4525407.0,406.1064478853081,408.2750188564173,400.2972863182857,MSFT,stock,True
2024-12-04,2024-12-04 00:00:00,405.88941871521814,2758063.0,410.369453808528,414.22062269728514,403.9788518964519,MSFT,stock,True
2024-12-05,2024-12-05 00:00:00,410.25713125614567,891292.0,409.78504369452054,412.11852386401745,407.71380869155934,MSFT,stock,True
2024-12-06,2024-12-06 00:00:00,409.70176308465756,661197.0,408.2172667918927,413.5320971547904,405.892878075029,MSFT,stock,True
2024-12-09,2024-12-09 00:00:00,408.0182078264964,4318516.0,411.830591197083,414.49472085031186,404.62335830354175,MSFT,stock,True
2024-12-10,2024-12-10 00:00:00,411.99017715089514,2746335.0,408.0489023495322,413.1340751903857,405.88928842865147,MSFT,stock,True
2024-12-11,2024-12-11 00:00:00,407.8771464551385,1364928.0,412.6218896286885,415.8691845629148,405.9419305888467,MSFT,stock,True
2024-12-12,2024-12-12 00:00:00,412.75595456470825,3499446.0,407.9784763353102,413.97529911313643,405.8059078307243,MSFT,stock,True
2024-12-13,2024-12-13 00:00:00,407.9307862955616,1480855.0,407.3642445338195,408.2051973120833,404.54143398541765,MSFT,stock,True
2024-12-16,2024-12-16 00:00:00,407.1722983443266,2775915.0,401.8133929089227,408.8759766105517,398.78712040209115,MSFT,stock,True
2024-12-17,2024-12-17 00:00:00,401.69665069942346,827985.0,396.97683687126647,403.6532503479488,394.26725833696787,MSFT,stock,True
2024-12-18,2024-12-18 00:00:00,396.814846856944,3745978.0,392.1478781939972,398.22306031506855,388.93152958219696,MSFT,stock,True
2024-12-19,2024-12-19 00:00:00,392.0669068099589,2382425.0,387.7945787151529,393.35697061468625,386.9089908058605,MSFT,stock,True
2024-12-20,2024-12-20 00:00:00,387.6994334920949,2633258.0,388.27624913302276,391.4522792695772,387.6175990440738,MSFT,stock,True
2024-12-23,2024-12-23 00:00:00,388.1753708275571,3362842.0,383.8629639606427,391.44371687518503,381.74877536060956,MSFT,stock,True
2024-12-24,2024-12-24 00:00:00,383.77256679330605,3147757.0,387.7663348507018,391.1978846842896,379.9773381820109,MSFT,stock,True
2024-12-25,2024-12-25 00:00:00,387.75338654404624,2713041.0,384.2295236598193,391.2415959354698,382.6685808344796,MSFT,stock,True
2024-12-26,2024-12-26 00:00:00,384.0195393023719,4746400.0,384.0633594774773,387.5647393618258,383.9204695858255,MSFT,stock,True
2024-12-27,2024-12-27 00:00:00,384.0387087988769,2828373.0,388.2668449865026,391.8121058695349,382.6691194763507,MSFT,stock,True
2024-12-30,2024-12-30 00:00:00,388.08087177427694,2499009.0,388.13995357203567,389.06752329084503,386.5012107564816,MSFT,stock,True
2024-12-31,2024-12-31 00:00:00,388.0383914689248,2670103.0,388.97053217658157,390.1007339342317,386.6883223244834,MSFT,stock,True
2025-01-01,2025-01-01 00:00:00,389.01217465720885,546443.0,389.0034752598664,389.6198948747651,388.66478437313737,MSFT,stock,True
2025-01-02,2025-01-02 00:00:00,388.95284082183764,930901.0,390.3029726368552,391.297681648899,387.38831248171,MSFT,stock,True
2025-01-03,2025-01-03 00:00:00,390.18818263705606,1405799.0,387.78608440999045,392.9906256301098,384.96516608255024,MSFT,stock,True
2025-01-06,2025-01-06 00:00:00,387.90395397975675,4606667.0,382.83968546038716,388.50034309994095,382.46514306790476,MSFT,stock,True
2025-01-07,2025-01-07 00:00:00,382.9836559622086,4821962.0,379.6282952542267,383.8392851399777,377.17420219009455,MSFT,stock,True
2025-01-08,2025-01-08 00:00:00,379.5353878122196,2940270.0,375.0808086944712,381.02142256981335,372.7999642312727,MSFT,stock,True
2025-01-09,2025-01-09 00:00:00,375.0600391501146,4650833.0,371.53456890261634,376.06280890064687,369.3349269174521,MSFT,stock,True
2025-01-10,2025-01-10 00:00:00,371.5879938248219,1301945.0,368.00177917386355,372.3793189459439,364.53477242946343,MSFT,stock,True
2025-01-13,2025-01-13 00:00:00,368.0692443002659,505940.0,368.2254238622809,370.27577634214305,364.87277172790704,MSFT,stock,True
2025-01-14,2025-01-14 00:00:00,368.30107634241597,2804266.0,371.43970835925256,372.83974617969477,365.4239676836031,MSFT,stock,True
2025-01-15,2025-01-15 00:00:00,371.5001233617137,1104891.0,376.63157128467947,377.2275199686437,369.14799800033234,MSFT,stock,True
2025-01-16,2025-01-16 00:00:00,376.466341024728,1163012.0,375.2366341546472,379.25167647381613,372.5442510207202,MSFT,stock,True
2025-01-17,2025-01-17 00:00:00,375.15798596477987,1601667.0,379.75869381218763,379.79889308891046,373.061381056771,MSFT,stock,True
2025-01-20,2025-01-20 00:00:00,379.7333325237589,2497462.0,381.3499684007353,381.42046042990904,376.7333962096234,MSFT,stock,True
2025-01-21,2025-01-21 00:00:00,381.20914435785954,3566136.0,384.4443591414719,385.8185451725219,379.27213789673453,MSFT,stock,True
2025-01-22,2025-01-22 00:00:00,384.4626414516553,2611587.0,385.7880468530544,387.66154529466974,384.26537843074965,MSFT,stock,True
2025-01-23,2025-01-23 00:00:00,385.8634547911506,3681642.0,389.78307404261113,392.1520712549585,385.1610584984161,MSFT,stock,True
2025-01-24,2025-01-24 00:00:00,389.846422163559,701469.0,388.1226945816764,390.0243218121128,384.8816505597665,MSFT,stock,True
2025-01-27,2025-01-27 00:00:00,388.0064776038992,4227151.0,383.98493316912305,390.65588410874085,383.9614332495041,MSFT,stock,True
2025-01-28,2025-01-28 00:00:00,384.0746621447073,2909188.0,387.5617902235305,390.26387434110296,381.01541000525907,MSFT,stock,True
2025-01-29,2025-01-29 00:00:00,387.482371989421,4920878.0,392.61370795547845,392.69274759816943,384.70664616965195,MSFT,stock,True
2025-01-30,2025-01-30 00:00:00,392.6160185555888,3497765.0,397.44904878013676,398.6562078011496,392.09286880987224,MSFT,stock,True
2025-01-31,2025-01-31 00:00:00,397.3308827294356,3026999.0,397.9297531305,400.4882602068154,393.700419603262,MSFT,stock,True
2025-02-03,2025-02-03 00:00:00,397.9735187677413,2370654.0,397.8893863339549,400.8694079059595,395.54553291223476,MSFT,stock,True
2025-02-04,2025-02-04 00:00:00,397.93754088374885,954518.0,395.6895126364769,400.2302270986511,395.27864397948326,MSFT,stock,True
2025-02-05,2025-02-05 00:00:00,395.6703306063526,3881975.0,391.05252626809295,399.18889282582035,390.840387326248,MSFT,stock,True
2025-02-06,2025-02-06 00:00:00,390.9322690130421,514654.0,391.69186838977015,391.79059979444787,388.446744587981,MSFT,stock,True
2025-02-07,2025-02-07 00:00:00,391.6271176794008,1147686.0,386.0423722114015,393.1801881347028,383.06570410906414,MSFT,stock,True
2025-02-10,2025-02-10 00:00:00,386.1764825375002,1586011.0,387.3454077684216,391.00571447593063,384.5611157998094,MSFT,stock,True
2025-02-11,2025-02-11 00:00:00,387.29369862474084,542030.0,381.7292961099013,387.68229170681127,380.91167628401564,MSFT,stock,True
2025-02-12,2025-02-12 00:00:00,381.67733574415087,729455.0,379.1422349233012,385.29389213116053,377.1169281880797,MSFT,stock,True
2025-02-13,2025-02-13 00:00:00,379.1581832577414,3857691.0,373.9473459672042,379.7566307405854,373.7282294253708,MSFT,stock,True
2025-02-14,2025-02-14 00:00:00,374.0884238867391,2239791.0,370.9101399701289,374.85354111622104,367.21576666825746,MSFT,stock,True
2025-02-17,2025-02-17 00:00:00,370.95402909945244,3038990.0,372.0725495124556,373.3689896489126,369.33280612695376,MSFT,stock,True
2025-02-18,2025-02-18 00:00:00,372.18339630489095,1065704.0,375.13953301387335,375.50050443742265,371.8856204813431,MSFT,stock,True
2025-02-19,2025-02-19 00:00:00,374.9671910800377,4264823.0,373.1518432397964,377.78487799381924,370.1775188066417,MSFT,stock,True
2025-02-20,2025-02-20 00:00:00,373.19633978892836,3794525.0,374.98193422069915,377.1114577136872,372.4667467290915,MSFT,stock,True
2025-02-21,2025-02-21 00:00:00,375.05501231028086,1397645.0,372.04220893601615,375.6646486409587,370.90061164782315,MSFT,stock,True
2025-02-24,2025-02-24 00:00:00,371.93991680365883,1163611.0,377.47644950532447,379.6321753134762,371.41009806317226,MSFT,stock,True
2025-02-25,2025-02-25 00:00:00,377.37079722524203,4891834.0,374.3370461177069,380.98818280470937,373.4321369600406,MSFT,stock,True
2025-02-26,2025-02-26 00:00:00,374.5033730756202,3994035.0,377.5239807440107,380.72141055672387,371.12120248537786,MSFT,stock,True
2025-02-27,2025-02-27 00:00:00,377.52807401251954,1747189.0,380.8205637354037,383.1022569600528,376.02439023113686,MSFT,stock,True
2025-02-28,2025-02-28 00:00:00,380.94231156406556,3422398.0,379.6241819846164,384.4669180376096,379.29670557218094,MSFT,stock,True
2025-03-03,2025-03-03 00:00:00,379.6366831501741,2990555.0,378.8644231864956,379.8324253043941,377.3730973820309,MSFT,stock,True
2025-03-04,2025-03-04 00:00:00,378.8888372089732,2824032.0,381.29132111469886,384.5206176593925,378.8111402309374,MSFT,stock,True
2025-03-05,2025-03-05 00:00:00,381.20698824374074,3855055.0,383.31436917276517,383.39068433085805,379.38445194612615,MSFT,stock,True
2025-03-06,2025-03-06 00:00:00,383.42149411333054,3228366.0,386.08107214384927,389.559375953124,380.74668701270986,MSFT,stock,True
2025-03-07,2025-03-07 00:00:00,386.1112520686286,2548266.0,386.8292672355031,389.06289895679305,384.76274332650894,MSFT,stock,True
2025-03-10,2025-03-10 00:00:00,386.664234813117,4101912.0,387.7001845656264,390.1807053888658,385.8791239820454,MSFT,stock,True
2025-03-11,2025-03-11 00:00:00,387.8528599889431,1704182.0,384.9685341307837,389.544503574868,381.89299268410286,MSFT,stock,True
2025-03-12,2025-03-12 00:00:00,385.1238761358735,780287.0,385.6011352190655,385.8380298121279,381.9492742093812,MSFT,stock,True
2025-03-13,2025-03-13 00:00:00,385.5277426856424,3072422.0,381.48908913836584,388.77755190407396,379.8532106999883,MSFT,stock,True
2025-03-14,2025-03-14 00:00:00,381.49135756663327,4435538.0,379.9875583305995,384.2146793133685,377.33120420718876,MSFT,stock,True
2025-03-17,2025-03-17 00:00:00,379.78430081315554,3493114.0,382.51671748338964,384.38458663815817,378.93509046511076,MSFT,stock,True
2025-03-18,2025-03-18 00:00:00,382.5967343299052,3183409.0,381.00501465029544,383.1377029757657,380.1326068883347,MSFT,stock,True
2025-03-19,2025-03-19 00:00:00,381.10727080041994,4106289.0,383.34899695798305,383.73532296848697,380.5935759586364,MSFT,stock,True
2025-03-20,2025-03-20 00:00:00,383.24065244577446,741337.0,384.67300300503223,385.6183082467019,380.6399039903472,MSFT,stock,True
2025-03-21,2025-03-21 00:00:00,384.51672629524717,4962014.0,378.98305937412306,385.2159494478124,377.4550389948296,MSFT,stock,True
2025-03-24,2025-03-24 00:00:00,379.02588464635187,4804501.0,380.6954994180546,382.7082655931728,376.4724775505833,MSFT,stock,True
2025-03-25,2025-03-25 00:00:00,380.81386723332554,4194696.0,381.52708111957276,385.29717059391123,378.7191557783199,MSFT,stock,True
2025-03-26,2025-03-26 00:00:00,381.3204064726749,4492326.0,380.7963553385844,384.4038499997653,379.14583620808435,MSFT,stock,True
2025-03-27,2025-03-27 00:00:00,380.80486487102723,1237216.0,376.992303055636,383.5837224604434,373.97143266281245,MSFT,stock,True
2025-03-28,2025-03-28 00:00:00,377.1319668759011,2509716.0,380.5066623550095,384.2460566914608,375.8492927607551,MSFT,stock,True
2025-03-31,2025-03-31 00:00:00,380.60475940886244,1763381.0,378.9642420904643,382.98521276671244,378.38849526334593,MSFT,stock,True
2025-04-01,2025-04-01 00:00:00,379.0975617635269,4788686.0,383.1176939143378,386.0417938962269,375.9282523543152,MSFT,stock,True
2025-04-02,2025-04-02 00:00:00,382.93774132510816,2031866.0,387.0751063784406,389.83469510343537,382.06909974887435,MSFT,stock,True
2025-04-03,2025-04-03 00:00:00,387.1993768249472,4268060.0,382.8632685248067,390.69381693984354,379.64108757071153,MSFT,stock,True
2025-04-04,2025-04-04 00:00:00,382.9960207961969,1413529.0,378.9147291516806,385.9023206758236,377.20421871945405,MSFT,stock,True
2025-04-07,2025-04-07 00:00:00,378.9625636810644,4139399.0,384.2121503799789,384.84559444623756,376.29016247570246,MSFT,stock,True
2025-04-08,2025-04-08 00:00:00,384.07433233115,3023733.0,382.8063468751399,385.64734286923834,381.6133196852555,MSFT,stock,True
2025-04-09,2025-04-09 00:00:00,382.72504031957243,4130496.0,386.10013555167785,386.6699693778552,381.4286562138204,MSFT,stock,True
2025-04-10,2025-04-10 00:00:00,386.02689227267825,4164468.0,385.43041112848425,388.53127578944174,385.1734933393908,MSFT,stock,True
2025-04-11,2025-04-11 00:00:00,385.358722744487,1340162.0,379.7397306375947,386.5656478095543,377.55928254997013,MSFT,stock,True
2025-04-14,2025-04-14 00:00:00,379.8044854037924,4255779.0,379.65505740408696,382.1839937443779,375.97232530619476,MSFT,stock,True
2025-04-15,2025-04-15 00:00:00,379.5938036800069,1866295.0,383.5983587054639,386.73389623230184,379.16437027286133,MSFT,stock,True
2025-04-16,2025-04-16 00:00:00,383.4999964719397,1215683.0,388.44035673168656,392.22613300556065,379.7773318162625,MSFT,stock,True
2025-04-17,2025-04-17 00:00:00,388.5432056485313,3345257.0,385.6008446034266,390.60805350025413,385.08074468650244,MSFT,stock,True
2025-04-18,2025-04-18 00:00:00,385.435019678979,2393382.0,382.48680259259385,388.0023987194534,378.76542484051663,MSFT,stock,True
2025-04-21,2025-04-21 00:00:00,382.3244778103558,573236.0,384.164382953744,384.72221585159815,379.5932170844878,MSFT,stock,True
2025-04-22,2025-04-22 00:00:00,384.127258579764,4694932.0,386.39834187055516,387.59100598661195,383.04178716056384,MSFT,stock,True
2025-04-23,2025-04-23 00:00:00,386.56587818349226,2764422.0,386.40136194747635,387.8623628527948,384.937843410124,MSFT,stock,True
2025-04-24,2025-04-24 00:00:00,386.2841794683137,812562.0,381.42287321798057,388.59456957519524,379.83234087053404,MSFT,stock,True
2025-04-25,2025-04-25 00:00:00,381.2898917606806,4868366.0,376.4147869569901,384.79557467293785,375.3943622471162,MSFT,stock,True
2025-04-28,2025-04-28 00:00:00,376.45688910691143,1301561.0,374.2870510152556,377.55917633460626,372.502900623477,MSFT,stock,True
2025-04-29,2025-04-29 00:00:00,374.22564991829995,2591310.0,372.9931674772422,376.7264396611393,369.96805579464825,MSFT,stock,True
2025-04-30,2025-04-30 00:00:00,373.1316109151061,4837038.0,369.4724365954647,375.89180452789316,367.88723865718435,MSFT,stock,True
2025-05-01,2025-05-01 00:00:00,369.54830578745276,4027652.0,372.5903894777253,375.4366092046553,366.7072958089702,MSFT,stock,True
2025-05-02,2025-05-02 00:00:00,372.5607316702236,1980572.0,376.6194742740696,379.8574057558329,371.04733655106105,MSFT,stock,True
2025-05-05,2025-05-05 00:00:00,376.5013432857022,4622458.0,380.148161896447,380.19026037319514,374.12848345995053,MSFT,stock,True
2025-05-06,2025-05-06 00:00:00,379.95664120620995,2097868.0,379.53129821098395,381.96509855534316,376.8272898994,MSFT,stock,True
2025-05-07,2025-05-07 00:00:00,379.3998839442169,4310916.0,376.1407258112981,381.2437529233114,374.3132920189078,MSFT,stock,True
2025-05-08,2025-05-08 00:00:00,375.939900794855,4101948.0,370.4235031994615,377.1381188984615,367.901967067943,MSFT,stock,True
2025-05-09,2025-05-09 00:00:00,370.46805032200547,4851121.0,369.86195927700487,372.3772921532982,369.6355453689551,MSFT,stock,True
2025-05-12,2025-05-12 00:00:00,369.71832393039534,2562781.0,374.3822314269068,378.0297546568174,368.01636720850377,MSFT,stock,True
2025-05-13,2025-05-13 00:00:00,374.3239435938596,3329206.0,373.427224683481,376.13146879788894,369.8501983409276,MSFT,stock,True
2025-05-14,2025-05-14 00:00:00,373.4014208633955,3034587.0,374.8488712386245,378.28990677582857,372.6569805819998,MSFT,stock,True
2025-05-15,2025-05-15 00:00:00,374.7956348399431,3226608.0,372.40153641243796,377.38355510896076,370.7250317135154,MSFT,stock,True
2025-05-16,2025-05-16 00:00:00,372.46297755478827,2039764.0,370.6106827727102,372.58785258815897,367.6771507577046,MSFT,stock,True
2025-05-19,2025-05-19 00:00:00,370.72028724814226,1186492.0,371.1315140733594,371.828213506405,370.52499901909795,MSFT,stock,True
2025-05-20,2025-05-20 00:00:00,371.2501539176553,2142238.0,373.22665733374583,375.508249622851,368.8784966789893,MSFT,stock,True
2025-05-21,2025-05-21 00:00:00,373.3082377727557,1753738.0,367.84542599903295,376.05319222165934,364.4422829920123,MSFT,stock,True
2025-05-22,2025-05-22 00:00:00,367.97474297054293,4078810.0,372.75286829583854,373.9788745460425,364.73257709751726,MSFT,stock,True
2025-05-23,2025-05-23 00:00:00,372.73958223625846,1465015.0,370.73374903916994,373.2308890444799,368.26551277590244,MSFT,stock,True
2025-05-26,2025-05-26 00:00:00,370.834630681205,4555527.0,369.1439787018317,372.84548465267085,365.65177105915336,MSFT,stock,True
2025-05-27,2025-05-27 00:00:00,368.9474164573334,4762536.0,369.3455328918156,370.2402766388373,366.41884824087225,MSFT,stock,True
2025-05-28,2025-05-28 00:00:00,369.42509602796326,4782916.0,367.11095393706444,372.7061018079729,363.79621383724384,MSFT,stock,True
2025-05-29,2025-05-29 00:00:00,366.90981705643804,1911420.0,371.07801948522365,374.3003641041695,365.04024759756726,MSFT,stock,True
2025-05-30,2025-05-30 00:00:00,370.92261064974457,2990868.0,368.3925208352051,374.3481166931895,367.18895299621124,MSFT,stock,True
2025-06-02,2025-06-02 00:00:00,368.51818950184906,693381.0,371.9427820953248,373.5636687198875,366.0048707831942,MSFT,stock,True
2025-06-03,2025-06-03 00:00:00,371.90322109385227,1653704.0,373.5208811964998,375.0018522471599,371.3171886710629,MSFT,stock,True
2025-06-04,2025-06-04 00:00:00,373.37962759344725,4970978.0,377.2308144973197,378.46649527643365,373.2989913469698,MSFT,stock,True
2025-06-05,2025-06-05 00:00:00,377.3153321852467,2285737.0,376.11197803569723,379.45188929627676,375.5404276445875,MSFT,stock,True
2025-06-06,2025-06-06 00:00:00,376.1383303714815,3400439.0,375.35187973147555,377.67267963507345,371.9709951074823,MSFT,stock,True
2025-06-09,2025-06-09 00:00:00,375.1706456214132,3869332.0,373.0508183244295,377.55013788700506,369.661581407332,MSFT,stock,True
2025-06-10,2025-06-10 00:00:00,373.0935491371552,1101690.0,367.78529290777425,374.2259931897798,366.5462681037676,MSFT,stock,True
2025-06-11,2025-06-11 00:00:00,367.9426453553718,3821065.0,370.3915199647495,371.48318634653333,364.3105179272218,MSFT,stock,True
2025-06-12,2025-06-12 00:00:00,370.2671048240793,578891.0,370.93813242920993,372.8559836979283,366.628506562108,MSFT,stock,True
2025-06-13,2025-06-13 00:00:00,370.91587759443166,2744821.0,368.11059695559834,373.1265315895228,366.0666561870871,MSFT,stock,True
2025-06-16,2025-06-16 00:00:00,368.24068730027267,4886846.0,371.29025633360703,372.707637489973,367.58678644433144,MSFT,stock,True
2025-06-17,2025-06-17 00:00:00,371.4060908772072,588840.0,374.9266785028062,378.2618551063487,368.75409049378607,MSFT,stock,True
2025-06-18,2025-06-18 00:00:00,374.86245756421255,539960.0,372.1286912853832,377.00905878333253,368.8366976665933,MSFT,stock,True
2025-06-19,2025-06-19 00:00:00,372.04060420536445,875710.0,374.90827210051276,377.8866259816902,371.18976979926566,MSFT,stock,True
2025-06-20,2025-06-20 00:00:00,375.01889756968416,864851.0,370.7493983204496,377.49434066049486,367.19266412738193,MSFT,stock,True
2025-06-23,2025-06-23 00:00:00,370.6937232981544,3820687.0,365.6863713159148,373.1827632558787,365.49291943974345,MSFT,stock,True
2025-06-24,2025-06-24 00:00:00,365.6104925155496,1131062.0,364.6164281119692,367.6833193999197,363.03767399672637,MSFT,stock,True
2025-06-25,2025-06-25 00:00:00,364.60429926468,881204.0,363.7587963112897,366.5602046432493,363.44916622681586,MSFT,stock,True
2025-06-26,2025-06-26 00:00:00,363.5606121313496,628393.0,362.21148843688024,364.01399817743214,360.35378446232926,MSFT,stock,True
2025-06-27,2025-06-27 00:00:00,362.1834629729837,2298615.0,358.76564647928615,365.28332545422444,356.0271789035738,MSFT,stock,True
2025-06-30,2025-06-30 00:00:00,358.8962151661782,2527919.0,361.25831540590934,363.7845311687709,356.77192759786743,MSFT,stock,True
2025-07-01,2025-07-01 00:00:00,361.2121811726356,1293503.0,359.3157608237448,363.87973431216415,356.09264989871576,MSFT,stock,True
2025-07-02,2025-07-02 00:00:00,359.3934049129261,3125069.0,357.4064243017674,360.3808432930461,354.68139970802173,MSFT,stock,True
2025-07-03,2025-07-03 00:00:00,357.3366450626338,1190563.0,362.20701299765875,362.323901316534,355.6910288551891,MSFT,stock,True
2025-07-04,2025-07-04 00:00:00,362.32481428697645,702640.0,359.08789231304524,363.5721457370167,356.215165718235,MSFT,stock,True
2025-07-07,2025-07-07 00:00:00,359.2151117480475,1089789.0,355.2829473963655,359.77446962361563,354.41364170474105,MSFT,stock,True
2025-07-08,2025-07-08 00:00:00,355.104974887194,4541206.0,351.7671455094079,356.91300583980853,351.16604626505375,MSFT,stock,True
2025-07-09,2025-07-09 00:00:00,351.70949498565756,3452634.0,353.62457594116785,353.6723835521617,348.95605277557394,MSFT,stock,True
2025-07-10,2025-07-10 00:00:00,353.76322038185026,2022037.0,358.40700754168233,361.9719599807014,350.880039294994,MSFT,stock,True
2025-07-11,2025-07-11 00:00:00,358.4306647966012,2664896.0,362.5549409733099,364.38351470037895,355.38908236491943,MSFT,stock,True
2025-07-14,2025-07-14 00:00:00,362.4524850140398,4772151.0,361.03841568029276,364.6472133754617,358.9645883101801,MSFT,stock,True
2025-07-15,2025-07-15 00:00:00,361.161128853169,1367567.0,364.0,366.7634700130491,358.7950916888507,MSFT,stock,True
2024-11-06,2024-11-06 00:00:00,396.3001680062878,2283524.0,396.0165453889293,400.10117386525815,394.46572411197536,GOOGL,stock,True
2024-11-07,2024-11-07 00:00:00,396.12485456619555,2027539.0,401.6359475473194,404.65730285527866,394.15029072196387,GOOGL,stock,True
2024-11-08,2024-11-08 00:00:00,401.6080077082652,3242717.0,396.9842108154466,405.6049899441519,394.73112455516974,GOOGL,stock,True
2024-11-11,2024-11-11 00:00:00,397.1386124305906,4752333.0,397.54105573708677,400.2325250100347,395.1486200616225,GOOGL,stock,True
2024-11-12,2024-11-12 00:00:00,397.4997458469487,3845023.0,401.80136535459076,405.4528464549751,396.6010573189377,GOOGL,stock,True
2024-11-13,2024-11-13 00:00:00,401.6820853701614,4961689.0,403.1728851667306,406.48936137787746,399.3637818472077,GOOGL,stock,True
2024-11-14,2024-11-14 00:00:00,402.963603861484,4332411.0,404.8801502022364,407.2134472892926,399.8029943662321,GOOGL,stock,True
2024-11-15,2024-11-15 00:00:00,404.7012192307322,1231300.0,400.9413756437196,404.86750534408606,398.52525803874664,GOOGL,stock,True
2024-11-18,2024-11-18 00:00:00,401.0039222759376,4670934.0,400.8937325512052,401.7124738583741,397.3549820054305,GOOGL,stock,True
2024-11-19,2024-11-19 00:00:00,400.7589514572777,3151618.0,401.51335038320735,403.8938330599893,397.0645891852963,GOOGL,stock,True
2024-11-20,2024-11-20 00:00:00,401.5054685063117,3508668.0,402.50388989464295,403.75973294892384,401.15329897284073,GOOGL,stock,True
2024-11-21,2024-11-21 00:00:00,402.34269685411175,3152059.0,403.27395581685454,406.0421264082959,400.6509375602662,GOOGL,stock,True
2024-11-22,2024-11-22 00:00:00,403.3575960424391,4626929.0,409.2200323307083,412.0496347694885,401.8291218565707,GOOGL,stock,True
2024-11-25,2024-11-25 00:00:00,409.009788356075,1772862.0,411.87842635197325,415.03792668902395,405.1364985021616,GOOGL,stock,True
2024-11-26,2024-11-26 00:00:00,411.7089241879856,4716020.0,408.7725290663468,412.53807006182626,405.2680756656813,GOOGL,stock,True
2024-11-27,2024-11-27 00:00:00,408.8147996916502,1202915.0,404.494538411715,411.1825961575678,403.95835727871884,GOOGL,stock,True
2024-11-28,2024-11-28 00:00:00,404.4563775123183,4305451.0,402.5463362295618,407.5964122684287,402.21692227222275,GOOGL,stock,True
2024-11-29,2024-11-29 00:00:00,402.4852597962232,1316997.0,401.7275942753385,404.76582797370844,398.9744732951778,GOOGL,stock,True
2024-12-02,2024-12-02 00:00:00,401.686738363449,1407354.0,403.0359814167989,403.6226312938387,398.2681831702254,GOOGL,stock,True
2024-12-03,2024-12-03 00:00:00,402.9554222699085,2151206.0,406.9917683185013,407.87817194162824,402.22500370526615,GOOGL,stock,True
2024-12-04,2024-12-04 00:00:00,406.79558347161094,701756.0,410.0905354993617,410.7315874762232,403.9677317835099,GOOGL,stock,True
2024-12-05,2024-12-05 00:00:00,410.1669040167412,3606214.0,411.62411214022046,415.6826464698378,406.6078928095193,GOOGL,stock,True
2024-12-06,2024-12-06 00:00:00,411.6264527875293,3310899.0,406.9565342268994,412.19827354479406,405.858158401845,GOOGL,stock,True
2024-12-09,2024-12-09 00:00:00,406.8709595005227,537913.0,403.3145523524423,409.295452126282,400.6179582699804,GOOGL,stock,True
2024-12-10,2024-12-10 00:00:00,403.0990888164535,4713262.0,401.5176861539133,405.0342070996603,397.7185802559383,GOOGL,stock,True
2024-12-11,2024-12-11 00:00:00,401.4553802109437,1800497.0,396.8593287165984,402.82797491591003,393.0068248157088,GOOGL,stock,True
2024-12-12,2024-12-12 00:00:00,396.9918496947844,3148609.0,395.6125431787161,399.33003074150156,394.48841593943837,GOOGL,stock,True
2024-12-13,2024-12-13 00:00:00,395.623583037515,4856416.0,396.900207935196,399.0539826819857,392.09773910308166,GOOGL,stock,True
2024-12-16,2024-12-16 00:00:00,396.86851384405355,1438947.0,399.86368703060623,401.8627991195009,394.77289214923184,GOOGL,stock,True
2024-12-17,2024-12-17 00:00:00,399.75821646438834,1586366.0,396.85137722535893,401.1933314792637,394.6973105381662,GOOGL,stock,True
2024-12-18,2024-12-18 00:00:00,396.89044832017515,4350161.0,396.94639437350315,398.625263672319,394.418017089083,GOOGL,stock,True
2024-12-19,2024-12-19 00:00:00,396.7310317857416,2959082.0,398.05589575934397,399.02025071137126,396.26124373335523,GOOGL,stock,True
2024-12-20,2024-12-20 00:00:00,397.9960950000715,4698263.0,402.8619932910738,406.74115584881406,394.48416453800894,GOOGL,stock,True
2024-12-23,2024-12-23 00:00:00,402.917265138314,2600284.0,403.08924677372613,403.25474409060416,401.7134833239483,GOOGL,stock,True
2024-12-24,2024-12-24 00:00:00,403.2657520557048,4615019.0,402.50627757555714,405.89578233224603,401.94512766978954,GOOGL,stock,True
2024-12-25,2024-12-25 00:00:00,402.6563865781873,4208431.0,408.6720786127426,411.00654824226024,402.63664344121224,GOOGL,stock,True
2024-12-26,2024-12-26 00:00:00,408.7438333472564,4294592.0,412.0637496418159,413.9110559251467,408.1808099024229,GOOGL,stock,True
2024-12-27,2024-12-27 00:00:00,411.99285073745665,2810669.0,417.7105100028988,419.8060842830649,411.9777731627126,GOOGL,stock,True
2024-12-30,2024-12-30 00:00:00,417.54591089872184,4643731.0,421.0823807679466,422.5197203670977,417.15879413815435,GOOGL,stock,True
2024-12-31,2024-12-31 00:00:00,421.05764249973345,3342210.0,415.22249735422014,423.76715120939025,411.7781061728414,GOOGL,stock,True
2025-01-01,2025-01-01 00:00:00,415.0910224711919,2985558.0,414.9126220412437,419.10628521768496,413.4113113962484,GOOGL,stock,True
2025-01-02,2025-01-02 00:00:00,414.88127448314873,2947246.0,418.709785283252,420.8109623208256,413.04122677919247,GOOGL,stock,True
2025-01-03,2025-01-03 00:00:00,418.65619112954005,1425250.0,414.1725811621785,420.07566776892185,412.58562248853906,GOOGL,stock,True
2025-01-06,2025-01-06 00:00:00,414.2025874720082,1499023.0,414.8808431787767,415.18705134405684,414.1635561341162,GOOGL,stock,True
2025-01-07,2025-01-07 00:00:00,414.83275757474564,4595380.0,410.5055640411501,416.63015647969246,407.5145275377275,GOOGL,stock,True
2025-01-08,2025-01-08 00:00:00,410.4969916301669,2788513.0,412.53875450590397,416.43505504469306,409.0931161622754,GOOGL,stock,True
2025-01-09,2025-01-09 00:00:00,412.44341417926796,4993210.0,418.6381370341126,419.846686271101,408.75837662151673,GOOGL,stock,True
2025-01-10,2025-01-10 00:00:00,418.57677048965735,1735838.0,424.59530978911266,426.171340276516,415.30219627464277,GOOGL,stock,True
2025-01-13,2025-01-13 00:00:00,424.709988630685,644284.0,426.0651396289176,426.3048751498655,421.4981913228564,GOOGL,stock,True
2025-01-14,2025-01-14 00:00:00,426.2519388454159,2121957.0,426.3195512464827,428.7578316434936,422.5067145591683,GOOGL,stock,True
2025-01-15,2025-01-15 00:00:00,426.4952081915373,2823809.0,420.4009557740382,427.19719405634737,418.4338964334834,GOOGL,stock,True
2025-01-16,2025-01-16 00:00:00,420.5523130475629,2471384.0,426.552293157563,427.74835512425386,418.7934353388413,GOOGL,stock,True
2025-01-17,2025-01-17 00:00:00,426.73484645175887,2438517.0,425.785261376455,430.2025684532782,421.88735508851977,GOOGL,stock,True
2025-01-20,2025-01-20 00:00:00,425.85294056094716,690930.0,426.1186560477548,427.1489169083005,423.5220878884099,GOOGL,stock,True
2025-01-21,2025-01-21 00:00:00,425.95207895888916,3964974.0,421.26539461361233,427.4544116699937,420.96580271528853,GOOGL,stock,True
2025-01-22,2025-01-22 00:00:00,421.0896292901345,2106761.0,419.0955597091884,422.57847487303735,418.8518624643798,GOOGL,stock,True
2025-01-23,2025-01-23 00:00:00,418.8657201380229,2058456.0,415.18078903396975,420.08037260032586,414.1341761025643,GOOGL,stock,True
2025-01-24,2025-01-24 00:00:00,415.2435681788861,4209974.0,417.66823029743307,418.33589833140746,413.6799718882096,GOOGL,stock,True
2025-01-27,2025-01-27 00:00:00,417.7782638922284,3290580.0,418.1489175480329,418.49037502411403,415.91502282153107,GOOGL,stock,True
2025-01-28,2025-01-28 00:00:00,418.303072801814,4609415.0,421.9147540883851,422.71164671383883,417.17971728471736,GOOGL,stock,True
2025-01-29,2025-01-29 00:00:00,422.0023220702404,3905056.0,419.2481171527996,424.6256746841382,419.1951879287256,GOOGL,stock,True
2025-01-30,2025-01-30 00:00:00,419.1905694866547,4898751.0,415.9119907008568,419.5283591393296,413.0259238331537,GOOGL,stock,True
2025-01-31,2025-01-31 00:00:00,415.8466170739044,1811583.0,420.0476235863965,421.6976492362484,411.78247495478587,GOOGL,stock,True
2025-02-03,2025-02-03 00:00:00,419.9665757371339,3966170.0,423.1788202428472,426.8132756010759,418.63624406647784,GOOGL,stock,True
2025-02-04,2025-02-04 00:00:00,423.30538042982965,2095108.0,417.53537650337944,426.8425938546769,415.66967708040806,GOOGL,stock,True
2025-02-05,2025-02-05 00:00:00,417.45983405217623,3469461.0,412.71550311159325,417.99842271573476,410.9268259165127,GOOGL,stock,True
2025-02-06,2025-02-06 00:00:00,412.8303283691133,2129828.0,407.58304650580845,415.2699671612889,406.2623264356413,GOOGL,stock,True
2025-02-07,2025-02-07 00:00:00,407.6244602225094,1205729.0,413.4116346327038,415.86822263629006,407.1068223269075,GOOGL,stock,True
2025-02-10,2025-02-10 00:00:00,413.27740704503503,929404.0,411.1112313105298,415.08588189612783,407.3067462003892,GOOGL,stock,True
2025-02-11,2025-02-11 00:00:00,411.09640637172805,4345951.0,417.2824838488343,421.0276627938425,408.90368399848086,GOOGL,stock,True
2025-02-12,2025-02-12 00:00:00,417.1890563238848,4514388.0,419.73982143727983,422.0311311387257,414.99495681936577,GOOGL,stock,True
2025-02-13,2025-02-13 00:00:00,419.72450901081794,2050189.0,424.54652321998344,425.2824968294622,418.0124124451345,GOOGL,stock,True
2025-02-14,2025-02-14 00:00:00,424.49983910793645,4453435.0,427.18299602553196,428.0627230320232,424.229487629536,GOOGL,stock,True
2025-02-17,2025-02-17 00:00:00,427.27180125652836,2051998.0,426.15830491017726,428.0786532092872,425.39997111793366,GOOGL,stock,True
2025-02-18,2025-02-18 00:00:00,426.3496808978617,1486472.0,422.83251763240867,428.553426878071,419.9305653832781,GOOGL,stock,True
2025-02-19,2025-02-19 00:00:00,422.67970304664624,4517142.0,420.5556618239213,425.107449991967,420.12284126731913,GOOGL,stock,True
2025-02-20,2025-02-20 00:00:00,420.59502784667217,1369063.0,419.96099705047635,420.9574187493145,417.3785739064737,GOOGL,stock,True
2025-02-21,2025-02-21 00:00:00,419.8446836166525,2762615.0,423.732268525653,424.13316101029204,416.52685865375867,GOOGL,stock,True
2025-02-24,2025-02-24 00:00:00,423.8900506569978,1358954.0,421.25932928087167,426.1536654559338,420.056608951957,GOOGL,stock,True
2025-02-25,2025-02-25 00:00:00,421.25850646695807,1072177.0,426.1612656220641,427.77304414673864,419.5124892421149,GOOGL,stock,True
2025-02-26,2025-02-26 00:00:00,426.08397809356137,2509085.0,423.4826708422774,426.1370079401503,423.26942888582033,GOOGL,stock,True
2025-02-27,2025-02-27 00:00:00,423.55527100081656,3865530.0,422.1310589433335,427.60733607258277,419.1000655241562,GOOGL,stock,True
2025-02-28,2025-02-28 00:00:00,422.0573520679703,2790239.0,422.95042472495334,426.81046895191184,418.5180912679739,GOOGL,stock,True
2025-03-03,2025-03-03 00:00:00,422.9461970004814,2270945.0,427.63679385011795,430.58170585951825,420.26742604896987,GOOGL,stock,True
2025-03-04,2025-03-04 00:00:00,427.80551839989937,1206802.0,431.878903675684,436.0237819231041,426.5453724437142,GOOGL,stock,True
2025-03-05,2025-03-05 00:00:00,431.975752039747,4802248.0,432.5959363835506,434.4062804606336,431.04103477930965,GOOGL,stock,True
2025-03-06,2025-03-06 00:00:00,432.53838356195746,2877405.0,434.1343382837374,438.3854187515922,431.2768348494556,GOOGL,stock,True
2025-03-07,2025-03-07 00:00:00,434.24233143543125,4274516.0,434.25614762926733,434.74698809001376,430.5784487762292,GOOGL,stock,True
2025-03-10,2025-03-10 00:00:00,434.18483852030676,2256793.0,427.8512814025178,437.01802437803184,427.2806289349537,GOOGL,stock,True
2025-03-11,2025-03-11 00:00:00,428.0065325607828,1315031.0,430.70194855997954,434.3256684775653,424.6220820693403,GOOGL,stock,True
2025-03-12,2025-03-12 00:00:00,430.65683149139727,2240418.0,425.9135247661661,431.60511976133745,424.6666715027289,GOOGL,stock,True
2025-03-13,2025-03-13 00:00:00,425.7958602999044,890684.0,419.8414480613787,426.23583012838645,418.5135078086565,GOOGL,stock,True
2025-03-14,2025-03-14 00:00:00,419.83065605734544,4192667.0,416.9591242441723,420.6219466181544,413.6817098070315,GOOGL,stock,True
2025-03-17,2025-03-17 00:00:00,417.07725542288597,3710625.0,417.22337443972293,420.2769872951365,414.09386524164745,GOOGL,stock,True
2025-03-18,2025-03-18 00:00:00,417.3886046221584,1270118.0,415.2372957928673,419.9493311597086,411.48019457774905,GOOGL,stock,True
2025-03-19,2025-03-19 00:00:00,415.1275852269196,4663507.0,413.20506335494207,419.23387551271156,411.08767378457077,GOOGL,stock,True
2025-03-20,2025-03-20 00:00:00,413.350181708621,630639.0,410.4657040387791,417.3296613008921,407.63951899400456,GOOGL,stock,True
2025-03-21,2025-03-21 00:00:00,410.63156844307565,4098933.0,415.6941733477907,417.4208611109347,406.6197261684059,GOOGL,stock,True
2025-03-24,2025-03-24 00:00:00,415.6107988779008,1410124.0,418.8232559202258,422.9933369440098,411.60281052563175,GOOGL,stock,True
2025-03-25,2025-03-25 00:00:00,418.8588173998998,3289850.0,422.3864964582835,425.51918255577027,416.2070948648206,GOOGL,stock,True
2025-03-26,2025-03-26 00:00:00,422.24000218484707,937355.0,426.6964256280501,427.891088256986,421.0181895628702,GOOGL,stock,True
2025-03-27,2025-03-27 00:00:00,426.7908463308707,525402.0,420.9311315779583,430.2639284877614,418.61613336561396,GOOGL,stock,True
2025-03-28,2025-03-28 00:00:00,421.1198844287241,3942004.0,425.338322237329,425.7466542145851,420.2551644683767,GOOGL,stock,True
2025-03-31,2025-03-31 00:00:00,425.4587812140789,997999.0,428.97931741723016,432.61068807299665,423.95820691596253,GOOGL,stock,True
2025-04-01,2025-04-01 00:00:00,429.05592345765564,4077604.0,430.84885453507616,433.6593339224189,426.97462412585594,GOOGL,stock,True
2025-04-02,2025-04-02 00:00:00,430.8180421946923,3891353.0,426.82649739412483,434.7106334934839,422.60408222365044,GOOGL,stock,True
2025-04-03,2025-04-03 00:00:00,426.69691033239496,2598259.0,424.5794838034998,429.3229587275871,422.93606938853446,GOOGL,stock,True
2025-04-04,2025-04-04 00:00:00,424.56551347214776,2932805.0,419.14118184571856,427.4309538606608,416.52488838978655,GOOGL,stock,True
2025-04-07,2025-04-07 00:00:00,419.066014645452,580140.0,413.0904960133293,420.7702509828617,409.2328473321801,GOOGL,stock,True
2025-04-08,2025-04-08 00:00:00,413.1354095451143,1139193.0,408.76960807757627,415.8402600363445,405.9778238252158,GOOGL,stock,True
2025-04-09,2025-04-09 00:00:00,408.8710367718366,1181544.0,407.99598863615114,412.00498507989556,407.07623382603254,GOOGL,stock,True
2025-04-10,2025-04-10 00:00:00,407.79394587330665,3727872.0,404.8888183872915,411.705818257413,403.89460931313903,GOOGL,stock,True
2025-04-11,2025-04-11 00:00:00,405.06619244461916,3969877.0,402.85415910933824,408.32014362691314,400.7569667330039,GOOGL,stock,True
2025-04-14,2025-04-14 00:00:00,402.8603273774857,2364092.0,404.34363352375067,405.7590069410474,400.58462441018054,GOOGL,stock,True
2025-04-15,2025-04-15 00:00:00,404.12724780164524,4183652.0,409.7011200960054,410.452523720235,400.9290434181517,GOOGL,stock,True
2025-04-16,2025-04-16 00:00:00,409.7719662739353,550409.0,413.9765944847213,416.76297642706623,408.51019863893947,GOOGL,stock,True
2025-04-17,2025-04-17 00:00:00,413.97685349162936,2348613.0,410.6234871537409,414.17707913291997,406.66729191133976,GOOGL,stock,True
2025-04-18,2025-04-18 00:00:00,410.6411898797931,1751423.0,410.4119714009209,412.7783974812595,408.1818827953811,GOOGL,stock,True
2025-04-21,2025-04-21 00:00:00,410.3111861111471,2108481.0,413.998872292341,416.6220833237745,407.66665009569994,GOOGL,stock,True
2025-04-22,2025-04-22 00:00:00,413.9935205815511,600798.0,411.3430814861871,415.6237230878684,410.05711828608736,GOOGL,stock,True
2025-04-23,2025-04-23 00:00:00,411.16154556725155,4232162.0,405.44395535631713,412.6793131067869,405.37195463112414,GOOGL,stock,True
2025-04-24,2025-04-24 00:00:00,405.5885959376387,4813995.0,410.81968202906785,413.6894848027858,401.70998934620974,GOOGL,stock,True
2025-04-25,2025-04-25 00:00:00,411.00064753316997,1679457.0,405.4397965039376,412.5801675475938,405.39455773561684,GOOGL,stock,True
2025-04-28,2025-04-28 00:00:00,405.2352006718564,3671503.0,402.354175923122,407.65424713976597,400.86817745252023,GOOGL,stock,True
2025-04-29,2025-04-29 00:00:00,402.4716058491352,4995938.0,397.19646889251777,404.6207183027353,393.23542143291434,GOOGL,stock,True
2025-04-30,2025-04-30 00:00:00,396.97954414125667,3213978.0,401.18028438237036,402.4901790640228,395.1781664846586,GOOGL,stock,True
2025-05-01,2025-05-01 00:00:00,401.33318635403685,928712.0,406.32211319530165,409.66510614085047,397.87465873921667,GOOGL,stock,True
2025-05-02,2025-05-02 00:00:00,406.11105350082505,3441627.0,401.94742129932865,408.06347554933313,401.58360419210686,GOOGL,stock,True
2025-05-05,2025-05-05 00:00:00,402.0755659369968,3361771.0,397.11501555969437,405.01410825432055,394.9473611988692,GOOGL,stock,True
2025-05-06,2025-05-06 00:00:00,397.2431699333258,3905772.0,395.15547746102595,399.6559119619731,395.01828046579647,GOOGL,stock,True
2025-05-07,2025-05-07 00:00:00,395.2526245870108,1352687.0,391.0103374981373,397.7971833871648,388.5851163178421,GOOGL,stock,True
2025-05-08,2025-05-08 00:00:00,390.97952386537753,1432554.0,388.3946285893929,392.4555324657483,386.20561091402004,GOOGL,stock,True
2025-05-09,2025-05-09 00:00:00,388.3606764340797,4986846.0,387.0941938699129,390.7678591702412,384.0054978073212,GOOGL,stock,True
2025-05-12,2025-05-12 00:00:00,387.1630176068792,2528579.0,385.64777693585677,387.49295219511924,385.5478569392057,GOOGL,stock,True
2025-05-13,2025-05-13 00:00:00,385.7934631648371,4589151.0,391.24616502057387,394.1442296549224,383.6392162971308,GOOGL,stock,True
2025-05-14,2025-05-14 00:00:00,391.33609408324327,1696560.0,396.9938327217739,400.4055284625116,387.4685081298415,GOOGL,stock,True
2025-05-15,2025-05-15 00:00:00,397.12733511911557,4159142.0,396.9205348034146,397.9350521226346,394.1272046386278,GOOGL,stock,True
2025-05-16,2025-05-16 00:00:00,396.91320909537126,2953874.0,391.41641463926635,400.0049463488394,390.8751053763538,GOOGL,stock,True
2025-05-19,2025-05-19 00:00:00,391.3189471720371,1503095.0,391.69035392231297,391.9676264411368,387.8732529151525,GOOGL,stock,True
2025-05-20,2025-05-20 00:00:00,391.5467613350714,2663076.0,388.3192112622333,394.68014457996065,384.67609711439593,GOOGL,stock,True
2025-05-21,2025-05-21 00:00:00,388.1964982078545,3862189.0,393.68518618274527,394.1946886750964,386.75989686743213,GOOGL,stock,True
2025-05-22,2025-05-22 00:00:00,393.5332076618605,1453354.0,396.0766463547531,399.53104262934085,392.517742560132,GOOGL,stock,True
2025-05-23,2025-05-23 00:00:00,395.9826634177333,3612783.0,399.57117410411644,402.8521063930031,392.1730728005363,GOOGL,stock,True
2025-05-26,2025-05-26 00:00:00,399.69001978741306,1994219.0,400.0683551310244,400.1892502369298,398.4557640869412,GOOGL,stock,True
2025-05-27,2025-05-27 00:00:00,399.9442535921726,1937731.0,403.7797934142342,407.0179938058861,398.9980806955794,GOOGL,stock,True
2025-05-28,2025-05-28 00:00:00,403.78729711551523,3123302.0,401.05003352870324,404.2354569651614,399.25869252792654,GOOGL,stock,True
2025-05-29,2025-05-29 00:00:00,400.9494747951653,1545490.0,401.4149172230071,402.86948602996483,400.42116486162064,GOOGL,stock,True
2025-05-30,2025-05-30 00:00:00,401.48529038773717,1925587.0,406.6601988405913,410.2463807221774,400.00829131283047,GOOGL,stock,True
2025-06-02,2025-06-02 00:00:00,406.50782880780366,1224338.0,406.484958344364,407.15945141581966,403.1549007687472,GOOGL,stock,True
2025-06-03,2025-06-03 00:00:00,406.44308777095824,4280369.0,408.81615827926566,412.72449127757017,404.0938809898624,GOOGL,stock,True
2025-06-04,2025-06-04 00:00:00,408.92768864617716,2213281.0,406.97810307859334,412.1678116090864,404.139494650707,GOOGL,stock,True
2025-06-05,2025-06-05 00:00:00,406.814751002443,705379.0,412.29290552248864,415.0630807892477,405.48967255523013,GOOGL,stock,True
2025-06-06,2025-06-06 00:00:00,412.09758550211194,4045555.0,418.2620611220827,420.95554920682287,410.81967311019883,GOOGL,stock,True
2025-06-09,2025-06-09 00:00:00,418.32526589906325,515956.0,419.9686527111175,420.87221671562287,416.76162426678945,GOOGL,stock,True
2025-06-10,2025-06-10 00:00:00,420.10095519354945,582029.0,423.82238313062294,425.7653872440006,418.4097841454714,GOOGL,stock,True
2025-06-11,2025-06-11 00:00:00,423.84350317237823,2685271.0,429.27144692784884,432.544005409835,419.81098380274545,GOOGL,stock,True
2025-06-12,2025-06-12 00:00:00,429.3545118539098,2166906.0,434.8803470962994,437.083624759026,425.6752817159987,GOOGL,stock,True
2025-06-13,2025-06-13 00:00:00,434.7951704152885,3399340.0,440.5492143639345,443.8171327793424,431.38497466106537,GOOGL,stock,True
2025-06-16,2025-06-16 00:00:00,440.4172331681573,4715901.0,442.1649559630486,445.92158010915335,439.5587465778641,GOOGL,stock,True
2025-06-17,2025-06-17 00:00:00,442.179896989363,3871806.0,441.0571654432682,444.65443093631046,440.89066721270035,GOOGL,stock,True
2025-06-18,2025-06-18 00:00:00,440.9395113688124,3606664.0,438.8947952179644,442.88728542575114,436.6079097946498,GOOGL,stock,True
2025-06-19,2025-06-19 00:00:00,439.067058594864,2272853.0,433.4690380275013,441.3769343376422,429.8145432540993,GOOGL,stock,True
2025-06-20,2025-06-20 00:00:00,433.32818663295774,3227250.0,427.89174662091926,436.86758809549616,427.3760030242579,GOOGL,stock,True
2025-06-23,2025-06-23 00:00:00,428.0368056900318,4434953.0,426.33079384769684,429.8559580921027,425.80526788167737,GOOGL,stock,True
2025-06-24,2025-06-24 00:00:00,426.1709186014039,1644613.0,426.005811242574,428.62449735728586,422.23294875122406,GOOGL,stock,True
2025-06-25,2025-06-25 00:00:00,425.81940001658063,2161302.0,425.78548164998887,427.63964557668004,423.6637469069015,GOOGL,stock,True
2025-06-26,2025-06-26 00:00:00,425.7072812434443,3851866.0,426.3236911116526,429.9374762539057,421.5411237316084,GOOGL,stock,True
2025-06-27,2025-06-27 00:00:00,426.4714624432091,1933369.0,432.6543829519568,436.7310009603945,426.20178797100726,GOOGL,stock,True
2025-06-30,2025-06-30 00:00:00,432.83894817323795,980863.0,432.8092981291082,437.00922193061115,432.57087532715394,GOOGL,stock,True
2025-07-01,2025-07-01 00:00:00,432.91027943537955,3440632.0,436.7064002132419,440.18056524983643,430.7959747283746,GOOGL,stock,True
2025-07-02,2025-07-02 00:00:00,436.7413046627764,4521143.0,440.9509812990812,444.0233426804231,436.54538609895855,GOOGL,stock,True
2025-07-03,2025-07-03 00:00:00,440.7760399851469,4029108.0,440.19332517914404,444.07887235282146,438.9487197977189,GOOGL,stock,True
2025-07-04,2025-07-04 00:00:00,440.2489048696114,3930493.0,434.8914822773022,444.23241422580537,433.55111434108017,GOOGL,stock,True
2025-07-07,2025-07-07 00:00:00,434.9580763717857,1891137.0,433.41132727826295,437.00083202602406,432.6069156723799,GOOGL,stock,True
2025-07-08,2025-07-08 00:00:00,433.29603850115,2047365.0,430.7856933112308,435.1634800991446,429.29404783191956,GOOGL,stock,True
2025-07-09,2025-07-09 00:00:00,430.76539384241386,1708992.0,435.96210875956405,436.0634497204384,427.8272413257959,GOOGL,stock,True
2025-07-10,2025-07-10 00:00:00,435.97469622010607,2127897.0,433.41590662204976,439.20878860310177,431.2629530031077,GOOGL,stock,True
2025-07-11,2025-07-11 00:00:00,433.4170557513809,3111682.0,433.3661016992162,434.5905786997572,432.89136458195725,GOOGL,stock,True
2025-07-14,2025-07-14 00:00:00,433.138351820156,4273146.0,430.5518561241526,433.630038010696,427.4144256424648,GOOGL,stock,True
2025-07-15,2025-07-15 00:00:00,430.5514106014642,3374390.0,426.0,431.4817513056471,425.5764872666483,GOOGL,stock,True
2024-11-06,2024-11-06 00:00:00,452.25548862489774,2137161.0,449.3727002868352,455.5291586577382,445.8901104171417,AMZN,stock,True
2024-11-07,2024-11-07 00:00:00,449.14340127167293,1007328.0,443.6210954378025,450.1633003742752,442.5309903839814,AMZN,stock,True
2024-11-08,2024-11-08 00:00:00,443.7135719625665,1624111.0,440.02702294254766,445.73153245787347,436.0368181211907,AMZN,stock,True
2024-11-11,2024-11-11 00:00:00,439.85083846949135,1795891.0,440.58969647706937,442.7335518950476,436.6479643270228,AMZN,stock,True
2024-11-12,2024-11-12 00:00:00,440.6963035499434,2022269.0,434.2966924636188,444.6856154685208,431.31263081086763,AMZN,stock,True
2024-11-13,2024-11-13 00:00:00,434.21469184856284,3663079.0,429.2617303743324,436.148122740813,429.0892314002576,AMZN,stock,True
2024-11-14,2024-11-14 00:00:00,429.0396313477299,3994521.0,432.7115128163588,432.81198941210283,428.49494673964693,AMZN,stock,True
2024-11-15,2024-11-15 00:00:00,432.7772847535313,1115490.0,437.5460883708545,438.54646739062974,429.24699247377964,AMZN,stock,True
2024-11-18,2024-11-18 00:00:00,437.36808870957015,1205151.0,431.32233385643576,440.9551873052401,427.2674946057633,AMZN,stock,True
2024-11-19,2024-11-19 00:00:00,431.10566067065105,1405522.0,433.488614044099,433.8252115070537,429.1155174465992,AMZN,stock,True
2024-11-20,2024-11-20 00:00:00,433.6745589114948,1943460.0,432.2327764407086,436.0027345627557,431.2953494993533,AMZN,stock,True
2024-11-21,2024-11-21 00:00:00,432.36787246280363,1692456.0,432.66234569316225,436.2320203195487,431.8346365353788,AMZN,stock,True
2024-11-22,2024-11-22 00:00:00,432.72369185776734,4809515.0,433.05776525312666,436.13946861279237,430.2101097101606,AMZN,stock,True
2024-11-25,2024-11-25 00:00:00,433.00238582955006,3103523.0,435.06224514581305,437.7582949118085,432.83225733397046,AMZN,stock,True
2024-11-26,2024-11-26 00:00:00,435.07825750187124,3791101.0,434.3470473827673,437.9211566000733,431.02845908990184,AMZN,stock,True
2024-11-27,2024-11-27 00:00:00,434.40381660764393,1177576.0,439.699212296794,443.37319362243477,430.67619944773435,AMZN,stock,True
2024-11-28,2024-11-28 00:00:00,439.5590723518673,4300440.0,436.54487087580526,439.9783942523863,434.0027294823478,AMZN,stock,True
2024-11-29,2024-11-29 00:00:00,436.6085054108677,3619950.0,432.5885561136441,436.8895776740401,432.3170762323524,AMZN,stock,True
2024-12-02,2024-12-02 00:00:00,432.61752680501996,987310.0,426.5832988025721,435.8651642785352,423.0780999910695,AMZN,stock,True
2024-12-03,2024-12-03 00:00:00,426.61838766611646,4327968.0,428.1710554083141,430.8356487535221,423.7560578096104,AMZN,stock,True
2024-12-04,2024-12-04 00:00:00,427.98671575837153,1150888.0,422.2495948853387,430.3546011462946,418.816450199955,AMZN,stock,True
2024-12-05,2024-12-05 00:00:00,422.42351801656366,914066.0,418.1452937151192,425.7091926020727,416.7981267633402,AMZN,stock,True
2024-12-06,2024-12-06 00:00:00,418.3229670833899,2081586.0,420.7708961300845,422.1555855477913,414.63615242961004,AMZN,stock,True
2024-12-09,2024-12-09 00:00:00,420.69186861543653,4572293.0,422.6668482025662,425.45945879449965,419.1949452354944,AMZN,stock,True
2024-12-10,2024-12-10 00:00:00,422.5020412731147,4258177.0,420.4683875437829,424.0804989403043,419.8975720302418,AMZN,stock,True
2024-12-11,2024-12-11 00:00:00,420.5822608102971,2506466.0,423.5961177223197,424.8232443671651,418.71580403976515,AMZN,stock,True
2024-12-12,2024-12-12 00:00:00,423.43781900573856,2218944.0,422.53546305701803,424.297982736149,421.1567937630938,AMZN,stock,True
2024-12-13,2024-12-13 00:00:00,422.7093341401483,3810783.0,426.9884028797392,428.2923124338933,422.3114984924623,AMZN,stock,True
2024-12-16,2024-12-16 00:00:00,426.91157952483627,2587860.0,429.28744973683166,429.7243651521517,423.29980541515437,AMZN,stock,True
2024-12-17,2024-12-17 00:00:00,429.265749657094,3256190.0,425.5291457663232,430.9693032473847,421.83575461514914,AMZN,stock,True
2024-12-18,2024-12-18 00:00:00,425.5606438633666,4463967.0,424.09838000895417,426.9385639169802,424.038089833678,AMZN,stock,True
2024-12-19,2024-12-19 00:00:00,423.89613692873115,3506969.0,424.4176234661409,424.76447485253186,422.27879994868925,AMZN,stock,True
2024-12-20,2024-12-20 00:00:00,424.3093863398019,1560350.0,418.6320012001151,428.4071876581758,417.96566897534865,AMZN,stock,True
2024-12-23,2024-12-23 00:00:00,418.6521689759092,4549415.0,422.4450128616634,426.4852239081938,415.2623211480316,AMZN,stock,True
2024-12-24,2024-12-24 00:00:00,422.49846052179686,653002.0,422.3192552825207,424.88964351191254,418.26604622328017,AMZN,stock,True
2024-12-25,2024-12-25 00:00:00,422.35088185823304,3146976.0,423.36730698880154,423.3739188172813,420.87928822188684,AMZN,stock,True
2024-12-26,2024-12-26 00:00:00,423.2102895481589,4585096.0,418.1871865669801,424.9690503868479,417.3297650416056,AMZN,stock,True
2024-12-27,2024-12-27 00:00:00,418.3300201254732,2076379.0,412.4393523515046,421.4520392930734,409.86853957725515,AMZN,stock,True
2024-12-30,2024-12-30 00:00:00,412.33426611547634,4464339.0,412.5163059020745,413.47703361078254,410.7034797488065,AMZN,stock,True
2024-12-31,2024-12-31 00:00:00,412.45365612258126,1604486.0,413.4607664134456,415.6766941163961,408.4862320955963,AMZN,stock,True
2025-01-01,2025-01-01 00:00:00,413.41581896934827,2685568.0,412.1046992240426,415.406525419625,410.8547401800801,AMZN,stock,True
2025-01-02,2025-01-02 00:00:00,412.1566345895289,4144572.0,412.5039270112207,413.2830643906956,411.4176737694743,AMZN,stock,True
2025-01-03,2025-01-03 00:00:00,412.62203111646545,4693690.0,415.20318014762245,418.27794629894896,409.14786002098305,AMZN,stock,True
2025-01-06,2025-01-06 00:00:00,415.21417204888763,1046523.0,419.7771457063208,422.75565128774474,412.2615292799971,AMZN,stock,True
2025-01-07,2025-01-07 00:00:00,419.70193888781625,1102457.0,416.52923937065646,423.7007875104734,414.99910152200096,AMZN,stock,True
2025-01-08,2025-01-08 00:00:00,416.39328852564347,969651.0,414.7195202552574,417.08210639703253,412.86100895213946,AMZN,stock,True
2025-01-09,2025-01-09 00:00:00,414.8773392638884,984351.0,414.7941169249234,417.906590532037,414.21165644195906,AMZN,stock,True
2025-01-10,2025-01-10 00:00:00,414.5830370598521,2419135.0,410.44208818184507,416.60711471167514,406.63071836732144,AMZN,stock,True
2025-01-13,2025-01-13 00:00:00,410.4114650048229,1835527.0,416.51568499385434,420.3932876446959,408.1254393565716,AMZN,stock,True
2025-01-14,2025-01-14 00:00:00,416.6158938834188,4557828.0,418.7126231140199,421.13611116429024,413.5276613055695,AMZN,stock,True
2025-01-15,2025-01-15 00:00:00,418.7389156542191,4840577.0,417.97296416267335,420.3402724370445,415.2053665881187,AMZN,stock,True
2025-01-16,2025-01-16 00:00:00,418.118440269846,2854322.0,423.0186961074487,424.64232609181175,416.2949970119306,AMZN,stock,True
2025-01-17,2025-01-17 00:00:00,423.01071527764424,4907634.0,427.98280491683454,431.1440831760595,418.89359864274434,AMZN,stock,True
2025-01-20,2025-01-20 00:00:00,428.0346621158146,1861353.0,431.8779972020918,436.15346723323273,424.10572933995763,AMZN,stock,True
2025-01-21,2025-01-21 00:00:00,431.8719092413045,4670950.0,430.75566467172854,433.3037650931775,429.71885157324124,AMZN,stock,True
2025-01-22,2025-01-22 00:00:00,430.8561306369229,4724997.0,426.1201795877623,433.5440052986338,423.492212838732,AMZN,stock,True
2025-01-23,2025-01-23 00:00:00,426.00651645548754,3909506.0,423.65601630936607,426.9775574590519,420.76727123163084,AMZN,stock,True
2025-01-24,2025-01-24 00:00:00,423.7749863846393,2714978.0,426.4149649547621,428.47049606716877,421.60975296738206,AMZN,stock,True
2025-01-27,2025-01-27 00:00:00,426.5143038035809,3260155.0,426.8903182888966,430.69511636246233,425.0443486858481,AMZN,stock,True
2025-01-28,2025-01-28 00:00:00,427.0801268330479,1213207.0,423.5674142276616,429.3287503570278,421.5090794547969,AMZN,stock,True
2025-01-29,2025-01-29 00:00:00,423.7366758076063,980740.0,419.067613985671,424.70002807407326,418.44589052438624,AMZN,stock,True
2025-01-30,2025-01-30 00:00:00,419.21219748014744,3834067.0,416.61573009140193,423.1087922140274,416.41040201915774,AMZN,stock,True
2025-01-31,2025-01-31 00:00:00,416.42679102695223,3422383.0,413.70998689566153,416.6097168630192,411.8133690268139,AMZN,stock,True
2025-02-03,2025-02-03 00:00:00,413.67245796101525,3612565.0,416.189054775163,419.97090078693833,410.38531766851344,AMZN,stock,True
2025-02-04,2025-02-04 00:00:00,416.2331111856879,3614883.0,411.88718143741016,420.0905907320294,408.56823888340824,AMZN,stock,True
2025-02-05,2025-02-05 00:00:00,412.0615800231788,3263587.0,406.949715921188,415.9902904706213,404.90646370286726,AMZN,stock,True
2025-02-06,2025-02-06 00:00:00,407.10342622744406,1621860.0,411.95454915365224,414.3166083002236,405.3248574409416,AMZN,stock,True
2025-02-07,2025-02-07 00:00:00,412.0030022021173,4406180.0,409.0764358575181,414.32666984650444,407.5256516415883,AMZN,stock,True
2025-02-10,2025-02-10 00:00:00,408.961431809387,3766750.0,403.1125664796898,410.6200768651031,399.3101398082107,AMZN,stock,True
2025-02-11,2025-02-11 00:00:00,403.06382965815556,987076.0,397.91198547505866,405.4761569386866,395.24805816003743,AMZN,stock,True
2025-02-12,2025-02-12 00:00:00,397.70983277069223,1260735.0,392.25938586490406,399.66612310950916,391.4186711297106,AMZN,stock,True
2025-02-13,2025-02-13 00:00:00,392.224020839012,933554.0,390.1401945895813,395.8112078681029,387.06814926591596,AMZN,stock,True
2025-02-14,2025-02-14 00:00:00,390.30144324081937,4140672.0,388.26827321389,392.59501570333043,387.05888400227445,AMZN,stock,True
2025-02-17,2025-02-17 00:00:00,388.36760031182956,779393.0,385.1667900637203,391.1820738612892,383.22523142460284,AMZN,stock,True
2025-02-18,2025-02-18 00:00:00,385.22444378263157,3314226.0,390.01944203337797,393.3513189035857,383.05045872616796,AMZN,stock,True
2025-02-19,2025-02-19 00:00:00,389.8464375336947,1020739.0,392.1461844266809,392.2676165899111,389.33385149315234,AMZN,stock,True
2025-02-20,2025-02-20 00:00:00,392.1064971187874,1819723.0,388.55569201639736,395.12721728419154,384.7125863286692,AMZN,stock,True
2025-02-21,2025-02-21 00:00:00,388.39030604877075,649462.0,392.29014004445133,393.493276639313,386.36782982883943,AMZN,stock,True
2025-02-24,2025-02-24 00:00:00,392.1269845003716,1780450.0,394.9497553589772,398.7172939385887,391.41064112854076,AMZN,stock,True
2025-02-25,2025-02-25 00:00:00,394.93643806775475,1039982.0,400.0282044620336,401.7584159404011,392.67233311892545,AMZN,stock,True
2025-02-26,2025-02-26 00:00:00,400.04096183969483,2908160.0,397.8183207570692,402.0438767840955,396.59912477294444,AMZN,stock,True
2025-02-27,2025-02-27 00:00:00,397.72702510705494,4518452.0,397.25883126997496,400.8611450891944,393.73451794379275,AMZN,stock,True
2025-02-28,2025-02-28 00:00:00,397.0967334705004,1926905.0,398.3876530137054,398.90198110672554,394.80511461823437,AMZN,stock,True
2025-03-03,2025-03-03 00:00:00,398.4233071635393,993645.0,397.21333700919996,401.58601315910425,396.7243370085616,AMZN,stock,True
2025-03-04,2025-03-04 00:00:00,397.01498642941675,4719314.0,398.5345653317881,399.2857394484079,394.53922545288583,AMZN,stock,True
2025-03-05,2025-03-05 00:00:00,398.515504993132,3328768.0,402.36878838087824,404.73446905841973,396.1779241269887,AMZN,stock,True
2025-03-06,2025-03-06 00:00:00,402.47129629425405,4276455.0,405.8958276142903,406.5736810439323,398.9330828083237,AMZN,stock,True
2025-03-07,2025-03-07 00:00:00,405.8099668974406,749049.0,408.45970683946587,409.73247394729253,402.020958541166,AMZN,stock,True
2025-03-10,2025-03-10 00:00:00,408.4457330302472,3058579.0,403.464321991241,409.6836800363225,400.4776276141608,AMZN,stock,True
2025-03-11,2025-03-11 00:00:00,403.5373497852456,4650880.0,401.88357296436925,405.399101581009,401.7242193400224,AMZN,stock,True
2025-03-12,2025-03-12 00:00:00,401.6839296841842,3529468.0,398.89220480586454,403.3268014512393,395.32547032321736,AMZN,stock,True
2025-03-13,2025-03-13 00:00:00,398.82405993309965,4579516.0,398.31776807095997,399.93539193436595,394.98795970337846,AMZN,stock,True
2025-03-14,2025-03-14 00:00:00,398.4223854096411,1572973.0,401.63807482971936,402.7837685436205,395.7438044594096,AMZN,stock,True
2025-03-17,2025-03-17 00:00:00,401.61803026596954,3124824.0,399.2884595998271,402.91062873408595,397.5293508982719,AMZN,stock,True
2025-03-18,2025-03-18 00:00:00,399.3373915780141,2174589.0,396.5716244958041,400.21582961635653,394.5804548048151,AMZN,stock,True
2025-03-19,2025-03-19 00:00:00,396.44011562158096,3141390.0,393.76113416412596,396.95778521579365,392.78385838513327,AMZN,stock,True
2025-03-20,2025-03-20 00:00:00,393.6966191903097,2457105.0,397.83275657956693,400.2322024569072,389.95429258725886,AMZN,stock,True
2025-03-21,2025-03-21 00:00:00,397.8886454006834,511535.0,397.3380272092986,399.27427280999683,396.8570316358149,AMZN,stock,True
2025-03-24,2025-03-24 00:00:00,397.1604644632365,565971.0,398.90436096758856,399.1950156673348,394.3368815424419,AMZN,stock,True
2025-03-25,2025-03-25 00:00:00,399.07354898977667,1053377.0,404.91401215432967,407.20161926200683,395.2326563149236,AMZN,stock,True
2025-03-26,2025-03-26 00:00:00,404.70027422549896,3584883.0,403.51684233606403,407.4078220469082,402.2852066212638,AMZN,stock,True
2025-03-27,2025-03-27 00:00:00,403.5409347053591,3998500.0,409.1912202898,411.68996288655643,402.7601905891756,AMZN,stock,True
2025-03-28,2025-03-28 00:00:00,408.97602136527297,3362802.0,407.9856007810742,411.13254426287784,406.8414515512317,AMZN,stock,True
2025-03-31,2025-03-31 00:00:00,408.1391064085658,833327.0,404.05661372182544,411.17301273687985,400.74228100635656,AMZN,stock,True
2025-04-01,2025-04-01 00:00:00,403.90593715309825,2099997.0,409.95387121998573,410.13409587503776,401.13664747893,AMZN,stock,True
2025-04-02,2025-04-02 00:00:00,410.1339745262951,950314.0,415.85311718873083,419.82666273008545,408.3989573970637,AMZN,stock,True
2025-04-03,2025-04-03 00:00:00,415.85073589937934,1443619.0,412.0905117838264,419.84136779460647,408.25491185856845,AMZN,stock,True
2025-04-04,2025-04-04 00:00:00,412.1279673707475,2422423.0,414.5455215903806,415.1065924733375,411.5448062958101,AMZN,stock,True
2025-04-07,2025-04-07 00:00:00,414.4175710920574,1379782.0,410.7950400147419,418.5107956491691,408.0802239864776,AMZN,stock,True
2025-04-08,2025-04-08 00:00:00,410.81983262157974,4250824.0,407.3437767507269,411.37965378342574,404.66567593625274,AMZN,stock,True
2025-04-09,2025-04-09 00:00:00,407.2699294301114,2663482.0,401.7868233850014,407.7006962237418,400.09941907503594,AMZN,stock,True
2025-04-10,2025-04-10 00:00:00,401.7695210798824,4044402.0,406.9246005918211,408.4597189182294,400.89329445198297,AMZN,stock,True
2025-04-11,2025-04-11 00:00:00,406.9277808832974,2119594.0,401.5764102487575,408.2096003229494,398.4407630235786,AMZN,stock,True
2025-04-14,2025-04-14 00:00:00,401.57669941432925,1478981.0,401.06720645012604,401.60160905829514,399.50830005917595,AMZN,stock,True
2025-04-15,2025-04-15 00:00:00,401.0050903164593,942292.0,401.3065455113273,403.909024924551,398.37378050949155,AMZN,stock,True
2025-04-16,2025-04-16 00:00:00,401.20017971566455,1921258.0,399.5587034377223,404.90792087443737,399.267904390649,AMZN,stock,True
2025-04-17,2025-04-17 00:00:00,399.7365230152075,2937705.0,400.01688712543125,403.20600296633694,396.6946079979723,AMZN,stock,True
2025-04-18,2025-04-18 00:00:00,399.92937618612604,4653101.0,400.5958453774722,402.2556774419698,398.6775686771172,AMZN,stock,True
2025-04-21,2025-04-21 00:00:00,400.3775537568415,3384801.0,397.4199644703032,400.52534553101384,393.47926581919455,AMZN,stock,True
2025-04-22,2025-04-22 00:00:00,397.26763672443076,2159664.0,391.5707419909431,398.3984405713876,389.15787646145867,AMZN,stock,True
2025-04-23,2025-04-23 00:00:00,391.40988386592795,1650611.0,385.92607271975726,393.32284188085634,384.2660599387421,AMZN,stock,True
2025-04-24,2025-04-24 00:00:00,385.86228053429636,1367916.0,389.02594487288724,389.39385246397376,385.4190981135489,AMZN,stock,True
2025-04-25,2025-04-25 00:00:00,389.1166085731917,2841849.0,383.5234825522753,391.8456333039769,379.72330613410656,AMZN,stock,True
2025-04-28,2025-04-28 00:00:00,383.63791230374864,3089880.0,383.0440403395772,385.51249362034514,380.6900672256469,AMZN,stock,True
2025-04-29,2025-04-29 00:00:00,383.06907815939,4312591.0,387.91917467490384,390.37599900066783,382.6887890433839,AMZN,stock,True
2025-04-30,2025-04-30 00:00:00,387.7430929560061,973319.0,392.7743634945459,393.8768340745906,384.0826420172419,AMZN,stock,True
2025-05-01,2025-05-01 00:00:00,392.80884189468446,995927.0,390.99877979218024,392.87891827102965,389.4707999059356,AMZN,stock,True
2025-05-02,2025-05-02 00:00:00,390.86757082379467,1516661.0,389.04698649410057,394.64130277673956,386.6637046946957,AMZN,stock,True
2025-05-05,2025-05-05 00:00:00,389.1374636352179,3507763.0,389.03914042236613,391.54920357927404,388.45107681028804,AMZN,stock,True
2025-05-06,2025-05-06 00:00:00,388.93404353398654,4637034.0,383.27821600901933,389.8951362697739,381.1236862639464,AMZN,stock,True
2025-05-07,2025-05-07 00:00:00,383.2275476605345,1683643.0,386.15361149190437,386.30858125803445,383.05618550906325,AMZN,stock,True
2025-05-08,2025-05-08 00:00:00,386.1922286056785,1725460.0,385.3329315303388,386.2746981183648,382.5931771778856,AMZN,stock,True
2025-05-09,2025-05-09 00:00:00,385.2557856350294,3349420.0,381.4669840252236,388.9532533424374,378.66198959911617,AMZN,stock,True
2025-05-12,2025-05-12 00:00:00,381.50177797820993,2259819.0,386.78634340761573,387.63481596262676,380.5252911024264,AMZN,stock,True
2025-05-13,2025-05-13 00:00:00,386.6900244318599,2489575.0,382.52598500901297,387.83003126351764,382.50294990672137,AMZN,stock,True
2025-05-14,2025-05-14 00:00:00,382.4127503244767,1083597.0,379.16786563718546,384.93393438129846,377.3223617024186,AMZN,stock,True
2025-05-15,2025-05-15 00:00:00,379.2841953117727,1467596.0,377.82463341099515,380.41300729028933,376.8652594709638,AMZN,stock,True
2025-05-16,2025-05-16 00:00:00,377.9196434875834,3605635.0,382.49982812289363,382.9794994079914,375.74689367176506,AMZN,stock,True
2025-05-19,2025-05-19 00:00:00,382.6576988958452,1086694.0,380.36055530992036,382.675683787837,378.90943405980124,AMZN,stock,True
2025-05-20,2025-05-20 00:00:00,380.2349203981685,1918266.0,380.8754488658888,382.4431950983308,377.4452791119165,AMZN,stock,True
2025-05-21,2025-05-21 00:00:00,381.01884835220756,3074690.0,383.05739753676903,386.29894166244475,378.75289530727093,AMZN,stock,True
2025-05-22,2025-05-22 00:00:00,382.97053315868766,4749606.0,384.86412052920554,387.1366802238875,380.34157035544234,AMZN,stock,True
2025-05-23,2025-05-23 00:00:00,384.8074106514651,961533.0,389.4483923017965,392.65527950539155,383.5371520862095,AMZN,stock,True
2025-05-26,2025-05-26 00:00:00,389.5131230976534,1224561.0,384.468467508206,390.0529530942432,382.7210928463569,AMZN,stock,True
2025-05-27,2025-05-27 00:00:00,384.399262073831,3777307.0,388.06058761149916,388.2432846019409,383.4727734325291,AMZN,stock,True
2025-05-28,2025-05-28 00:00:00,388.0973490441831,3741194.0,383.2323016354816,388.6195944516874,379.8722821149306,AMZN,stock,True
2025-05-29,2025-05-29 00:00:00,383.1831266110879,2871998.0,379.804333056283,383.47747683614244,378.3431991820467,AMZN,stock,True
2025-05-30,2025-05-30 00:00:00,379.62852856228045,514343.0,378.9830759511578,381.3936536566755,375.55840216554935,AMZN,stock,True
2025-06-02,2025-06-02 00:00:00,379.1287080562262,4150777.0,380.98900774545353,382.3326896743631,377.8946333583755,AMZN,stock,True
2025-06-03,2025-06-03 00:00:00,381.0124215248327,1310648.0,382.7762538987808,383.16144484079604,379.19633350072826,AMZN,stock,True
2025-06-04,2025-06-04 00:00:00,382.85437394853363,4059214.0,378.4038080475623,384.77837922647404,376.228866833757,AMZN,stock,True
2025-06-05,2025-06-05 00:00:00,378.45137811072664,3232434.0,373.18648826868355,380.8226001912681,372.22945600714104,AMZN,stock,True
2025-06-06,2025-06-06 00:00:00,373.19206529204683,3002067.0,368.1017814695868,373.3858057864354,365.09855545331993,AMZN,stock,True
2025-06-09,2025-06-09 00:00:00,368.000055350069,4996436.0,363.32854223360494,369.69429134726226,359.9512667808801,AMZN,stock,True
2025-06-10,2025-06-10 00:00:00,363.2939915869058,2150884.0,362.70931380988793,363.8755690011677,359.60517470995137,AMZN,stock,True
2025-06-11,2025-06-11 00:00:00,362.7944746394591,1748202.0,359.1203618515742,365.2634562017889,357.0743882051263,AMZN,stock,True
2025-06-12,2025-06-12 00:00:00,359.1132344704523,4091399.0,354.90786539520906,359.4855190500785,351.5672157732911,AMZN,stock,True
2025-06-13,2025-06-13 00:00:00,354.77072305349253,4429825.0,349.7268445804739,356.6904720473706,346.93755321517506,AMZN,stock,True
2025-06-16,2025-06-16 00:00:00,349.769817793437,1098326.0,353.150218894126,355.814111571351,348.0630259346374,AMZN,stock,True
2025-06-17,2025-06-17 00:00:00,353.15303157538784,3987517.0,355.9749766792486,358.26757356315824,350.0608755174495,AMZN,stock,True
2025-06-18,2025-06-18 00:00:00,355.8942914369597,2423169.0,359.7571430339669,361.58088054644105,354.2824802884464,AMZN,stock,True
2025-06-19,2025-06-19 00:00:00,359.59847812532394,4396381.0,364.42138308126744,364.7881457583896,359.23827639926856,AMZN,stock,True
2025-06-20,2025-06-20 00:00:00,364.37674191340744,4355372.0,364.0567485699374,365.5743724068201,362.5625660122448,AMZN,stock,True
2025-06-23,2025-06-23 00:00:00,363.935046754749,4185535.0,362.6541997041041,366.53046185140965,361.94021488860585,AMZN,stock,True
2025-06-24,2025-06-24 00:00:00,362.797880317991,2911478.0,360.3347564594069,365.7357242712527,360.1910918335558,AMZN,stock,True
2025-06-25,2025-06-25 00:00:00,360.3256602458057,4074746.0,364.7293005359499,365.58786986997376,359.1661615422225,AMZN,stock,True
2025-06-26,2025-06-26 00:00:00,364.7397730327423,2107858.0,366.76626680648144,368.47702153313446,364.4902633645312,AMZN,stock,True
2025-06-27,2025-06-27 00:00:00,366.8956380800756,1296783.0,366.7163857594629,368.4062087254003,365.29490859381696,AMZN,stock,True
2025-06-30,2025-06-30 00:00:00,366.5289404548193,1942547.0,369.0752893577458,370.44596657084406,365.16827807095666,AMZN,stock,True
2025-07-01,2025-07-01 00:00:00,369.0200928681162,2627558.0,367.31102378827495,371.7789501008916,363.9964585451145,AMZN,stock,True
2025-07-02,2025-07-02 00:00:00,367.18670448877555,2841196.0,367.75765005846796,368.45014857001337,366.93947470336593,AMZN,stock,True
2025-07-03,2025-07-03 00:00:00,367.6148133799133,2463834.0,364.56077364560645,368.3129407576588,364.472028365629,AMZN,stock,True
2025-07-04,2025-07-04 00:00:00,364.619074130488,1623862.0,369.95367143294953,371.78483866930424,361.0158283770284,AMZN,stock,True
2025-07-07,2025-07-07 00:00:00,369.94021593886026,1000563.0,371.97154117035325,374.58869578667117,368.1200581574005,AMZN,stock,True
2025-07-08,2025-07-08 00:00:00,372.0043590513443,1214093.0,367.24386025809173,373.48531011952457,366.6183984910089,AMZN,stock,True
2025-07-09,2025-07-09 00:00:00,367.15512674861213,3525306.0,364.23193329711637,370.03181885618403,362.17456888283294,AMZN,stock,True
2025-07-10,2025-07-10 00:00:00,364.2508263152812,2892505.0,362.8384595502232,364.7684301132777,360.56870338999056,AMZN,stock,True
2025-07-11,2025-07-11 00:00:00,362.72340471347553,920213.0,359.9868799479397,363.84205075436364,359.4321487366186,AMZN,stock,True
2025-07-14,2025-07-14 00:00:00,360.09510727554925,2212883.0,359.9225727513105,360.192725440993,357.1647069589408,AMZN,stock,True
2025-07-15,2025-07-15 00:00:00,360.05835629945614,2065239.0,360.0,363.08161785045206,359.70035278328976,AMZN,stock,True
2024-11-06,2024-11-06 00:00:00,360.3344321528271,1677488.0,362.8401468053903,364.5821635862924,358.0918510590268,TSLA,stock,True
2024-11-07,2024-11-07 00:00:00,362.9536729154786,722983.0,361.9299026918839,366.07527052237526,358.36724219842375,TSLA,stock,True
2024-11-08,2024-11-08 00:00:00,361.85209651702496,688577.0,357.9004213108918,364.3584685343218,357.81393423575827,TSLA,stock,True
2024-11-11,2024-11-11 00:00:00,357.88039969402115,1809318.0,358.92490454853566,361.2195039644882,355.8751982076159,TSLA,stock,True
2024-11-12,2024-11-12 00:00:00,358.8911024147019,1278588.0,361.62859292872787,364.31359107783686,357.26695278654006,TSLA,stock,True
2024-11-13,2024-11-13 00:00:00,361.5402173208971,2034208.0,358.71001677075384,362.124334482053,356.50424478334867,TSLA,stock,True
2024-11-14,2024-11-14 00:00:00,358.8096603592907,3242704.0,355.40856128708845,360.9815295322585,354.1828653789465,TSLA,stock,True
2024-11-15,2024-11-15 00:00:00,355.39135691839607,4036772.0,351.4534706269674,356.92942877007306,348.2447799250916,TSLA,stock,True
2024-11-18,2024-11-18 00:00:00,351.28030169786683,4956039.0,350.346805745635,352.41250886590944,348.00063469547285,TSLA,stock,True
2024-11-19,2024-11-19 00:00:00,350.44180730778254,1994458.0,351.0411624918327,352.7023265815159,349.5972305721927,TSLA,stock,True
2024-11-20,2024-11-20 00:00:00,350.86674310607884,3934101.0,351.35657527409387,354.00595728071045,347.3605150787038,TSLA,stock,True
2024-11-21,2024-11-21 00:00:00,351.477149267237,3512113.0,346.60437345847873,354.78601737629714,344.11902222170636,TSLA,stock,True
2024-11-22,2024-11-22 00:00:00,346.6820992349456,936834.0,346.109387790699,347.71739915676767,345.3406129688879,TSLA,stock,True
2024-11-25,2024-11-25 00:00:00,346.1773844937913,2086960.0,344.31462350872425,348.23830177741996,343.27510462284073,TSLA,stock,True
2024-11-26,2024-11-26 00:00:00,344.31156109213305,4470168.0,344.44735439993013,344.4523648226062,342.3606616435457,TSLA,stock,True
2024-11-27,2024-11-27 00:00:00,344.55388031587734,4635276.0,339.741727687628,346.8926756527982,338.58157679353985,TSLA,stock,True
2024-11-28,2024-11-28 00:00:00,339.8704493442956,897410.0,340.14172242116194,340.88984665587566,339.0488655432101,TSLA,stock,True
2024-11-29,2024-11-29 00:00:00,340.1754201277039,2455364.0,341.6190475170855,344.1106654542818,337.25595598869273,TSLA,stock,True
2024-12-02,2024-12-02 00:00:00,341.5857738470506,2864509.0,346.3619102933744,346.4177417353079,340.35087632206455,TSLA,stock,True
2024-12-03,2024-12-03 00:00:00,346.4512702439824,2702971.0,341.7790102384755,347.9482483945927,340.88150428071174,TSLA,stock,True
2024-12-04,2024-12-04 00:00:00,341.66424459040525,778333.0,344.4496831818016,346.4081886993692,339.09885790200525,TSLA,stock,True
2024-12-05,2024-12-05 00:00:00,344.56352563814437,1354917.0,349.54535711259945,352.56425751713005,341.4441922309416,TSLA,stock,True
2024-12-06,2024-12-06 00:00:00,349.6769834969604,2808893.0,352.51322837341115,355.2808846254229,347.64330056338315,TSLA,stock,True
2024-12-09,2024-12-09 00:00:00,352.59960588389157,1557711.0,352.98997518811274,355.94416166350845,352.5988954174114,TSLA,stock,True
2024-12-10,2024-12-10 00:00:00,353.0904280406509,2409398.0,351.9108231717291,355.7105484549422,349.61990016322403,TSLA,stock,True
2024-12-11,2024-12-11 00:00:00,351.8286706901403,2981442.0,347.27027177782037,355.3246984614851,345.7452616578487,TSLA,stock,True
2024-12-12,2024-12-12 00:00:00,347.3846932413756,3144675.0,350.16496726250705,352.5138787526897,346.2560073734853,TSLA,stock,True
2024-12-13,2024-12-13 00:00:00,350.23101689705715,1340396.0,351.59865362837746,351.6560879772843,349.11726361715137,TSLA,stock,True
2024-12-16,2024-12-16 00:00:00,351.7107250306696,3437115.0,355.10105024930476,356.2409597389832,349.45562341283215,TSLA,stock,True
2024-12-17,2024-12-17 00:00:00,354.93315985239377,2015170.0,358.4332383370557,359.31702367408667,352.9613277278669,TSLA,stock,True
2024-12-18,2024-12-18 00:00:00,358.27010124801706,1284940.0,360.7546042560774,362.65616502668234,354.9225960840753,TSLA,stock,True
2024-12-19,2024-12-19 00:00:00,360.69180649450703,1040884.0,364.5772141959634,365.3001302379469,358.8590534861659,TSLA,stock,True
2024-12-20,2024-12-20 00:00:00,364.40386027940224,1301398.0,366.4291323977776,367.89272816932703,363.2972410836027,TSLA,stock,True
2024-12-23,2024-12-23 00:00:00,366.2984974608682,4176744.0,363.6263192431702,366.58470894859886,363.2416626155877,TSLA,stock,True
2024-12-24,2024-12-24 00:00:00,363.42861334328353,2502253.0,367.9951275136785,368.7351318044712,361.37495678529564,TSLA,stock,True
2024-12-25,2024-12-25 00:00:00,367.8361965380973,3858557.0,364.89281049246534,369.6451052297434,364.6841634480876,TSLA,stock,True
2024-12-26,2024-12-26 00:00:00,365.0558015522642,3544285.0,363.6783076662109,368.11141528439356,361.21883250682424,TSLA,stock,True
2024-12-27,2024-12-27 00:00:00,363.67629335291593,4106589.0,364.1064329844814,366.5671940092815,360.2902923919144,TSLA,stock,True
2024-12-30,2024-12-30 00:00:00,364.0955825164492,4393940.0,361.57795258675316,366.9758740572418,359.891490394955,TSLA,stock,True
2024-12-31,2024-12-31 00:00:00,361.6934460971396,4650259.0,366.496603201788,368.14391764376177,358.9527106939693,TSLA,stock,True
2025-01-01,2025-01-01 00:00:00,366.45991337808846,3784409.0,368.6285947488971,368.8637662587999,366.0647124269175,TSLA,stock,True
2025-01-02,2025-01-02 00:00:00,368.7914292266825,4999875.0,365.83030288159495,370.6948277714104,363.1218734390446,TSLA,stock,True
2025-01-03,2025-01-03 00:00:00,365.708626132081,1042556.0,365.25625367543074,368.03768401748346,362.0509206909618,TSLA,stock,True
2025-01-06,2025-01-06 00:00:00,365.0778403611186,502129.0,363.9227817865518,367.64390773707925,361.05961258163325,TSLA,stock,True
2025-01-07,2025-01-07 00:00:00,364.0400134576047,2315299.0,362.3501027165728,366.6626073590053,361.9753957590579,TSLA,stock,True
2025-01-08,2025-01-08 00:00:00,362.2378427383348,3825114.0,367.4131539203945,370.4553703658381,358.66123709462056,TSLA,stock,True
2025-01-09,2025-01-09 00:00:00,367.5016893637802,1328310.0,366.5922321395616,370.6045804199363,364.8267600618491,TSLA,stock,True
2025-01-10,2025-01-10 00:00:00,366.59743956943146,764264.0,368.1613231564558,368.6763604248505,366.50427773181593,TSLA,stock,True
2025-01-13,2025-01-13 00:00:00,368.2250241567107,4476116.0,369.01092224070857,371.73214857314076,364.9418643329041,TSLA,stock,True
2025-01-14,2025-01-14 00:00:00,368.8446436511734,3611234.0,366.3625552882723,370.13917518437245,363.716910416362,TSLA,stock,True
2025-01-15,2025-01-15 00:00:00,366.4639299104514,4006275.0,365.4595084519181,367.19899956941515,363.18172488276093,TSLA,stock,True
2025-01-16,2025-01-16 00:00:00,365.6183307012851,4667741.0,367.97018871483954,368.9124126273678,364.9917223573816,TSLA,stock,True
2025-01-17,2025-01-17 00:00:00,367.9092033593355,2894451.0,365.6183439162079,369.8115733722259,362.9341510696477,TSLA,stock,True
2025-01-20,2025-01-20 00:00:00,365.4541522277174,3964054.0,364.9495181273465,367.93847105234136,363.9203354858155,TSLA,stock,True
2025-01-21,2025-01-21 00:00:00,364.8889588884483,3224969.0,365.9369632241501,367.86946900313757,361.33945428849324,TSLA,stock,True
2025-01-22,2025-01-22 00:00:00,365.8611482471509,831777.0,363.9893262220272,366.1884511572161,361.61537555603314,TSLA,stock,True
2025-01-23,2025-01-23 00:00:00,363.9661544563338,1321164.0,364.6251338751686,365.58890735628603,363.09936202218,TSLA,stock,True
2025-01-24,2025-01-24 00:00:00,364.6224024263048,4253803.0,359.6555345869266,366.94202392584634,358.0310866886188,TSLA,stock,True
2025-01-27,2025-01-27 00:00:00,359.77675532357785,794134.0,355.0713610436782,359.90386567363737,351.5841596992169,TSLA,stock,True
2025-01-28,2025-01-28 00:00:00,355.0938932162133,4868192.0,354.7723516589049,355.1429848895913,353.17763951553115,TSLA,stock,True
2025-01-29,2025-01-29 00:00:00,354.5916116292416,1616974.0,359.3954250097849,360.7225436183393,353.4069811214487,TSLA,stock,True
2025-01-30,2025-01-30 00:00:00,359.39182663940034,1493842.0,358.6211438886821,362.15274008968356,356.49843890246507,TSLA,stock,True
2025-01-31,2025-01-31 00:00:00,358.46351061107777,4945314.0,353.6780353015716,361.60568640249255,352.2441567383538,TSLA,stock,True
2025-02-03,2025-02-03 00:00:00,353.78467658994543,2830012.0,355.0377662969672,356.4298934233975,350.51237846453546,TSLA,stock,True
2025-02-04,2025-02-04 00:00:00,355.16912875045193,3493153.0,350.25256051122153,356.9761815137734,350.194035418074,TSLA,stock,True
2025-02-05,2025-02-05 00:00:00,350.1558633177563,3790110.0,350.9669246683578,351.0434494042828,349.96907496596754,TSLA,stock,True
2025-02-06,2025-02-06 00:00:00,351.02808968679443,1131619.0,352.27625422891043,353.2911788972705,348.69953540956527,TSLA,stock,True
2025-02-07,2025-02-07 00:00:00,352.28740445004274,639481.0,350.6317708643616,352.8588579044785,348.15197932682764,TSLA,stock,True
2025-02-10,2025-02-10 00:00:00,350.4701296000159,4529095.0,354.1167812456557,355.8402945541632,349.3716860740616,TSLA,stock,True
2025-02-11,2025-02-11 00:00:00,353.9563551709159,4757230.0,358.18811837585054,359.13299677634467,351.3122685483195,TSLA,stock,True
2025-02-12,2025-02-12 00:00:00,358.29384523994173,1047275.0,357.7865019036353,360.8458195821759,355.947924680874,TSLA,stock,True
2025-02-13,2025-02-13 00:00:00,357.6184854634531,1188860.0,358.36923673879824,359.15761416601714,354.27498995909895,TSLA,stock,True
2025-02-14,2025-02-14 00:00:00,358.1858697515334,4406882.0,359.1174075778574,360.1309954916627,356.6850529392048,TSLA,stock,True
2025-02-17,2025-02-17 00:00:00,359.1439784795141,1596049.0,357.2511198174429,362.3530121634963,357.0305731388101,TSLA,stock,True
2025-02-18,2025-02-18 00:00:00,357.162564802548,1366976.0,355.6852671461798,357.22618469965494,353.61315564969055,TSLA,stock,True
2025-02-19,2025-02-19 00:00:00,355.5034327150975,4105532.0,355.12754097405826,357.16599974807224,353.68184967955585,TSLA,stock,True
2025-02-20,2025-02-20 00:00:00,355.07979898829745,4824212.0,357.6711811195592,360.61219580225657,352.3130624160105,TSLA,stock,True
2025-02-21,2025-02-21 00:00:00,357.6742787168533,4888065.0,355.0067951910177,359.1504661576107,353.78942189965215,TSLA,stock,True
2025-02-24,2025-02-24 00:00:00,354.8993955304272,2720548.0,353.0428877097624,356.2336018312723,351.2133839028855,TSLA,stock,True
2025-02-25,2025-02-25 00:00:00,352.97871988521,545550.0,353.4829274320982,356.84530106125834,350.82649157062315,TSLA,stock,True
2025-02-26,2025-02-26 00:00:00,353.53563445992734,4058917.0,350.7581643742649,353.81438307289596,349.4932487081799,TSLA,stock,True
2025-02-27,2025-02-27 00:00:00,350.75952141120155,4374942.0,355.07123322666706,355.825913313911,349.5183855457771,TSLA,stock,True
2025-02-28,2025-02-28 00:00:00,355.06103196609126,4924525.0,353.23810321405256,357.9241539415786,351.839197812335,TSLA,stock,True
2025-03-03,2025-03-03 00:00:00,353.3966014469458,1077917.0,352.66572102668334,355.06723377132874,351.9031296222758,TSLA,stock,True
2025-03-04,2025-03-04 00:00:00,352.80054122600944,3106199.0,350.87491870450634,355.1404262651875,350.7869250577729,TSLA,stock,True
2025-03-05,2025-03-05 00:00:00,350.9260943400349,3295802.0,352.10689439507354,352.1220096605795,348.1348603157796,TSLA,stock,True
2025-03-06,2025-03-06 00:00:00,351.9561056410021,2231288.0,348.8052153170327,353.8003707474435,347.37993268945286,TSLA,stock,True
2025-03-07,2025-03-07 00:00:00,348.8580431503172,4199610.0,348.5153304653743,351.38598307182576,346.17660821920146,TSLA,stock,True
2025-03-10,2025-03-10 00:00:00,348.54820020973585,2727554.0,350.6665897684517,351.7186202814349,347.2213548487741,TSLA,stock,True
2025-03-11,2025-03-11 00:00:00,350.7220246310712,1028152.0,353.2742796864108,353.87782869366896,349.99228159068156,TSLA,stock,True
2025-03-12,2025-03-12 00:00:00,353.3333496328015,3455207.0,349.81864193838777,353.9016698190155,346.61440757149643,TSLA,stock,True
2025-03-13,2025-03-13 00:00:00,349.84231687740555,4945105.0,344.8072722935088,352.7804578050205,342.1672568975123,TSLA,stock,True
2025-03-14,2025-03-14 00:00:00,344.6575578569692,4713223.0,342.8561477243121,348.1023633006678,341.51085601772473,TSLA,stock,True
2025-03-17,2025-03-17 00:00:00,342.89149856422154,2778153.0,338.24407358575905,345.60227727988143,336.47741742982504,TSLA,stock,True
2025-03-18,2025-03-18 00:00:00,338.3224618221099,781040.0,334.81350276579917,338.4547902185879,333.48914020435046,TSLA,stock,True
2025-03-19,2025-03-19 00:00:00,334.7875429091556,2280595.0,337.164598690262,338.19508712927416,332.67735248391756,TSLA,stock,True
2025-03-20,2025-03-20 00:00:00,337.15145192555525,4993832.0,337.3393484697903,338.45155068914994,334.3904546372276,TSLA,stock,True
2025-03-21,2025-03-21 00:00:00,337.31706700275544,4963000.0,332.44202765929197,340.1118048548052,330.76527688900944,TSLA,stock,True
2025-03-24,2025-03-24 00:00:00,332.46150523731916,928150.0,330.32468036868306,335.5927339526194,328.7721366655974,TSLA,stock,True
2025-03-25,2025-03-25 00:00:00,330.2029874054664,4159311.0,325.72704239648874,330.5615582451755,323.36266263172837,TSLA,stock,True
2025-03-26,2025-03-26 00:00:00,325.6890341335576,2571633.0,322.20410457588,328.5008107431209,321.134521834569,TSLA,stock,True
2025-03-27,2025-03-27 00:00:00,322.1049728474348,2226247.0,326.4324945981945,329.033775226712,320.2860720758433,TSLA,stock,True
2025-03-28,2025-03-28 00:00:00,326.3920652210195,4801942.0,330.5010589996434,333.41133765802607,323.24234079487513,TSLA,stock,True
2025-03-31,2025-03-31 00:00:00,330.54581813939285,762316.0,326.2110622735,333.37738529922314,325.55344764524534,TSLA,stock,True
2025-04-01,2025-04-01 00:00:00,326.2002976283468,4852516.0,330.2269278400393,332.79336772103994,324.5284173556789,TSLA,stock,True
2025-04-02,2025-04-02 00:00:00,330.0574689430071,4804295.0,328.88176347564223,332.67736270510727,326.5462368943997,TSLA,stock,True
2025-04-03,2025-04-03 00:00:00,328.7047081181908,4424680.0,331.03905642840925,331.48792560870925,328.38089591360415,TSLA,stock,True
2025-04-04,2025-04-04 00:00:00,331.02335666121843,3962493.0,327.012069277319,334.19075375582673,323.9989185162741,TSLA,stock,True
2025-04-07,2025-04-07 00:00:00,327.06048907058204,1124120.0,329.6679643528059,330.6666967561803,325.8123342004075,TSLA,stock,True
2025-04-08,2025-04-08 00:00:00,329.78453102291087,4031938.0,329.21723222927847,331.6429140911588,326.59883172306365,TSLA,stock,True
2025-04-09,2025-04-09 00:00:00,329.36194874927077,4645232.0,332.5902297505134,335.7889882384638,327.07494211620485,TSLA,stock,True
2025-04-10,2025-04-10 00:00:00,332.6412119031285,656233.0,330.34025808511217,334.6439604817785,329.6231233478198,TSLA,stock,True
2025-04-11,2025-04-11 00:00:00,330.26673763989004,1652445.0,332.5942745795074,333.16084157927355,327.3721808625063,TSLA,stock,True
2025-04-14,2025-04-14 00:00:00,332.57356037449705,600571.0,331.0373852759277,332.8549827461474,330.44488581445506,TSLA,stock,True
2025-04-15,2025-04-15 00:00:00,331.06753293700734,4128015.0,332.46239967952704,333.81428537063255,328.3798045894917,TSLA,stock,True
2025-04-16,2025-04-16 00:00:00,332.5843216659664,4625887.0,332.80786077142443,334.6873798831471,332.5322690457902,TSLA,stock,True
2025-04-17,2025-04-17 00:00:00,332.664118103091,1128181.0,329.1233972818862,333.41571703444475,325.9363967272528,TSLA,stock,True
2025-04-18,2025-04-18 00:00:00,329.2131220866936,3966670.0,331.8964129891127,333.87813091564374,328.2066668993322,TSLA,stock,True
2025-04-21,2025-04-21 00:00:00,331.7968594436466,1487568.0,336.5204957324445,339.3835748221581,331.249073117349,TSLA,stock,True
2025-04-22,2025-04-22 00:00:00,336.4079748662344,1456632.0,339.8763513160526,340.61981652580766,334.19064526901576,TSLA,stock,True
2025-04-23,2025-04-23 00:00:00,339.8433919488681,2057081.0,341.83193777411645,344.8117449374989,339.5762999190223,TSLA,stock,True
2025-04-24,2025-04-24 00:00:00,341.7277389323877,3784711.0,338.134332945816,344.26783161541,336.0140091553913,TSLA,stock,True
2025-04-25,2025-04-25 00:00:00,338.21379814427837,2721583.0,336.74382791553455,339.65142013128246,334.47973200042196,TSLA,stock,True
2025-04-28,2025-04-28 00:00:00,336.7666786937111,2545946.0,339.09788555270416,340.60666335317427,335.41652024626035,TSLA,stock,True
2025-04-29,2025-04-29 00:00:00,339.1344885440664,2366673.0,344.1543842419269,347.30183120956275,338.56683655120554,TSLA,stock,True
2025-04-30,2025-04-30 00:00:00,344.10443440998296,4924122.0,348.4361122985335,350.34174959569555,343.9478316577113,TSLA,stock,True
2025-05-01,2025-05-01 00:00:00,348.52331737862767,2396385.0,347.8922120215713,350.9244398513794,346.1644982924085,TSLA,stock,True
2025-05-02,2025-05-02 00:00:00,347.7273313692692,1858684.0,343.7518954674777,349.6208566338833,342.3872269910863,TSLA,stock,True
2025-05-05,2025-05-05 00:00:00,343.85193858857747,1764155.0,348.3381752554021,350.9745602095293,340.81328562636907,TSLA,stock,True
2025-05-06,2025-05-06 00:00:00,348.2475572407126,2155186.0,352.336391344282,352.57260284325685,345.52251791514357,TSLA,stock,True
2025-05-07,2025-05-07 00:00:00,352.4218399413332,4705957.0,353.91097300352254,354.48543077654335,352.1190180679787,TSLA,stock,True
2025-05-08,2025-05-08 00:00:00,353.8342328219243,4362124.0,356.70570629669083,357.0736456390796,352.7962296287779,TSLA,stock,True
2025-05-09,2025-05-09 00:00:00,356.64292429064693,1801414.0,359.1914986451206,361.98325725474575,356.00208142292934,TSLA,stock,True
2025-05-12,2025-05-12 00:00:00,359.02975615225637,4953816.0,359.8621843058987,362.82604091193764,358.1568129610212,TSLA,stock,True
2025-05-13,2025-05-13 00:00:00,359.66701406814525,2574941.0,362.3024271071783,363.87523721484473,359.47566794413956,TSLA,stock,True
2025-05-14,2025-05-14 00:00:00,362.1832538470614,1392241.0,361.7348019020303,365.6085851903055,358.46200932345556,TSLA,stock,True
2025-05-15,2025-05-15 00:00:00,361.65389385545956,4604990.0,362.83265914407656,363.4134852418874,360.02948062620226,TSLA,stock,True
2025-05-16,2025-05-16 00:00:00,362.863857324216,1547944.0,366.4453520572097,367.21725956103427,360.1362588276306,TSLA,stock,True
2025-05-19,2025-05-19 00:00:00,366.4549156362551,2921922.0,367.3172575816651,367.7727613151013,363.2195614397578,TSLA,stock,True
2025-05-20,2025-05-20 00:00:00,367.29079041048544,1791665.0,363.83102074854105,369.00364413337593,360.89989626663424,TSLA,stock,True
2025-05-21,2025-05-21 00:00:00,363.7628733963648,1392069.0,362.15207329956337,366.7907481772904,359.46431961894154,TSLA,stock,True
2025-05-22,2025-05-22 00:00:00,362.2800015127842,1661174.0,364.33392430916194,365.5930205966933,359.2480345922582,TSLA,stock,True
2025-05-23,2025-05-23 00:00:00,364.49615440673904,1482476.0,365.54976621661706,368.0338813620971,363.5763405771431,TSLA,stock,True
2025-05-26,2025-05-26 00:00:00,365.6626030093761,4298171.0,360.61432849789276,366.6433477480142,357.4667721065638,TSLA,stock,True
2025-05-27,2025-05-27 00:00:00,360.525476291193,4110516.0,362.6354251836227,363.34032076525045,358.04574527109025,TSLA,stock,True
2025-05-28,2025-05-28 00:00:00,362.7150343041442,2600342.0,362.8387533385648,364.0679561085519,360.86916843545,TSLA,stock,True
2025-05-29,2025-05-29 00:00:00,362.9773302262854,3950592.0,367.67543829016444,369.62510696269106,361.89960799361995,TSLA,stock,True
2025-05-30,2025-05-30 00:00:00,367.4753932887777,3339048.0,367.5149602430807,369.3517245055818,365.4457615718406,TSLA,stock,True
2025-06-02,2025-06-02 00:00:00,367.5774596637691,2517929.0,365.7218513715998,371.1124362414287,364.6437729952192,TSLA,stock,True
2025-06-03,2025-06-03 00:00:00,365.7778350507762,4814533.0,368.058424251775,369.12550966216213,364.07559531502716,TSLA,stock,True
2025-06-04,2025-06-04 00:00:00,368.13509354796145,1237488.0,364.45727078733785,370.1890948249137,360.89670142759843,TSLA,stock,True
2025-06-05,2025-06-05 00:00:00,364.5030399171265,807415.0,366.73406421138225,368.35887576779504,364.1966834867802,TSLA,stock,True
2025-06-06,2025-06-06 00:00:00,366.60428211024134,4025963.0,366.23628911088724,368.87754217534166,365.0836346893256,TSLA,stock,True
2025-06-09,2025-06-09 00:00:00,366.14496466290433,3281950.0,370.46999527902835,372.19248458692005,362.91970730364045,TSLA,stock,True
2025-06-10,2025-06-10 00:00:00,370.4434753388025,3606917.0,375.6213530066225,377.47871034199915,366.86890431018026,TSLA,stock,True
2025-06-11,2025-06-11 00:00:00,375.42598265059286,974124.0,380.2269082517499,381.5184509038028,374.49848438179015,TSLA,stock,True
2025-06-12,2025-06-12 00:00:00,380.3144590922239,586432.0,375.71218340872576,381.5082310099831,372.66214540788104,TSLA,stock,True
2025-06-13,2025-06-13 00:00:00,375.5199550849368,2573831.0,380.02670858025226,383.82538785398174,374.2509814057741,TSLA,stock,True
2025-06-16,2025-06-16 00:00:00,380.08333412774095,2797723.0,380.2244132042708,380.2670627691901,376.662603155139,TSLA,stock,True
2025-06-17,2025-06-17 00:00:00,380.3732851823136,3977954.0,379.5740771003273,382.7548214843675,379.2371452493406,TSLA,stock,True
2025-06-18,2025-06-18 00:00:00,379.6857703251876,820728.0,376.8272683425488,381.5404869669478,373.6069801645748,TSLA,stock,True
2025-06-19,2025-06-19 00:00:00,376.7718703372619,4996512.0,380.3779384352114,383.97033077856537,375.5262237978975,TSLA,stock,True
2025-06-20,2025-06-20 00:00:00,380.5437129402795,1698196.0,376.4864995112701,381.4713833838873,375.69310013828016,TSLA,stock,True
2025-06-23,2025-06-23 00:00:00,376.42034856051407,4746103.0,375.9669789762131,377.241613898278,372.9006406451539,TSLA,stock,True
2025-06-24,2025-06-24 00:00:00,375.99309520170164,2297218.0,375.1746748776547,376.20726115956114,375.0405351069152,TSLA,stock,True
2025-06-25,2025-06-25 00:00:00,375.14117682113147,2359083.0,373.23905147113294,376.9700678351477,369.8486137616848,TSLA,stock,True
2025-06-26,2025-06-26 00:00:00,373.34804158586195,2013289.0,369.1081030781474,374.50038777370276,366.44085511893934,TSLA,stock,True
2025-06-27,2025-06-27 00:00:00,368.96404460422224,1174947.0,367.7671418870307,371.3427972465663,364.1900454854306,TSLA,stock,True
2025-06-30,2025-06-30 00:00:00,367.8026051536466,1157421.0,364.7306162201939,368.84581054876605,361.11281844029406,TSLA,stock,True
2025-07-01,2025-07-01 00:00:00,364.89037611337113,1973278.0,366.53101741932835,368.38818967136757,362.0701039328558,TSLA,stock,True
2025-07-02,2025-07-02 00:00:00,366.68476903189145,2138441.0,364.76580826452255,369.49889722306756,363.8843225928487,TSLA,stock,True
2025-07-03,2025-07-03 00:00:00,364.8750709875361,3813866.0,366.91966114659516,370.38041511720553,363.1643547727149,TSLA,stock,True
2025-07-04,2025-07-04 00:00:00,366.95176632429246,3794084.0,364.88455134496195,369.7833121603999,361.5842699308939,TSLA,stock,True
2025-07-07,2025-07-07 00:00:00,364.9268092217297,548415.0,370.23714865628074,373.1846385293835,364.71083812290055,TSLA,stock,True
2025-07-08,2025-07-08 00:00:00,370.3118782674255,4793018.0,368.29786482409594,373.7451312027296,365.6223961235863,TSLA,stock,True
2025-07-09,2025-07-09 00:00:00,368.2713342090001,1657326.0,368.72673781091873,369.62611047232366,367.31613238774514,TSLA,stock,True
2025-07-10,2025-07-10 00:00:00,368.6315229680718,989511.0,363.5091067432334,370.38623121957045,362.2632968583136,TSLA,stock,True
2025-07-11,2025-07-11 00:00:00,363.4498168888403,541787.0,361.201857686217,364.1290371526796,358.8897102167851,TSLA,stock,True
2025-07-14,2025-07-14 00:00:00,361.33078991481204,972909.0,356.27180416039687,363.0224664331982,355.78029429092607,TSLA,stock,True
2025-07-15,2025-07-15 00:00:00,356.3392772996486,2457739.0,358.0,361.3305937858851,354.1942566667141,TSLA,stock,True
2024-11-06,2024-11-06 00:00:00,1392.3987677450868,17769941.0,1393.2745022854758,1395.1287006716086,1385.025932623891,SPY,index,True
2024-11-07,2024-11-07 00:00:00,1393.3505476591754,45136791.0,1402.0190826743838,1404.4345181267436,1380.7441207091358,SPY,index,True
2024-11-08,2024-11-08 00:00:00,1402.4908006548555,24327479.0,1394.3384555546766,1407.7280480446802,1383.3329262523016,SPY,index,True
2024-11-11,2024-11-11 00:00:00,1394.5954053658381,39635253.0,1383.7233804083205,1402.4786043177307,1370.9794153766973,SPY,index,True
2024-11-12,2024-11-12 00:00:00,1383.497758999838,10754674.0,1372.2240622232152,1384.5865461832982,1359.6310998672675,SPY,index,True
2024-11-13,2024-11-13 00:00:00,1372.0013889864001,19125962.0,1370.8525760849373,1376.5722874840642,1365.3180878691544,SPY,index,True
2024-11-14,2024-11-14 00:00:00,1370.8542336391088,38286965.0,1375.677025489031,1386.0729721343291,1366.8690970186772,SPY,index,True
2024-11-15,2024-11-15 00:00:00,1375.403072976967,36952908.0,1384.4932933823973,1393.614814084706,1371.040901137732,SPY,index,True
2024-11-18,2024-11-18 00:00:00,1384.5797668858645,16511153.0,1391.3161507531565,1399.3243944988444,1378.8285077072082,SPY,index,True
2024-11-19,2024-11-19 00:00:00,1390.9806441820283,13831381.0,1397.9610503258903,1399.42110358507,1388.4005028889337,SPY,index,True
2024-11-20,2024-11-20 00:00:00,1397.3740598344477,7492918.0,1385.2740377180296,1408.8994586386011,1373.8684441796672,SPY,index,True
2024-11-21,2024-11-21 00:00:00,1385.5340682113113,38753236.0,1372.3600411089494,1387.3187218950895,1371.6215688563582,SPY,index,True
2024-11-22,2024-11-22 00:00:00,1372.278116426527,15917646.0,1361.1334937587374,1380.9460442728084,1352.162509248633,SPY,index,True
2024-11-25,2024-11-25 00:00:00,1361.227355153548,5055708.0,1362.2620302577998,1372.0923604548498,1359.2094808661775,SPY,index,True
2024-11-26,2024-11-26 00:00:00,1362.4878095447493,23098735.0,1361.8694403613003,1366.9685165342837,1357.425993613123,SPY,index,True
2024-11-27,2024-11-27 00:00:00,1361.762821765124,19641886.0,1369.4527901249783,1372.2974513875195,1354.953671658979,SPY,index,True
2024-11-28,2024-11-28 00:00:00,1369.442976216664,34318511.0,1365.6885625563807,1382.0907823853556,1356.7001632426523,SPY,index,True
2024-11-29,2024-11-29 00:00:00,1365.9319796890793,26058223.0,1354.2558385109132,1378.3850203097556,1345.804944134081,SPY,index,True
2024-12-02,2024-12-02 00:00:00,1354.3243272772895,18472790.0,1354.1225349193196,1362.5985060059065,1351.634515242718,SPY,index,True
2024-12-03,2024-12-03 00:00:00,1354.1040248630816,47592256.0,1363.7472196002163,1376.5285219014772,1343.445670999791,SPY,index,True
2024-12-04,2024-12-04 00:00:00,1363.3011117698068,29640655.0,1361.4106154246017,1367.621048121692,1348.272851282491,SPY,index,True
2024-12-05,2024-12-05 00:00:00,1361.4649441168306,37097873.0,1370.76758446355,1377.2689580475046,1348.3533993732144,SPY,index,True
2024-12-06,2024-12-06 00:00:00,1371.2438086787085,41833498.0,1368.6258419149533,1377.6218787391185,1360.3925862180915,SPY,index,True
2024-12-09,2024-12-09 00:00:00,1368.3689814763118,44233337.0,1366.5142840132823,1368.7480927783383,1359.87833157097,SPY,index,True
2024-12-10,2024-12-10 00:00:00,1366.82626969559,5866952.0,1377.5209058067917,1384.312808141565,1357.9636405411918,SPY,index,True
2024-12-11,2024-12-11 00:00:00,1377.6038709180953,28623034.0,1382.589677207899,1385.0273189273776,1366.2542302542452,SPY,index,True
2024-12-12,2024-12-12 00:00:00,1382.261439022021,45919798.0,1387.5242265996405,1400.0562378473517,1382.056526330094,SPY,index,True
2024-12-13,2024-12-13 00:00:00,1387.0082949067319,7488575.0,1394.8710734953177,1401.0063845329742,1381.9982665391335,SPY,index,True
2024-12-16,2024-12-16 00:00:00,1394.5344621210338,6422041.0,1407.3224041394499,1416.164989424855,1393.0406311309985,SPY,index,True
2024-12-17,2024-12-17 00:00:00,1407.0040018854766,15982739.0,1408.1266780137548,1418.369254146347,1394.0715491410103,SPY,index,True
2024-12-18,2024-12-18 00:00:00,1407.6841431400246,8081114.0,1396.0084222719495,1416.608186582863,1387.2995439682468,SPY,index,True
2024-12-19,2024-12-19 00:00:00,1395.5725970431017,25307467.0,1408.2327489149225,1409.3230094566848,1392.4049361571197,SPY,index,True
2024-12-20,2024-12-20 00:00:00,1407.9684110669925,19914690.0,1418.3506635757121,1426.7113803033817,1400.6063243729457,SPY,index,True
2024-12-23,2024-12-23 00:00:00,1418.8604314808415,8164258.0,1407.984301083127,1423.4009824537663,1399.583358510087,SPY,index,True
2024-12-24,2024-12-24 00:00:00,1407.6360202766477,45807803.0,1412.2550166668145,1417.552871393145,1396.4181035147399,SPY,index,True
2024-12-25,2024-12-25 00:00:00,1412.6016335091595,37284819.0,1409.6330391122258,1418.3826940706504,1408.0858785484572,SPY,index,True
2024-12-26,2024-12-26 00:00:00,1409.7357438778358,45598873.0,1408.366905938101,1415.0973776825285,1403.8440596193889,SPY,index,True
2024-12-27,2024-12-27 00:00:00,1408.4909304803248,47448064.0,1398.2138611875503,1414.8208563024134,1391.980172847386,SPY,index,True
2024-12-30,2024-12-30 00:00:00,1398.2666784525175,18046127.0,1408.4242323119897,1422.0564036749413,1394.707287088601,SPY,index,True
2024-12-31,2024-12-31 00:00:00,1407.8591021400966,30438508.0,1396.729564296468,1420.2608497469625,1395.2984758924163,SPY,index,True
2025-01-01,2025-01-01 00:00:00,1396.313751761761,13775448.0,1393.3359966560822,1397.1072279413743,1386.3012789055356,SPY,index,True
2025-01-02,2025-01-02 00:00:00,1393.366927296398,17039584.0,1403.0997546623855,1406.0640295544986,1384.9631031238123,SPY,index,True
2025-01-03,2025-01-03 00:00:00,1403.5273770563201,19079618.0,1405.2729473104528,1409.9961739442397,1401.9847185005767,SPY,index,True
2025-01-06,2025-01-06 00:00:00,1405.2717906244802,37574584.0,1405.2520955475243,1418.1145057362414,1401.1929358923974,SPY,index,True
2025-01-07,2025-01-07 00:00:00,1404.6729584366444,32453867.0,1391.3913312856546,1416.5927878155373,1385.7949091243395,SPY,index,True
2025-01-08,2025-01-08 00:00:00,1391.1516588580519,40168590.0,1378.351670815603,1397.6552721119908,1367.9425407655754,SPY,index,True
2025-01-09,2025-01-09 00:00:00,1378.627026592268,37998739.0,1390.5589554802973,1396.2221797833945,1368.3707870388025,SPY,index,True
2025-01-10,2025-01-10 00:00:00,1390.0906643215649,36794022.0,1403.3956501050466,1409.3286210172046,1389.9990266231646,SPY,index,True
2025-01-13,2025-01-13 00:00:00,1403.0978227598484,46199112.0,1391.7946186203362,1416.1421935966137,1388.9698490343815,SPY,index,True
2025-01-14,2025-01-14 00:00:00,1391.8504787307618,5890347.0,1385.3446030896157,1400.6243629019718,1379.4685505499604,SPY,index,True
2025-01-15,2025-01-15 00:00:00,1385.6552744952862,37666359.0,1395.1531487742009,1407.375892697853,1373.472726178413,SPY,index,True
2025-01-16,2025-01-16 00:00:00,1395.626838964273,39069072.0,1404.4486800833251,1408.93074237836,1387.9762945843456,SPY,index,True
2025-01-17,2025-01-17 00:00:00,1404.8768025387644,26163018.0,1418.1262010209891,1427.3086299729187,1402.8964332235234,SPY,index,True
2025-01-20,2025-01-20 00:00:00,1418.5288152716853,24603078.0,1412.8801162404095,1426.5486949182562,1408.4624627034927,SPY,index,True
2025-01-21,2025-01-21 00:00:00,1413.217957687557,41520600.0,1402.185669371227,1417.8456805988124,1399.091904627682,SPY,index,True
2025-01-22,2025-01-22 00:00:00,1401.9564752730462,25769780.0,1399.7909797272189,1408.7690821117255,1394.3961228904816,SPY,index,True
2025-01-23,2025-01-23 00:00:00,1399.7535022975687,6101799.0,1403.0707170015176,1407.7553090048623,1396.5113210622185,SPY,index,True
2025-01-24,2025-01-24 00:00:00,1403.538859424917,10794152.0,1407.5746941052837,1411.9294529386343,1399.6875853466956,SPY,index,True
2025-01-27,2025-01-27 00:00:00,1407.6244597569557,44667089.0,1404.898565087097,1412.7184382768553,1398.8042974094703,SPY,index,True
2025-01-28,2025-01-28 00:00:00,1405.2416195585072,34119287.0,1411.9465129669518,1425.573092653222,1400.3347588057661,SPY,index,True
2025-01-29,2025-01-29 00:00:00,1411.6933405775262,10729481.0,1400.2798339539988,1416.9638525901594,1387.3232638169402,SPY,index,True
2025-01-30,2025-01-30 00:00:00,1399.7898668358316,30206380.0,1394.2317028351931,1404.2707527868022,1390.722605260114,SPY,index,True
2025-01-31,2025-01-31 00:00:00,1394.3833841982769,31067807.0,1386.9344291030002,1402.0531457122104,1373.2211027061137,SPY,index,True
2025-02-03,2025-02-03 00:00:00,1386.7430496028212,43601566.0,1385.3286198371684,1398.890401986822,1383.277134958161,SPY,index,True
2025-02-04,2025-02-04 00:00:00,1385.5312024530797,13920992.0,1380.3230230135007,1395.676517983965,1375.5143543820377,SPY,index,True
2025-02-05,2025-02-05 00:00:00,1380.1929662626696,28138926.0,1369.9277167806997,1393.2965700063294,1358.8684374857344,SPY,index,True
2025-02-06,2025-02-06 00:00:00,1369.4794842366837,9169522.0,1359.7646704504298,1375.5154584129182,1351.4584476699715,SPY,index,True
2025-02-07,2025-02-07 00:00:00,1360.1092406674236,33958323.0,1360.8780354063003,1363.442847324651,1356.2989463575725,SPY,index,True
2025-02-10,2025-02-10 00:00:00,1361.2892240382037,13329377.0,1369.2467674617856,1380.6470940293389,1359.3149163265361,SPY,index,True
2025-02-11,2025-02-11 00:00:00,1368.8248931332237,6307866.0,1380.900277616056,1381.4628746282992,1357.246982553675,SPY,index,True
2025-02-12,2025-02-12 00:00:00,1380.3390297067829,40522790.0,1380.7556199323128,1390.8328594779853,1374.118081321052,SPY,index,True
2025-02-13,2025-02-13 00:00:00,1380.1846186941932,45961165.0,1386.6838149445252,1396.4168992920831,1376.2422214350795,SPY,index,True
2025-02-14,2025-02-14 00:00:00,1386.4392894106973,8979204.0,1399.945679858134,1404.8085689866396,1380.4043591577692,SPY,index,True
2025-02-17,2025-02-17 00:00:00,1399.4296225751598,42549738.0,1399.8710919781843,1408.799776829332,1391.536229259664,SPY,index,True
2025-02-18,2025-02-18 00:00:00,1399.7600260596737,6818361.0,1390.0922160966313,1409.3293616450696,1376.3775357143459,SPY,index,True
2025-02-19,2025-02-19 00:00:00,1389.873593102093,15379742.0,1389.9727045534526,1394.0473340224655,1385.8206625656362,SPY,index,True
2025-02-20,2025-02-20 00:00:00,1390.2522736928108,24103949.0,1377.2753084570097,1401.7694785932554,1367.4792483726012,SPY,index,True
2025-02-21,2025-02-21 00:00:00,1376.6903555107854,49305309.0,1369.5696075486364,1385.2739133264545,1356.2088878767577,SPY,index,True
2025-02-24,2025-02-24 00:00:00,1369.3551194733416,45591323.0,1360.8951923887303,1376.805698092247,1354.2218210049014,SPY,index,True
2025-02-25,2025-02-25 00:00:00,1361.0159770502967,31349854.0,1353.7231167181822,1364.8326705721286,1342.0024913494224,SPY,index,True
2025-02-26,2025-02-26 00:00:00,1353.947638872289,6551821.0,1365.8375260002986,1375.9167797282823,1350.130207038681,SPY,index,True
2025-02-27,2025-02-27 00:00:00,1365.589651681809,32392686.0,1362.273275579379,1374.776768750279,1350.3305113899696,SPY,index,True
2025-02-28,2025-02-28 00:00:00,1361.9466952353198,40127309.0,1354.2170101010977,1373.9052423696157,1350.5284014194076,SPY,index,True
2025-03-03,2025-03-03 00:00:00,1354.1063860853487,37469060.0,1355.2594972071483,1368.2637323940708,1341.492198452864,SPY,index,True
2025-03-04,2025-03-04 00:00:00,1354.9514597032364,35422380.0,1356.8284683120503,1357.055617101256,1343.8346706996738,SPY,index,True
2025-03-05,2025-03-05 00:00:00,1356.5415973603804,6917985.0,1354.5758827406075,1360.0128875198518,1353.855455283053,SPY,index,True
2025-03-06,2025-03-06 00:00:00,1354.519357105286,47064543.0,1350.6161630030347,1357.2570112139197,1346.127014525219,SPY,index,True
2025-03-07,2025-03-07 00:00:00,1350.4729714562593,29363042.0,1361.3527737823981,1368.089533698674,1345.3694137626214,SPY,index,True
2025-03-10,2025-03-10 00:00:00,1361.5758561469208,10152686.0,1362.2466017278189,1370.9593373404716,1354.3741527263508,SPY,index,True
2025-03-11,2025-03-11 00:00:00,1362.6478072879315,49130285.0,1365.5402210012794,1376.4141142173225,1355.760545833596,SPY,index,True
2025-03-12,2025-03-12 00:00:00,1365.2708737875846,21805661.0,1361.1962434391262,1365.6881554266045,1356.0698727886856,SPY,index,True
2025-03-13,2025-03-13 00:00:00,1361.2428834300506,36772532.0,1360.8096710281307,1367.5484840553438,1353.599732015753,SPY,index,True
2025-03-14,2025-03-14 00:00:00,1360.3917974486349,14177039.0,1352.880601092093,1368.057070573212,1350.209193528093,SPY,index,True
2025-03-17,2025-03-17 00:00:00,1352.973279838127,11910894.0,1343.8829012776412,1358.7495929032955,1342.418682376048,SPY,index,True
2025-03-18,2025-03-18 00:00:00,1343.4306987763457,20578041.0,1339.9136234578161,1344.923264299344,1332.2991596362183,SPY,index,True
2025-03-19,2025-03-19 00:00:00,1340.307357836444,29509329.0,1328.3372539265551,1344.3049528875406,1319.9920108852923,SPY,index,True
2025-03-20,2025-03-20 00:00:00,1328.6167015219276,41992321.0,1335.2117083821934,1342.012530778084,1327.508061885686,SPY,index,True
2025-03-21,2025-03-21 00:00:00,1335.5824390090008,20490053.0,1331.2647722399097,1340.0423953700074,1330.0079879869434,SPY,index,True
2025-03-24,2025-03-24 00:00:00,1330.9905629276666,26739198.0,1318.5216782639725,1338.9640316885586,1313.6645357338384,SPY,index,True
2025-03-25,2025-03-25 00:00:00,1318.6131280454226,22071703.0,1325.6033800315056,1335.5654905736671,1311.9820670839265,SPY,index,True
2025-03-26,2025-03-26 00:00:00,1325.8414224698208,34135064.0,1317.812819588724,1335.3888043139825,1311.6636995639751,SPY,index,True
2025-03-27,2025-03-27 00:00:00,1318.227212963902,47672763.0,1321.8979007161977,1331.0635860506352,1306.1987376996913,SPY,index,True
2025-03-28,2025-03-28 00:00:00,1321.9835554670897,47980804.0,1312.5382637217576,1325.6342024024684,1303.325544515648,SPY,index,True
2025-03-31,2025-03-31 00:00:00,1312.9813333735374,35231678.0,1319.2603952000302,1330.5061512542427,1302.7255243538955,SPY,index,True
2025-04-01,2025-04-01 00:00:00,1318.8416382441349,39000617.0,1322.815939136875,1329.156255348696,1318.0751908286832,SPY,index,True
2025-04-02,2025-04-02 00:00:00,1322.4766018712287,23182768.0,1325.075770783294,1327.8293229270903,1316.584414828384,SPY,index,True
2025-04-03,2025-04-03 00:00:00,1324.49460625567,40243350.0,1316.6077215851392,1330.3772780589304,1304.3092187759987,SPY,index,True
2025-04-04,2025-04-04 00:00:00,1316.3270813290983,6244735.0,1317.6138838693628,1325.4038851204846,1310.340311077691,SPY,index,True
2025-04-07,2025-04-07 00:00:00,1317.4826185098204,18325045.0,1317.8720360428256,1325.649320651134,1313.1724728865254,SPY,index,True
2025-04-08,2025-04-08 00:00:00,1318.193177640339,45911380.0,1306.165334027464,1329.7622375379883,1296.1289100662614,SPY,index,True
2025-04-09,2025-04-09 00:00:00,1306.2939833127725,8874483.0,1297.041628970263,1317.9284989351472,1287.103428286659,SPY,index,True
2025-04-10,2025-04-10 00:00:00,1297.4542113232164,35018753.0,1310.494009645078,1316.3456285762597,1289.1870095372708,SPY,index,True
2025-04-11,2025-04-11 00:00:00,1310.4376079292397,15183407.0,1321.9467317960216,1325.1298123129368,1307.3860676536217,SPY,index,True
2025-04-14,2025-04-14 00:00:00,1321.7250773665855,31871028.0,1325.5182470338477,1336.4742528864047,1310.941906508515,SPY,index,True
2025-04-15,2025-04-15 00:00:00,1325.7364105939087,41920376.0,1324.9410159508718,1334.2416888600649,1322.645438733543,SPY,index,True
2025-04-16,2025-04-16 00:00:00,1324.3946822422965,26805743.0,1311.806257385294,1329.9776068634656,1309.6239822217185,SPY,index,True
2025-04-17,2025-04-17 00:00:00,1311.3794365556994,9322866.0,1306.6036506221615,1323.1254639851738,1300.728639028633,SPY,index,True
2025-04-18,2025-04-18 00:00:00,1306.3044106846676,27222600.0,1319.0150826384468,1320.7574430978125,1304.301379705303,SPY,index,True
2025-04-21,2025-04-21 00:00:00,1319.0943976082099,32269714.0,1327.4410917754515,1329.700517509457,1309.374658521103,SPY,index,True
2025-04-22,2025-04-22 00:00:00,1327.6578213300015,12821438.0,1318.2336526027675,1327.7095923500844,1306.0127379538576,SPY,index,True
2025-04-23,2025-04-23 00:00:00,1317.7460170608551,9598212.0,1321.4607175673593,1328.503427008038,1310.2841443205537,SPY,index,True
2025-04-24,2025-04-24 00:00:00,1320.907308987977,34542703.0,1331.1550991320696,1336.3949550996767,1313.2393402086607,SPY,index,True
2025-04-25,2025-04-25 00:00:00,1331.1006917547027,19869545.0,1338.157408340855,1348.522390480689,1324.0151034905748,SPY,index,True
2025-04-28,2025-04-28 00:00:00,1338.3189220817608,21492082.0,1329.8646499604688,1346.9092802439557,1328.9155032688711,SPY,index,True
2025-04-29,2025-04-29 00:00:00,1330.0942752162678,15118749.0,1322.9633842580379,1338.5986119026732,1313.386403848455,SPY,index,True
2025-04-30,2025-04-30 00:00:00,1322.5475202439513,33101051.0,1316.6600311510815,1334.6946921653696,1307.7591751087223,SPY,index,True
2025-05-01,2025-05-01 00:00:00,1317.0449358034382,31520756.0,1307.5349820959814,1327.8166313276479,1296.7116323702398,SPY,index,True
2025-05-02,2025-05-02 00:00:00,1307.4267744170538,40012872.0,1305.2647849670925,1310.2149179351431,1301.0352453714315,SPY,index,True
2025-05-05,2025-05-05 00:00:00,1304.993071534938,16429284.0,1298.20073597184,1314.6220766956963,1295.6793728931004,SPY,index,True
2025-05-06,2025-05-06 00:00:00,1297.6411829040032,28201652.0,1298.943265283548,1306.723563532348,1290.746758318598,SPY,index,True
2025-05-07,2025-05-07 00:00:00,1299.2714541027128,41090645.0,1291.19365739054,1303.7940244940278,1279.1416951450854,SPY,index,True
2025-05-08,2025-05-08 00:00:00,1291.3749565070566,33479169.0,1292.5409487173954,1298.0931997640803,1290.7104225725602,SPY,index,True
2025-05-09,2025-05-09 00:00:00,1292.10364178769,5457749.0,1300.1147266104151,1300.1401886311558,1284.5224767749085,SPY,index,True
2025-05-12,2025-05-12 00:00:00,1299.7381469784918,47414788.0,1302.832498498041,1306.6649937495731,1291.0503616619415,SPY,index,True
2025-05-13,2025-05-13 00:00:00,1303.239772238622,27281808.0,1296.6409632048687,1315.6626849820475,1293.2518410072473,SPY,index,True
2025-05-14,2025-05-14 00:00:00,1296.4095466466943,32396942.0,1287.1436502461263,1306.7964545467833,1285.7148685835193,SPY,index,True
2025-05-15,2025-05-15 00:00:00,1286.9654100331502,5796356.0,1297.2202833121253,1306.700067648983,1274.351412211669,SPY,index,True
2025-05-16,2025-05-16 00:00:00,1297.3329450920937,8458978.0,1292.962214413208,1307.369815681836,1289.3741773596344,SPY,index,True
2025-05-19,2025-05-19 00:00:00,1293.4124907017863,9330889.0,1301.7411982789567,1304.9756714085988,1291.168332528533,SPY,index,True
2025-05-20,2025-05-20 00:00:00,1301.8258442876836,38762728.0,1295.0116996983268,1308.527842290264,1283.9565076609556,SPY,index,True
2025-05-21,2025-05-21 00:00:00,1294.4645889731773,18481420.0,1282.739827093811,1298.8710658247155,1271.661293221509,SPY,index,True
2025-05-22,2025-05-22 00:00:00,1282.2787215040853,33668962.0,1278.6986293961454,1284.377708954033,1266.2852046564983,SPY,index,True
2025-05-23,2025-05-23 00:00:00,1279.1315033648073,5830042.0,1272.8522809505969,1282.9605356705276,1269.9341416775017,SPY,index,True
2025-05-26,2025-05-26 00:00:00,1272.692163200533,25410060.0,1262.1730636207158,1284.4875808351067,1251.5285955968286,SPY,index,True
2025-05-27,2025-05-27 00:00:00,1262.495915123137,26074912.0,1250.7458555092626,1269.30278548601,1238.628955060874,SPY,index,True
2025-05-28,2025-05-28 00:00:00,1250.6332425268558,7333503.0,1251.0012137545793,1257.0271038424662,1247.160757589349,SPY,index,True
2025-05-29,2025-05-29 00:00:00,1250.4656513915268,35059489.0,1245.5270948479063,1251.3370836489569,1236.586182064914,SPY,index,True
2025-05-30,2025-05-30 00:00:00,1245.9708625466494,8046700.0,1257.125139589815,1264.2959778461732,1242.2953014364302,SPY,index,True
2025-06-02,2025-06-02 00:00:00,1257.194841608395,19769908.0,1269.2397056395114,1269.3226298267002,1247.4181709147372,SPY,index,True
2025-06-03,2025-06-03 00:00:00,1269.0790776471697,15591294.0,1266.4325296299003,1280.3566644502619,1264.167234548721,SPY,index,True
2025-06-04,2025-06-04 00:00:00,1266.1996339778318,30154506.0,1267.0372571101748,1279.596913485264,1262.4258478902889,SPY,index,True
2025-06-05,2025-06-05 00:00:00,1266.9746358131497,11752324.0,1273.483881996113,1282.9607412664295,1263.6074907784382,SPY,index,True
2025-06-06,2025-06-06 00:00:00,1273.306255120103,36805475.0,1269.258101105972,1276.4787770092337,1263.9325917052006,SPY,index,True
2025-06-09,2025-06-09 00:00:00,1269.2386351330038,47967452.0,1271.3658033027632,1271.933991627884,1263.9588429829444,SPY,index,True
2025-06-10,2025-06-10 00:00:00,1271.1731801219487,45633261.0,1282.4174461327248,1294.5560703033377,1261.7498049052192,SPY,index,True
2025-06-11,2025-06-11 00:00:00,1282.6603344086932,10043415.0,1271.050426191455,1289.2448986948993,1269.1965697374228,SPY,index,True
2025-06-12,2025-06-12 00:00:00,1271.3069660002996,14335705.0,1276.2460708060573,1277.9510950663825,1265.8984215687378,SPY,index,True
2025-06-13,2025-06-13 00:00:00,1276.480797658377,7284396.0,1283.4660709868915,1291.6072467826493,1267.6381773117187,SPY,index,True
2025-06-16,2025-06-16 00:00:00,1283.212942438248,20466745.0,1291.3504563857814,1299.5570564102982,1277.7926769521655,SPY,index,True
2025-06-17,2025-06-17 00:00:00,1290.8562892262137,44416526.0,1281.0289800101611,1302.9940462760853,1270.325737264163,SPY,index,True
2025-06-18,2025-06-18 00:00:00,1280.5318029094071,30705279.0,1279.8617115935865,1287.9686113367293,1273.1163036566516,SPY,index,True
2025-06-19,2025-06-19 00:00:00,1280.077109452611,16634491.0,1282.2079316933894,1284.716046572296,1270.4058930715657,SPY,index,True
2025-06-20,2025-06-20 00:00:00,1282.6256505124911,24077807.0,1295.5483291859496,1296.7675745852107,1271.5277973101965,SPY,index,True
2025-06-23,2025-06-23 00:00:00,1295.3250789721023,37163649.0,1292.917099954878,1296.529705840951,1283.6945082670027,SPY,index,True
2025-06-24,2025-06-24 00:00:00,1292.5156995710968,47451310.0,1279.8254549272979,1298.2503920597037,1273.4914085126927,SPY,index,True
2025-06-25,2025-06-25 00:00:00,1279.7614006597876,7705218.0,1275.3562194390881,1285.0130615847177,1274.264466232399,SPY,index,True
2025-06-26,2025-06-26 00:00:00,1275.2330398283207,20423583.0,1263.6472626884492,1279.582070297092,1259.8196055176775,SPY,index,True
2025-06-27,2025-06-27 00:00:00,1263.412949479554,39206265.0,1258.800819446471,1269.1041301633247,1252.7991671974055,SPY,index,True
2025-06-30,2025-06-30 00:00:00,1258.5985582084018,30880761.0,1250.442892453911,1262.1565397922207,1246.325449167548,SPY,index,True
2025-07-01,2025-07-01 00:00:00,1250.2156149069297,32478011.0,1255.1228096394914,1261.0775370612027,1240.5709936960152,SPY,index,True
2025-07-02,2025-07-02 00:00:00,1254.5998019024507,15742587.0,1264.103446865935,1266.215954104319,1254.4292671988271,SPY,index,True
2025-07-03,2025-07-03 00:00:00,1264.4749150863968,18222269.0,1255.458944305718,1265.946944071833,1247.3088840114863,SPY,index,True
2025-07-04,2025-07-04 00:00:00,1255.306080154106,23663035.0,1266.6612155175408,1278.4178403188564,1245.0084017585198,SPY,index,True
2025-07-07,2025-07-07 00:00:00,1266.677906424351,13941691.0,1274.2953910561957,1274.9708113144497,1261.5147281161271,SPY,index,True
2025-07-08,2025-07-08 00:00:00,1274.1665283944033,11883839.0,1273.7118520100473,1277.296765675095,1269.8721766322544,SPY,index,True
2025-07-09,2025-07-09 00:00:00,1274.013918772641,48703963.0,1276.748260438717,1279.7619435689794,1265.0390611652542,SPY,index,True
2025-07-10,2025-07-10 00:00:00,1276.3385946517672,13848355.0,1278.8325131084405,1287.8090481497636,1274.7362000623464,SPY,index,True
2025-07-11,2025-07-11 00:00:00,1278.5322608694767,13173858.0,1269.3097690726154,1278.6546792370848,1257.7416322733964,SPY,index,True
2025-07-14,2025-07-14 00:00:00,1269.534815338688,18045012.0,1259.9122609220806,1275.698595917847,1248.9603063705713,SPY,index,True
2025-07-15,2025-07-15 00:00:00,1259.8028181851748,30157923.0,1252.0,1260.2160998062113,1244.930206868344,SPY,index,True
2024-11-06,2024-11-06 00:00:00,1248.9137400676161,26049097.0,1258.5785816604853,1268.060022264897,1239.002116452571,QQQ,index,True
2024-11-07,2024-11-07 00:00:00,1258.5972628078262,42626077.0,1266.865013807701,1274.998521516787,1250.4102990013512,QQQ,index,True
2024-11-08,2024-11-08 00:00:00,1266.9915489204998,27954962.0,1267.0704368549566,1277.2119885034706,1262.3493757026029,QQQ,index,True
2024-11-11,2024-11-11 00:00:00,1266.6767028763772,22412351.0,1270.5033225667794,1282.5978942870945,1258.969844863507,QQQ,index,True
2024-11-12,2024-11-12 00:00:00,1270.0000800228438,39802825.0,1259.1352837835677,1272.0099584360896,1247.1444984365253,QQQ,index,True
2024-11-13,2024-11-13 00:00:00,1259.3494857761484,7845018.0,1253.4943602529174,1267.6532106137881,1245.831861572606,QQQ,index,True
2024-11-14,2024-11-14 00:00:00,1253.3939516475764,16725334.0,1247.6855630825705,1258.487372609385,1245.709109380893,QQQ,index,True
2024-11-15,2024-11-15 00:00:00,1247.8024984663848,30132898.0,1249.8990665942686,1258.2834475385603,1243.0575108913015,QQQ,index,True
2024-11-18,2024-11-18 00:00:00,1249.8345084950358,16791653.0,1246.0723929133062,1258.8934230361647,1237.9191200020846,QQQ,index,True
2024-11-19,2024-11-19 00:00:00,1246.0276102040643,22405871.0,1233.9759607681942,1253.183375135339,1230.083658038053,QQQ,index,True
2024-11-20,2024-11-20 00:00:00,1233.6661289026692,28101695.0,1241.2091843538778,1253.2292871509292,1233.6216809234668,QQQ,index,True
2024-11-21,2024-11-21 00:00:00,1240.757535144574,19261867.0,1251.9675961655494,1254.9487887006596,1237.6021293061049,QQQ,index,True
2024-11-22,2024-11-22 00:00:00,1252.060978214033,17222762.0,1246.049008358724,1252.7543886128228,1245.319277329306,QQQ,index,True
2024-11-25,2024-11-25 00:00:00,1245.7716869007932,32443875.0,1242.0850921273507,1248.1070541048275,1231.9063222467562,QQQ,index,True
2024-11-26,2024-11-26 00:00:00,1241.9710578659792,5412683.0,1231.1100222569717,1249.1335711834306,1219.1711335294856,QQQ,index,True
2024-11-27,2024-11-27 00:00:00,1231.297311055982,17401690.0,1225.4662420410007,1239.5305535878795,1214.6760219854489,QQQ,index,True
2024-11-28,2024-11-28 00:00:00,1225.7890045625265,13205684.0,1236.688387738887,1237.6895471762512,1225.4393777715104,QQQ,index,True
2024-11-29,2024-11-29 00:00:00,1236.472859277345,8463013.0,1238.228837088662,1245.779061290544,1225.7785506560226,QQQ,index,True
2024-12-02,2024-12-02 00:00:00,1238.1183585112058,31527260.0,1237.7328439244488,1244.6474367516298,1237.6676345290641,QQQ,index,True
2024-12-03,2024-12-03 00:00:00,1237.7450892452214,30751489.0,1242.3587887739623,1245.7675402288125,1227.3076222404263,QQQ,index,True
2024-12-04,2024-12-04 00:00:00,1241.9258244503758,35263261.0,1232.2093405639682,1254.120054213636,1221.472057971998,QQQ,index,True
2024-12-05,2024-12-05 00:00:00,1232.1687394463768,8778810.0,1239.043212075465,1251.345512186549,1231.2572050442723,QQQ,index,True
2024-12-06,2024-12-06 00:00:00,1238.8021424187207,39891248.0,1229.4731924734408,1247.4547009976034,1219.53553166153,QQQ,index,True
2024-12-09,2024-12-09 00:00:00,1229.4248150468338,42374567.0,1233.3857082930604,1238.6289462142377,1224.7649175179665,QQQ,index,True
2024-12-10,2024-12-10 00:00:00,1233.797010684985,24556674.0,1238.6409435954313,1245.4624856619002,1223.7123421390997,QQQ,index,True
2024-12-11,2024-12-11 00:00:00,1238.2710042842878,16858218.0,1232.4052324713568,1241.5995631207022,1231.0012029434906,QQQ,index,True
2024-12-12,2024-12-12 00:00:00,1232.2517131014108,34084034.0,1235.8992318206401,1247.5526833927618,1221.0964683958846,QQQ,index,True
2024-12-13,2024-12-13 00:00:00,1235.3843960004453,29831540.0,1225.0616856119752,1238.666069869295,1221.149918596362,QQQ,index,True
2024-12-16,2024-12-16 00:00:00,1225.4928055750572,18878431.0,1225.5616491322312,1227.9201296177812,1219.450290441916,QQQ,index,True
2024-12-17,2024-12-17 00:00:00,1225.7097996534867,23483517.0,1218.0992999782136,1237.6858719090467,1209.3881096599432,QQQ,index,True
2024-12-18,2024-12-18 00:00:00,1218.3924572036774,15323128.0,1217.773620473036,1223.1570978611003,1210.9907627365199,QQQ,index,True
2024-12-19,2024-12-19 00:00:00,1217.343375445561,32168175.0,1208.7188598742357,1224.9380981291777,1203.486197704621,QQQ,index,True
2024-12-20,2024-12-20 00:00:00,1208.4692150829646,32130498.0,1202.6940637260186,1211.6849329795743,1196.6128822415963,QQQ,index,True
2024-12-23,2024-12-23 00:00:00,1202.6725882463127,44155841.0,1199.5106056395248,1210.8101369025585,1191.6209088362343,QQQ,index,True
2024-12-24,2024-12-24 00:00:00,1199.819408107582,15411890.0,1203.1036440185667,1207.4087981460636,1189.4599651468673,QQQ,index,True
2024-12-25,2024-12-25 00:00:00,1203.3064058509387,40060520.0,1205.3841680511523,1215.4731100025128,1191.9733991192072,QQQ,index,True
2024-12-26,2024-12-26 00:00:00,1205.2784886779727,11521607.0,1197.3027241868067,1215.5478248304355,1186.6600133020759,QQQ,index,True
2024-12-27,2024-12-27 00:00:00,1197.3371950366004,29855756.0,1185.6496769092626,1197.6420028161685,1184.5447576319834,QQQ,index,True
2024-12-30,2024-12-30 00:00:00,1185.4896806750678,49721785.0,1196.3647892911792,1203.1141551782862,1174.7194616482109,QQQ,index,True
2024-12-31,2024-12-31 00:00:00,1196.020986651193,24120135.0,1207.818109397701,1209.2869976234124,1193.958029655797,QQQ,index,True
2025-01-01,2025-01-01 00:00:00,1207.3582989462182,26328661.0,1211.200814203554,1217.8847569519382,1201.863578722664,QQQ,index,True
2025-01-02,2025-01-02 00:00:00,1211.5737847833393,30423828.0,1216.3826591524958,1221.5029171993374,1204.4906735540064,QQQ,index,True
2025-01-03,2025-01-03 00:00:00,1216.5877300966674,10127021.0,1208.6077046856685,1224.0687894448665,1204.7281221449095,QQQ,index,True
2025-01-06,2025-01-06 00:00:00,1208.9992128195818,31112485.0,1216.1723019192148,1224.5157591887653,1202.2545082584825,QQQ,index,True
2025-01-07,2025-01-07 00:00:00,1216.400374153308,22787356.0,1219.2915164761919,1221.2515315298535,1207.7367428692878,QQQ,index,True
2025-01-08,2025-01-08 00:00:00,1219.2460095164297,28673795.0,1222.9570522466802,1227.5324721269537,1208.112032024142,QQQ,index,True
2025-01-09,2025-01-09 00:00:00,1222.6758331756187,22408832.0,1233.0497796820812,1243.443996864714,1220.8521441693938,QQQ,index,True
2025-01-10,2025-01-10 00:00:00,1232.6092003396097,43243756.0,1242.338684049983,1252.8232536434307,1231.646573431151,QQQ,index,True
2025-01-13,2025-01-13 00:00:00,1242.6561589856776,28795382.0,1240.0556676323326,1250.8415191812883,1227.79177867684,QQQ,index,True
2025-01-14,2025-01-14 00:00:00,1240.3763426442729,8524260.0,1247.8300453000456,1250.7163829790475,1228.0605064005395,QQQ,index,True
2025-01-15,2025-01-15 00:00:00,1247.3625000659642,7465092.0,1240.4322630157694,1258.745875131828,1229.2444352551893,QQQ,index,True
2025-01-16,2025-01-16 00:00:00,1240.7086039170588,36980061.0,1231.5169789595743,1242.8229199305615,1222.0000779229508,QQQ,index,True
2025-01-17,2025-01-17 00:00:00,1231.396485010237,40821181.0,1236.546535180846,1237.6228949690167,1224.0044416316082,QQQ,index,True
2025-01-20,2025-01-20 00:00:00,1236.1425663481002,10199756.0,1237.0619057000338,1245.5036797770908,1234.134075162342,QQQ,index,True
2025-01-21,2025-01-21 00:00:00,1237.270022259318,13922249.0,1242.9047432534128,1244.5747138600689,1231.162931898485,QQQ,index,True
2025-01-22,2025-01-22 00:00:00,1242.642762191109,46901077.0,1235.035632048608,1252.095380408807,1226.8976811021425,QQQ,index,True
2025-01-23,2025-01-23 00:00:00,1234.6250339298947,34902165.0,1229.672354876447,1243.5388239615304,1225.442238559115,QQQ,index,True
2025-01-24,2025-01-24 00:00:00,1229.6618252436424,23118014.0,1232.0473342849893,1239.3259383599943,1226.869836940343,QQQ,index,True
2025-01-27,2025-01-27 00:00:00,1232.0050205745313,14658770.0,1224.4397457450357,1236.5873949904635,1220.0180280499922,QQQ,index,True
2025-01-28,2025-01-28 00:00:00,1224.7302398662887,19171709.0,1212.655181975232,1231.7654746177295,1204.6828663406238,QQQ,index,True
2025-01-29,2025-01-29 00:00:00,1212.9364268958159,44885769.0,1217.9283876658278,1220.4074310889762,1204.2275199867886,QQQ,index,True
2025-01-30,2025-01-30 00:00:00,1217.6207029373174,34266121.0,1214.9538294376025,1228.8563594337713,1205.686026153613,QQQ,index,True
2025-01-31,2025-01-31 00:00:00,1215.1024924777637,7106820.0,1214.960861010144,1217.6080612941485,1203.0756368932916,QQQ,index,True
2025-02-03,2025-02-03 00:00:00,1215.3262107582887,29939920.0,1205.5719410897543,1221.184887826775,1203.188843023147,QQQ,index,True
2025-02-04,2025-02-04 00:00:00,1205.9341342340751,32371161.0,1195.196436211744,1215.83976904291,1193.086275159354,QQQ,index,True
2025-02-05,2025-02-05 00:00:00,1195.3571736538242,44310069.0,1195.1855874152097,1196.2140773622689,1194.2783712729672,QQQ,index,True
2025-02-06,2025-02-06 00:00:00,1194.8135120776844,13828679.0,1199.0355600580224,1200.458288599699,1192.2365686305168,QQQ,index,True
2025-02-07,2025-02-07 00:00:00,1198.7151312283881,22988957.0,1187.6740782586096,1208.2952908562575,1179.3039133953055,QQQ,index,True
2025-02-10,2025-02-10 00:00:00,1187.9547717833502,33044624.0,1186.121898319231,1188.751023047039,1180.1602949224,QQQ,index,True
2025-02-11,2025-02-11 00:00:00,1186.3696607163472,33936049.0,1180.6456548658523,1195.9145640509366,1178.1639715318918,QQQ,index,True
2025-02-12,2025-02-12 00:00:00,1180.8162903950158,10892548.0,1177.098770333677,1181.1003487066032,1171.9261233218583,QQQ,index,True
2025-02-13,2025-02-13 00:00:00,1176.6243680770658,15150910.0,1184.5234555291468,1187.7040128851584,1173.8249095497385,QQQ,index,True
2025-02-14,2025-02-14 00:00:00,1184.909561260846,25560349.0,1176.0070895970612,1187.8636970968955,1166.9112822980069,QQQ,index,True
2025-02-17,2025-02-17 00:00:00,1175.9383765794742,27153992.0,1164.907421859333,1184.4181470339931,1161.078062215371,QQQ,index,True
2025-02-18,2025-02-18 00:00:00,1165.150820136287,27903404.0,1156.4363287537274,1169.0926457810206,1148.4954799141537,QQQ,index,True
2025-02-19,2025-02-19 00:00:00,1155.9352647986289,34879806.0,1150.406993891545,1167.1882063055011,1150.0529145862902,QQQ,index,True
2025-02-20,2025-02-20 00:00:00,1150.425535094342,43889938.0,1157.0684216611587,1158.399539597138,1139.476372278985,QQQ,index,True
2025-02-21,2025-02-21 00:00:00,1156.7574502887999,5996222.0,1153.595984877939,1167.628742634754,1147.0189167987705,QQQ,index,True
2025-02-24,2025-02-24 00:00:00,1153.8891189396913,42848298.0,1157.3127037060615,1164.862862514676,1145.9029489584066,QQQ,index,True
2025-02-25,2025-02-25 00:00:00,1157.4294882789247,10938115.0,1165.8660036379526,1170.375474195897,1149.1155426142902,QQQ,index,True
2025-02-26,2025-02-26 00:00:00,1165.8116325684161,15949811.0,1172.3898905642227,1179.5809756084857,1155.1439143191537,QQQ,index,True
2025-02-27,2025-02-27 00:00:00,1172.1553888923545,24982800.0,1180.4066691238645,1189.9890475790132,1171.7168180886422,QQQ,index,True
2025-02-28,2025-02-28 00:00:00,1180.4702933347353,22563513.0,1189.0903048876742,1198.7539109702311,1178.5417460424806,QQQ,index,True
2025-03-03,2025-03-03 00:00:00,1188.6481430186195,16991235.0,1193.8122781463428,1201.770573862775,1178.7220965522827,QQQ,index,True
2025-03-04,2025-03-04 00:00:00,1193.4864536012371,35066076.0,1198.161293219559,1204.1074293640424,1191.5190770517424,QQQ,index,True
2025-03-05,2025-03-05 00:00:00,1198.0114130369702,31302988.0,1198.708588394139,1201.9557807563413,1193.413678411728,QQQ,index,True
2025-03-06,2025-03-06 00:00:00,1198.9605023931415,30878439.0,1201.4992125119898,1207.8827530495369,1188.3551704403742,QQQ,index,True
2025-03-07,2025-03-07 00:00:00,1201.051204629058,15228113.0,1191.7340802945378,1204.280578487935,1188.7645743039948,QQQ,index,True
2025-03-10,2025-03-10 00:00:00,1191.6931623221296,23635107.0,1202.259372092814,1204.0524248334013,1185.938540909883,QQQ,index,True
2025-03-11,2025-03-11 00:00:00,1201.8669511345527,17105524.0,1198.5477132680517,1207.0076033643022,1192.190920829434,QQQ,index,True
2025-03-12,2025-03-12 00:00:00,1198.4462461884384,38220613.0,1197.8499290680297,1205.5974971251176,1192.1517280999387,QQQ,index,True
2025-03-13,2025-03-13 00:00:00,1197.4228517621061,13909196.0,1208.7182735918807,1211.4006291410499,1195.8148666480818,QQQ,index,True
2025-03-14,2025-03-14 00:00:00,1208.6430510234704,29081083.0,1213.7141680409295,1213.8275315798387,1202.195042760056,QQQ,index,True
2025-03-17,2025-03-17 00:00:00,1213.7831804974835,40430459.0,1212.2044330529247,1217.816031619513,1204.0437703000075,QQQ,index,True
2025-03-18,2025-03-18 00:00:00,1212.5563259363782,14037217.0,1222.4490446487455,1223.7620981260382,1210.9587223126043,QQQ,index,True
2025-03-19,2025-03-19 00:00:00,1222.7636146629627,44537575.0,1215.3389847421074,1225.4303654316332,1214.2661652965019,QQQ,index,True
2025-03-20,2025-03-20 00:00:00,1215.5818423884425,14962672.0,1204.0431743247477,1223.9261750977278,1202.5150348857348,QQQ,index,True
2025-03-21,2025-03-21 00:00:00,1204.0262522928597,5541699.0,1210.288579306737,1219.4415057837336,1192.9143393818645,QQQ,index,True
2025-03-24,2025-03-24 00:00:00,1210.1807670031633,12438391.0,1217.5069108601942,1218.6831509210517,1204.8265331118203,QQQ,index,True
2025-03-25,2025-03-25 00:00:00,1216.9924169973488,26596291.0,1215.4669277279618,1218.24847223556,1210.7732673670857,QQQ,index,True
2025-03-26,2025-03-26 00:00:00,1215.2491543257465,29917329.0,1226.270276750748,1229.233737724915,1209.1227817697043,QQQ,index,True
2025-03-27,2025-03-27 00:00:00,1226.4530024186863,18969190.0,1236.842883983366,1247.2861254858497,1226.216640209911,QQQ,index,True
2025-03-28,2025-03-28 00:00:00,1236.3058662860844,38560188.0,1230.7825618238855,1240.9745839376899,1227.4132451964283,QQQ,index,True
2025-03-31,2025-03-31 00:00:00,1230.7765799242968,10047359.0,1237.5017023380487,1247.5742479883895,1228.4729505356054,QQQ,index,True
2025-04-01,2025-04-01 00:00:00,1237.4284382775263,46056369.0,1236.5810852605223,1248.0952443936683,1229.0313392331684,QQQ,index,True
2025-04-02,2025-04-02 00:00:00,1236.168822741009,9126220.0,1236.2304888641206,1237.5327427680977,1235.1916964577479,QQQ,index,True
2025-04-03,2025-04-03 00:00:00,1236.021611785137,22855210.0,1235.6441644507795,1239.0178745322537,1228.931966033059,QQQ,index,True
2025-04-04,2025-04-04 00:00:00,1235.9120865275108,39467018.0,1227.5089049565238,1241.6958161315297,1217.0270791905232,QQQ,index,True
2025-04-07,2025-04-07 00:00:00,1227.0573441693227,37782714.0,1226.9973002656159,1232.6118379565585,1215.9936251948068,QQQ,index,True
2025-04-08,2025-04-08 00:00:00,1226.596128041236,11047500.0,1214.4886075564636,1236.670545597713,1206.7767037171545,QQQ,index,True
2025-04-09,2025-04-09 00:00:00,1214.0859040669116,31914053.0,1226.2185129389022,1231.6248026202559,1205.0402962171806,QQQ,index,True
2025-04-10,2025-04-10 00:00:00,1226.2318656961793,49698737.0,1219.1504175928685,1229.1265068074842,1218.5703989053306,QQQ,index,True
2025-04-11,2025-04-11 00:00:00,1218.635433301281,38876956.0,1221.2488529112036,1221.5302532613025,1214.6594565220173,QQQ,index,True
2025-04-14,2025-04-14 00:00:00,1221.3220218400736,14438873.0,1212.0789632708695,1231.1053905125627,1204.9873032379883,QQQ,index,True
2025-04-15,2025-04-15 00:00:00,1212.347048111655,30181743.0,1221.64923308831,1223.8599412223607,1200.262181199999,QQQ,index,True
2025-04-16,2025-04-16 00:00:00,1221.3104785037747,12798376.0,1212.7727146588695,1221.5019022566385,1207.343529611613,QQQ,index,True
2025-04-17,2025-04-17 00:00:00,1212.928241533012,26065812.0,1213.3340815584982,1215.7603540587982,1203.761741084023,QQQ,index,True
2025-04-18,2025-04-18 00:00:00,1213.7541896068947,36406250.0,1219.2935340609472,1219.9357258834305,1211.3925618148508,QQQ,index,True
2025-04-21,2025-04-21 00:00:00,1218.8178542147737,21852017.0,1219.7990390900372,1220.5759332389396,1218.2124325760503,QQQ,index,True
2025-04-22,2025-04-22 00:00:00,1219.731946479164,37258082.0,1218.8107590480492,1221.2644477918684,1212.2859210610704,QQQ,index,True
2025-04-23,2025-04-23 00:00:00,1218.6443522554096,19644079.0,1219.7450030077548,1231.1504246495788,1211.234453646833,QQQ,index,True
2025-04-24,2025-04-24 00:00:00,1219.6717777954939,44457842.0,1210.402142295178,1221.7906733499333,1202.194157470062,QQQ,index,True
2025-04-25,2025-04-25 00:00:00,1210.04256079391,49528546.0,1204.4590993467973,1213.80755115517,1200.076238972898,QQQ,index,True
2025-04-28,2025-04-28 00:00:00,1204.8614181294606,33260705.0,1198.7581244495595,1214.4033036425476,1189.580986770834,QQQ,index,True
2025-04-29,2025-04-29 00:00:00,1198.6552405576533,19898557.0,1208.075515716082,1208.2593000209924,1193.6044426706396,QQQ,index,True
2025-04-30,2025-04-30 00:00:00,1208.1941442850832,43402121.0,1204.2961144210033,1212.1024202393705,1203.165575352135,QQQ,index,True
2025-05-01,2025-05-01 00:00:00,1204.6836917110145,49873256.0,1201.9774608574,1212.2573788895581,1198.1045043320596,QQQ,index,True
2025-05-02,2025-05-02 00:00:00,1201.9623007631042,30717006.0,1212.4738498817871,1220.062491301177,1198.0451856199697,QQQ,index,True
2025-05-05,2025-05-05 00:00:00,1212.7612826300592,10812949.0,1207.8647049501133,1223.9208103758772,1200.5390582553057,QQQ,index,True
2025-05-06,2025-05-06 00:00:00,1208.2797958869978,47143058.0,1203.512758124406,1214.628935617988,1198.2882232405948,QQQ,index,True
2025-05-07,2025-05-07 00:00:00,1203.1547787556908,48741883.0,1213.826782801529,1216.9555152724631,1194.472019158741,QQQ,index,True
2025-05-08,2025-05-08 00:00:00,1213.7396347587546,21435314.0,1214.2544689143153,1215.339598325931,1211.7652581416598,QQQ,index,True
2025-05-09,2025-05-09 00:00:00,1214.4781255653604,6630499.0,1221.6861161208494,1224.4363737162469,1203.4094305554938,QQQ,index,True
2025-05-12,2025-05-12 00:00:00,1221.2837144642217,29929841.0,1229.674780705543,1239.6065918274196,1216.597000295663,QQQ,index,True
2025-05-13,2025-05-13 00:00:00,1229.2523890548634,44925989.0,1228.340444208503,1233.616323127779,1221.3413797792277,QQQ,index,True
2025-05-14,2025-05-14 00:00:00,1228.2717569306105,6487319.0,1217.7671674143317,1239.1074847026723,1212.1736902079367,QQQ,index,True
2025-05-15,2025-05-15 00:00:00,1217.5853089664893,9416029.0,1205.5604082366285,1217.6901473699002,1200.556796800965,QQQ,index,True
2025-05-16,2025-05-16 00:00:00,1205.3057704152825,18864198.0,1216.0072964231408,1226.7458092270642,1199.6423477725598,QQQ,index,True
2025-05-19,2025-05-19 00:00:00,1216.2752575010943,30980211.0,1210.500215379672,1222.9951040381814,1200.063674738095,QQQ,index,True
2025-05-20,2025-05-20 00:00:00,1210.269212590253,17195375.0,1217.2988621387374,1226.5752172602067,1198.3227381509503,QQQ,index,True
2025-05-21,2025-05-21 00:00:00,1217.5769262370727,10317730.0,1222.1757920746345,1230.6849718990452,1215.4720957437753,QQQ,index,True
2025-05-22,2025-05-22 00:00:00,1221.9355352989332,12493924.0,1231.484685341867,1240.2989823649445,1215.0117830073757,QQQ,index,True
2025-05-23,2025-05-23 00:00:00,1231.8009959101303,10649723.0,1239.0066679969705,1246.9326981304193,1225.8796370294433,QQQ,index,True
2025-05-26,2025-05-26 00:00:00,1238.7792353442255,42279703.0,1245.1609123478659,1253.94650728647,1227.3207001675632,QQQ,index,True
2025-05-27,2025-05-27 00:00:00,1245.1100760853217,21664338.0,1235.1357632772458,1247.8898327333463,1229.6798610215146,QQQ,index,True
2025-05-28,2025-05-28 00:00:00,1234.720185321055,15234347.0,1239.6710913477677,1251.162460323972,1223.4001672801628,QQQ,index,True
2025-05-29,2025-05-29 00:00:00,1239.4494842282795,11435311.0,1239.6976220747501,1241.006710073323,1234.4502778600665,QQQ,index,True
2025-05-30,2025-05-30 00:00:00,1239.6833149365636,49232975.0,1235.3917048657804,1242.2883654063849,1235.2815649008799,QQQ,index,True
2025-06-02,2025-06-02 00:00:00,1235.6002897956248,41684738.0,1241.4334470251176,1242.3647511829372,1235.225340699905,QQQ,index,True
2025-06-03,2025-06-03 00:00:00,1241.4330979832212,26675656.0,1233.7396920000108,1247.5253193480614,1224.8289270983996,QQQ,index,True
2025-06-04,2025-06-04 00:00:00,1234.166936999101,9940410.0,1233.2587382020517,1237.8283579935219,1225.6978253694135,QQQ,index,True
2025-06-05,2025-06-05 00:00:00,1233.5066999151145,26770470.0,1243.0019228447268,1249.2681342722644,1230.6206283276085,QQQ,index,True
2025-06-06,2025-06-06 00:00:00,1243.1788299770321,9658833.0,1246.5364425765192,1246.6334398435738,1233.530746564566,QQQ,index,True
2025-06-09,2025-06-09 00:00:00,1246.9611393011373,17230989.0,1238.9240410965942,1257.3090788538002,1231.6118314624282,QQQ,index,True
2025-06-10,2025-06-10 00:00:00,1238.855446544807,6829219.0,1235.093258405221,1249.5728121989898,1223.1758278598747,QQQ,index,True
2025-06-11,2025-06-11 00:00:00,1234.8572023211298,30180646.0,1241.4417239246063,1252.0911786212478,1223.1013602772857,QQQ,index,True
2025-06-12,2025-06-12 00:00:00,1241.4257948962145,30902285.0,1229.701242270081,1249.1854186234555,1228.6192358828157,QQQ,index,True
2025-06-13,2025-06-13 00:00:00,1229.174314778931,20787426.0,1230.5122193984785,1240.5861687125227,1218.3491377542248,QQQ,index,True
2025-06-16,2025-06-16 00:00:00,1230.4574939361094,15213621.0,1239.009817014877,1241.6628077602338,1218.1812090250494,QQQ,index,True
2025-06-17,2025-06-17 00:00:00,1239.1901004929498,44117711.0,1230.120969870708,1240.1999457917063,1229.9042756670826,QQQ,index,True
2025-06-18,2025-06-18 00:00:00,1229.5983113822415,35060422.0,1220.190751675846,1234.268538895989,1218.552453225623,QQQ,index,True
2025-06-19,2025-06-19 00:00:00,1220.4585644479353,29135645.0,1218.5379423479524,1221.925986342269,1207.8012581319153,QQQ,index,True
2025-06-20,2025-06-20 00:00:00,1218.437583351075,16054193.0,1211.1249192539467,1224.3080157862173,1205.4769107263671,QQQ,index,True
2025-06-23,2025-06-23 00:00:00,1210.8338012529814,23183195.0,1214.1433210727967,1226.0391157566053,1210.2252853719338,QQQ,index,True
2025-06-24,2025-06-24 00:00:00,1214.4062760936338,27532976.0,1224.117390448471,1234.427693730571,1212.3625048840127,QQQ,index,True
2025-06-25,2025-06-25 00:00:00,1224.4228826912333,19761322.0,1224.2182074314928,1226.3987457266392,1212.7442416811894,QQQ,index,True
2025-06-26,2025-06-26 00:00:00,1224.6345250987877,32758374.0,1230.6634378455474,1240.765939649386,1215.4042272008428,QQQ,index,True
2025-06-27,2025-06-27 00:00:00,1230.3590954647425,10505058.0,1242.4127122982093,1252.1257188069299,1228.9244977219555,QQQ,index,True
2025-06-30,2025-06-30 00:00:00,1242.4144426179726,28750754.0,1239.9320295094797,1246.6922235042102,1227.5352981400054,QQQ,index,True
2025-07-01,2025-07-01 00:00:00,1240.2105894939455,19645447.0,1231.4744234370576,1249.4515081321363,1226.7626113482072,QQQ,index,True
2025-07-02,2025-07-02 00:00:00,1230.9557248860413,19848558.0,1227.3103744504567,1235.788712330378,1219.22624917047,QQQ,index,True
2025-07-03,2025-07-03 00:00:00,1227.438552195616,45153989.0,1237.5983830537682,1240.7306242029679,1221.6146085564903,QQQ,index,True
2025-07-04,2025-07-04 00:00:00,1237.3334117060474,29575280.0,1226.331779436984,1248.4662827826821,1217.0183514891598,QQQ,index,True
2025-07-07,2025-07-07 00:00:00,1226.0158938022798,36701922.0,1236.8749199463205,1239.1545856033536,1220.3540289566727,QQQ,index,True
2025-07-08,2025-07-08 00:00:00,1236.5533491988238,25741788.0,1235.0563452299082,1238.4106379441782,1229.5907576573586,QQQ,index,True
2025-07-09,2025-07-09 00:00:00,1234.759896914009,44078658.0,1241.3175769269708,1244.3675064940164,1224.1910038955377,QQQ,index,True
2025-07-10,2025-07-10 00:00:00,1241.660351046974,9188683.0,1234.7403564079314,1248.6767404674263,1228.1765358407422,QQQ,index,True
2025-07-11,2025-07-11 00:00:00,1234.9270876025378,46897353.0,1227.6655502770136,1244.2356379533792,1217.4418443019108,QQQ,index,True
2025-07-14,2025-07-14 00:00:00,1227.4672677935223,10877266.0,1239.2118891648292,1245.4871202089403,1221.6605519912514,QQQ,index,True
2025-07-15,2025-07-15 00:00:00,1239.6059104625044,26706342.0,1243.0,1245.249243757785,1230.9258781501087,QQQ,index,True
2024-11-06,2024-11-06 00:00:00,1130.468263413493,33670783.0,1124.029137383753,1141.5334955914814,1113.5741705974024,DIA,index,True
2024-11-07,2024-11-07 00:00:00,1123.8599837549245,47581955.0,1126.0628594913182,1135.9056658677575,1117.3417360316616,DIA,index,True
2024-11-08,2024-11-08 00:00:00,1126.3719851737887,37836313.0,1121.7753609989409,1137.4305310928091,1119.828950906566,DIA,index,True
2024-11-11,2024-11-11 00:00:00,1121.3519399219583,6732509.0,1120.2473548454034,1129.2659967164811,1119.0528199805576,DIA,index,True
2024-11-12,2024-11-12 00:00:00,1120.5351444597288,42407015.0,1121.0536569384687,1127.0438575224373,1119.4144468075865,DIA,index,True
2024-11-13,2024-11-13 00:00:00,1121.3468210837175,25648715.0,1132.5710068961916,1138.3309078277273,1116.0952090010471,DIA,index,True
2024-11-14,2024-11-14 00:00:00,1132.2093470325296,25563676.0,1121.8319516486958,1133.3727865133485,1121.5922297657319,DIA,index,True
2024-11-15,2024-11-15 00:00:00,1121.3726460250837,20092837.0,1119.0299123855361,1132.291894189216,1108.7982586173791,DIA,index,True
2024-11-18,2024-11-18 00:00:00,1119.0544881507856,22121959.0,1115.3980865576998,1119.9215580608152,1114.337000602735,DIA,index,True
2024-11-19,2024-11-19 00:00:00,1115.6172446882144,10802212.0,1116.6239149884304,1125.868055567703,1109.4175380427087,DIA,index,True
2024-11-20,2024-11-20 00:00:00,1116.5746802984077,7791607.0,1121.1695075171715,1121.939995482856,1112.5983991411463,DIA,index,True
2024-11-21,2024-11-21 00:00:00,1121.2188559186711,46315899.0,1130.1144074194478,1139.4877174065455,1119.2782955081004,DIA,index,True
2024-11-22,2024-11-22 00:00:00,1129.7814629451025,8731008.0,1129.7654490898783,1139.5301662926763,1128.9776801111545,DIA,index,True
2024-11-25,2024-11-25 00:00:00,1130.0239179320797,18658645.0,1121.2958607867845,1139.627556058308,1115.448788087031,DIA,index,True
2024-11-26,2024-11-26 00:00:00,1121.3967885829734,12588306.0,1123.1797946941977,1126.2441858475206,1112.8404885651335,DIA,index,True
2024-11-27,2024-11-27 00:00:00,1123.5249683081029,13297174.0,1116.5498833107008,1133.9232055843288,1113.011161532074,DIA,index,True
2024-11-28,2024-11-28 00:00:00,1116.5371261090818,43165026.0,1111.085498476897,1122.7725153871365,1103.47833284685,DIA,index,True
2024-11-29,2024-11-29 00:00:00,1111.2267719204474,21335738.0,1104.3115093004762,1121.4060935218274,1100.047520713785,DIA,index,True
2024-12-02,2024-12-02 00:00:00,1104.5329451949244,25558759.0,1109.6282505801903,1112.2956867477887,1102.5451773383695,DIA,index,True
2024-12-03,2024-12-03 00:00:00,1109.4049076909935,30768155.0,1101.2267471717387,1115.9546600991723,1092.5944233676773,DIA,index,True
2024-12-04,2024-12-04 00:00:00,1101.130832216107,15174662.0,1107.7639177285616,1115.662441882548,1096.727165052136,DIA,index,True
2024-12-05,2024-12-05 00:00:00,1107.6776493336934,19756545.0,1104.0192191394556,1114.2795062331445,1094.3546008562894,DIA,index,True
2024-12-06,2024-12-06 00:00:00,1104.3428068238636,25273913.0,1095.1081374922396,1112.2179611063987,1086.8914635808098,DIA,index,True
2024-12-09,2024-12-09 00:00:00,1095.075164248148,37952091.0,1096.566223118128,1105.8386137946188,1092.3291885372869,DIA,index,True
2024-12-10,2024-12-10 00:00:00,1096.653236461741,29879967.0,1096.3733041687456,1096.7497532533569,1091.643171696715,DIA,index,True
2024-12-11,2024-12-11 00:00:00,1096.6551545033865,18959630.0,1087.3508834792772,1098.0139178533047,1078.8649436969354,DIA,index,True
2024-12-12,2024-12-12 00:00:00,1087.1983152674923,11129715.0,1086.548915837524,1093.281568084434,1085.1863263035611,DIA,index,True
2024-12-13,2024-12-13 00:00:00,1086.313416638567,43403292.0,1083.5013030655246,1092.0397861557271,1074.6446721151901,DIA,index,True
2024-12-16,2024-12-16 00:00:00,1083.258728271284,26239939.0,1088.2384357855283,1098.4703656178829,1077.2370078303368,DIA,index,True
2024-12-17,2024-12-17 00:00:00,1088.0428538575904,36271707.0,1083.4664648175997,1096.8844488436418,1072.8346662277206,DIA,index,True
2024-12-18,2024-12-18 00:00:00,1083.0825837848806,33991989.0,1079.9861509599298,1086.681783285358,1073.261910259224,DIA,index,True
2024-12-19,2024-12-19 00:00:00,1080.3185663255892,33765776.0,1083.9731872253074,1089.1713788871969,1079.4678719263723,DIA,index,True
2024-12-20,2024-12-20 00:00:00,1084.1206769312882,35723472.0,1084.7093492340825,1089.6809924080976,1074.4230123158388,DIA,index,True
2024-12-23,2024-12-23 00:00:00,1084.8029931962462,5806385.0,1076.7330260211515,1091.204641071079,1076.2809247651164,DIA,index,True
2024-12-24,2024-12-24 00:00:00,1076.3354284233092,33624226.0,1065.7580191368809,1082.988506236793,1061.4031774419684,DIA,index,True
2024-12-25,2024-12-25 00:00:00,1065.7914197012742,45927593.0,1060.6082519182883,1070.2913656061776,1057.7786231140374,DIA,index,True
2024-12-26,2024-12-26 00:00:00,1060.2990000867437,20580953.0,1065.5488817628332,1067.1020827038817,1051.0918517971247,DIA,index,True
2024-12-27,2024-12-27 00:00:00,1065.1391068365763,5431758.0,1064.350747374169,1065.4091729935235,1058.7366697194639,DIA,index,True
2024-12-30,2024-12-30 00:00:00,1064.5677892961749,33344494.0,1075.0775395476046,1076.039499583847,1054.4770942492896,DIA,index,True
2024-12-31,2024-12-31 00:00:00,1074.8140318098083,13077686.0,1076.773369528217,1082.0241713974954,1065.8836519002032,DIA,index,True
2025-01-01,2025-01-01 00:00:00,1076.964691033224,10207323.0,1067.0661338754182,1086.6565680593696,1059.155186830198,DIA,index,True
2025-01-02,2025-01-02 00:00:00,1066.610387424807,13255310.0,1062.3440344233243,1070.8938300755638,1061.132467611135,DIA,index,True
2025-01-03,2025-01-03 00:00:00,1062.2030650335703,36817450.0,1062.9233984865825,1072.2214668585793,1056.967022104551,DIA,index,True
2025-01-06,2025-01-06 00:00:00,1062.8664580094473,7312842.0,1060.582867176098,1065.8613823997932,1055.962360548587,DIA,index,True
2025-01-07,2025-01-07 00:00:00,1060.3508131549004,38946513.0,1064.8643405035,1067.1937282695826,1054.3609993361852,DIA,index,True
2025-01-08,2025-01-08 00:00:00,1064.8880305069952,30896914.0,1075.4953379938345,1076.68533111514,1062.3524955690048,DIA,index,True
2025-01-09,2025-01-09 00:00:00,1075.3884225378783,42376237.0,1069.1983357982053,1080.452442941308,1063.890798363129,DIA,index,True
2025-01-10,2025-01-10 00:00:00,1069.5673246364,17292826.0,1067.9729526951792,1074.9049131939523,1058.0435065422414,DIA,index,True
2025-01-13,2025-01-13 00:00:00,1068.0660683378144,8027900.0,1065.9069495438048,1072.3299774508964,1061.4664143448983,DIA,index,True
2025-01-14,2025-01-14 00:00:00,1065.9414578900069,39305526.0,1074.8621847893887,1077.00276809882,1056.1884814062762,DIA,index,True
2025-01-15,2025-01-15 00:00:00,1074.558228474466,28362050.0,1077.1410546302482,1081.8147223877595,1071.7742260554767,DIA,index,True
2025-01-16,2025-01-16 00:00:00,1077.422732456165,15141556.0,1077.2917711774555,1080.5950703928395,1067.6779376163097,DIA,index,True
2025-01-17,2025-01-17 00:00:00,1077.3867136575664,27480467.0,1075.2870728073613,1079.0549431504846,1071.6201408766797,DIA,index,True
2025-01-20,2025-01-20 00:00:00,1075.3111788252006,16763485.0,1079.9780729789934,1084.267607184631,1071.6456928359191,DIA,index,True
2025-01-21,2025-01-21 00:00:00,1080.0040436137833,35754305.0,1077.5505645841065,1088.404824569923,1075.586389614074,DIA,index,True
2025-01-22,2025-01-22 00:00:00,1077.138857332512,20906899.0,1076.4870891979467,1087.812800704809,1069.9896861597645,DIA,index,True
2025-01-23,2025-01-23 00:00:00,1076.6249953725876,8537031.0,1076.748088041288,1082.223941762141,1068.2750526475995,DIA,index,True
2025-01-24,2025-01-24 00:00:00,1077.0423989647288,38724553.0,1077.5178015654517,1078.7068893191688,1067.462541945584,DIA,index,True
2025-01-27,2025-01-27 00:00:00,1077.6697539997078,11137040.0,1072.0045057895932,1088.1959657153786,1070.1723776852173,DIA,index,True
2025-01-28,2025-01-28 00:00:00,1072.3864536991907,47415054.0,1073.4024785100596,1074.199640637038,1065.620202198094,DIA,index,True
2025-01-29,2025-01-29 00:00:00,1073.240226685111,21959454.0,1082.2420505631794,1088.4515388675316,1065.5449663237928,DIA,index,True
2025-01-30,2025-01-30 00:00:00,1081.884519292744,8536232.0,1087.5496892064407,1093.2064829713654,1077.3424213638439,DIA,index,True
2025-01-31,2025-01-31 00:00:00,1087.6800286123462,5492546.0,1089.1349774885616,1097.5836314460935,1081.7879790814463,DIA,index,True
2025-02-03,2025-02-03 00:00:00,1089.4859495604933,49524041.0,1085.8677307715664,1098.3328479301806,1079.4982573677337,DIA,index,True
2025-02-04,2025-02-04 00:00:00,1085.5136223921609,28774741.0,1078.038058841618,1087.4752293040835,1067.5884517112831,DIA,index,True
2025-02-05,2025-02-05 00:00:00,1078.2058282252056,49981885.0,1078.6859300565823,1079.5147639071054,1075.6274591341994,DIA,index,True
2025-02-06,2025-02-06 00:00:00,1078.3266047147233,34448213.0,1081.372615307042,1088.303640854519,1077.4668902304234,DIA,index,True
2025-02-07,2025-02-07 00:00:00,1081.7330163525216,7600892.0,1088.1024214893382,1088.8215055676114,1076.2936750135616,DIA,index,True
2025-02-10,2025-02-10 00:00:00,1087.8692057882588,32322657.0,1098.1951423476482,1103.0929996191053,1077.563488156564,DIA,index,True
2025-02-11,2025-02-11 00:00:00,1098.4422886355421,8125529.0,1087.9556512116978,1107.3102045162893,1086.1029186960488,DIA,index,True
2025-02-12,2025-02-12 00:00:00,1087.7986787528473,6601797.0,1095.4606762544431,1103.126441232566,1080.796383044218,DIA,index,True
2025-02-13,2025-02-13 00:00:00,1095.5595523726993,9067222.0,1102.2190354083687,1103.0698177806241,1091.2917531963503,DIA,index,True
2025-02-14,2025-02-14 00:00:00,1101.835829800819,34985706.0,1109.545966645134,1117.174921223057,1091.5199156733433,DIA,index,True
2025-02-17,2025-02-17 00:00:00,1109.3001364080487,43799430.0,1118.0734041817805,1120.6501620776762,1103.607742256569,DIA,index,True
2025-02-18,2025-02-18 00:00:00,1117.8935849020736,17358469.0,1118.34251240847,1123.9207271724972,1109.443035548338,DIA,index,True
2025-02-19,2025-02-19 00:00:00,1118.548972775079,39355061.0,1111.3220568209815,1123.9934293473157,1100.3022365072907,DIA,index,True
2025-02-20,2025-02-20 00:00:00,1111.6508412930025,19149895.0,1112.0982300382464,1119.3543697703499,1109.9513874785182,DIA,index,True
2025-02-21,2025-02-21 00:00:00,1112.186462942924,44103470.0,1116.9990662576392,1119.7714531174533,1110.806434762503,DIA,index,True
2025-02-24,2025-02-24 00:00:00,1116.547775187146,24655805.0,1107.9822789110085,1121.9820794780978,1102.9771844586899,DIA,index,True
2025-02-25,2025-02-25 00:00:00,1108.0421704593812,27717036.0,1116.8088173223775,1117.7856915168334,1097.098281746647,DIA,index,True
2025-02-26,2025-02-26 00:00:00,1116.750351596399,41671452.0,1119.3026541868653,1128.4895838804405,1105.5976066790543,DIA,index,True
2025-02-27,2025-02-27 00:00:00,1119.517068205587,38125808.0,1111.4112856149388,1123.5658649844236,1110.5880011042307,DIA,index,True
2025-02-28,2025-02-28 00:00:00,1111.0152028760922,25156827.0,1102.117104039691,1113.014676784311,1092.503328924492,DIA,index,True
2025-03-03,2025-03-03 00:00:00,1101.7934117030682,47134487.0,1100.8770843499703,1106.3829356258047,1095.0957604995674,DIA,index,True
2025-03-04,2025-03-04 00:00:00,1100.7388476552326,7149713.0,1103.5873426529429,1103.844305113846,1092.3656905551527,DIA,index,True
2025-03-05,2025-03-05 00:00:00,1103.8873736249823,16176252.0,1101.3775961232748,1114.0066507764084,1100.841273989379,DIA,index,True
2025-03-06,2025-03-06 00:00:00,1101.5036041710432,46607872.0,1106.017556164722,1114.3181305535961,1091.4046144428767,DIA,index,True
2025-03-07,2025-03-07 00:00:00,1106.2329717765988,26314178.0,1113.3391995912234,1120.929180609399,1102.5602856944608,DIA,index,True
2025-03-10,2025-03-10 00:00:00,1112.8582827944317,42428751.0,1119.7776508336487,1120.7506128763373,1110.17537079338,DIA,index,True
2025-03-11,2025-03-11 00:00:00,1120.0062945616526,8217732.0,1130.7955211202795,1137.0372150570956,1116.8381600386288,DIA,index,True
2025-03-12,2025-03-12 00:00:00,1130.597581627097,24366787.0,1130.8891181278082,1131.5317617560881,1127.2863503525934,DIA,index,True
2025-03-13,2025-03-13 00:00:00,1130.60268576492,9661885.0,1141.8015555269112,1142.386520916503,1122.852663993257,DIA,index,True
2025-03-14,2025-03-14 00:00:00,1141.4657145956248,37156580.0,1137.9424728319607,1151.8611130880897,1128.1021537811962,DIA,index,True
2025-03-17,2025-03-17 00:00:00,1137.9968441130347,27625337.0,1139.9329017779496,1141.4994103727706,1127.3312293037814,DIA,index,True
2025-03-18,2025-03-18 00:00:00,1139.9644977967291,26504416.0,1143.0012717771046,1144.5171540991919,1134.1934650346602,DIA,index,True
2025-03-19,2025-03-19 00:00:00,1142.6528299037534,43023648.0,1142.3469224426747,1151.2621843297204,1138.8596836473405,DIA,index,True
2025-03-20,2025-03-20 00:00:00,1142.1399955299023,44006545.0,1141.5752572117367,1149.534067256326,1137.1863997057126,DIA,index,True
2025-03-21,2025-03-21 00:00:00,1141.622592591417,5147672.0,1150.5946271345072,1156.4226244188783,1136.3538339215183,DIA,index,True
2025-03-24,2025-03-24 00:00:00,1150.1840276457672,13163380.0,1157.5392973794126,1166.6463059329596,1143.6066548876915,DIA,index,True
2025-03-25,2025-03-25 00:00:00,1157.0857303783112,36195004.0,1167.629498087685,1174.8996983150976,1148.1594590356779,DIA,index,True
2025-03-26,2025-03-26 00:00:00,1167.53204893344,32672614.0,1157.4814980582387,1172.77164512683,1153.3364053395699,DIA,index,True
2025-03-27,2025-03-27 00:00:00,1157.095393927641,13663708.0,1158.0575699557407,1167.9704029043073,1151.5696109519854,DIA,index,True
2025-03-28,2025-03-28 00:00:00,1158.0686350879214,13082413.0,1148.9435643559343,1159.2621239771909,1138.3855676747755,DIA,index,True
2025-03-31,2025-03-31 00:00:00,1149.1478668539523,41396705.0,1158.8894033983083,1161.2605083355331,1144.6970692364532,DIA,index,True
2025-04-01,2025-04-01 00:00:00,1159.1706629312457,24071992.0,1169.2290736043644,1179.5603023896608,1158.1444992258528,DIA,index,True
2025-04-02,2025-04-02 00:00:00,1169.3777975877852,28699681.0,1165.2128214637366,1172.5983856372266,1159.4310076863208,DIA,index,True
2025-04-03,2025-04-03 00:00:00,1164.7478646998784,49057781.0,1172.7631748649603,1176.0888650533652,1160.5752858564397,DIA,index,True
2025-04-04,2025-04-04 00:00:00,1172.6061508330838,37580546.0,1173.747325411851,1178.0868085205261,1171.5148968629778,DIA,index,True
2025-04-07,2025-04-07 00:00:00,1173.7693690689912,13489390.0,1166.7662159772049,1179.913564593953,1163.7555989035018,DIA,index,True
2025-04-08,2025-04-08 00:00:00,1166.5644833504043,40871094.0,1157.202666690594,1171.5487283882458,1150.7012519257987,DIA,index,True
2025-04-09,2025-04-09 00:00:00,1156.9895881394318,43351965.0,1164.7542486645184,1169.4884001641042,1154.954813290884,DIA,index,True
2025-04-10,2025-04-10 00:00:00,1164.6577455332845,28251078.0,1172.6543489183184,1178.9603518696354,1163.9023568621415,DIA,index,True
2025-04-11,2025-04-11 00:00:00,1172.2773978957623,41857535.0,1181.0645842500735,1186.0237437080139,1167.6285100569,DIA,index,True
2025-04-14,2025-04-14 00:00:00,1181.180146823641,14743681.0,1186.4674606710255,1189.3300666611378,1177.1449534494523,DIA,index,True
2025-04-15,2025-04-15 00:00:00,1186.2384753057395,37068948.0,1187.403898850348,1189.6409401909468,1176.8904331950534,DIA,index,True
2025-04-16,2025-04-16 00:00:00,1187.4368054442905,23042096.0,1190.4777323683509,1191.5984334066525,1177.776756748112,DIA,index,True
2025-04-17,2025-04-17 00:00:00,1190.5966112663668,17847504.0,1200.612649040846,1210.3642591117489,1187.8124093760612,DIA,index,True
2025-04-18,2025-04-18 00:00:00,1200.4692084072085,28806269.0,1193.107175385363,1203.3506239569897,1188.3864543102218,DIA,index,True
2025-04-21,2025-04-21 00:00:00,1193.368979586446,48240027.0,1205.116036441019,1208.4956229514055,1185.6694729757435,DIA,index,True
2025-04-22,2025-04-22 00:00:00,1204.8107016965007,26984818.0,1200.71039703543,1213.9948216992789,1192.1885187674193,DIA,index,True
2025-04-23,2025-04-23 00:00:00,1200.449438377562,35694883.0,1201.2552280699686,1205.2305110817874,1193.2230415667273,DIA,index,True
2025-04-24,2025-04-24 00:00:00,1201.5058729148009,28401887.0,1194.4459232126515,1207.8266844320765,1188.8345540511996,DIA,index,True
2025-04-25,2025-04-25 00:00:00,1194.36797879263,10132858.0,1191.6371716255226,1202.1870174820833,1186.4376689316373,DIA,index,True
2025-04-28,2025-04-28 00:00:00,1191.9202173767358,27749877.0,1193.7341973636571,1196.9152261905238,1186.6755583416855,DIA,index,True
2025-04-29,2025-04-29 00:00:00,1193.9549496735965,39613711.0,1187.0610180193983,1197.6372399312727,1182.9360857957076,DIA,index,True
2025-04-30,2025-04-30 00:00:00,1186.731491190493,43966214.0,1177.7047460372419,1193.7313259979549,1174.1498028092283,DIA,index,True
2025-05-01,2025-05-01 00:00:00,1177.3565649984762,34148275.0,1184.1585069790528,1188.4069760699126,1166.060796356839,DIA,index,True
2025-05-02,2025-05-02 00:00:00,1183.6770735585644,35530565.0,1185.097432700497,1195.3473286378087,1182.2255213249452,DIA,index,True
2025-05-05,2025-05-05 00:00:00,1184.8202418921044,49969047.0,1184.5762469866536,1185.1002074820926,1173.0651590360194,DIA,index,True
2025-05-06,2025-05-06 00:00:00,1184.0718468907844,48105102.0,1193.910978564241,1199.3590652522118,1177.4194253833703,DIA,index,True
2025-05-07,2025-05-07 00:00:00,1193.5220628909638,26897227.0,1199.0421071592496,1210.9465687401375,1182.991877031486,DIA,index,True
2025-05-08,2025-05-08 00:00:00,1198.5783616982374,23168362.0,1190.8395964663155,1208.6151191970007,1180.8735296486477,DIA,index,True
2025-05-09,2025-05-09 00:00:00,1191.2078676877402,38299794.0,1197.3884267079986,1205.2766867020996,1182.2029887889312,DIA,index,True
2025-05-12,2025-05-12 00:00:00,1197.0120043772151,35517117.0,1190.2603544035378,1205.812700564294,1182.5856906710358,DIA,index,True
2025-05-13,2025-05-13 00:00:00,1189.8932265429144,49356949.0,1195.843835937128,1197.1475752164342,1179.1742430794272,DIA,index,True
2025-05-14,2025-05-14 00:00:00,1195.9912448276034,8851015.0,1186.188957528082,1207.6503253319702,1181.6316492786616,DIA,index,True
2025-05-15,2025-05-15 00:00:00,1185.8901365811635,31439739.0,1177.884998625344,1187.9365158398389,1175.220933431883,DIA,index,True
2025-05-16,2025-05-16 00:00:00,1177.6155649514496,14071539.0,1182.8044396149412,1194.3127216817777,1176.6703283087647,DIA,index,True
2025-05-19,2025-05-19 00:00:00,1182.6308232346307,17407360.0,1175.9214927675162,1183.100809143559,1173.1890151569496,DIA,index,True
2025-05-20,2025-05-20 00:00:00,1175.5229706680493,15312729.0,1169.8402474861575,1184.0048697801524,1164.0552924927654,DIA,index,True
2025-05-21,2025-05-21 00:00:00,1169.9213881771927,15162247.0,1176.09130117894,1179.4534901632007,1158.6679555430896,DIA,index,True
2025-05-22,2025-05-22 00:00:00,1175.9932281467024,8735204.0,1177.042195839274,1186.2009018995175,1170.8631985213008,DIA,index,True
2025-05-23,2025-05-23 00:00:00,1177.4326122748018,9975366.0,1170.8787140008983,1187.282415961608,1170.4186500107003,DIA,index,True
2025-05-26,2025-05-26 00:00:00,1170.8015149975129,17442359.0,1178.8915092598727,1186.0961000019006,1163.7545063553782,DIA,index,True
2025-05-27,2025-05-27 00:00:00,1178.3890879691608,45306228.0,1172.0104380480009,1181.2364175072862,1168.7142444184772,DIA,index,True
2025-05-28,2025-05-28 00:00:00,1171.9302716239827,34018424.0,1174.5141682320068,1185.4435701073012,1161.973982657,DIA,index,True
2025-05-29,2025-05-29 00:00:00,1174.7911140437639,6414012.0,1175.8143792358585,1182.2419096999117,1167.2801818065075,DIA,index,True
2025-05-30,2025-05-30 00:00:00,1175.6643959093271,23254424.0,1176.7248972580583,1177.9125446205887,1164.5721204146332,DIA,index,True
2025-06-02,2025-06-02 00:00:00,1176.4042139691242,21278664.0,1180.8373948936924,1184.0308756687778,1175.1640354996864,DIA,index,True
2025-06-03,2025-06-03 00:00:00,1180.8330652670725,45984456.0,1179.9891227031717,1181.0918974334995,1177.1637334629788,DIA,index,True
2025-06-04,2025-06-04 00:00:00,1179.5004195133467,15694924.0,1177.1961487296321,1189.5605753589914,1166.8097585771015,DIA,index,True
2025-06-05,2025-06-05 00:00:00,1177.0349468710388,21487685.0,1184.6171065535805,1186.5354999039594,1168.2941362091203,DIA,index,True
2025-06-06,2025-06-06 00:00:00,1184.9584191770605,11969863.0,1180.0290967947171,1191.870005126592,1170.3034703473663,DIA,index,True
2025-06-09,2025-06-09 00:00:00,1179.6698457005546,31077550.0,1190.153984798326,1190.2296007856053,1173.7251337476662,DIA,index,True
2025-06-10,2025-06-10 00:00:00,1189.993634501974,32904341.0,1195.3032641771488,1197.6593941895014,1181.1186637395201,DIA,index,True
2025-06-11,2025-06-11 00:00:00,1195.1698573891647,20882187.0,1206.626226582101,1208.8808533169913,1195.049973307961,DIA,index,True
2025-06-12,2025-06-12 00:00:00,1206.5722207095844,34917231.0,1200.8344632401331,1215.8303499645529,1195.123464156104,DIA,index,True
2025-06-13,2025-06-13 00:00:00,1200.8626478710687,49631642.0,1199.2750684719535,1209.1522070074225,1189.3307389448007,DIA,index,True
2025-06-16,2025-06-16 00:00:00,1199.480598488479,32185648.0,1204.6716717634224,1215.4501090353858,1189.8319070700923,DIA,index,True
2025-06-17,2025-06-17 00:00:00,1204.699140007743,44588302.0,1199.9341536784657,1206.1091518079259,1192.5455106983231,DIA,index,True
2025-06-18,2025-06-18 00:00:00,1199.896304682803,23594453.0,1189.736939218797,1206.8982802018104,1178.093410525884,DIA,index,True
2025-06-19,2025-06-19 00:00:00,1189.704587286707,10798475.0,1188.1539374395602,1197.1674884209924,1187.2763728028156,DIA,index,True
2025-06-20,2025-06-20 00:00:00,1187.807962522626,8524273.0,1188.2158985603467,1190.612049998137,1177.1657112889843,DIA,index,True
2025-06-23,2025-06-23 00:00:00,1188.2100794967023,36726667.0,1197.8745135055856,1197.9822189345027,1182.8151242406818,DIA,index,True
2025-06-24,2025-06-24 00:00:00,1197.705088606058,28167145.0,1198.0073410828484,1202.1342226072595,1188.4166965168656,DIA,index,True
2025-06-25,2025-06-25 00:00:00,1198.1717262170307,14346682.0,1201.5163241158484,1209.33941518252,1197.8809587080839,DIA,index,True
2025-06-26,2025-06-26 00:00:00,1201.4757051690315,37679031.0,1193.9763382668496,1207.0622106470908,1186.9022363670178,DIA,index,True
2025-06-27,2025-06-27 00:00:00,1193.9173551984143,26108764.0,1190.5145333005291,1199.7849710652522,1188.7111001853814,DIA,index,True
2025-06-30,2025-06-30 00:00:00,1190.363730542648,37077708.0,1188.9376282469154,1191.405082724269,1187.387724018659,DIA,index,True
2025-07-01,2025-07-01 00:00:00,1188.8715527784548,21767897.0,1186.5827951758092,1195.8509686496782,1182.0462927632782,DIA,index,True
2025-07-02,2025-07-02 00:00:00,1186.6698152186295,28884336.0,1190.0054412949987,1197.4087147440625,1180.8400358819506,DIA,index,True
2025-07-03,2025-07-03 00:00:00,1190.2485018825612,18265278.0,1199.3199541843633,1207.1908064315992,1186.698551755842,DIA,index,True
2025-07-04,2025-07-04 00:00:00,1199.0689519710245,14479700.0,1199.1399580309844,1200.046950711513,1196.5788046890386,DIA,index,True
2025-07-07,2025-07-07 00:00:00,1198.9533748490921,9744831.0,1209.2179806233523,1210.12594813357,1192.1897951970707,DIA,index,True
2025-07-08,2025-07-08 00:00:00,1209.599588167618,47711993.0,1204.8782632781915,1215.5996682844957,1198.8736233608358,DIA,index,True
2025-07-09,2025-07-09 00:00:00,1204.703918312524,7049659.0,1195.8796808718623,1208.7160652644181,1187.674984413811,DIA,index,True
2025-07-10,2025-07-10 00:00:00,1195.6749800218445,42485276.0,1194.535335505871,1199.6980715823152,1187.5714379811382,DIA,index,True
2025-07-11,2025-07-11 00:00:00,1194.7468112274585,10122612.0,1205.5919760787974,1212.3358226746702,1193.2858717232086,DIA,index,True
2025-07-14,2025-07-14 00:00:00,1205.6380386892547,34746675.0,1195.9478581388425,1211.3074489814123,1188.6828147772378,DIA,index,True
2025-07-15,2025-07-15 00:00:00,1195.7969758466363,38560030.0,1206.0,1209.4450966283343,1191.6274130705083,DIA,index,True
