Date,Datetime,Close,Volume,Open,High,Low,Symbol,Type,IsMock
2025-04-16,2025-04-16 05:30:00,83656.49248858042,25084671427.622566,83656.49248858042,83656.49248858042,83656.49248858042,BTC-USD,crypto,
2025-04-17,2025-04-17 05:30:00,84105.77942167096,26948109141.803364,84105.77942167096,84105.77942167096,84105.77942167096,BTC-USD,crypto,
2025-04-18,2025-04-18 05:30:00,84930.90857600998,19323821375.14309,84930.90857600998,84930.90857600998,84930.90857600998,BTC-USD,crypto,
2025-04-19,2025-04-19 05:30:00,84433.75017215389,9550691272.782005,84433.75017215389,84433.75017215389,84433.75017215389,BTC-USD,crypto,
2025-04-20,2025-04-20 05:30:00,85126.66244301842,12635983530.804455,85126.66244301842,85126.66244301842,85126.66244301842,BTC-USD,crypto,
2025-04-21,2025-04-21 05:30:00,85073.16544858096,12625843856.313684,85073.16544858096,85073.16544858096,85073.16544858096,BTC-USD,crypto,
2025-04-22,2025-04-22 05:30:00,87452.04699068287,40070025414.28289,87452.04699068287,87452.04699068287,87452.04699068287,BTC-USD,crypto,
2025-04-23,2025-04-23 05:30:00,93576.16588573981,53841992235.36636,93576.16588573981,93576.16588573981,93576.16588573981,BTC-USD,crypto,
2025-04-24,2025-04-24 05:30:00,93605.45230873208,39901515879.65954,93605.45230873208,93605.45230873208,93605.45230873208,BTC-USD,crypto,
2025-04-25,2025-04-25 05:30:00,93872.81422867288,30031246761.093452,93872.81422867288,93872.81422867288,93872.81422867288,BTC-USD,crypto,
2025-04-26,2025-04-26 05:30:00,94773.11200643536,39336184715.04292,94773.11200643536,94773.11200643536,94773.11200643536,BTC-USD,crypto,
2025-04-27,2025-04-27 05:30:00,94644.06637120107,15445392739.787264,94644.06637120107,94644.06637120107,94644.06637120107,BTC-USD,crypto,
2025-04-28,2025-04-28 05:30:00,93809.33781968223,15926259371.057959,93809.33781968223,93809.33781968223,93809.33781968223,BTC-USD,crypto,
2025-04-29,2025-04-29 05:30:00,95030.60645474444,31913814736.53902,95030.60645474444,95030.60645474444,95030.60645474444,BTC-USD,crypto,
2025-04-30,2025-04-30 05:30:00,94256.35946318062,25882629766.278946,94256.35946318062,94256.35946318062,94256.35946318062,BTC-USD,crypto,
2025-05-01,2025-05-01 05:30:00,94235.75331048167,26541700309.366146,94235.75331048167,94235.75331048167,94235.75331048167,BTC-USD,crypto,
2025-05-02,2025-05-02 05:30:00,96426.94522273027,30207566405.468834,96426.94522273027,96426.94522273027,96426.94522273027,BTC-USD,crypto,
2025-05-03,2025-05-03 05:30:00,96855.5681343944,23276376191.483967,96855.5681343944,96855.5681343944,96855.5681343944,BTC-USD,crypto,
2025-05-04,2025-05-04 05:30:00,95922.86842404422,13797554863.642815,95922.86842404422,95922.86842404422,95922.86842404422,BTC-USD,crypto,
2025-05-05,2025-05-05 05:30:00,94326.62048529249,14903122945.616686,94326.62048529249,94326.62048529249,94326.62048529249,BTC-USD,crypto,
2025-05-06,2025-05-06 05:30:00,94758.8237105546,24086456278.203846,94758.8237105546,94758.8237105546,94758.8237105546,BTC-USD,crypto,
2025-05-07,2025-05-07 05:30:00,96854.53198815876,23348052607.071873,96854.53198815876,96854.53198815876,96854.53198815876,BTC-USD,crypto,
2025-05-08,2025-05-08 05:30:00,97026.49376966801,64376174032.08048,97026.49376966801,97026.49376966801,97026.49376966801,BTC-USD,crypto,
2025-05-09,2025-05-09 05:30:00,103076.27555512934,50020047720.65604,103076.27555512934,103076.27555512934,103076.27555512934,BTC-USD,crypto,
2025-05-10,2025-05-10 05:30:00,102962.54045692299,40800894903.23446,102962.54045692299,102962.54045692299,102962.54045692299,BTC-USD,crypto,
2025-05-11,2025-05-11 05:30:00,104630.8792994166,21558992540.042442,104630.8792994166,104630.8792994166,104630.8792994166,BTC-USD,crypto,
2025-05-12,2025-05-12 05:30:00,103994.061616746,27389436049.454792,103994.061616746,103994.061616746,103994.061616746,BTC-USD,crypto,
2025-05-13,2025-05-13 05:30:00,102876.8304286011,43090605819.36596,102876.8304286011,102876.8304286011,102876.8304286011,BTC-USD,crypto,
2025-05-14,2025-05-14 05:30:00,104184.49039270742,33861432519.50822,104184.49039270742,104184.49039270742,104184.49039270742,BTC-USD,crypto,
2025-05-15,2025-05-15 05:30:00,103594.42575090709,28398245846.798244,103594.42575090709,103594.42575090709,103594.42575090709,BTC-USD,crypto,
2025-05-16,2025-05-16 05:30:00,103708.85136423641,31823340473.339912,103708.85136423641,103708.85136423641,103708.85136423641,BTC-USD,crypto,
2025-05-17,2025-05-17 05:30:00,103556.03493982446,25887953182.14765,103556.03493982446,103556.03493982446,103556.03493982446,BTC-USD,crypto,
2025-05-18,2025-05-18 05:30:00,103212.36483885496,18950056010.479057,103212.36483885496,103212.36483885496,103212.36483885496,BTC-USD,crypto,
2025-05-19,2025-05-19 05:30:00,106030.6376831359,30744060179.802963,106030.6376831359,106030.6376831359,106030.6376831359,BTC-USD,crypto,
2025-05-20,2025-05-20 05:30:00,105629.41580436694,43339734153.75087,105629.41580436694,105629.41580436694,105629.41580436694,BTC-USD,crypto,
2025-05-21,2025-05-21 05:30:00,106786.71995834043,36393687094.25122,106786.71995834043,106786.71995834043,106786.71995834043,BTC-USD,crypto,
2025-05-22,2025-05-22 05:30:00,109665.86371625263,60722883113.84,109665.86371625263,109665.86371625263,109665.86371625263,BTC-USD,crypto,
2025-05-23,2025-05-23 05:30:00,111560.356938144,52218408239.45193,111560.356938144,111560.356938144,111560.356938144,BTC-USD,crypto,
2025-05-24,2025-05-24 05:30:00,107216.66856870624,49251745837.96465,107216.66856870624,107216.66856870624,107216.66856870624,BTC-USD,crypto,
2025-05-25,2025-05-25 05:30:00,107831.36374380375,27128230116.517162,107831.36374380375,107831.36374380375,107831.36374380375,BTC-USD,crypto,
2025-05-26,2025-05-26 05:30:00,108861.81037744327,29652659665.048733,108861.81037744327,108861.81037744327,108861.81037744327,BTC-USD,crypto,
2025-05-27,2025-05-27 05:30:00,109377.71513263129,27950577137.918888,109377.71513263129,109377.71513263129,109377.71513263129,BTC-USD,crypto,
2025-05-28,2025-05-28 05:30:00,109068.45694901445,38978783508.88622,109068.45694901445,109068.45694901445,109068.45694901445,BTC-USD,crypto,
2025-05-29,2025-05-29 05:30:00,107838.18431100152,29794278037.284946,107838.18431100152,107838.18431100152,107838.18431100152,BTC-USD,crypto,
2025-05-30,2025-05-30 05:30:00,105745.41660358038,38279231892.56757,105745.41660358038,105745.41660358038,105745.41660358038,BTC-USD,crypto,
2025-05-31,2025-05-31 05:30:00,104010.91956242644,39680060337.610214,104010.91956242644,104010.91956242644,104010.91956242644,BTC-USD,crypto,
2025-06-01,2025-06-01 05:30:00,104687.50742934884,20432694555.09522,104687.50742934884,104687.50742934884,104687.50742934884,BTC-USD,crypto,
2025-06-02,2025-06-02 05:30:00,105710.00593822816,17721500507.53389,105710.00593822816,105710.00593822816,105710.00593822816,BTC-USD,crypto,
2025-06-03,2025-06-03 05:30:00,105884.74263221149,26313843058.73954,105884.74263221149,105884.74263221149,105884.74263221149,BTC-USD,crypto,
2025-06-04,2025-06-04 05:30:00,105434.47745144971,25925661121.080395,105434.47745144971,105434.47745144971,105434.47745144971,BTC-USD,crypto,
2025-06-05,2025-06-05 05:30:00,104812.9182188067,25812143562.797962,104812.9182188067,104812.9182188067,104812.9182188067,BTC-USD,crypto,
2025-06-06,2025-06-06 05:30:00,101650.7387545425,39711941132.0234,101650.7387545425,101650.7387545425,101650.7387545425,BTC-USD,crypto,
2025-06-07,2025-06-07 05:30:00,104409.74967959142,29897390978.090103,104409.74967959142,104409.74967959142,104409.74967959142,BTC-USD,crypto,
2025-06-08,2025-06-08 05:30:00,105681.4546141758,17749731308.73042,105681.4546141758,105681.4546141758,105681.4546141758,BTC-USD,crypto,
2025-06-09,2025-06-09 05:30:00,105692.24740699006,16044679696.270103,105692.24740699006,105692.24740699006,105692.24740699006,BTC-USD,crypto,
2025-06-10,2025-06-10 05:30:00,110261.57485948496,38222993297.50514,110261.57485948496,110261.57485948496,110261.57485948496,BTC-USD,crypto,
2025-06-11,2025-06-11 05:30:00,110212.73252109604,36303839182.734825,110212.73252109604,110212.73252109604,110212.73252109604,BTC-USD,crypto,
2025-06-12,2025-06-12 05:30:00,108679.9760916168,30338936631.626648,108679.9760916168,108679.9760916168,108679.9760916168,BTC-USD,crypto,
2025-06-13,2025-06-13 05:30:00,105979.22902375912,35865159511.38857,105979.22902375912,105979.22902375912,105979.22902375912,BTC-USD,crypto,
2025-06-14,2025-06-14 05:30:00,106045.56440819203,49471015505.74361,106045.56440819203,106045.56440819203,106045.56440819203,BTC-USD,crypto,
2025-06-15,2025-06-15 05:30:00,105482.90611628917,17916412455.866283,105482.90611628917,105482.90611628917,105482.90611628917,BTC-USD,crypto,
2025-06-16,2025-06-16 05:30:00,105554.49383061715,16568441852.649668,105554.49383061715,105554.49383061715,105554.49383061715,BTC-USD,crypto,
2025-06-17,2025-06-17 05:30:00,106951.2720181497,32095957011.724205,106951.2720181497,106951.2720181497,106951.2720181497,BTC-USD,crypto,
2025-06-18,2025-06-18 05:30:00,104683.42479835715,38603212010.889435,104683.42479835715,104683.42479835715,104683.42479835715,BTC-USD,crypto,
2025-06-19,2025-06-19 05:30:00,104722.695052907,30339326410.154945,104722.695052907,104722.695052907,104722.695052907,BTC-USD,crypto,
2025-06-20,2025-06-20 05:30:00,104690.65002458123,18063282658.152298,104690.65002458123,104690.65002458123,104690.65002458123,BTC-USD,crypto,
2025-06-21,2025-06-21 05:30:00,103290.105144757,30632751225.407444,103290.105144757,103290.105144757,103290.105144757,BTC-USD,crypto,
2025-06-22,2025-06-22 05:30:00,101532.5683847329,21644463198.719532,101532.5683847329,101532.5683847329,101532.5683847329,BTC-USD,crypto,
2025-06-23,2025-06-23 05:30:00,100852.58264648831,51287142390.02526,100852.58264648831,100852.58264648831,100852.58264648831,BTC-USD,crypto,
2025-06-24,2025-06-24 05:30:00,105511.62437933135,50011797128.6837,105511.62437933135,105511.62437933135,105511.62437933135,BTC-USD,crypto,
2025-06-25,2025-06-25 05:30:00,105976.06929808448,31704641076.941063,105976.06929808448,105976.06929808448,105976.06929808448,BTC-USD,crypto,
2025-06-26,2025-06-26 05:30:00,107238.53045016268,30468274982.034847,107238.53045016268,107238.53045016268,107238.53045016268,BTC-USD,crypto,
2025-06-27,2025-06-27 05:30:00,106984.01253775663,24320699663.15122,106984.01253775663,106984.01253775663,106984.01253775663,BTC-USD,crypto,
2025-06-28,2025-06-28 05:30:00,107078.91560644074,25194306261.888832,107078.91560644074,107078.91560644074,107078.91560644074,BTC-USD,crypto,
2025-06-29,2025-06-29 05:30:00,107331.58548463577,8960877693.57604,107331.58548463577,107331.58548463577,107331.58548463577,BTC-USD,crypto,
2025-06-30,2025-06-30 05:30:00,108396.61631317894,14881078675.366829,108396.61631317894,108396.61631317894,108396.61631317894,BTC-USD,crypto,
2025-07-01,2025-07-01 05:30:00,107132.79910701896,22489515582.41552,107132.79910701896,107132.79910701896,107132.79910701896,BTC-USD,crypto,
2025-07-02,2025-07-02 05:30:00,105613.39974163055,25033160828.30909,105613.39974163055,105613.39974163055,105613.39974163055,BTC-USD,crypto,
2025-07-03,2025-07-03 05:30:00,108824.44423167943,36395184773.06136,108824.44423167943,108824.44423167943,108824.44423167943,BTC-USD,crypto,
2025-07-04,2025-07-04 05:30:00,109602.20483914016,29892049537.628605,109602.20483914016,109602.20483914016,109602.20483914016,BTC-USD,crypto,
2025-07-05,2025-07-05 05:30:00,108040.8919400104,24248906784.57383,108040.8919400104,108040.8919400104,108040.8919400104,BTC-USD,crypto,
2025-07-06,2025-07-06 05:30:00,108217.46849992426,10042942280.966904,108217.46849992426,108217.46849992426,108217.46849992426,BTC-USD,crypto,
2025-07-07,2025-07-07 05:30:00,109215.19771840284,14638669497.351297,109215.19771840284,109215.19771840284,109215.19771840284,BTC-USD,crypto,
2025-07-08,2025-07-08 05:30:00,108300.71675785031,25493246475.80407,108300.71675785031,108300.71675785031,108300.71675785031,BTC-USD,crypto,
2025-07-09,2025-07-09 05:30:00,108953.19187727802,20488865138.27645,108953.19187727802,108953.19187727802,108953.19187727802,BTC-USD,crypto,
2025-07-10,2025-07-10 05:30:00,111327.53054245669,37078460440.66385,111327.53054245669,111327.53054245669,111327.53054245669,BTC-USD,crypto,
2025-07-11,2025-07-11 05:30:00,115879.65030112496,56204086624.04028,115879.65030112496,115879.65030112496,115879.65030112496,BTC-USD,crypto,
2025-07-12,2025-07-12 05:30:00,117571.02510036016,64185145923.88688,117571.02510036016,117571.02510036016,117571.02510036016,BTC-USD,crypto,
2025-07-13,2025-07-13 05:30:00,117418.95745007684,24351256098.393543,117418.95745007684,117418.95745007684,117418.95745007684,BTC-USD,crypto,
2025-07-14,2025-07-14 05:30:00,119117.55666327637,27310851454.97692,119117.55666327637,119117.55666327637,119117.55666327637,BTC-USD,crypto,
2025-07-15,2025-07-15 00:57:31,119786.85768781159,68806920588.06586,119786.85768781159,119786.85768781159,119786.85768781159,BTC-USD,crypto,
2025-04-16,2025-04-16 05:30:00,1587.8222244021401,11786525215.180002,1587.8222244021401,1587.8222244021401,1587.8222244021401,ETH-USD,crypto,
2025-04-17,2025-04-17 05:30:00,1577.7073516760117,13120084885.866234,1577.7073516760117,1577.7073516760117,1577.7073516760117,ETH-USD,crypto,
2025-04-18,2025-04-18 05:30:00,1583.4764497002345,9437178720.867388,1583.4764497002345,1583.4764497002345,1583.4764497002345,ETH-USD,crypto,
2025-04-19,2025-04-19 05:30:00,1589.1516208270755,5254078676.877919,1589.1516208270755,1589.1516208270755,1589.1516208270755,ETH-USD,crypto,
2025-04-20,2025-04-20 05:30:00,1615.0502549158562,5148626529.402773,1615.0502549158562,1615.0502549158562,1615.0502549158562,ETH-USD,crypto,
2025-04-21,2025-04-21 05:30:00,1585.4600253443446,6695768150.024456,1585.4600253443446,1585.4600253443446,1585.4600253443446,ETH-USD,crypto,
2025-04-22,2025-04-22 05:30:00,1577.4465595922347,15275062279.387148,1577.4465595922347,1577.4465595922347,1577.4465595922347,ETH-USD,crypto,
2025-04-23,2025-04-23 05:30:00,1759.7064599311093,24271980430.95098,1759.7064599311093,1759.7064599311093,1759.7064599311093,ETH-USD,crypto,
2025-04-24,2025-04-24 05:30:00,1793.969849485534,22099177230.61867,1793.969849485534,1793.969849485534,1793.969849485534,ETH-USD,crypto,
2025-04-25,2025-04-25 05:30:00,1769.3925107354407,12923295609.972548,1769.3925107354407,1769.3925107354407,1769.3925107354407,ETH-USD,crypto,
2025-04-26,2025-04-26 05:30:00,1788.7981804331257,15656748328.784924,1788.7981804331257,1788.7981804331257,1788.7981804331257,ETH-USD,crypto,
2025-04-27,2025-04-27 05:30:00,1821.2695303291391,10293614895.776522,1821.2695303291391,1821.2695303291391,1821.2695303291391,ETH-USD,crypto,
2025-04-28,2025-04-28 05:30:00,1793.6918440730135,9632458065.106846,1793.6918440730135,1793.6918440730135,1793.6918440730135,ETH-USD,crypto,
2025-04-29,2025-04-29 05:30:00,1799.50191449199,16777384305.88931,1799.50191449199,1799.50191449199,1799.50191449199,ETH-USD,crypto,
2025-04-30,2025-04-30 05:30:00,1796.9720456768928,13994558644.11867,1796.9720456768928,1796.9720456768928,1796.9720456768928,ETH-USD,crypto,
2025-05-01,2025-05-01 05:30:00,1794.0495408617828,13644627083.285889,1794.0495408617828,1794.0495408617828,1794.0495408617828,ETH-USD,crypto,
2025-05-02,2025-05-02 05:30:00,1838.8543285925753,14310565589.052694,1838.8543285925753,1838.8543285925753,1838.8543285925753,ETH-USD,crypto,
2025-05-03,2025-05-03 05:30:00,1841.427590836958,11686301446.49476,1841.427590836958,1841.427590836958,1841.427590836958,ETH-USD,crypto,
2025-05-04,2025-05-04 05:30:00,1834.501911876416,6704990478.824657,1834.501911876416,1834.501911876416,1834.501911876416,ETH-USD,crypto,
2025-05-05,2025-05-05 05:30:00,1808.156093844096,7479845748.828526,1808.156093844096,1808.156093844096,1808.156093844096,ETH-USD,crypto,
2025-05-06,2025-05-06 05:30:00,1820.0044598893596,10545233503.347864,1820.0044598893596,1820.0044598893596,1820.0044598893596,ETH-USD,crypto,
2025-05-07,2025-05-07 05:30:00,1816.1686943818438,11950393736.527246,1816.1686943818438,1816.1686943818438,1816.1686943818438,ETH-USD,crypto,
2025-05-08,2025-05-08 05:30:00,1810.3169269284476,47111217119.49919,1810.3169269284476,1810.3169269284476,1810.3169269284476,ETH-USD,crypto,
2025-05-09,2025-05-09 05:30:00,2197.5611893238784,35992825075.05399,2197.5611893238784,2197.5611893238784,2197.5611893238784,ETH-USD,crypto,
2025-05-10,2025-05-10 05:30:00,2341.407963002621,44566779461.54657,2341.407963002621,2341.407963002621,2341.407963002621,ETH-USD,crypto,
2025-05-11,2025-05-11 05:30:00,2583.6829051429513,29947910159.02891,2583.6829051429513,2583.6829051429513,2583.6829051429513,ETH-USD,crypto,
2025-05-12,2025-05-12 05:30:00,2507.4693107597423,26138286410.23315,2507.4693107597423,2507.4693107597423,2507.4693107597423,ETH-USD,crypto,
2025-05-13,2025-05-13 05:30:00,2492.426391077375,31524626114.978752,2492.426391077375,2492.426391077375,2492.426391077375,ETH-USD,crypto,
2025-05-14,2025-05-14 05:30:00,2676.639163127913,32279895881.637806,2676.639163127913,2676.639163127913,2676.639163127913,ETH-USD,crypto,
2025-05-15,2025-05-15 05:30:00,2603.7180887199615,28150234190.931705,2603.7180887199615,2603.7180887199615,2603.7180887199615,ETH-USD,crypto,
2025-05-16,2025-05-16 05:30:00,2542.296692466797,26211434557.7159,2542.296692466797,2542.296692466797,2542.296692466797,ETH-USD,crypto,
2025-05-17,2025-05-17 05:30:00,2544.3870377235667,21130441534.96637,2544.3870377235667,2544.3870377235667,2544.3870377235667,ETH-USD,crypto,
2025-05-18,2025-05-18 05:30:00,2475.0543933696913,17185510890.702347,2475.0543933696913,2475.0543933696913,2475.0543933696913,ETH-USD,crypto,
2025-05-19,2025-05-19 05:30:00,2465.3409856139087,24797434472.364086,2465.3409856139087,2465.3409856139087,2465.3409856139087,ETH-USD,crypto,
2025-05-20,2025-05-20 05:30:00,2526.989643891319,25363871274.82505,2526.989643891319,2526.989643891319,2526.989643891319,ETH-USD,crypto,
2025-05-21,2025-05-21 05:30:00,2524.2743433146065,22871462735.416794,2524.2743433146065,2524.2743433146065,2524.2743433146065,ETH-USD,crypto,
2025-05-22,2025-05-22 05:30:00,2558.9502343769486,32697477527.54695,2558.9502343769486,2558.9502343769486,2558.9502343769486,ETH-USD,crypto,
2025-05-23,2025-05-23 05:30:00,2657.1674447566115,29592612076.505535,2657.1674447566115,2657.1674447566115,2657.1674447566115,ETH-USD,crypto,
2025-05-24,2025-05-24 05:30:00,2519.813809045145,30047329191.503662,2519.813809045145,2519.813809045145,2519.813809045145,ETH-USD,crypto,
2025-05-25,2025-05-25 05:30:00,2529.4429842284353,10744994421.192684,2529.4429842284353,2529.4429842284353,2529.4429842284353,ETH-USD,crypto,
2025-05-26,2025-05-26 05:30:00,2546.6201163370915,13814697849.726278,2546.6201163370915,2546.6201163370915,2546.6201163370915,ETH-USD,crypto,
2025-05-27,2025-05-27 05:30:00,2562.1729286392238,13350148034.293623,2562.1729286392238,2562.1729286392238,2562.1729286392238,ETH-USD,crypto,
2025-05-28,2025-05-28 05:30:00,2662.0940568241435,26434151855.253853,2662.0940568241435,2662.0940568241435,2662.0940568241435,ETH-USD,crypto,
2025-05-29,2025-05-29 05:30:00,2676.2674124507,18008588586.284103,2676.2674124507,2676.2674124507,2676.2674124507,ETH-USD,crypto,
2025-05-30,2025-05-30 05:30:00,2633.1392065286695,27021441335.5195,2633.1392065286695,2633.1392065286695,2633.1392065286695,ETH-USD,crypto,
2025-05-31,2025-05-31 05:30:00,2524.4762348050726,22927149330.30469,2524.4762348050726,2524.4762348050726,2524.4762348050726,ETH-USD,crypto,
2025-06-01,2025-06-01 05:30:00,2532.3627853090866,13006751258.18768,2532.3627853090866,2532.3627853090866,2532.3627853090866,ETH-USD,crypto,
2025-06-02,2025-06-02 05:30:00,2538.3300584367485,11338340571.11249,2538.3300584367485,2538.3300584367485,2538.3300584367485,ETH-USD,crypto,
2025-06-03,2025-06-03 05:30:00,2609.737253959435,15623967732.418657,2609.737253959435,2609.737253959435,2609.737253959435,ETH-USD,crypto,
2025-06-04,2025-06-04 05:30:00,2595.4689570062997,15955008730.338179,2595.4689570062997,2595.4689570062997,2595.4689570062997,ETH-USD,crypto,
2025-06-05,2025-06-05 05:30:00,2610.343189828259,16809606446.176416,2610.343189828259,2610.343189828259,2610.343189828259,ETH-USD,crypto,
2025-06-06,2025-06-06 05:30:00,2421.601103763502,25849573159.64817,2421.601103763502,2421.601103763502,2421.601103763502,ETH-USD,crypto,
2025-06-07,2025-06-07 05:30:00,2481.4039836690267,18395107930.47655,2481.4039836690267,2481.4039836690267,2481.4039836690267,ETH-USD,crypto,
2025-06-08,2025-06-08 05:30:00,2526.291995889778,9535426814.691927,2526.291995889778,2526.291995889778,2526.291995889778,ETH-USD,crypto,
2025-06-09,2025-06-09 05:30:00,2508.784123584585,10206893115.537256,2508.784123584585,2508.784123584585,2508.784123584585,ETH-USD,crypto,
2025-06-10,2025-06-10 05:30:00,2685.0001850413178,19485734665.28548,2685.0001850413178,2685.0001850413178,2685.0001850413178,ETH-USD,crypto,
2025-06-11,2025-06-11 05:30:00,2808.503208314919,38281210143.95115,2808.503208314919,2808.503208314919,2808.503208314919,ETH-USD,crypto,
2025-06-12,2025-06-12 05:30:00,2776.1371915822333,27369030837.548595,2776.1371915822333,2776.1371915822333,2776.1371915822333,ETH-USD,crypto,
2025-06-13,2025-06-13 05:30:00,2653.158968452672,26068993569.969894,2653.158968452672,2653.158968452672,2653.158968452672,ETH-USD,crypto,
2025-06-14,2025-06-14 05:30:00,2577.04861752583,38576471746.00814,2577.04861752583,2577.04861752583,2577.04861752583,ETH-USD,crypto,
2025-06-15,2025-06-15 05:30:00,2534.0702195359518,12077031034.291521,2534.0702195359518,2534.0702195359518,2534.0702195359518,ETH-USD,crypto,
2025-06-16,2025-06-16 05:30:00,2547.8456040920437,11678912429.510712,2547.8456040920437,2547.8456040920437,2547.8456040920437,ETH-USD,crypto,
2025-06-17,2025-06-17 05:30:00,2561.329843569428,24222149649.172424,2561.329843569428,2561.329843569428,2561.329843569428,ETH-USD,crypto,
2025-06-18,2025-06-18 05:30:00,2514.986700576147,25926506708.040215,2514.986700576147,2514.986700576147,2514.986700576147,ETH-USD,crypto,
2025-06-19,2025-06-19 05:30:00,2521.3334233964915,17800721253.243202,2521.3334233964915,2521.3334233964915,2521.3334233964915,ETH-USD,crypto,
2025-06-20,2025-06-20 05:30:00,2522.1791903642184,10392473841.155851,2522.1791903642184,2522.1791903642184,2522.1791903642184,ETH-USD,crypto,
2025-06-21,2025-06-21 05:30:00,2405.695434213183,20482816663.29469,2405.695434213183,2405.695434213183,2405.695434213183,ETH-USD,crypto,
2025-06-22,2025-06-22 05:30:00,2270.581996055585,16155611764.84833,2270.581996055585,2270.581996055585,2270.581996055585,ETH-USD,crypto,
2025-06-23,2025-06-23 05:30:00,2227.4287266371684,28181442532.315876,2227.4287266371684,2227.4287266371684,2227.4287266371684,ETH-USD,crypto,
2025-06-24,2025-06-24 05:30:00,2423.899644268608,25494295400.420887,2423.899644268608,2423.899644268608,2423.899644268608,ETH-USD,crypto,
2025-06-25,2025-06-25 05:30:00,2446.539301545049,19669025068.963604,2446.539301545049,2446.539301545049,2446.539301545049,ETH-USD,crypto,
2025-06-26,2025-06-26 05:30:00,2417.2267855277296,15513055665.262428,2417.2267855277296,2417.2267855277296,2417.2267855277296,ETH-USD,crypto,
2025-06-27,2025-06-27 05:30:00,2415.031864876594,16271811388.723804,2415.031864876594,2415.031864876594,2415.031864876594,ETH-USD,crypto,
2025-06-28,2025-06-28 05:30:00,2423.0302896731746,13100825617.816572,2423.0302896731746,2423.0302896731746,2423.0302896731746,ETH-USD,crypto,
2025-06-29,2025-06-29 05:30:00,2437.133001780241,5787313890.541637,2437.133001780241,2437.133001780241,2437.133001780241,ETH-USD,crypto,
2025-06-30,2025-06-30 05:30:00,2502.6672721177083,10236257918.833096,2502.6672721177083,2502.6672721177083,2502.6672721177083,ETH-USD,crypto,
2025-07-01,2025-07-01 05:30:00,2488.190781689803,16306915984.938057,2488.190781689803,2488.190781689803,2488.190781689803,ETH-USD,crypto,
2025-07-02,2025-07-02 05:30:00,2405.1045592800183,12933967031.524443,2405.1045592800183,2405.1045592800183,2405.1045592800183,ETH-USD,crypto,
2025-07-03,2025-07-03 05:30:00,2574.067718495133,21862573614.17975,2574.067718495133,2574.067718495133,2574.067718495133,ETH-USD,crypto,
2025-07-04,2025-07-04 05:30:00,2590.132231590221,19823369642.62606,2590.132231590221,2590.132231590221,2590.132231590221,ETH-USD,crypto,
2025-07-05,2025-07-05 05:30:00,2509.236345783362,16377116416.187033,2509.236345783362,2509.236345783362,2509.236345783362,ETH-USD,crypto,
2025-07-06,2025-07-06 05:30:00,2517.37917835065,6801276942.284494,2517.37917835065,2517.37917835065,2517.37917835065,ETH-USD,crypto,
2025-07-07,2025-07-07 05:30:00,2571.358192115984,9051659015.949968,2571.358192115984,2571.358192115984,2571.358192115984,ETH-USD,crypto,
2025-07-08,2025-07-08 05:30:00,2543.6317028067488,15947822897.049152,2543.6317028067488,2543.6317028067488,2543.6317028067488,ETH-USD,crypto,
2025-07-09,2025-07-09 05:30:00,2615.7759888945047,14750377128.581295,2615.7759888945047,2615.7759888945047,2615.7759888945047,ETH-USD,crypto,
2025-07-10,2025-07-10 05:30:00,2772.5795626609174,26626246774.244656,2772.5795626609174,2772.5795626609174,2772.5795626609174,ETH-USD,crypto,
2025-07-11,2025-07-11 05:30:00,2948.4462027029053,39308824585.23128,2948.4462027029053,2948.4462027029053,2948.4462027029053,ETH-USD,crypto,
2025-07-12,2025-07-12 05:30:00,2958.8514450990992,42455550664.554665,2958.8514450990992,2958.8514450990992,2958.8514450990992,ETH-USD,crypto,
2025-07-13,2025-07-13 05:30:00,2942.9616055388096,17472135946.60354,2942.9616055388096,2942.9616055388096,2942.9616055388096,ETH-USD,crypto,
2025-07-14,2025-07-14 05:30:00,2974.2654952333387,18605172049.087772,2974.2654952333387,2974.2654952333387,2974.2654952333387,ETH-USD,crypto,
2025-07-15,2025-07-15 00:57:30,2994.519962311198,39150307131.380745,2994.519962311198,2994.519962311198,2994.519962311198,ETH-USD,crypto,
2025-04-16,2025-04-16 05:30:00,2.087166740701441,2529137788.826132,2.087166740701441,2.087166740701441,2.087166740701441,XRP-USD,crypto,
2025-04-17,2025-04-17 05:30:00,2.0835198434155506,2975625490.375688,2.0835198434155506,2.0835198434155506,2.0835198434155506,XRP-USD,crypto,
2025-04-18,2025-04-18 05:30:00,2.0677436115822867,2069087395.311297,2.0677436115822867,2.0677436115822867,2.0677436115822867,XRP-USD,crypto,
2025-04-19,2025-04-19 05:30:00,2.062691684044618,1528702114.8309712,2.062691684044618,2.062691684044618,2.062691684044618,XRP-USD,crypto,
2025-04-20,2025-04-20 05:30:00,2.0855273823856817,1198082570.278999,2.0855273823856817,2.0855273823856817,2.0855273823856817,XRP-USD,crypto,
2025-04-21,2025-04-21 05:30:00,2.0747196454629124,1454273605.4356875,2.0747196454629124,2.0747196454629124,2.0747196454629124,XRP-USD,crypto,
2025-04-22,2025-04-22 05:30:00,2.0806696781556395,2357222891.83461,2.0806696781556395,2.0806696781556395,2.0806696781556395,XRP-USD,crypto,
2025-04-23,2025-04-23 05:30:00,2.221159426695198,4117163104.17999,2.221159426695198,2.221159426695198,2.221159426695198,XRP-USD,crypto,
2025-04-24,2025-04-24 05:30:00,2.217823599038466,4996062046.359891,2.217823599038466,2.217823599038466,2.217823599038466,XRP-USD,crypto,
2025-04-25,2025-04-25 05:30:00,2.206600349886956,4208930304.223753,2.206600349886956,2.206600349886956,2.206600349886956,XRP-USD,crypto,
2025-04-26,2025-04-26 05:30:00,2.1852873809524738,3234722208.502314,2.1852873809524738,2.1852873809524738,2.1852873809524738,XRP-USD,crypto,
2025-04-27,2025-04-27 05:30:00,2.1932493737799863,2459783783.285445,2.1932493737799863,2.1932493737799863,2.1932493737799863,XRP-USD,crypto,
2025-04-28,2025-04-28 05:30:00,2.2566771719971905,3751692488.2109566,2.2566771719971905,2.2566771719971905,2.2566771719971905,XRP-USD,crypto,
2025-04-29,2025-04-29 05:30:00,2.2959679622378415,4072974943.4389,2.2959679622378415,2.2959679622378415,2.2959679622378415,XRP-USD,crypto,
2025-04-30,2025-04-30 05:30:00,2.2399407863578777,2489793878.0180745,2.2399407863578777,2.2399407863578777,2.2399407863578777,XRP-USD,crypto,
2025-05-01,2025-05-01 05:30:00,2.1934727928877984,3252726421.623423,2.1934727928877984,2.1934727928877984,2.1934727928877984,XRP-USD,crypto,
2025-05-02,2025-05-02 05:30:00,2.2143085222346612,2155611895.0543213,2.2143085222346612,2.2143085222346612,2.2143085222346612,XRP-USD,crypto,
2025-05-03,2025-05-03 05:30:00,2.2089170454344824,1739910937.9821632,2.2089170454344824,2.2089170454344824,2.2089170454344824,XRP-USD,crypto,
2025-05-04,2025-05-04 05:30:00,2.188707355411367,1214767487.7877498,2.188707355411367,2.188707355411367,2.188707355411367,XRP-USD,crypto,
2025-05-05,2025-05-05 05:30:00,2.1580623583353407,1372805879.5778592,2.1580623583353407,2.1580623583353407,2.1580623583353407,XRP-USD,crypto,
2025-05-06,2025-05-06 05:30:00,2.1371617409153263,2194829695.4970164,2.1371617409153263,2.1371617409153263,2.1371617409153263,XRP-USD,crypto,
2025-05-07,2025-05-07 05:30:00,2.1553467775958843,2048616981.3491316,2.1553467775958843,2.1553467775958843,2.1553467775958843,XRP-USD,crypto,
2025-05-08,2025-05-08 05:30:00,2.1289110212370352,3559099566.438218,2.1289110212370352,2.1289110212370352,2.1289110212370352,XRP-USD,crypto,
2025-05-09,2025-05-09 05:30:00,2.318857034757937,4731256282.308641,2.318857034757937,2.318857034757937,2.318857034757937,XRP-USD,crypto,
2025-05-10,2025-05-10 05:30:00,2.34260418658349,6008731144.741504,2.34260418658349,2.34260418658349,2.34260418658349,XRP-USD,crypto,
2025-05-11,2025-05-11 05:30:00,2.465515991652043,4343182682.254746,2.465515991652043,2.465515991652043,2.465515991652043,XRP-USD,crypto,
2025-05-12,2025-05-12 05:30:00,2.3665185406774456,3957902320.317386,2.3665185406774456,2.3665185406774456,2.3665185406774456,XRP-USD,crypto,
2025-05-13,2025-05-13 05:30:00,2.5407166812994824,10787624520.70423,2.5407166812994824,2.5407166812994824,2.5407166812994824,XRP-USD,crypto,
2025-05-14,2025-05-14 05:30:00,2.5882656119238727,6137110174.707251,2.5882656119238727,2.5882656119238727,2.5882656119238727,XRP-USD,crypto,
2025-05-15,2025-05-15 05:30:00,2.552660064054796,4956660171.954109,2.552660064054796,2.552660064054796,2.552660064054796,XRP-USD,crypto,
2025-05-16,2025-05-16 05:30:00,2.3780203600308965,5285627666.563696,2.3780203600308965,2.3780203600308965,2.3780203600308965,XRP-USD,crypto,
2025-05-17,2025-05-17 05:30:00,2.387491166631724,3668091279.885704,2.387491166631724,2.387491166631724,2.387491166631724,XRP-USD,crypto,
2025-05-18,2025-05-18 05:30:00,2.352615765613394,2378581122.524433,2.352615765613394,2.352615765613394,2.352615765613394,XRP-USD,crypto,
2025-05-19,2025-05-19 05:30:00,2.4178990437197814,2871045382.6763167,2.4178990437197814,2.4178990437197814,2.4178990437197814,XRP-USD,crypto,
2025-05-20,2025-05-20 05:30:00,2.3808727609208282,3326769717.093891,2.3808727609208282,2.3808727609208282,2.3808727609208282,XRP-USD,crypto,
2025-05-21,2025-05-21 05:30:00,2.356578233921423,2736702822.998838,2.356578233921423,2.356578233921423,2.356578233921423,XRP-USD,crypto,
2025-05-22,2025-05-22 05:30:00,2.4028996266349396,3857208347.067667,2.4028996266349396,2.4028996266349396,2.4028996266349396,XRP-USD,crypto,
2025-05-23,2025-05-23 05:30:00,2.4284164339274192,3423292472.9337497,2.4284164339274192,2.4284164339274192,2.4284164339274192,XRP-USD,crypto,
2025-05-24,2025-05-24 05:30:00,2.2991928362328755,3803614983.5157166,2.2991928362328755,2.2991928362328755,2.2991928362328755,XRP-USD,crypto,
2025-05-25,2025-05-25 05:30:00,2.3319094660057416,1372961335.2188973,2.3319094660057416,2.3319094660057416,2.3319094660057416,XRP-USD,crypto,
2025-05-26,2025-05-26 05:30:00,2.3405861862412927,1905275005.1451297,2.3405861862412927,2.3405861862412927,2.3405861862412927,XRP-USD,crypto,
2025-05-27,2025-05-27 05:30:00,2.3082922649115565,1661784737.5361876,2.3082922649115565,2.3082922649115565,2.3082922649115565,XRP-USD,crypto,
2025-05-28,2025-05-28 05:30:00,2.3186677687774426,2048276738.5749948,2.3186677687774426,2.3186677687774426,2.3186677687774426,XRP-USD,crypto,
2025-05-29,2025-05-29 05:30:00,2.2746048552552507,2074053702.379202,2.2746048552552507,2.2746048552552507,2.2746048552552507,XRP-USD,crypto,
2025-05-30,2025-05-30 05:30:00,2.2505538163676135,2179459280.652964,2.2505538163676135,2.2505538163676135,2.2505538163676135,XRP-USD,crypto,
2025-05-31,2025-05-31 05:30:00,2.1423194738068942,3372833929.9944954,2.1423194738068942,2.1423194738068942,2.1423194738068942,XRP-USD,crypto,
2025-06-01,2025-06-01 05:30:00,2.177000081626197,2268132685.3159456,2.177000081626197,2.177000081626197,2.177000081626197,XRP-USD,crypto,
2025-06-02,2025-06-02 05:30:00,2.1802830722675224,1521954083.381058,2.1802830722675224,2.1802830722675224,2.1802830722675224,XRP-USD,crypto,
2025-06-03,2025-06-03 05:30:00,2.2004265864927537,1856646284.2520795,2.2004265864927537,2.2004265864927537,2.2004265864927537,XRP-USD,crypto,
2025-06-04,2025-06-04 05:30:00,2.2486280245071963,2193921747.996483,2.2486280245071963,2.2486280245071963,2.2486280245071963,XRP-USD,crypto,
2025-06-05,2025-06-05 05:30:00,2.202322198067478,1714810311.215842,2.202322198067478,2.202322198067478,2.202322198067478,XRP-USD,crypto,
2025-06-06,2025-06-06 05:30:00,2.0970164299223453,2893388349.562232,2.0970164299223453,2.0970164299223453,2.0970164299223453,XRP-USD,crypto,
2025-06-07,2025-06-07 05:30:00,2.163852346114403,1854390911.9791367,2.163852346114403,2.163852346114403,2.163852346114403,XRP-USD,crypto,
2025-06-08,2025-06-08 05:30:00,2.1779065492597427,953843043.4304752,2.1779065492597427,2.1779065492597427,2.1779065492597427,XRP-USD,crypto,
2025-06-09,2025-06-09 05:30:00,2.2629632981656744,2297445951.3852534,2.2629632981656744,2.2629632981656744,2.2629632981656744,XRP-USD,crypto,
2025-06-10,2025-06-10 05:30:00,2.321075765224377,2774696976.06667,2.321075765224377,2.321075765224377,2.321075765224377,XRP-USD,crypto,
2025-06-11,2025-06-11 05:30:00,2.305016386019404,2612062557.9833493,2.305016386019404,2.305016386019404,2.305016386019404,XRP-USD,crypto,
2025-06-12,2025-06-12 05:30:00,2.2701428874939213,2624047756.9494534,2.2701428874939213,2.2701428874939213,2.2701428874939213,XRP-USD,crypto,
2025-06-13,2025-06-13 05:30:00,2.1954298391805,2202653947.4050665,2.1954298391805,2.1954298391805,2.1954298391805,XRP-USD,crypto,
2025-06-14,2025-06-14 05:30:00,2.148866270593598,3949716840.388356,2.148866270593598,2.148866270593598,2.148866270593598,XRP-USD,crypto,
2025-06-15,2025-06-15 05:30:00,2.141891800480294,1687489656.576244,2.141891800480294,2.141891800480294,2.141891800480294,XRP-USD,crypto,
2025-06-16,2025-06-16 05:30:00,2.166318490313782,1231293467.1767986,2.166318490313782,2.166318490313782,2.166318490313782,XRP-USD,crypto,
2025-06-17,2025-06-17 05:30:00,2.255537416572947,4466552529.620607,2.255537416572947,2.255537416572947,2.255537416572947,XRP-USD,crypto,
2025-06-18,2025-06-18 05:30:00,2.1632317759396993,3466660612.110638,2.1632317759396993,2.1632317759396993,2.1632317759396993,XRP-USD,crypto,
2025-06-19,2025-06-19 05:30:00,2.1686830671349613,2350823381.424604,2.1686830671349613,2.1686830671349613,2.1686830671349613,XRP-USD,crypto,
2025-06-20,2025-06-20 05:30:00,2.166239439916603,1450568729.9521883,2.166239439916603,2.166239439916603,2.166239439916603,XRP-USD,crypto,
2025-06-21,2025-06-21 05:30:00,2.1201128146436803,2098115334.487172,2.1201128146436803,2.1201128146436803,2.1201128146436803,XRP-USD,crypto,
2025-06-22,2025-06-22 05:30:00,2.044379922195215,2305504805.382443,2.044379922195215,2.044379922195215,2.044379922195215,XRP-USD,crypto,
2025-06-23,2025-06-23 05:30:00,2.013512764553698,4449887424.63551,2.013512764553698,2.013512764553698,2.013512764553698,XRP-USD,crypto,
2025-06-24,2025-06-24 05:30:00,2.1640075102022664,4004307867.6364536,2.1640075102022664,2.1640075102022664,2.1640075102022664,XRP-USD,crypto,
2025-06-25,2025-06-25 05:30:00,2.1890368617248566,3119419439.9970093,2.1890368617248566,2.1890368617248566,2.1890368617248566,XRP-USD,crypto,
2025-06-26,2025-06-26 05:30:00,2.1839169388853152,2234760744.378113,2.1839169388853152,2.1839169388853152,2.1839169388853152,XRP-USD,crypto,
2025-06-27,2025-06-27 05:30:00,2.105597069865388,2569634191.4677787,2.105597069865388,2.105597069865388,2.105597069865388,XRP-USD,crypto,
2025-06-28,2025-06-28 05:30:00,2.140945561649059,2600100605.537264,2.140945561649059,2.140945561649059,2.140945561649059,XRP-USD,crypto,
2025-06-29,2025-06-29 05:30:00,2.185743305637095,1909072124.1732078,2.185743305637095,2.185743305637095,2.185743305637095,XRP-USD,crypto,
2025-06-30,2025-06-30 05:30:00,2.2080779439640237,1320178860.3618104,2.2080779439640237,2.2080779439640237,2.2080779439640237,XRP-USD,crypto,
2025-07-01,2025-07-01 05:30:00,2.2397868943055363,3688723731.503887,2.2397868943055363,2.2397868943055363,2.2397868943055363,XRP-USD,crypto,
2025-07-02,2025-07-02 05:30:00,2.171453605552325,2782662990.9534025,2.171453605552325,2.171453605552325,2.171453605552325,XRP-USD,crypto,
2025-07-03,2025-07-03 05:30:00,2.234339504341481,3660413082.1301646,2.234339504341481,2.234339504341481,2.234339504341481,XRP-USD,crypto,
2025-07-04,2025-07-04 05:30:00,2.2565985381225446,3456952710.4009995,2.2565985381225446,2.2565985381225446,2.2565985381225446,XRP-USD,crypto,
2025-07-05,2025-07-05 05:30:00,2.220660517934634,1759263909.260319,2.220660517934634,2.220660517934634,2.220660517934634,XRP-USD,crypto,
2025-07-06,2025-07-06 05:30:00,2.2177115630108464,898181111.5827129,2.2177115630108464,2.2177115630108464,2.2177115630108464,XRP-USD,crypto,
2025-07-07,2025-07-07 05:30:00,2.2711234551626793,2334073292.9256063,2.2711234551626793,2.2711234551626793,2.2711234551626793,XRP-USD,crypto,
2025-07-08,2025-07-08 05:30:00,2.275084085302051,3876739211.500435,2.275084085302051,2.275084085302051,2.275084085302051,XRP-USD,crypto,
2025-07-09,2025-07-09 05:30:00,2.3106154308712163,2680689161.887867,2.3106154308712163,2.3106154308712163,2.3106154308712163,XRP-USD,crypto,
2025-07-10,2025-07-10 05:30:00,2.405267395272407,4432186610.184976,2.405267395272407,2.405267395272407,2.405267395272407,XRP-USD,crypto,
2025-07-11,2025-07-11 05:30:00,2.5456780481070833,5263609598.373313,2.5456780481070833,2.5456780481070833,2.5456780481070833,XRP-USD,crypto,
2025-07-12,2025-07-12 05:30:00,2.735777793849028,14004307576.909258,2.735777793849028,2.735777793849028,2.735777793849028,XRP-USD,crypto,
2025-07-13,2025-07-13 05:30:00,2.7403085663356155,7635333692.640345,2.7403085663356155,2.7403085663356155,2.7403085663356155,XRP-USD,crypto,
2025-07-14,2025-07-14 05:30:00,2.836943449825265,6320439963.46504,2.836943449825265,2.836943449825265,2.836943449825265,XRP-USD,crypto,
2025-07-15,2025-07-15 00:57:30,2.9252542721291777,10820592275.679533,2.9252542721291777,2.9252542721291777,2.9252542721291777,XRP-USD,crypto,
2025-04-16,2025-04-16 05:30:00,0.6080639244271904,709020814.1750429,0.6080639244271904,0.6080639244271904,0.6080639244271904,ADA-USD,crypto,
2025-04-17,2025-04-17 05:30:00,0.6106653469788688,591359664.0730368,0.6106653469788688,0.6106653469788688,0.6106653469788688,ADA-USD,crypto,
2025-04-18,2025-04-18 05:30:00,0.6168950161106203,448807472.6198462,0.6168950161106203,0.6168950161106203,0.6168950161106203,ADA-USD,crypto,
2025-04-19,2025-04-19 05:30:00,0.6273043794612541,374649872.12397456,0.6273043794612541,0.6273043794612541,0.6273043794612541,ADA-USD,crypto,
2025-04-20,2025-04-20 05:30:00,0.6280852975713835,331430508.4467672,0.6280852975713835,0.6280852975713835,0.6280852975713835,ADA-USD,crypto,
2025-04-21,2025-04-21 05:30:00,0.6202087731824584,354987761.1249453,0.6202087731824584,0.6202087731824584,0.6202087731824584,ADA-USD,crypto,
2025-04-22,2025-04-22 05:30:00,0.6226371412727918,632027422.0139718,0.6226371412727918,0.6226371412727918,0.6226371412727918,ADA-USD,crypto,
2025-04-23,2025-04-23 05:30:00,0.6821362911471233,834269402.8814627,0.6821362911471233,0.6821362911471233,0.6821362911471233,ADA-USD,crypto,
2025-04-24,2025-04-24 05:30:00,0.6972646472481486,967029539.1144488,0.6972646472481486,0.6972646472481486,0.6972646472481486,ADA-USD,crypto,
2025-04-25,2025-04-25 05:30:00,0.7220676397924738,1035019627.1012883,0.7220676397924738,0.7220676397924738,0.7220676397924738,ADA-USD,crypto,
2025-04-26,2025-04-26 05:30:00,0.7138859038055668,949069153.9271946,0.7138859038055668,0.7138859038055668,0.7138859038055668,ADA-USD,crypto,
2025-04-27,2025-04-27 05:30:00,0.7075935331519487,659341778.5746859,0.7075935331519487,0.7075935331519487,0.7075935331519487,ADA-USD,crypto,
2025-04-28,2025-04-28 05:30:00,0.704070171794187,567359217.6728809,0.704070171794187,0.704070171794187,0.704070171794187,ADA-USD,crypto,
2025-04-29,2025-04-29 05:30:00,0.7052906740354157,889987578.2822492,0.7052906740354157,0.7052906740354157,0.7052906740354157,ADA-USD,crypto,
2025-04-30,2025-04-30 05:30:00,0.6957354792970168,817939169.992459,0.6957354792970168,0.6957354792970168,0.6957354792970168,ADA-USD,crypto,
2025-05-01,2025-05-01 05:30:00,0.6820275063998128,592053391.6761067,0.6820275063998128,0.6820275063998128,0.6820275063998128,ADA-USD,crypto,
2025-05-02,2025-05-02 05:30:00,0.7048540559063339,586072580.7401356,0.7048540559063339,0.7048540559063339,0.7048540559063339,ADA-USD,crypto,
2025-05-03,2025-05-03 05:30:00,0.6974986414291682,606872856.4955413,0.6974986414291682,0.6974986414291682,0.6974986414291682,ADA-USD,crypto,
2025-05-04,2025-05-04 05:30:00,0.7013467253059199,752443709.4776694,0.7013467253059199,0.7013467253059199,0.7013467253059199,ADA-USD,crypto,
2025-05-05,2025-05-05 05:30:00,0.6763756494805502,661246645.056914,0.6763756494805502,0.6763756494805502,0.6763756494805502,ADA-USD,crypto,
2025-05-06,2025-05-06 05:30:00,0.6631639151504879,664925434.1708654,0.6631639151504879,0.6631639151504879,0.6631639151504879,ADA-USD,crypto,
2025-05-07,2025-05-07 05:30:00,0.6787761903074216,552471849.9156157,0.6787761903074216,0.6787761903074216,0.6787761903074216,ADA-USD,crypto,
2025-05-08,2025-05-08 05:30:00,0.671376495581957,582536184.2563542,0.671376495581957,0.671376495581957,0.671376495581957,ADA-USD,crypto,
2025-05-09,2025-05-09 05:30:00,0.7651537464755499,1355272025.0992892,0.7651537464755499,0.7651537464755499,0.7651537464755499,ADA-USD,crypto,
2025-05-10,2025-05-10 05:30:00,0.7773024778174161,1491055749.585572,0.7773024778174161,0.7773024778174161,0.7773024778174161,ADA-USD,crypto,
2025-05-11,2025-05-11 05:30:00,0.8400596557571808,1390682398.3795056,0.8400596557571808,0.8400596557571808,0.8400596557571808,ADA-USD,crypto,
2025-05-12,2025-05-12 05:30:00,0.8048629924679394,1096359924.9786,0.8048629924679394,0.8048629924679394,0.8048629924679394,ADA-USD,crypto,
2025-05-13,2025-05-13 05:30:00,0.8191103769126542,1891364013.690922,0.8191103769126542,0.8191103769126542,0.8191103769126542,ADA-USD,crypto,
2025-05-14,2025-05-14 05:30:00,0.8312541090164433,1249623977.9694462,0.8312541090164433,0.8312541090164433,0.8312541090164433,ADA-USD,crypto,
2025-05-15,2025-05-15 05:30:00,0.7985815955519888,1166899569.1134908,0.7985815955519888,0.7985815955519888,0.7985815955519888,ADA-USD,crypto,
2025-05-16,2025-05-16 05:30:00,0.760909266948887,1032947704.5832616,0.760909266948887,0.760909266948887,0.760909266948887,ADA-USD,crypto,
2025-05-17,2025-05-17 05:30:00,0.7605802350885046,777814627.6177915,0.7605802350885046,0.7605802350885046,0.7605802350885046,ADA-USD,crypto,
2025-05-18,2025-05-18 05:30:00,0.7424784161936966,906498912.2572886,0.7424784161936966,0.7424784161936966,0.7424784161936966,ADA-USD,crypto,
2025-05-19,2025-05-19 05:30:00,0.7518394820880364,949005467.3644464,0.7518394820880364,0.7518394820880364,0.7518394820880364,ADA-USD,crypto,
2025-05-20,2025-05-20 05:30:00,0.7426046048097757,855716668.7541951,0.7426046048097757,0.7426046048097757,0.7426046048097757,ADA-USD,crypto,
2025-05-21,2025-05-21 05:30:00,0.7456441858290309,690998975.7792397,0.7456441858290309,0.7456441858290309,0.7456441858290309,ADA-USD,crypto,
2025-05-22,2025-05-22 05:30:00,0.772065003489696,1077168981.202006,0.772065003489696,0.772065003489696,0.772065003489696,ADA-USD,crypto,
2025-05-23,2025-05-23 05:30:00,0.8077548195843751,1069425848.6042526,0.8077548195843751,0.8077548195843751,0.8077548195843751,ADA-USD,crypto,
2025-05-24,2025-05-24 05:30:00,0.748254247966839,1417851508.940276,0.748254247966839,0.748254247966839,0.748254247966839,ADA-USD,crypto,
2025-05-25,2025-05-25 05:30:00,0.7460261925160765,630031485.6921482,0.7460261925160765,0.7460261925160765,0.7460261925160765,ADA-USD,crypto,
2025-05-26,2025-05-26 05:30:00,0.7589761692612583,673782320.823423,0.7589761692612583,0.7589761692612583,0.7589761692612583,ADA-USD,crypto,
2025-05-27,2025-05-27 05:30:00,0.7582470752465925,588809796.8894885,0.7582470752465925,0.7582470752465925,0.7582470752465925,ADA-USD,crypto,
2025-05-28,2025-05-28 05:30:00,0.7578018172885506,652902725.7086877,0.7578018172885506,0.7578018172885506,0.7578018172885506,ADA-USD,crypto,
2025-05-29,2025-05-29 05:30:00,0.7465205662397495,546997351.279757,0.7465205662397495,0.7465205662397495,0.7465205662397495,ADA-USD,crypto,
2025-05-30,2025-05-30 05:30:00,0.724272085506191,649806532.9053063,0.724272085506191,0.724272085506191,0.724272085506191,ADA-USD,crypto,
2025-05-31,2025-05-31 05:30:00,0.6912614352706643,935627012.618067,0.6912614352706643,0.6912614352706643,0.6912614352706643,ADA-USD,crypto,
2025-06-01,2025-06-01 05:30:00,0.6863035406713839,721005660.5061203,0.6863035406713839,0.6863035406713839,0.6863035406713839,ADA-USD,crypto,
2025-06-02,2025-06-02 05:30:00,0.6853559510305921,524853161.2361533,0.6853559510305921,0.6853559510305921,0.6853559510305921,ADA-USD,crypto,
2025-06-03,2025-06-03 05:30:00,0.6900620402912112,570636794.5706515,0.6900620402912112,0.6900620402912112,0.6900620402912112,ADA-USD,crypto,
2025-06-04,2025-06-04 05:30:00,0.684833771475063,494639383.16412145,0.684833771475063,0.684833771475063,0.684833771475063,ADA-USD,crypto,
2025-06-05,2025-06-05 05:30:00,0.6662352525151268,400096118.0279466,0.6662352525151268,0.6662352525151268,0.6662352525151268,ADA-USD,crypto,
2025-06-06,2025-06-06 05:30:00,0.6279989717216173,759754191.8443644,0.6279989717216173,0.6279989717216173,0.6279989717216173,ADA-USD,crypto,
2025-06-07,2025-06-07 05:30:00,0.6564156318236438,579132039.6493936,0.6564156318236438,0.6564156318236438,0.6564156318236438,ADA-USD,crypto,
2025-06-08,2025-06-08 05:30:00,0.665097118031322,345182718.07783103,0.665097118031322,0.665097118031322,0.665097118031322,ADA-USD,crypto,
2025-06-09,2025-06-09 05:30:00,0.6696475032429187,445907844.38359064,0.6696475032429187,0.6696475032429187,0.6696475032429187,ADA-USD,crypto,
2025-06-10,2025-06-10 05:30:00,0.7051927875959849,556699781.999879,0.7051927875959849,0.7051927875959849,0.7051927875959849,ADA-USD,crypto,
2025-06-11,2025-06-11 05:30:00,0.7161084051691045,816441834.7804779,0.7161084051691045,0.7161084051691045,0.7161084051691045,ADA-USD,crypto,
2025-06-12,2025-06-12 05:30:00,0.6978609557770317,650490779.2528718,0.6978609557770317,0.6978609557770317,0.6978609557770317,ADA-USD,crypto,
2025-06-13,2025-06-13 05:30:00,0.6645616396607636,644736788.8081536,0.6645616396607636,0.6645616396607636,0.6645616396607636,ADA-USD,crypto,
2025-06-14,2025-06-14 05:30:00,0.6415287116259395,967144196.2984973,0.6415287116259395,0.6415287116259395,0.6415287116259395,ADA-USD,crypto,
2025-06-15,2025-06-15 05:30:00,0.6249531411165467,377703624.01002413,0.6249531411165467,0.6249531411165467,0.6249531411165467,ADA-USD,crypto,
2025-06-16,2025-06-16 05:30:00,0.6338091675682362,306474152.5964094,0.6338091675682362,0.6338091675682362,0.6338091675682362,ADA-USD,crypto,
2025-06-17,2025-06-17 05:30:00,0.6348092267777333,634345979.704381,0.6348092267777333,0.6348092267777333,0.6348092267777333,ADA-USD,crypto,
2025-06-18,2025-06-18 05:30:00,0.6114224843190872,668780456.8391515,0.6114224843190872,0.6114224843190872,0.6114224843190872,ADA-USD,crypto,
2025-06-19,2025-06-19 05:30:00,0.6031520541269734,649432905.7020996,0.6031520541269734,0.6031520541269734,0.6031520541269734,ADA-USD,crypto,
2025-06-20,2025-06-20 05:30:00,0.6022517506298001,411526119.6336923,0.6022517506298001,0.6022517506298001,0.6022517506298001,ADA-USD,crypto,
2025-06-21,2025-06-21 05:30:00,0.5768480561772417,655089381.7343858,0.5768480561772417,0.5768480561772417,0.5768480561772417,ADA-USD,crypto,
2025-06-22,2025-06-22 05:30:00,0.5507083653541873,616320411.8508501,0.5507083653541873,0.5507083653541873,0.5507083653541873,ADA-USD,crypto,
2025-06-23,2025-06-23 05:30:00,0.5411301510006504,1046673222.5903796,0.5411301510006504,0.5411301510006504,0.5411301510006504,ADA-USD,crypto,
2025-06-24,2025-06-24 05:30:00,0.5832401178415064,923344856.19398,0.5832401178415064,0.5832401178415064,0.5832401178415064,ADA-USD,crypto,
2025-06-25,2025-06-25 05:30:00,0.5872194649270592,716773448.9598132,0.5872194649270592,0.5872194649270592,0.5872194649270592,ADA-USD,crypto,
2025-06-26,2025-06-26 05:30:00,0.5667721482568538,549499472.3311824,0.5667721482568538,0.5667721482568538,0.5667721482568538,ADA-USD,crypto,
2025-06-27,2025-06-27 05:30:00,0.5541621947716998,546164591.2662042,0.5541621947716998,0.5541621947716998,0.5541621947716998,ADA-USD,crypto,
2025-06-28,2025-06-28 05:30:00,0.5586998411211989,461343367.5389696,0.5586998411211989,0.5586998411211989,0.5586998411211989,ADA-USD,crypto,
2025-06-29,2025-06-29 05:30:00,0.5655976009022613,328696976.3556034,0.5655976009022613,0.5655976009022613,0.5655976009022613,ADA-USD,crypto,
2025-06-30,2025-06-30 05:30:00,0.5775074724180472,546299719.7888314,0.5775074724180472,0.5775074724180472,0.5775074724180472,ADA-USD,crypto,
2025-07-01,2025-07-01 05:30:00,0.5720180140652412,685730060.096957,0.5720180140652412,0.5720180140652412,0.5720180140652412,ADA-USD,crypto,
2025-07-02,2025-07-02 05:30:00,0.5421512626893101,631715565.0969181,0.5421512626893101,0.5421512626893101,0.5421512626893101,ADA-USD,crypto,
2025-07-03,2025-07-03 05:30:00,0.5846952591552708,934344132.0381689,0.5846952591552708,0.5846952591552708,0.5846952591552708,ADA-USD,crypto,
2025-07-04,2025-07-04 05:30:00,0.5987839336899987,723259758.2613916,0.5987839336899987,0.5987839336899987,0.5987839336899987,ADA-USD,crypto,
2025-07-05,2025-07-05 05:30:00,0.5728146380802783,539620249.5139698,0.5728146380802783,0.5728146380802783,0.5728146380802783,ADA-USD,crypto,
2025-07-06,2025-07-06 05:30:00,0.5760131698614164,287359327.05554503,0.5760131698614164,0.5760131698614164,0.5760131698614164,ADA-USD,crypto,
2025-07-07,2025-07-07 05:30:00,0.5857056935866781,379742988.53059584,0.5857056935866781,0.5857056935866781,0.5857056935866781,ADA-USD,crypto,
2025-07-08,2025-07-08 05:30:00,0.5798100944867142,559194866.5817564,0.5798100944867142,0.5798100944867142,0.5798100944867142,ADA-USD,crypto,
2025-07-09,2025-07-09 05:30:00,0.5882961516358525,487674618.9568239,0.5882961516358525,0.5882961516358525,0.5882961516358525,ADA-USD,crypto,
2025-07-10,2025-07-10 05:30:00,0.6236218758822067,921412284.2952383,0.6236218758822067,0.6236218758822067,0.6236218758822067,ADA-USD,crypto,
2025-07-11,2025-07-11 05:30:00,0.6771328310749256,1062017291.4508075,0.6771328310749256,0.6771328310749256,0.6771328310749256,ADA-USD,crypto,
2025-07-12,2025-07-12 05:30:00,0.7108207334882014,2545650162.8728247,0.7108207334882014,0.7108207334882014,0.7108207334882014,ADA-USD,crypto,
2025-07-13,2025-07-13 05:30:00,0.7087303921384289,1194202622.657187,0.7087303921384289,0.7087303921384289,0.7087303921384289,ADA-USD,crypto,
2025-07-14,2025-07-14 05:30:00,0.7378983923650405,1350750371.5082395,0.7378983923650405,0.7378983923650405,0.7378983923650405,ADA-USD,crypto,
2025-07-15,2025-07-15 00:57:58,0.7305724850876087,1583085696.560867,0.7305724850876087,0.7305724850876087,0.7305724850876087,ADA-USD,crypto,
2025-04-16,2025-04-16 05:30:00,126.3038818388089,3719787998.9004683,126.3038818388089,126.3038818388089,126.3038818388089,SOL-USD,crypto,
2025-04-17,2025-04-17 05:30:00,131.4761427933663,5101503918.076568,131.4761427933663,131.4761427933663,131.4761427933663,SOL-USD,crypto,
2025-04-18,2025-04-18 05:30:00,134.6151648808524,4018737660.8549724,134.6151648808524,134.6151648808524,134.6151648808524,SOL-USD,crypto,
2025-04-19,2025-04-19 05:30:00,133.9760882871713,2480801560.1936097,133.9760882871713,133.9760882871713,133.9760882871713,SOL-USD,crypto,
2025-04-20,2025-04-20 05:30:00,139.64248014652355,2834667466.059489,139.64248014652355,139.64248014652355,139.64248014652355,SOL-USD,crypto,
2025-04-21,2025-04-21 05:30:00,137.6315829179827,3092429798.991093,137.6315829179827,137.6315829179827,137.6315829179827,SOL-USD,crypto,
2025-04-22,2025-04-22 05:30:00,136.3303974884886,4783795038.828256,136.3303974884886,136.3303974884886,136.3303974884886,SOL-USD,crypto,
2025-04-23,2025-04-23 05:30:00,148.80397504642707,5472749483.478719,148.80397504642707,148.80397504642707,148.80397504642707,SOL-USD,crypto,
2025-04-24,2025-04-24 05:30:00,150.9999108899842,5423865832.324091,150.9999108899842,150.9999108899842,150.9999108899842,SOL-USD,crypto,
2025-04-25,2025-04-25 05:30:00,152.3299363576059,4515150018.575274,152.3299363576059,152.3299363576059,152.3299363576059,SOL-USD,crypto,
2025-04-26,2025-04-26 05:30:00,150.92008896105446,5066838746.453711,150.92008896105446,150.92008896105446,150.92008896105446,SOL-USD,crypto,
2025-04-27,2025-04-27 05:30:00,149.14633083954075,2422656520.389346,149.14633083954075,149.14633083954075,149.14633083954075,SOL-USD,crypto,
2025-04-28,2025-04-28 05:30:00,148.2466719511348,2296538427.6507287,148.2466719511348,148.2466719511348,148.2466719511348,SOL-USD,crypto,
2025-04-29,2025-04-29 05:30:00,147.99083303267335,4344220983.973297,147.99083303267335,147.99083303267335,147.99083303267335,SOL-USD,crypto,
2025-04-30,2025-04-30 05:30:00,146.49305755147196,3236163761.820636,146.49305755147196,146.49305755147196,146.49305755147196,SOL-USD,crypto,
2025-05-01,2025-05-01 05:30:00,147.73348327834748,3339352715.472854,147.73348327834748,147.73348327834748,147.73348327834748,SOL-USD,crypto,
2025-05-02,2025-05-02 05:30:00,150.76046702861854,3739901458.503681,150.76046702861854,150.76046702861854,150.76046702861854,SOL-USD,crypto,
2025-05-03,2025-05-03 05:30:00,147.97213909446802,3193090564.1996865,147.97213909446802,147.97213909446802,147.97213909446802,SOL-USD,crypto,
2025-05-04,2025-05-04 05:30:00,146.79754814764868,1777312803.7801025,146.79754814764868,146.79754814764868,146.79754814764868,SOL-USD,crypto,
2025-05-05,2025-05-05 05:30:00,143.9823040324787,1839075329.597307,143.9823040324787,143.9823040324787,143.9823040324787,SOL-USD,crypto,
2025-05-06,2025-05-06 05:30:00,146.81070557078957,2594552533.4757075,146.81070557078957,146.81070557078957,146.81070557078957,SOL-USD,crypto,
2025-05-07,2025-05-07 05:30:00,146.90938773866714,3138354742.93678,146.90938773866714,146.90938773866714,146.90938773866714,SOL-USD,crypto,
2025-05-08,2025-05-08 05:30:00,147.20059726659957,4811988060.661323,147.20059726659957,147.20059726659957,147.20059726659957,SOL-USD,crypto,
2025-05-09,2025-05-09 05:30:00,163.41627317514832,7618036777.599004,163.41627317514832,163.41627317514832,163.41627317514832,SOL-USD,crypto,
2025-05-10,2025-05-10 05:30:00,172.6970765026263,8703440319.327112,172.6970765026263,172.6970765026263,172.6970765026263,SOL-USD,crypto,
2025-05-11,2025-05-11 05:30:00,177.3428319704922,4641291512.67865,177.3428319704922,177.3428319704922,177.3428319704922,SOL-USD,crypto,
2025-05-12,2025-05-12 05:30:00,172.85779222329435,4733142340.016698,172.85779222329435,172.85779222329435,172.85779222329435,SOL-USD,crypto,
2025-05-13,2025-05-13 05:30:00,174.41950190990173,8002629811.569619,174.41950190990173,174.41950190990173,174.41950190990173,SOL-USD,crypto,
2025-05-14,2025-05-14 05:30:00,184.05379777179434,6287498118.264789,184.05379777179434,184.05379777179434,184.05379777179434,SOL-USD,crypto,
2025-05-15,2025-05-15 05:30:00,176.45507175799847,5807895946.602451,176.45507175799847,176.45507175799847,176.45507175799847,SOL-USD,crypto,
2025-05-16,2025-05-16 05:30:00,168.75269732863256,5419257075.786196,168.75269732863256,168.75269732863256,168.75269732863256,SOL-USD,crypto,
2025-05-17,2025-05-17 05:30:00,167.76812404954248,4389549581.69855,167.76812404954248,167.76812404954248,167.76812404954248,SOL-USD,crypto,
2025-05-18,2025-05-18 05:30:00,165.9394166641985,3269429713.7712717,165.9394166641985,165.9394166641985,165.9394166641985,SOL-USD,crypto,
2025-05-19,2025-05-19 05:30:00,171.54067495745267,4719647862.73409,171.54067495745267,171.54067495745267,171.54067495745267,SOL-USD,crypto,
2025-05-20,2025-05-20 05:30:00,166.7148813421899,4917489419.353307,166.7148813421899,166.7148813421899,166.7148813421899,SOL-USD,crypto,
2025-05-21,2025-05-21 05:30:00,168.38572912424627,4723025924.7160635,168.38572912424627,168.38572912424627,168.38572912424627,SOL-USD,crypto,
2025-05-22,2025-05-22 05:30:00,173.96771434765478,6215139156.977671,173.96771434765478,173.96771434765478,173.96771434765478,SOL-USD,crypto,
2025-05-23,2025-05-23 05:30:00,179.57884486750282,5820960214.759074,179.57884486750282,179.57884486750282,179.57884486750282,SOL-USD,crypto,
2025-05-24,2025-05-24 05:30:00,174.43566967519817,8631193319.547667,174.43566967519817,174.43566967519817,174.43566967519817,SOL-USD,crypto,
2025-05-25,2025-05-25 05:30:00,175.9976176396849,3543822748.1900992,175.9976176396849,175.9976176396849,175.9976176396849,SOL-USD,crypto,
2025-05-26,2025-05-26 05:30:00,175.13203918726265,3915382381.155895,175.13203918726265,175.13203918726265,175.13203918726265,SOL-USD,crypto,
2025-05-27,2025-05-27 05:30:00,174.71672204451494,3202505989.7881603,174.71672204451494,174.71672204451494,174.71672204451494,SOL-USD,crypto,
2025-05-28,2025-05-28 05:30:00,176.57784495904014,4151034839.0818906,176.57784495904014,176.57784495904014,176.57784495904014,SOL-USD,crypto,
2025-05-29,2025-05-29 05:30:00,172.12073410994773,3798038676.2862353,172.12073410994773,172.12073410994773,172.12073410994773,SOL-USD,crypto,
2025-05-30,2025-05-30 05:30:00,166.83894593726552,3849498974.469161,166.83894593726552,166.83894593726552,166.83894593726552,SOL-USD,crypto,
2025-05-31,2025-05-31 05:30:00,156.51262963204462,4811893138.165595,156.51262963204462,156.51262963204462,156.51262963204462,SOL-USD,crypto,
2025-06-01,2025-06-01 05:30:00,156.86968538083693,3067057498.6570454,156.86968538083693,156.86968538083693,156.86968538083693,SOL-USD,crypto,
2025-06-02,2025-06-02 05:30:00,157.63092185153255,2744309615.2839994,157.63092185153255,157.63092185153255,157.63092185153255,SOL-USD,crypto,
2025-06-03,2025-06-03 05:30:00,156.97126157615844,3295032805.67504,156.97126157615844,156.97126157615844,156.97126157615844,SOL-USD,crypto,
2025-06-04,2025-06-04 05:30:00,155.57609294535118,4001215457.270695,155.57609294535118,155.57609294535118,155.57609294535118,SOL-USD,crypto,
2025-06-05,2025-06-05 05:30:00,153.52933334658826,2894328554.847466,153.52933334658826,153.52933334658826,153.52933334658826,SOL-USD,crypto,
2025-06-06,2025-06-06 05:30:00,144.54778524030908,5147783563.002369,144.54778524030908,144.54778524030908,144.54778524030908,SOL-USD,crypto,
2025-06-07,2025-06-07 05:30:00,148.27289869882955,3081994292.815606,148.27289869882955,148.27289869882955,148.27289869882955,SOL-USD,crypto,
2025-06-08,2025-06-08 05:30:00,150.07536034230216,2061571442.4994385,150.07536034230216,150.07536034230216,150.07536034230216,SOL-USD,crypto,
2025-06-09,2025-06-09 05:30:00,152.50446458828966,2132215310.9007103,152.50446458828966,152.50446458828966,152.50446458828966,SOL-USD,crypto,
2025-06-10,2025-06-10 05:30:00,161.15980951265985,4008837628.698958,161.15980951265985,161.15980951265985,161.15980951265985,SOL-USD,crypto,
2025-06-11,2025-06-11 05:30:00,164.9644225697288,5347282400.770432,164.9644225697288,164.9644225697288,164.9644225697288,SOL-USD,crypto,
2025-06-12,2025-06-12 05:30:00,161.01986639557893,5796688364.492554,161.01986639557893,161.01986639557893,161.01986639557893,SOL-USD,crypto,
2025-06-13,2025-06-13 05:30:00,152.6604566097001,3971540185.958896,152.6604566097001,152.6604566097001,152.6604566097001,SOL-USD,crypto,
2025-06-14,2025-06-14 05:30:00,148.53042859104298,6899166919.424324,148.53042859104298,148.53042859104298,148.53042859104298,SOL-USD,crypto,
2025-06-15,2025-06-15 05:30:00,144.75154594223267,2347896839.3558106,144.75154594223267,144.75154594223267,144.75154594223267,SOL-USD,crypto,
2025-06-16,2025-06-16 05:30:00,152.684889859998,3899774764.538459,152.684889859998,152.684889859998,152.684889859998,SOL-USD,crypto,
2025-06-17,2025-06-17 05:30:00,151.43554856186984,5091508004.197791,151.43554856186984,151.43554856186984,151.43554856186984,SOL-USD,crypto,
2025-06-18,2025-06-18 05:30:00,147.99188434299543,5049196750.599356,147.99188434299543,147.99188434299543,147.99188434299543,SOL-USD,crypto,
2025-06-19,2025-06-19 05:30:00,146.27697674399295,4140075680.6693616,146.27697674399295,146.27697674399295,146.27697674399295,SOL-USD,crypto,
2025-06-20,2025-06-20 05:30:00,147.09924520457085,3317445622.022612,147.09924520457085,147.09924520457085,147.09924520457085,SOL-USD,crypto,
2025-06-21,2025-06-21 05:30:00,140.04009054961782,4927733598.47951,140.04009054961782,140.04009054961782,140.04009054961782,SOL-USD,crypto,
2025-06-22,2025-06-22 05:30:00,133.71000196412658,3965117683.287045,133.71000196412658,133.71000196412658,133.71000196412658,SOL-USD,crypto,
2025-06-23,2025-06-23 05:30:00,131.8134744866569,6034851129.188091,131.8134744866569,131.8134744866569,131.8134744866569,SOL-USD,crypto,
2025-06-24,2025-06-24 05:30:00,144.7815680115998,6803245546.166264,144.7815680115998,144.7815680115998,144.7815680115998,SOL-USD,crypto,
2025-06-25,2025-06-25 05:30:00,145.8019507474219,4365577695.258674,145.8019507474219,145.8019507474219,145.8019507474219,SOL-USD,crypto,
2025-06-26,2025-06-26 05:30:00,143.37011953879949,3632253966.777613,143.37011953879949,143.37011953879949,143.37011953879949,SOL-USD,crypto,
2025-06-27,2025-06-27 05:30:00,138.97799072607012,4094443190.4828176,138.97799072607012,138.97799072607012,138.97799072607012,SOL-USD,crypto,
2025-06-28,2025-06-28 05:30:00,142.12675809713753,3884472749.8418827,142.12675809713753,142.12675809713753,142.12675809713753,SOL-USD,crypto,
2025-06-29,2025-06-29 05:30:00,150.7812372563586,3480663753.86231,150.7812372563586,150.7812372563586,150.7812372563586,SOL-USD,crypto,
2025-06-30,2025-06-30 05:30:00,153.31879559308874,3034669713.0257177,153.31879559308874,153.31879559308874,153.31879559308874,SOL-USD,crypto,
2025-07-01,2025-07-01 05:30:00,154.9374500694811,5839631136.997528,154.9374500694811,154.9374500694811,154.9374500694811,SOL-USD,crypto,
2025-07-02,2025-07-02 05:30:00,146.84115991278014,4180937195.699031,146.84115991278014,146.84115991278014,146.84115991278014,SOL-USD,crypto,
2025-07-03,2025-07-03 05:30:00,152.1680329188485,4586707670.749116,152.1680329188485,152.1680329188485,152.1680329188485,SOL-USD,crypto,
2025-07-04,2025-07-04 05:30:00,152.28063806980848,4481298325.462197,152.28063806980848,152.28063806980848,152.28063806980848,SOL-USD,crypto,
2025-07-05,2025-07-05 05:30:00,147.76302956048175,4122205670.4260592,147.76302956048175,147.76302956048175,147.76302956048175,SOL-USD,crypto,
2025-07-06,2025-07-06 05:30:00,147.60067170952217,1854457228.577465,147.60067170952217,147.60067170952217,147.60067170952217,SOL-USD,crypto,
2025-07-07,2025-07-07 05:30:00,151.92103968743746,3555730137.1277676,151.92103968743746,151.92103968743746,151.92103968743746,SOL-USD,crypto,
2025-07-08,2025-07-08 05:30:00,148.79005045485957,4159999387.584406,148.79005045485957,148.79005045485957,148.79005045485957,SOL-USD,crypto,
2025-07-09,2025-07-09 05:30:00,151.83083400485827,4528768718.257452,151.83083400485827,151.83083400485827,151.83083400485827,SOL-USD,crypto,
2025-07-10,2025-07-10 05:30:00,157.20772193763892,5340601044.883773,157.20772193763892,157.20772193763892,157.20772193763892,SOL-USD,crypto,
2025-07-11,2025-07-11 05:30:00,163.85821380442644,10873010259.89518,163.85821380442644,163.85821380442644,163.85821380442644,SOL-USD,crypto,
2025-07-12,2025-07-12 05:30:00,162.75319398002793,15000208185.36994,162.75319398002793,162.75319398002793,162.75319398002793,SOL-USD,crypto,
2025-07-13,2025-07-13 05:30:00,160.46917812212587,7427115213.712982,160.46917812212587,160.46917812212587,160.46917812212587,SOL-USD,crypto,
2025-07-14,2025-07-14 05:30:00,161.2426294578984,7216327088.3555765,161.2426294578984,161.2426294578984,161.2426294578984,SOL-USD,crypto,
2025-07-15,2025-07-15 00:57:54,163.1976324970263,14475716709.275776,163.1976324970263,163.1976324970263,163.1976324970263,SOL-USD,crypto,
2024-11-06,2024-11-06 00:00:00,320.73316390489185,2314997.0,320.3535781304806,322.3457166501224,318.38817361756264,AAPL,stock,True
2024-11-07,2024-11-07 00:00:00,320.22292610667154,1638578.0,318.22045628210685,322.05210989809626,316.6021704957571,AAPL,stock,True
2024-11-08,2024-11-08 00:00:00,318.35768307228375,2939149.0,314.6680748859302,320.73232197221824,314.4379511841816,AAPL,stock,True
2024-11-11,2024-11-11 00:00:00,314.8013784294036,4002249.0,314.00987062152143,316.3412326337698,311.97831587372247,AAPL,stock,True
2024-11-12,2024-11-12 00:00:00,314.0203840196702,3918142.0,316.5918179333842,316.86663407211023,312.33936049273757,AAPL,stock,True
2024-11-13,2024-11-13 00:00:00,316.43222611578625,2023978.0,321.1425366189307,322.1103204356425,314.4177516665326,AAPL,stock,True
2024-11-14,2024-11-14 00:00:00,321.10095136049006,1839692.0,325.697250585741,327.63955628857906,318.6006801399461,AAPL,stock,True
2024-11-15,2024-11-15 00:00:00,325.52319398573223,994931.0,327.4391572453487,330.3760003298771,323.81278168174083,AAPL,stock,True
2024-11-18,2024-11-18 00:00:00,327.39878052588637,4567599.0,328.0749106465883,330.55399268296674,326.72195071835534,AAPL,stock,True
2024-11-19,2024-11-19 00:00:00,328.02684723211433,1324993.0,327.30871329998763,328.9846930883395,324.66560963544833,AAPL,stock,True
2024-11-20,2024-11-20 00:00:00,327.19559063376795,1802801.0,325.3174989347043,327.6457954192465,324.7475260128695,AAPL,stock,True
2024-11-21,2024-11-21 00:00:00,325.3718477937735,2910075.0,322.91336134604455,325.9166515339382,321.896088262322,AAPL,stock,True
2024-11-22,2024-11-22 00:00:00,322.8209140005455,3875369.0,318.2640101467285,324.398420571219,315.3642490694385,AAPL,stock,True
2024-11-25,2024-11-25 00:00:00,318.30122737403707,3222555.0,316.80816066270654,319.62447587228746,314.81660589503394,AAPL,stock,True
2024-11-26,2024-11-26 00:00:00,316.7307024630287,2880002.0,321.1332104150766,322.11094530585495,315.55137708945165,AAPL,stock,True
2024-11-27,2024-11-27 00:00:00,321.1744398605996,3739197.0,320.48723448310426,323.2399884860878,317.5846926972944,AAPL,stock,True
2024-11-28,2024-11-28 00:00:00,320.3237389647298,1089960.0,316.7414100834764,321.9831749879297,313.8155289766738,AAPL,stock,True
2024-11-29,2024-11-29 00:00:00,316.670798161991,1286314.0,320.72017117567174,323.75890469503105,315.8643375649921,AAPL,stock,True
2024-12-02,2024-12-02 00:00:00,320.61349781384723,1486796.0,324.00717852370263,324.51757013013884,320.52742096362056,AAPL,stock,True
2024-12-03,2024-12-03 00:00:00,323.8576105356256,1370056.0,319.2595639791456,324.514851750638,318.10314454466,AAPL,stock,True
2024-12-04,2024-12-04 00:00:00,319.3266580794183,4969915.0,319.1416919331896,319.4136948465711,319.13620928928736,AAPL,stock,True
2024-12-05,2024-12-05 00:00:00,319.10450196459715,3995176.0,321.0971502226265,322.8701229147225,317.59429797285844,AAPL,stock,True
2024-12-06,2024-12-06 00:00:00,321.06352813646595,4576389.0,325.5198973664596,325.5206774508862,318.6786440926722,AAPL,stock,True
2024-12-09,2024-12-09 00:00:00,325.5331403085289,4104206.0,328.96847826189133,330.9433407388608,325.42601493924633,AAPL,stock,True
2024-12-10,2024-12-10 00:00:00,328.98946861942915,3944761.0,325.0781597583025,331.74877179113935,323.65725046302987,AAPL,stock,True
2024-12-11,2024-12-11 00:00:00,324.9264461906252,4130827.0,325.09687358095204,326.661794806013,322.19574756142407,AAPL,stock,True
2024-12-12,2024-12-12 00:00:00,325.07789345620364,4924481.0,326.2872195485387,326.3776798349659,322.9837904763774,AAPL,stock,True
2024-12-13,2024-12-13 00:00:00,326.41822079806786,4039891.0,325.0784741635582,327.48374517038667,323.1584068590766,AAPL,stock,True
2024-12-16,2024-12-16 00:00:00,324.9147573996848,2391256.0,320.754103467383,325.8967852633291,320.09417853989186,AAPL,stock,True
2024-12-17,2024-12-17 00:00:00,320.6334031420354,3321271.0,325.01654599935483,325.4014278792057,318.8772252807233,AAPL,stock,True
2024-12-18,2024-12-18 00:00:00,324.94596505171313,4552389.0,327.6242019201844,328.9706201553032,322.8589255544259,AAPL,stock,True
2024-12-19,2024-12-19 00:00:00,327.6350631826616,567535.0,331.79649936836097,334.2365338571929,327.34861126846715,AAPL,stock,True
2024-12-20,2024-12-20 00:00:00,331.76043751195346,4644614.0,335.10109748003987,335.21814674398144,330.3764244760068,AAPL,stock,True
2024-12-23,2024-12-23 00:00:00,335.00563009736084,4776805.0,339.0060067288808,341.9963972011416,332.5860461637835,AAPL,stock,True
2024-12-24,2024-12-24 00:00:00,339.0967726782801,569312.0,344.1139458780507,344.6918207781396,338.66040569355164,AAPL,stock,True
2024-12-25,2024-12-25 00:00:00,344.05781348956515,2543880.0,339.1919472818605,346.4277424835277,339.0511547482232,AAPL,stock,True
2024-12-26,2024-12-26 00:00:00,339.074316075361,2804048.0,339.97572807826697,341.6580238346913,336.0512889273424,AAPL,stock,True
2024-12-27,2024-12-27 00:00:00,339.86579472115875,4012891.0,339.04338274693447,342.5072591396502,338.57343427126114,AAPL,stock,True
2024-12-30,2024-12-30 00:00:00,338.97681262362823,3678970.0,337.37417437956043,340.60543019162833,335.40667229173476,AAPL,stock,True
2024-12-31,2024-12-31 00:00:00,337.5143147554338,4058980.0,337.6286409454357,339.37287580178054,337.3668796383763,AAPL,stock,True
2025-01-01,2025-01-01 00:00:00,337.6747066741061,4229424.0,337.2521636394994,339.5339081096583,334.0579985097551,AAPL,stock,True
2025-01-02,2025-01-02 00:00:00,337.3596108077022,4902220.0,338.819890965458,340.47350982906136,336.17825688746325,AAPL,stock,True
2025-01-03,2025-01-03 00:00:00,338.95313513642213,2975252.0,334.8830244793794,340.25304025792866,332.62715134668014,AAPL,stock,True
2025-01-06,2025-01-06 00:00:00,334.8318641909529,3835599.0,331.6917449366001,337.6700188277578,330.1792114896655,AAPL,stock,True
2025-01-07,2025-01-07 00:00:00,331.52502314049184,2182052.0,329.4920000554918,331.9337526613834,328.3864140938822,AAPL,stock,True
2025-01-08,2025-01-08 00:00:00,329.4749702774382,2889958.0,330.37869288174625,331.41760793897953,326.4189765875217,AAPL,stock,True
2025-01-09,2025-01-09 00:00:00,330.35075492004114,1939318.0,330.1551939821679,332.5358551750726,328.522541904489,AAPL,stock,True
2025-01-10,2025-01-10 00:00:00,330.02058537044286,2865423.0,331.3266855573038,333.0499382258286,327.81201693113377,AAPL,stock,True
2025-01-13,2025-01-13 00:00:00,331.2924322483014,2897271.0,334.5056657323455,336.8637582934592,329.20646337462466,AAPL,stock,True
2025-01-14,2025-01-14 00:00:00,334.49518950568626,4741194.0,336.37824643200014,338.068425031324,332.4144474128644,AAPL,stock,True
2025-01-15,2025-01-15 00:00:00,336.3624674129455,3816981.0,335.5874399943753,339.6345264349782,335.3191073581125,AAPL,stock,True
2025-01-16,2025-01-16 00:00:00,335.66184614299124,4844158.0,339.01843272297924,340.8672755095714,334.3272956141709,AAPL,stock,True
2025-01-17,2025-01-17 00:00:00,338.91888158713004,4936190.0,339.3992060425885,342.0821977848839,336.78002033054906,AAPL,stock,True
2025-01-20,2025-01-20 00:00:00,339.5111150535264,4603514.0,334.8739210495718,339.76702464555194,332.68687015947484,AAPL,stock,True
2025-01-21,2025-01-21 00:00:00,334.7939116147085,1355355.0,331.3130865521577,336.53945133123136,330.8746654049832,AAPL,stock,True
2025-01-22,2025-01-22 00:00:00,331.3678119392379,2229588.0,328.34402248132454,332.01419104293086,326.8478905291319,AAPL,stock,True
2025-01-23,2025-01-23 00:00:00,328.22876108178696,3659820.0,323.85324276165625,329.46480862556655,321.21595012132207,AAPL,stock,True
2025-01-24,2025-01-24 00:00:00,323.99392088515094,870531.0,326.34286158460355,328.3698225147148,320.9616756562295,AAPL,stock,True
2025-01-27,2025-01-27 00:00:00,326.4243132248995,1306026.0,325.5967049791551,327.494141037088,324.88035576284,AAPL,stock,True
2025-01-28,2025-01-28 00:00:00,325.7313519757649,3064175.0,323.653343288901,328.9006816592707,323.18938777741084,AAPL,stock,True
2025-01-29,2025-01-29 00:00:00,323.78815520715676,680277.0,322.19402324905053,324.77081931679675,319.1502491480045,AAPL,stock,True
2025-01-30,2025-01-30 00:00:00,322.1452409196927,2585226.0,326.04343997965134,327.8549365054949,319.8460614516022,AAPL,stock,True
2025-01-31,2025-01-31 00:00:00,326.0234478350116,2177011.0,322.151603455814,327.96303839731956,320.74959572120173,AAPL,stock,True
2025-02-03,2025-02-03 00:00:00,322.252946647165,2040152.0,319.8542397784136,323.29711339719665,318.9926690233675,AAPL,stock,True
2025-02-04,2025-02-04 00:00:00,319.83543748738794,1581774.0,318.0779877999219,320.98282631142786,316.0286747598395,AAPL,stock,True
2025-02-05,2025-02-05 00:00:00,318.0153008577262,4924565.0,317.4950171638992,318.47916286153435,315.7288958851495,AAPL,stock,True
2025-02-06,2025-02-06 00:00:00,317.44856025319115,4425818.0,321.74393141481755,322.2386444109076,314.5056833250182,AAPL,stock,True
2025-02-07,2025-02-07 00:00:00,321.6212378610156,543834.0,320.0074231544249,322.184413261513,317.17592897900096,AAPL,stock,True
2025-02-10,2025-02-10 00:00:00,319.848670210009,4457639.0,321.42895031325077,321.50262237640874,318.4302902381979,AAPL,stock,True
2025-02-11,2025-02-11 00:00:00,321.459249074535,4678019.0,317.33079404394306,324.44052141065976,315.1351940012051,AAPL,stock,True
2025-02-12,2025-02-12 00:00:00,317.37198747779547,2756522.0,315.25579905182656,319.3832619959338,312.9131502168232,AAPL,stock,True
2025-02-13,2025-02-13 00:00:00,315.28589774661094,4643267.0,311.0025797404573,318.02496995796423,310.3920825175004,AAPL,stock,True
2025-02-14,2025-02-14 00:00:00,311.0823426117476,4241258.0,309.9875288009063,312.9482224470389,309.18374068088525,AAPL,stock,True
2025-02-17,2025-02-17 00:00:00,309.955273568551,2922692.0,311.12114771218074,313.32966258099964,308.9525525994204,AAPL,stock,True
2025-02-18,2025-02-18 00:00:00,311.1367040145476,4852114.0,315.85946381114877,317.896684580311,310.19246286998634,AAPL,stock,True
2025-02-19,2025-02-19 00:00:00,315.7529459599634,3122362.0,320.33707367201816,322.73439179607635,312.8438046718946,AAPL,stock,True
2025-02-20,2025-02-20 00:00:00,320.25065971669466,4701135.0,323.3107860062709,324.7430642956696,318.86347282190354,AAPL,stock,True
2025-02-21,2025-02-21 00:00:00,323.3335946787615,2620405.0,320.09890154845044,326.4541254550582,318.4244169095823,AAPL,stock,True
2025-02-24,2025-02-24 00:00:00,319.99261391697456,4653810.0,318.25767329209276,320.7372124558596,315.4067960792407,AAPL,stock,True
2025-02-25,2025-02-25 00:00:00,318.3141829536605,3219800.0,315.65799333291244,321.0905443161763,315.2827006127583,AAPL,stock,True
2025-02-26,2025-02-26 00:00:00,315.7755434466344,1254115.0,319.79120694764606,320.13163878494845,315.579005987819,AAPL,stock,True
2025-02-27,2025-02-27 00:00:00,319.90860495921186,2690809.0,323.71831620579127,325.88847537185495,318.26743791226556,AAPL,stock,True
2025-02-28,2025-02-28 00:00:00,323.70790820018595,1925188.0,325.3115546505644,327.52031006947016,322.03275661446787,AAPL,stock,True
2025-03-03,2025-03-03 00:00:00,325.44840963296883,2411964.0,326.13921557856554,329.2389018420682,325.1213784176041,AAPL,stock,True
2025-03-04,2025-03-04 00:00:00,326.1760697898281,3380333.0,326.806014308136,328.70443906906564,325.84736001197564,AAPL,stock,True
2025-03-05,2025-03-05 00:00:00,326.7099064657387,4018103.0,328.44600338459793,329.44673754308246,323.67025295349947,AAPL,stock,True
2025-03-06,2025-03-06 00:00:00,328.44024967126717,4239075.0,330.3704864458539,333.35905522222095,327.4348716526744,AAPL,stock,True
2025-03-07,2025-03-07 00:00:00,330.38524126161633,1879016.0,334.8545558701781,337.2154317353896,328.641228361945,AAPL,stock,True
2025-03-10,2025-03-10 00:00:00,334.93732081671453,578652.0,330.17472906658026,338.1171462982735,328.14392148106424,AAPL,stock,True
2025-03-11,2025-03-11 00:00:00,330.1882296192097,1181598.0,326.14610113428046,332.4289086819136,325.25926224498903,AAPL,stock,True
2025-03-12,2025-03-12 00:00:00,326.25963817896195,2747670.0,326.1153256872714,326.30736290537504,325.37777904996324,AAPL,stock,True
2025-03-13,2025-03-13 00:00:00,326.21913876906484,2413777.0,328.9668838930118,330.4387040252344,324.58482314849726,AAPL,stock,True
2025-03-14,2025-03-14 00:00:00,328.9458459982685,4871721.0,327.4389076330183,330.35205952476565,326.3288417926828,AAPL,stock,True
2025-03-17,2025-03-17 00:00:00,327.32766178566396,3062392.0,330.4043684397568,332.958834188222,324.6526823004757,AAPL,stock,True
2025-03-18,2025-03-18 00:00:00,330.45204062901524,1311726.0,325.9588437401481,332.9278833798055,325.8275324538065,AAPL,stock,True
2025-03-19,2025-03-19 00:00:00,325.86851545056874,1420102.0,328.5874390499272,330.0567936151633,325.49175594675984,AAPL,stock,True
2025-03-20,2025-03-20 00:00:00,328.62034123917294,551010.0,328.92086048806635,329.06046744968677,327.8283876989145,AAPL,stock,True
2025-03-21,2025-03-21 00:00:00,328.82366203530273,4124295.0,331.00407531910264,333.9982002559243,325.9967223929356,AAPL,stock,True
2025-03-24,2025-03-24 00:00:00,330.9114064850252,3238973.0,330.4260634131522,332.97094960505615,329.19622901828603,AAPL,stock,True
2025-03-25,2025-03-25 00:00:00,330.572697809468,2173160.0,326.1772280416629,330.81221481658054,325.08994036607504,AAPL,stock,True
2025-03-26,2025-03-26 00:00:00,326.17893302681654,827971.0,321.73838674908603,326.2093265959938,319.1191737924528,AAPL,stock,True
2025-03-27,2025-03-27 00:00:00,321.6339246656037,4427336.0,318.0789693817152,321.8378070979092,317.71271199419766,AAPL,stock,True
2025-03-28,2025-03-28 00:00:00,318.0194744052701,4904198.0,318.0655030445238,318.64546984368076,316.4957414541855,AAPL,stock,True
2025-03-31,2025-03-31 00:00:00,318.11734565427633,1536567.0,319.70894027911083,322.1989158378046,314.9492587122228,AAPL,stock,True
2025-04-01,2025-04-01 00:00:00,319.53614576680394,727654.0,323.6486375109702,324.23148424045064,318.29901899429467,AAPL,stock,True
2025-04-02,2025-04-02 00:00:00,323.5361864089556,1542155.0,319.82540884091054,325.41070215165644,319.5385596320212,AAPL,stock,True
2025-04-03,2025-04-03 00:00:00,319.76752893652565,1156888.0,320.33743002955885,321.9496462502021,319.5091208836533,AAPL,stock,True
2025-04-04,2025-04-04 00:00:00,320.2053803830391,1343886.0,324.927259286239,327.21677004255486,317.24664437574444,AAPL,stock,True
2025-04-07,2025-04-07 00:00:00,324.79078452354366,1018728.0,327.09908420646553,330.0764887619848,324.7893150631705,AAPL,stock,True
2025-04-08,2025-04-08 00:00:00,327.1383542439431,1720035.0,330.00481481107926,330.813795490813,325.0048061509976,AAPL,stock,True
2025-04-09,2025-04-09 00:00:00,330.10394293968193,3798669.0,331.99785279487713,332.3742086350014,327.0003588904708,AAPL,stock,True
2025-04-10,2025-04-10 00:00:00,331.9680603527754,4152062.0,331.9159624650494,333.2399848426128,330.7878120824478,AAPL,stock,True
2025-04-11,2025-04-11 00:00:00,332.0192672210462,2590955.0,332.0531479001914,333.8364149611861,330.914448504648,AAPL,stock,True
2025-04-14,2025-04-14 00:00:00,332.04775148448556,3086304.0,327.5526666001662,333.73077089817735,326.32014776677147,AAPL,stock,True
2025-04-15,2025-04-15 00:00:00,327.53938536059525,3802837.0,331.3899501585698,333.8681543033865,325.4857204624309,AAPL,stock,True
2025-04-16,2025-04-16 00:00:00,331.3346946218241,2787889.0,334.00354998325275,335.7917095249145,329.3858250522193,AAPL,stock,True
2025-04-17,2025-04-17 00:00:00,333.95394947547504,1226070.0,338.47141814268684,339.45489579008745,331.5633068968759,AAPL,stock,True
2025-04-18,2025-04-18 00:00:00,338.52593719768373,3251711.0,341.3576241760973,343.96548915374825,336.81238293517055,AAPL,stock,True
2025-04-21,2025-04-21 00:00:00,341.4278371171136,2335545.0,338.51025891350656,342.9278877018601,337.63213764643564,AAPL,stock,True
2025-04-22,2025-04-22 00:00:00,338.64217927981775,1298713.0,342.5141009121919,344.11812240301526,337.97334478683825,AAPL,stock,True
2025-04-23,2025-04-23 00:00:00,342.4832437380988,3236633.0,343.07871172403816,345.81027210431444,342.31638205191484,AAPL,stock,True
2025-04-24,2025-04-24 00:00:00,343.11249567354764,1960293.0,339.8554566474082,345.29014872778953,338.6119285420251,AAPL,stock,True
2025-04-25,2025-04-25 00:00:00,339.9621756504762,1596584.0,337.6706164726662,342.8716228405074,334.9076195371362,AAPL,stock,True
2025-04-28,2025-04-28 00:00:00,337.7758586272413,2004269.0,341.1680327835091,342.32350138044006,336.77635787084796,AAPL,stock,True
2025-04-29,2025-04-29 00:00:00,341.14994907948096,1342526.0,336.60410960929914,343.279267263674,336.52230580248374,AAPL,stock,True
2025-04-30,2025-04-30 00:00:00,336.4716298925869,1965659.0,338.14176875650594,338.3187926504991,333.5942772796185,AAPL,stock,True
2025-05-01,2025-05-01 00:00:00,338.06000226372686,2308263.0,338.588840146629,341.01779180794625,337.035153046935,AAPL,stock,True
2025-05-02,2025-05-02 00:00:00,338.62980220144306,2088989.0,340.37653575032147,340.8914333229558,335.9213164695714,AAPL,stock,True
2025-05-05,2025-05-05 00:00:00,340.3708922297987,3420240.0,343.9654000669382,346.8114071442758,339.36545942812245,AAPL,stock,True
2025-05-06,2025-05-06 00:00:00,344.11784779791464,4334820.0,347.43410359829704,349.0024239827962,343.3527158680383,AAPL,stock,True
2025-05-07,2025-05-07 00:00:00,347.49891256320865,3907017.0,348.47941104246075,351.8303437376947,346.1578958732211,AAPL,stock,True
2025-05-08,2025-05-08 00:00:00,348.30461113853914,4047161.0,345.9333546871618,351.42497815658044,345.40025985540785,AAPL,stock,True
2025-05-09,2025-05-09 00:00:00,345.9737393084097,3673424.0,345.297135257854,346.8331828363168,343.31102138287696,AAPL,stock,True
2025-05-12,2025-05-12 00:00:00,345.42516740017254,3373801.0,342.25442406419853,346.7677239354686,341.8741292850989,AAPL,stock,True
2025-05-13,2025-05-13 00:00:00,342.1423469633159,999608.0,339.95057650496284,343.51078210811,339.0546431158802,AAPL,stock,True
2025-05-14,2025-05-14 00:00:00,339.90177801523924,1149452.0,344.3735794298305,344.9040101178074,338.8805906452949,AAPL,stock,True
2025-05-15,2025-05-15 00:00:00,344.21894981618686,2152952.0,340.4225192508707,344.9487344494446,339.7424913928008,AAPL,stock,True
2025-05-16,2025-05-16 00:00:00,340.4310672740908,2266240.0,338.2972605199433,341.8060644837587,336.0780534507951,AAPL,stock,True
2025-05-19,2025-05-19 00:00:00,338.3476384534069,1723688.0,338.73491704518034,341.777152915245,335.09363849422095,AAPL,stock,True
2025-05-20,2025-05-20 00:00:00,338.72810536081704,2006325.0,337.0726437054009,341.5552641881557,334.79154194482874,AAPL,stock,True
2025-05-21,2025-05-21 00:00:00,336.94772685927296,687313.0,335.71837184530585,337.6424030503458,334.1699222591286,AAPL,stock,True
2025-05-22,2025-05-22 00:00:00,335.5390561181825,4785384.0,330.61870715002556,338.0240163143133,330.52275443442534,AAPL,stock,True
2025-05-23,2025-05-23 00:00:00,330.7281860313923,746028.0,329.7941437237124,332.14509854443213,327.94097274405664,AAPL,stock,True
2025-05-26,2025-05-26 00:00:00,329.64285363606547,3026179.0,332.81854738612395,333.6183067730923,327.8593833431451,AAPL,stock,True
2025-05-27,2025-05-27 00:00:00,332.9489106721673,2137999.0,328.39006408644366,333.8706250788795,326.8533095091144,AAPL,stock,True
2025-05-28,2025-05-28 00:00:00,328.34739640117203,2678366.0,327.15044432430005,330.6571119876386,325.08702765657017,AAPL,stock,True
2025-05-29,2025-05-29 00:00:00,327.02332198869146,2122221.0,324.5667268198641,327.83544290080715,321.65270372923374,AAPL,stock,True
2025-05-30,2025-05-30 00:00:00,324.53310451687645,3608365.0,325.37511627552925,327.633623039307,322.33380013861023,AAPL,stock,True
2025-06-02,2025-06-02 00:00:00,325.2571662501385,3795086.0,328.2504566447837,329.97882222367764,324.96969768793724,AAPL,stock,True
2025-06-03,2025-06-03 00:00:00,328.2008445044531,4312877.0,324.18685754682093,330.10681386012067,323.8108857022064,AAPL,stock,True
2025-06-04,2025-06-04 00:00:00,324.0185056550679,2369875.0,327.24235992702745,328.72816711730076,322.2363475401852,AAPL,stock,True
2025-06-05,2025-06-05 00:00:00,327.125726409918,3563712.0,322.3335234264495,328.3669700007448,321.02073968029896,AAPL,stock,True
2025-06-06,2025-06-06 00:00:00,322.3490483545732,4324525.0,319.5981755685113,323.8992159429499,317.0770547245004,AAPL,stock,True
2025-06-09,2025-06-09 00:00:00,319.5632664768465,1901216.0,324.35012293750356,324.48345869292183,317.6313954115846,AAPL,stock,True
2025-06-10,2025-06-10 00:00:00,324.2232549487687,4397678.0,322.72680728107787,325.49284900390603,320.70262883507144,AAPL,stock,True
2025-06-11,2025-06-11 00:00:00,322.71116562283044,3064388.0,320.7350372669602,324.2028648989776,319.24492998518787,AAPL,stock,True
2025-06-12,2025-06-12 00:00:00,320.7947114022751,3461834.0,323.30086756088747,323.95998436552435,319.26536722298056,AAPL,stock,True
2025-06-13,2025-06-13 00:00:00,323.1647871850491,4948096.0,324.3010425935956,326.1207364323632,320.3825173547217,AAPL,stock,True
2025-06-16,2025-06-16 00:00:00,324.26282434526144,3913334.0,322.74218881387884,325.3441749166554,322.25945335057946,AAPL,stock,True
2025-06-17,2025-06-17 00:00:00,322.739161885934,4104996.0,321.2843173060233,323.75056169540585,318.6918271634096,AAPL,stock,True
2025-06-18,2025-06-18 00:00:00,321.1313682635663,3138227.0,319.6833172416975,322.08425032530914,316.79150021484094,AAPL,stock,True
2025-06-19,2025-06-19 00:00:00,319.5968591473364,1560952.0,323.3440481153112,323.99831526779553,318.69405940322724,AAPL,stock,True
2025-06-20,2025-06-20 00:00:00,323.4437921831338,1474144.0,324.702957705806,325.3637383704884,320.52382677923293,AAPL,stock,True
2025-06-23,2025-06-23 00:00:00,324.7777675146642,4557665.0,327.8350085102851,330.4281113967515,324.7767800100028,AAPL,stock,True
2025-06-24,2025-06-24 00:00:00,327.9305770695228,1145246.0,332.7219805827615,335.8600182218222,326.0980981049407,AAPL,stock,True
2025-06-25,2025-06-25 00:00:00,332.66967366742364,4361860.0,331.3635148332183,333.63149709492563,329.8880949809593,AAPL,stock,True
2025-06-26,2025-06-26 00:00:00,331.4611602712215,3526064.0,335.56382559780866,338.2839218477454,331.15259579610756,AAPL,stock,True
2025-06-27,2025-06-27 00:00:00,335.6422279393215,4402832.0,332.8010838169409,336.1884223196522,331.9950769213325,AAPL,stock,True
2025-06-30,2025-06-30 00:00:00,332.8385207079317,1707154.0,335.3098417739588,337.6793999797403,330.2877068350288,AAPL,stock,True
2025-07-01,2025-07-01 00:00:00,335.42435146811096,3140767.0,337.36017656122755,339.56107155360377,334.73494546355175,AAPL,stock,True
2025-07-02,2025-07-02 00:00:00,337.40520442880074,4316953.0,338.61149048046605,339.373986361292,337.00974761366,AAPL,stock,True
2025-07-03,2025-07-03 00:00:00,338.4273274958964,698716.0,339.3621455157028,340.2924480512326,335.4783565009131,AAPL,stock,True
2025-07-04,2025-07-04 00:00:00,339.2640809104133,3889168.0,334.4660853517014,341.4687819671363,331.77376016994776,AAPL,stock,True
2025-07-07,2025-07-07 00:00:00,334.4880607093005,3707223.0,338.0925786929243,338.82880693009736,333.3481566014456,AAPL,stock,True
2025-07-08,2025-07-08 00:00:00,337.9256777288498,2113930.0,335.26019935223763,340.1246869741284,332.11503877361605,AAPL,stock,True
2025-07-09,2025-07-09 00:00:00,335.128267539369,675088.0,337.59760160326,340.00657890284754,335.0073407297294,AAPL,stock,True
2025-07-10,2025-07-10 00:00:00,337.6099760592677,510724.0,339.06079278130085,341.5789933958165,335.43642951250695,AAPL,stock,True
2025-07-11,2025-07-11 00:00:00,339.09919747642414,3279778.0,335.83715149725776,339.69530057997673,334.42971145374884,AAPL,stock,True
2025-07-14,2025-07-14 00:00:00,335.8077940543519,1248381.0,332.8662130858575,338.01123466566133,329.5862335452597,AAPL,stock,True
2025-07-15,2025-07-15 00:00:00,332.7339035591126,528316.0,336.0,337.26864594789805,329.8233947343894,AAPL,stock,True
2024-11-06,2024-11-06 00:00:00,458.0194983754754,1350851.0,460.66172562038827,464.67446946665547,454.80967632796273,MSFT,stock,True
2024-11-07,2024-11-07 00:00:00,460.4143724976542,2864359.0,454.49756764385154,461.4029704807406,453.1883167178288,MSFT,stock,True
2024-11-08,2024-11-08 00:00:00,454.50077363568107,4624803.0,454.1238029766854,455.6125965082594,451.35839633798514,MSFT,stock,True
2024-11-11,2024-11-11 00:00:00,454.06039717563357,1794061.0,449.53180154174805,455.0482476448559,447.6570587344672,MSFT,stock,True
2024-11-12,2024-11-12 00:00:00,449.4032302979321,1041088.0,446.6597640399642,450.88414774738817,445.4758474665511,MSFT,stock,True
2024-11-13,2024-11-13 00:00:00,446.4870665665607,849131.0,450.3992406536091,450.74081535033736,444.49234555689065,MSFT,stock,True
2024-11-14,2024-11-14 00:00:00,450.153511909256,3095261.0,444.2764123438583,452.97301065751014,440.1542118538628,MSFT,stock,True
2024-11-15,2024-11-15 00:00:00,444.15470312676035,1465468.0,450.2252660444588,454.39495419679076,440.5067466258221,MSFT,stock,True
2024-11-18,2024-11-18 00:00:00,450.3808621196849,4703731.0,455.5074510104495,458.20895056808956,446.2131925630505,MSFT,stock,True
2024-11-19,2024-11-19 00:00:00,455.51698852618836,3710171.0,455.5070658970545,455.6353848470317,452.8351085633768,MSFT,stock,True
2024-11-20,2024-11-20 00:00:00,455.4707721262993,2453073.0,453.27479358691784,457.24966495454066,450.19039601638065,MSFT,stock,True
2024-11-21,2024-11-21 00:00:00,453.4589316289234,4155304.0,454.4730165213849,455.9419705647716,452.2827697818487,MSFT,stock,True
2024-11-22,2024-11-22 00:00:00,454.54899320608257,1940021.0,449.8540815275873,458.6960712943495,448.41594561190504,MSFT,stock,True
2024-11-25,2024-11-25 00:00:00,449.61592688724335,1575360.0,443.30033995925317,451.96998507467333,442.44339119969965,MSFT,stock,True
2024-11-26,2024-11-26 00:00:00,443.402194673218,4623151.0,438.65412686486457,447.18848236298936,435.71482066868833,MSFT,stock,True
2024-11-27,2024-11-27 00:00:00,438.69572465263155,928760.0,440.7585329059267,444.20408183501064,436.61728578023,MSFT,stock,True
2024-11-28,2024-11-28 00:00:00,440.8080531499447,818341.0,440.41832544657314,442.3973436934441,439.62549134042075,MSFT,stock,True
2024-11-29,2024-11-29 00:00:00,440.50214894263786,2768892.0,438.6210232766351,444.578256998572,437.9985758752941,MSFT,stock,True
2024-12-02,2024-12-02 00:00:00,438.61432766120345,2996362.0,441.32521942938035,443.9061527283131,438.4219844506442,MSFT,stock,True
2024-12-03,2024-12-03 00:00:00,441.3320935208137,3103542.0,437.8723290007431,442.1811158137404,437.1416932286373,MSFT,stock,True
2024-12-04,2024-12-04 00:00:00,437.9079162772905,4672339.0,442.40264972686936,444.34054300282935,436.7832242663363,MSFT,stock,True
2024-12-05,2024-12-05 00:00:00,442.1879012793637,2300470.0,447.85044483335093,450.8999940253731,440.5877836115781,MSFT,stock,True
2024-12-06,2024-12-06 00:00:00,447.9953870754289,978829.0,450.4954954003806,453.72153841409175,447.4702482694554,MSFT,stock,True
2024-12-09,2024-12-09 00:00:00,450.3596000622257,2820553.0,445.0719509470117,454.7237570562253,443.6230018815306,MSFT,stock,True
2024-12-10,2024-12-10 00:00:00,445.02408855469264,1176105.0,440.76011991847304,447.809359082867,437.9892014398292,MSFT,stock,True
2024-12-11,2024-12-11 00:00:00,440.5839222839754,3247679.0,441.94864840818485,445.0047578803441,439.1455148593069,MSFT,stock,True
2024-12-12,2024-12-12 00:00:00,441.81697293342,1747001.0,436.34399288346816,442.4151312704372,434.67411593664275,MSFT,stock,True
2024-12-13,2024-12-13 00:00:00,436.154666098385,4901195.0,441.1735448907011,445.53208475763245,432.29318287976315,MSFT,stock,True
2024-12-16,2024-12-16 00:00:00,440.98006165882316,2369954.0,439.9637790907455,444.5681599716248,439.6083815044125,MSFT,stock,True
2024-12-17,2024-12-17 00:00:00,439.7534001294996,3149281.0,443.95086666328575,446.1714044158246,437.6745058412297,MSFT,stock,True
2024-12-18,2024-12-18 00:00:00,443.80591964854597,4441899.0,443.7039335595759,446.5718174048776,442.52191453386774,MSFT,stock,True
2024-12-19,2024-12-19 00:00:00,443.81302155769055,2573407.0,443.7716923249525,447.59600481909456,442.94554160383194,MSFT,stock,True
2024-12-20,2024-12-20 00:00:00,443.7918369702698,2480169.0,447.4072848692714,449.62161165907884,441.4268192806678,MSFT,stock,True
2024-12-23,2024-12-23 00:00:00,447.58542646874963,2266507.0,447.035861049313,448.2583633577447,446.1571817535041,MSFT,stock,True
2024-12-24,2024-12-24 00:00:00,447.01462594694993,2705236.0,444.38474854293196,450.7553969329834,440.523675443661,MSFT,stock,True
2024-12-25,2024-12-25 00:00:00,444.31910553540115,2459441.0,443.1911484373736,444.70026481549115,439.9618466129932,MSFT,stock,True
2024-12-26,2024-12-26 00:00:00,443.1811946635489,1379937.0,438.20623885854883,446.0014570661741,434.51757113034563,MSFT,stock,True
2024-12-27,2024-12-27 00:00:00,438.35735015351884,4512055.0,431.9903120647096,441.2351353596408,429.8315269042847,MSFT,stock,True
2024-12-30,2024-12-30 00:00:00,431.86514047175586,4678295.0,427.8514235193592,434.79172334068437,425.04681423632866,MSFT,stock,True
2024-12-31,2024-12-31 00:00:00,427.92623924335214,4191719.0,423.3393301151906,428.36159323487914,420.19489115420447,MSFT,stock,True
2025-01-01,2025-01-01 00:00:00,423.2304143893608,901701.0,421.8182879580744,427.0958069970834,419.60144733034826,MSFT,stock,True
2025-01-02,2025-01-02 00:00:00,421.87875107963777,3367062.0,420.1027552044472,425.06018475103684,418.73357901844304,MSFT,stock,True
2025-01-03,2025-01-03 00:00:00,420.01697063261946,3319352.0,419.8804795250249,423.91060275763266,419.19736989401696,MSFT,stock,True
2025-01-06,2025-01-06 00:00:00,419.82839129769786,1324330.0,425.5437783544884,429.3392697956494,419.66691188838485,MSFT,stock,True
2025-01-07,2025-01-07 00:00:00,425.6132419751005,519793.0,428.7692669289006,429.58513273960233,423.79883006341566,MSFT,stock,True
2025-01-08,2025-01-08 00:00:00,428.60332067725994,723767.0,427.7138311343724,428.73048230695724,427.6854971181922,MSFT,stock,True
2025-01-09,2025-01-09 00:00:00,427.8718155352417,2344266.0,430.8687475988961,431.67090557922864,427.204219457629,MSFT,stock,True
2025-01-10,2025-01-10 00:00:00,431.03261408341916,4780669.0,426.3481224245234,432.72857707461264,424.26626783215875,MSFT,stock,True
2025-01-13,2025-01-13 00:00:00,426.3414478791546,2366737.0,422.2859946566621,426.66793730128927,418.68153430411166,MSFT,stock,True
2025-01-14,2025-01-14 00:00:00,422.1195098724533,3571046.0,425.56317730678654,426.4044037767619,419.1866639142243,MSFT,stock,True
2025-01-15,2025-01-15 00:00:00,425.5081260651652,1327876.0,431.4191866454887,432.87466249569803,423.906355408682,MSFT,stock,True
2025-01-16,2025-01-16 00:00:00,431.50196719227074,4702236.0,432.3822496591731,435.74094089778384,430.66814931714526,MSFT,stock,True
2025-01-17,2025-01-17 00:00:00,432.5119225449758,509286.0,435.54545640197375,438.56748782270876,430.64724435918936,MSFT,stock,True
2025-01-20,2025-01-20 00:00:00,435.50614413430895,1278301.0,430.91461909242895,439.32493418972393,428.9199504003328,MSFT,stock,True
2025-01-21,2025-01-21 00:00:00,430.9424822120107,1617986.0,436.2308241884644,440.273633799586,430.14245000557906,MSFT,stock,True
2025-01-22,2025-01-22 00:00:00,436.25211685095076,1339138.0,438.77120179533375,440.1973887164273,432.55564254672214,MSFT,stock,True
2025-01-23,2025-01-23 00:00:00,438.89167316967684,1408193.0,439.72759004937217,442.85640642024185,435.58140850856626,MSFT,stock,True
2025-01-24,2025-01-24 00:00:00,439.49813535880116,3737184.0,436.8977062275365,443.5513768884272,433.3613346525512,MSFT,stock,True
2025-01-27,2025-01-27 00:00:00,436.80462811821366,3793555.0,437.3043326794833,440.70475337084895,433.86400128412197,MSFT,stock,True
2025-01-28,2025-01-28 00:00:00,437.3026603684027,4933797.0,442.5138511564588,443.71948967160125,433.633000087549,MSFT,stock,True
2025-01-29,2025-01-29 00:00:00,442.5575981041785,994850.0,445.16291877142305,445.6612754855329,441.0103726375393,MSFT,stock,True
2025-01-30,2025-01-30 00:00:00,445.35920060215614,3420902.0,439.8581125021125,446.0709174321906,437.60292201656796,MSFT,stock,True
2025-01-31,2025-01-31 00:00:00,439.6587574573211,3113821.0,435.73691872075443,439.7147652241626,434.226791482352,MSFT,stock,True
2025-02-03,2025-02-03 00:00:00,435.8977845191112,4056537.0,440.4303945088303,441.2200324459146,433.9728121735816,MSFT,stock,True
2025-02-04,2025-02-04 00:00:00,440.31693113655245,4195459.0,437.02835717329606,443.288705326444,435.11922533095884,MSFT,stock,True
2025-02-05,2025-02-05 00:00:00,437.0249764100222,1620569.0,433.0117094157932,439.63228449505857,429.0768616752785,MSFT,stock,True
2025-02-06,2025-02-06 00:00:00,432.79498214452906,1867008.0,435.55596406487103,435.7278075271608,430.49822655698557,MSFT,stock,True
2025-02-07,2025-02-07 00:00:00,435.6076817122049,4837250.0,438.018419326109,439.1748946927004,434.63887821203963,MSFT,stock,True
2025-02-10,2025-02-10 00:00:00,438.14057910978073,3198515.0,437.60253810485557,440.93758396617386,437.2037419535297,MSFT,stock,True
2025-02-11,2025-02-11 00:00:00,437.5772296980487,4714177.0,440.6157141686585,442.23567314420933,434.6172104611947,MSFT,stock,True
2025-02-12,2025-02-12 00:00:00,440.42027122006584,1330020.0,436.2194070388328,443.12333586456117,433.2082782847327,MSFT,stock,True
2025-02-13,2025-02-13 00:00:00,436.21313893332433,4339173.0,441.96679399505774,446.20413093091497,433.1038991935781,MSFT,stock,True
2025-02-14,2025-02-14 00:00:00,442.07800635136005,3659687.0,435.8554068822936,445.0139317887386,432.3334856796435,MSFT,stock,True
2025-02-17,2025-02-17 00:00:00,436.03257848003966,1648943.0,436.7164360353648,439.9924992985241,432.47746883889965,MSFT,stock,True
2025-02-18,2025-02-18 00:00:00,436.6119806012689,887156.0,430.73685847808696,440.13009282658686,426.54667470033706,MSFT,stock,True
2025-02-19,2025-02-19 00:00:00,430.8097476112249,4305778.0,428.3061444277273,433.5250011780819,426.23785586256133,MSFT,stock,True
2025-02-20,2025-02-20 00:00:00,428.13640190945165,3934248.0,430.34035735342,433.08211933120526,426.92407499324537,MSFT,stock,True
2025-02-21,2025-02-21 00:00:00,430.50949109607024,4889158.0,432.3446445317482,432.5445476232354,426.30764530301934,MSFT,stock,True
2025-02-24,2025-02-24 00:00:00,432.22350894215475,3862929.0,438.4378507891182,441.0619651030444,429.22106169219126,MSFT,stock,True
2025-02-25,2025-02-25 00:00:00,438.60601909844627,4915630.0,440.2660209659535,443.00461441979326,437.32781715475556,MSFT,stock,True
2025-02-26,2025-02-26 00:00:00,440.1638092817298,2781968.0,442.3139586027433,443.70218126303604,437.29878301619306,MSFT,stock,True
2025-02-27,2025-02-27 00:00:00,442.3824045940586,2521394.0,436.6035794614304,444.7567009725009,436.4232087717742,MSFT,stock,True
2025-02-28,2025-02-28 00:00:00,436.3694512320405,1927835.0,430.6064686675463,437.9910764267863,426.89569335032,MSFT,stock,True
2025-03-03,2025-03-03 00:00:00,430.56568669913185,2718013.0,436.0191838764043,438.4267083613588,426.27671062730406,MSFT,stock,True
2025-03-04,2025-03-04 00:00:00,436.0513945312836,3172762.0,431.50125849606354,438.7431455202215,427.7751076960225,MSFT,stock,True
2025-03-05,2025-03-05 00:00:00,431.5750950533035,2654961.0,436.8740026022746,440.3921862795565,431.24355898642796,MSFT,stock,True
2025-03-06,2025-03-06 00:00:00,436.9935221683903,2398567.0,439.7258135697736,441.94566242247,432.7967892362876,MSFT,stock,True
2025-03-07,2025-03-07 00:00:00,439.867821174368,2543128.0,442.78577481024917,444.85735859539756,437.5186905770227,MSFT,stock,True
2025-03-10,2025-03-10 00:00:00,442.6486042294944,1675234.0,445.33914040485485,449.3346558180018,441.20686929065675,MSFT,stock,True
2025-03-11,2025-03-11 00:00:00,445.4531868139211,4178020.0,445.2154041295157,448.30642128349524,443.0207051139275,MSFT,stock,True
2025-03-12,2025-03-12 00:00:00,445.2914183051889,3860173.0,441.75884124516233,448.3743738823371,440.772328868962,MSFT,stock,True
2025-03-13,2025-03-13 00:00:00,441.8453034703492,4249595.0,446.6949762034319,450.8597625594336,441.1666054814721,MSFT,stock,True
2025-03-14,2025-03-14 00:00:00,446.7260407179656,2322240.0,441.05018982351896,450.76098175407424,438.5616559684835,MSFT,stock,True
2025-03-17,2025-03-17 00:00:00,440.898309935734,1730607.0,444.6222616957892,444.95601469025166,438.75366121008886,MSFT,stock,True
2025-03-18,2025-03-18 00:00:00,444.41017251381606,917267.0,441.62278075651744,446.6753851011345,438.6942013423434,MSFT,stock,True
2025-03-19,2025-03-19 00:00:00,441.51151933727243,2256342.0,435.5765773660778,442.20077408413545,434.6681085140145,MSFT,stock,True
2025-03-20,2025-03-20 00:00:00,435.5271310654811,536586.0,429.3720935709329,437.28088752785783,425.4336744489034,MSFT,stock,True
2025-03-21,2025-03-21 00:00:00,429.31592126065806,3855825.0,429.91370373175755,430.324645681061,427.3490431761818,MSFT,stock,True
2025-03-24,2025-03-24 00:00:00,429.7135665015057,3650743.0,430.16788869800274,431.1036379698244,429.6793836883108,MSFT,stock,True
2025-03-25,2025-03-25 00:00:00,429.9718694056013,4089539.0,428.02944878471607,430.2895227031677,425.0638080646857,MSFT,stock,True
2025-03-26,2025-03-26 00:00:00,427.9617220395006,1513189.0,428.4884069464719,431.9764880674592,427.89085942387766,MSFT,stock,True
2025-03-27,2025-03-27 00:00:00,428.28316436418436,3198820.0,423.69775733335985,430.28301328067084,423.19332449284394,MSFT,stock,True
2025-03-28,2025-03-28 00:00:00,423.76291662517093,3331075.0,422.19286869964367,427.96573751578245,419.1952302942633,MSFT,stock,True
2025-03-31,2025-03-31 00:00:00,422.1354776269089,4779941.0,425.26947576130345,428.7840893975406,421.41583539373573,MSFT,stock,True
2025-04-01,2025-04-01 00:00:00,425.1727045390917,1279758.0,431.25176119415636,434.09671652421036,422.46414424079524,MSFT,stock,True
2025-04-02,2025-04-02 00:00:00,431.2973486638615,4925792.0,426.7229841135773,434.34030611256065,424.1741761898704,MSFT,stock,True
2025-04-03,2025-04-03 00:00:00,426.5175293553993,2276760.0,432.2037107869396,432.5869825989737,422.72911602806204,MSFT,stock,True
2025-04-04,2025-04-04 00:00:00,432.2810342633767,2446023.0,432.191476557743,433.5155173653268,428.6959416633677,MSFT,stock,True
2025-04-07,2025-04-07 00:00:00,432.10492671108244,2641029.0,425.7371600582441,434.499985746213,422.6136761368331,MSFT,stock,True
2025-04-08,2025-04-08 00:00:00,425.8890248052862,4233730.0,428.00185142660735,429.04966033450745,421.930212941835,MSFT,stock,True
2025-04-09,2025-04-09 00:00:00,427.86736972006486,640953.0,424.4513231341801,431.4803820388032,424.34825058051854,MSFT,stock,True
2025-04-10,2025-04-10 00:00:00,424.4312806898193,1305903.0,420.43585938830387,425.9019146741303,417.0286754711719,MSFT,stock,True
2025-04-11,2025-04-11 00:00:00,420.5173590374875,2050693.0,417.87410791262545,424.475521720045,414.4114753944777,MSFT,stock,True
2025-04-14,2025-04-14 00:00:00,417.6816108497202,3304485.0,420.3467188220871,420.78948953559075,413.86578066970935,MSFT,stock,True
2025-04-15,2025-04-15 00:00:00,420.39991395115356,2654271.0,416.00175640874687,422.7673213754365,413.03308560539773,MSFT,stock,True
2025-04-16,2025-04-16 00:00:00,415.7983333470646,3598844.0,419.01669172990194,420.215485072976,414.0874628468368,MSFT,stock,True
2025-04-17,2025-04-17 00:00:00,418.9213016271758,3890438.0,413.7832378816064,421.67008366401,413.1961234634548,MSFT,stock,True
2025-04-18,2025-04-18 00:00:00,413.65560124703563,1428246.0,408.6240272089704,414.8569206284119,407.78209625826634,MSFT,stock,True
2025-04-21,2025-04-21 00:00:00,408.4989629447141,2005582.0,414.1975650036408,415.83549805364964,404.476896191437,MSFT,stock,True
2025-04-22,2025-04-22 00:00:00,414.07999541392036,4415982.0,408.46526393453973,416.3295746328165,407.0288174096822,MSFT,stock,True
2025-04-23,2025-04-23 00:00:00,408.5363867452048,1610480.0,413.44963556267237,415.2096853096812,406.1504828810373,MSFT,stock,True
2025-04-24,2025-04-24 00:00:00,413.4773411788513,2525266.0,415.8851819060187,417.0786270329076,410.9398343514262,MSFT,stock,True
2025-04-25,2025-04-25 00:00:00,415.70266223293305,1507998.0,410.75012467533725,417.95401260240027,408.2564081224045,MSFT,stock,True
2025-04-28,2025-04-28 00:00:00,410.59352464165306,2464988.0,404.64643038007847,413.96877525209726,403.11508948815356,MSFT,stock,True
2025-04-29,2025-04-29 00:00:00,404.74399191407986,3210831.0,405.02712975058444,406.2490610494374,401.3867800364902,MSFT,stock,True
2025-04-30,2025-04-30 00:00:00,404.83435906615676,1597969.0,401.48134566475636,406.2343303528888,400.7507582397399,MSFT,stock,True
2025-05-01,2025-05-01 00:00:00,401.51645197636765,2214583.0,399.09539555804224,402.4070934558756,398.8670070135937,MSFT,stock,True
2025-05-02,2025-05-02 00:00:00,399.12053024689214,1617036.0,397.67277127808217,401.27683177080087,397.64662623005415,MSFT,stock,True
2025-05-05,2025-05-05 00:00:00,397.5501445666419,838596.0,402.45043998153983,403.7969592309331,396.7427782697855,MSFT,stock,True
2025-05-06,2025-05-06 00:00:00,402.60848370872367,1231753.0,407.83480746004614,409.373404009882,399.57012460302536,MSFT,stock,True
2025-05-07,2025-05-07 00:00:00,407.8160309376448,3058956.0,410.79339015912666,414.4036788243704,407.366700685907,MSFT,stock,True
2025-05-08,2025-05-08 00:00:00,410.66167877397356,3935454.0,404.8357035500996,410.8642174539126,402.78353027346145,MSFT,stock,True
2025-05-09,2025-05-09 00:00:00,404.96978143713153,2191849.0,406.8550918957369,410.1089797215575,401.16631704314926,MSFT,stock,True
2025-05-12,2025-05-12 00:00:00,407.02755717839943,3978254.0,405.88011300960875,410.609384207824,405.03062626233395,MSFT,stock,True
2025-05-13,2025-05-13 00:00:00,405.9732075051147,2603261.0,401.2920673073873,408.67869183148304,398.8901395798054,MSFT,stock,True
2025-05-14,2025-05-14 00:00:00,401.2677348059771,2798561.0,405.26326813582796,408.0565706007919,397.53509875423714,MSFT,stock,True
2025-05-15,2025-05-15 00:00:00,405.1992305662856,4342606.0,403.0531288597796,407.4002904224756,400.43460161943113,MSFT,stock,True
2025-05-16,2025-05-16 00:00:00,402.9663272875411,1084589.0,408.98991981044975,409.7181527548619,399.02545569010493,MSFT,stock,True
2025-05-19,2025-05-19 00:00:00,409.04546568458665,2222577.0,409.91098854662465,413.6711476393645,405.4216628134798,MSFT,stock,True
2025-05-20,2025-05-20 00:00:00,409.7872211136124,1454050.0,406.2003461879527,413.8343568001915,404.8860245958976,MSFT,stock,True
2025-05-21,2025-05-21 00:00:00,406.260893301325,3511637.0,400.7082367396818,409.49591734916925,400.19587783338176,MSFT,stock,True
2025-05-22,2025-05-22 00:00:00,400.7230697752862,4493070.0,405.214710188088,406.2845993010637,397.3429393146325,MSFT,stock,True
2025-05-23,2025-05-23 00:00:00,405.0923088199771,828023.0,403.1568727657629,408.7169330823859,402.4154175809955,MSFT,stock,True
2025-05-26,2025-05-26 00:00:00,403.20670128700004,973533.0,399.3197039922919,405.51927104308726,397.1573054785801,MSFT,stock,True
2025-05-27,2025-05-27 00:00:00,399.35592505630365,880143.0,402.960523888715,403.7706430759966,396.3358089204725,MSFT,stock,True
2025-05-28,2025-05-28 00:00:00,403.10514363955116,3030146.0,400.9903601816027,405.2995463538883,397.96433130001407,MSFT,stock,True
2025-05-29,2025-05-29 00:00:00,400.7858432823985,3492707.0,402.1488558256877,405.5459942861414,399.6200520073749,MSFT,stock,True
2025-05-30,2025-05-30 00:00:00,401.9835117126587,4469406.0,396.96597250505295,403.57779254349754,395.30471427190946,MSFT,stock,True
2025-06-02,2025-06-02 00:00:00,396.76441011189104,619135.0,397.4566195802837,399.437964882771,393.19853708957277,MSFT,stock,True
2025-06-03,2025-06-03 00:00:00,397.3738212746303,1430813.0,400.7191847488411,402.23508400712115,396.0276313838594,MSFT,stock,True
2025-06-04,2025-06-04 00:00:00,400.7752165143744,4177697.0,396.2421790570438,403.74512866647785,393.28617736523046,MSFT,stock,True
2025-06-05,2025-06-05 00:00:00,396.4022830262101,1975099.0,393.23016565151295,398.985491542579,391.86787542762244,MSFT,stock,True
2025-06-06,2025-06-06 00:00:00,393.2278905620813,1115855.0,388.2616663261684,395.6183501694214,386.1296674674284,MSFT,stock,True
2025-06-09,2025-06-09 00:00:00,388.2925376333652,744380.0,390.6680156862532,393.80965925418786,388.0366322724395,MSFT,stock,True
2025-06-10,2025-06-10 00:00:00,390.69344473785907,2177061.0,388.16250813354435,393.02421569812833,385.04043620314786,MSFT,stock,True
2025-06-11,2025-06-11 00:00:00,388.1963392328283,4953559.0,382.71518341233633,391.7153337682097,382.14410346198605,MSFT,stock,True
2025-06-12,2025-06-12 00:00:00,382.7608412401608,1732204.0,388.3767755153422,391.31183266844306,381.5397378609764,MSFT,stock,True
2025-06-13,2025-06-13 00:00:00,388.39679665363263,1459500.0,385.6567059607457,389.5397936564726,384.91285559635855,MSFT,stock,True
2025-06-16,2025-06-16 00:00:00,385.5284737002395,4779626.0,386.5230412863956,387.92173364162085,383.0342449068821,MSFT,stock,True
2025-06-17,2025-06-17 00:00:00,386.5136299699968,1090625.0,382.2299019626057,387.6808352176039,381.5777567132201,MSFT,stock,True
2025-06-18,2025-06-18 00:00:00,382.1349352437216,3581768.0,376.50856632010175,382.95471988071074,375.2557619475134,MSFT,stock,True
2025-06-19,2025-06-19 00:00:00,376.63853169622644,4479529.0,375.3880259268528,377.83266965400446,373.55601695582027,MSFT,stock,True
2025-06-20,2025-06-20 00:00:00,375.23596498610397,606697.0,373.87872130209854,375.4173353739025,370.4795187138711,MSFT,stock,True
2025-06-23,2025-06-23 00:00:00,373.8762984567443,3891081.0,375.17212280336975,376.29627016325907,371.91531314222846,MSFT,stock,True
2025-06-24,2025-06-24 00:00:00,375.1217207095844,3747857.0,380.31879761253845,382.23114609456917,371.5957528510911,MSFT,stock,True
2025-06-25,2025-06-25 00:00:00,380.45510217081255,3412744.0,384.1329004958304,387.50907247348755,380.1829202801003,MSFT,stock,True
2025-06-26,2025-06-26 00:00:00,383.97483588790107,1841767.0,382.09746307597175,385.58694445871396,380.0285526572394,MSFT,stock,True
2025-06-27,2025-06-27 00:00:00,382.18361241777774,2041610.0,384.333894311828,386.6118223372871,380.86153315516077,MSFT,stock,True
2025-06-30,2025-06-30 00:00:00,384.12352252923523,1289333.0,382.08386074746943,386.64036568618786,380.7255496124206,MSFT,stock,True
2025-07-01,2025-07-01 00:00:00,382.1778170442332,4974091.0,381.8228821768074,385.4847325039911,379.60157553149895,MSFT,stock,True
2025-07-02,2025-07-02 00:00:00,381.77286353968947,2927349.0,378.58244376687645,381.7743360727425,375.94690094777974,MSFT,stock,True
2025-07-03,2025-07-03 00:00:00,378.57392957935633,1880657.0,376.8102039168213,381.9738311100853,374.82118545682755,MSFT,stock,True
2025-07-04,2025-07-04 00:00:00,376.61243681328017,2619783.0,379.04005041675686,380.08274576707265,374.62361407820754,MSFT,stock,True
2025-07-07,2025-07-07 00:00:00,379.15706553777864,804836.0,382.35818836334175,385.2985767681147,377.18089145461903,MSFT,stock,True
2025-07-08,2025-07-08 00:00:00,382.28578245568195,1043547.0,379.2400277574923,384.3470681423408,375.7587094883303,MSFT,stock,True
2025-07-09,2025-07-09 00:00:00,379.20856054633583,2207044.0,373.6137675492693,379.4562982146475,370.3848424707887,MSFT,stock,True
2025-07-10,2025-07-10 00:00:00,373.4955404936396,1471809.0,371.0892923271251,373.9755844422104,368.8745590980738,MSFT,stock,True
2025-07-11,2025-07-11 00:00:00,371.13605202143594,4400469.0,366.17285839010725,374.4410594473454,362.97189545600617,MSFT,stock,True
2025-07-14,2025-07-14 00:00:00,366.330464236897,4167991.0,366.5276909183341,366.55660264655256,363.9724520944494,MSFT,stock,True
2025-07-15,2025-07-15 00:00:00,366.59786574784914,757513.0,364.0,367.80148318973215,362.27251187575325,MSFT,stock,True
2024-11-06,2024-11-06 00:00:00,406.2162491684461,570708.0,412.1940250268417,413.5088851994457,403.1756123746841,GOOGL,stock,True
2024-11-07,2024-11-07 00:00:00,412.0799429181137,4556757.0,414.6760349839817,417.0907759181716,408.4957534630126,GOOGL,stock,True
2024-11-08,2024-11-08 00:00:00,414.71710756622485,961376.0,409.72852334039266,416.352372629192,407.96934722486446,GOOGL,stock,True
2024-11-11,2024-11-11 00:00:00,409.5852202299611,2227145.0,411.8068124823077,413.12371422394216,406.6280948898171,GOOGL,stock,True
2024-11-12,2024-11-12 00:00:00,411.8857490641913,1936214.0,406.3444101858187,414.1731750525841,405.3539044671594,GOOGL,stock,True
2024-11-13,2024-11-13 00:00:00,406.4550958066142,3590001.0,408.33451381300773,410.5443282149692,405.8965433082855,GOOGL,stock,True
2024-11-14,2024-11-14 00:00:00,408.34845650273155,3841279.0,402.35548240394655,410.74900348027955,398.38770732376923,GOOGL,stock,True
2024-11-15,2024-11-15 00:00:00,402.13569260788347,3640280.0,408.171120399018,409.67796256023,401.4908877670946,GOOGL,stock,True
2024-11-18,2024-11-18 00:00:00,408.15945297577525,1240013.0,412.9716440505154,415.7979375370639,406.0404251880647,GOOGL,stock,True
2024-11-19,2024-11-19 00:00:00,412.9388825613354,3870064.0,415.7806194103006,416.4043627435167,410.7915634223672,GOOGL,stock,True
2024-11-20,2024-11-20 00:00:00,415.5941804686759,3393606.0,419.02092600525424,420.9189167265544,415.48897446378214,GOOGL,stock,True
2024-11-21,2024-11-21 00:00:00,418.84727403414007,2996211.0,417.00688140659804,420.39604275986824,414.2301141402183,GOOGL,stock,True
2024-11-22,2024-11-22 00:00:00,417.1613755325466,2137192.0,414.06272474863863,419.2564372352319,413.65800910616105,GOOGL,stock,True
2024-11-25,2024-11-25 00:00:00,414.1831297083783,743363.0,417.9747018530557,420.259921343584,412.87970542360523,GOOGL,stock,True
2024-11-26,2024-11-26 00:00:00,418.01372497872944,1600503.0,422.11592748359766,423.3795266185579,415.6551818305314,GOOGL,stock,True
2024-11-27,2024-11-27 00:00:00,422.0579924367259,2821617.0,424.3609593768992,424.7937912559115,421.3666401260317,GOOGL,stock,True
2024-11-28,2024-11-28 00:00:00,424.53016022082045,1786320.0,426.13798719950114,428.481355848307,420.7206029351433,GOOGL,stock,True
2024-11-29,2024-11-29 00:00:00,426.2368842731554,1592089.0,428.909982583779,429.4246296945457,423.3293239792455,GOOGL,stock,True
2024-12-02,2024-12-02 00:00:00,428.8638237837132,1421841.0,431.7926008827152,434.07712058484725,425.4899237634135,GOOGL,stock,True
2024-12-03,2024-12-03 00:00:00,431.87873615336576,1345273.0,427.2769086038026,435.14031760532686,423.983592524462,GOOGL,stock,True
2024-12-04,2024-12-04 00:00:00,427.4412796847524,1209478.0,432.7222668266476,436.11317842538733,426.15643216715085,GOOGL,stock,True
2024-12-05,2024-12-05 00:00:00,432.89097096038233,1080883.0,438.3662523078798,440.5671205364696,429.79991236976826,GOOGL,stock,True
2024-12-06,2024-12-06 00:00:00,438.42776180458867,2890759.0,442.38892603735457,443.74077315096963,436.74794884863456,GOOGL,stock,True
2024-12-09,2024-12-09 00:00:00,442.52084614142774,3363120.0,442.13864454460577,446.37857517041994,441.06225648647245,GOOGL,stock,True
2024-12-10,2024-12-10 00:00:00,441.93588222291373,727810.0,446.6787826718706,448.21636107080303,440.90941736329944,GOOGL,stock,True
2024-12-11,2024-12-11 00:00:00,446.67464432362385,1678125.0,449.79574278053354,449.9512837065461,446.54248004564937,GOOGL,stock,True
2024-12-12,2024-12-12 00:00:00,449.6211769148488,3550417.0,452.75112926005056,457.24011097407373,446.5946543149087,GOOGL,stock,True
2024-12-13,2024-12-13 00:00:00,452.81688793136476,1614859.0,452.0565434000199,453.62914160770157,451.073089010559,GOOGL,stock,True
2024-12-16,2024-12-16 00:00:00,452.07666966267095,4751882.0,456.7744460259142,461.1899464612815,451.8182123124395,GOOGL,stock,True
2024-12-17,2024-12-17 00:00:00,456.6510096163284,4198935.0,452.9735511669203,458.1471051434923,449.6450562197249,GOOGL,stock,True
2024-12-18,2024-12-18 00:00:00,452.76890383504127,3700661.0,446.5796247180794,454.28085024170133,442.5478291844173,GOOGL,stock,True
2024-12-19,2024-12-19 00:00:00,446.3963187091764,1462336.0,449.46315760218283,452.0137727944768,445.5058542127418,GOOGL,stock,True
2024-12-20,2024-12-20 00:00:00,449.45484371576913,2640607.0,452.9870445286778,453.88010432327735,445.0053912937768,GOOGL,stock,True
2024-12-23,2024-12-23 00:00:00,452.8044137861119,580146.0,457.55279213864986,457.99571768624355,448.44233731755236,GOOGL,stock,True
2024-12-24,2024-12-24 00:00:00,457.3155395659025,1417086.0,456.0387615857464,459.88609667167805,452.5980091108175,GOOGL,stock,True
2024-12-25,2024-12-25 00:00:00,456.11810698537465,4214635.0,451.7841432017556,458.6370605011767,450.54828614402226,GOOGL,stock,True
2024-12-26,2024-12-26 00:00:00,451.9031433729454,962382.0,450.21860819892674,454.74757682118224,448.52359627732795,GOOGL,stock,True
2024-12-27,2024-12-27 00:00:00,450.402854809835,737890.0,446.1817838600894,454.2332633919978,443.5374716699394,GOOGL,stock,True
2024-12-30,2024-12-30 00:00:00,446.19602239448466,1493919.0,448.91504978420926,449.2648766951071,441.73520841770585,GOOGL,stock,True
2024-12-31,2024-12-31 00:00:00,448.92972476756603,1936706.0,449.7841636044403,452.74479921173383,446.90227585934343,GOOGL,stock,True
2025-01-01,2025-01-01 00:00:00,449.82678643407047,3843150.0,453.90764019893663,456.4264580616161,448.13163392924133,GOOGL,stock,True
2025-01-02,2025-01-02 00:00:00,453.8055553834458,4262604.0,456.1044450285507,457.3632450773032,449.3465909684153,GOOGL,stock,True
2025-01-03,2025-01-03 00:00:00,456.06020578903195,3968683.0,458.38016208320977,461.3008408210986,455.5627882625669,GOOGL,stock,True
2025-01-06,2025-01-06 00:00:00,458.27931601696594,3091034.0,456.5028330331561,459.3498535445706,454.42524086997486,GOOGL,stock,True
2025-01-07,2025-01-07 00:00:00,456.3097274553529,4505654.0,452.3888043445355,458.80016792548054,450.93330859427596,GOOGL,stock,True
2025-01-08,2025-01-08 00:00:00,452.4894889072178,3302221.0,459.32698769449433,460.435522488325,451.1525581466515,GOOGL,stock,True
2025-01-09,2025-01-09 00:00:00,459.4176939637387,1337550.0,460.00121124546587,463.7889381421193,457.9712672583701,GOOGL,stock,True
2025-01-10,2025-01-10 00:00:00,459.77601627640615,3000446.0,464.30320794887166,464.9825473994645,459.00927323908843,GOOGL,stock,True
2025-01-13,2025-01-13 00:00:00,464.45502533234645,3871626.0,470.1096193102499,471.4624792699851,464.033271456235,GOOGL,stock,True
2025-01-14,2025-01-14 00:00:00,470.11302729107234,4363343.0,477.1470713143007,479.4188890000111,469.11370632312855,GOOGL,stock,True
2025-01-15,2025-01-15 00:00:00,477.32932199842185,1400032.0,472.1815391989802,480.4728366648441,471.18600073492405,GOOGL,stock,True
2025-01-16,2025-01-16 00:00:00,472.2297410923023,1109336.0,479.00753634910876,479.15366162611105,467.9516257827464,GOOGL,stock,True
2025-01-17,2025-01-17 00:00:00,478.8353796206242,2704161.0,478.9791872910503,482.4128091369113,477.2585342027446,GOOGL,stock,True
2025-01-20,2025-01-20 00:00:00,479.11672377553566,2612454.0,472.785865843287,481.88672912309954,470.2631922851923,GOOGL,stock,True
2025-01-21,2025-01-21 00:00:00,472.6029094201236,3344910.0,474.98320469924437,476.63401235024327,470.5479078632337,GOOGL,stock,True
2025-01-22,2025-01-22 00:00:00,475.0314111343767,2252796.0,479.9209433567044,484.4063357084846,470.72430952564923,GOOGL,stock,True
2025-01-23,2025-01-23 00:00:00,480.08874023298665,3364326.0,483.63334833348375,486.7923644868533,475.7074529149616,GOOGL,stock,True
2025-01-24,2025-01-24 00:00:00,483.61481111480316,3828035.0,489.1627497778162,492.7300575732179,483.0506112881991,GOOGL,stock,True
2025-01-27,2025-01-27 00:00:00,489.0160372650768,2611421.0,482.330573312128,490.7599260005745,479.47926747930677,GOOGL,stock,True
2025-01-28,2025-01-28 00:00:00,482.26705431368634,1804428.0,479.1250004018854,482.2724280734245,474.48291846038586,GOOGL,stock,True
2025-01-29,2025-01-29 00:00:00,479.0369055304672,2111348.0,481.052883297588,481.0926187152733,475.9494904423316,GOOGL,stock,True
2025-01-30,2025-01-30 00:00:00,480.8645956731412,2769367.0,476.73139593237204,481.7107505977566,474.13185676319125,GOOGL,stock,True
2025-01-31,2025-01-31 00:00:00,476.62019193643164,4387773.0,482.5698730535947,487.06403298222045,476.53569238569474,GOOGL,stock,True
2025-02-03,2025-02-03 00:00:00,482.5845268820029,2087822.0,489.64543546907345,493.42720515119186,477.9367002930904,GOOGL,stock,True
2025-02-04,2025-02-04 00:00:00,489.7995771837147,2540978.0,497.070297158513,501.7769500998085,488.5522534881961,GOOGL,stock,True
2025-02-05,2025-02-05 00:00:00,497.2725751569957,1007634.0,495.953580125811,497.6632120088087,492.39358088032134,GOOGL,stock,True
2025-02-06,2025-02-06 00:00:00,495.9547790961961,1760547.0,501.98960366836974,505.8171940602737,495.21895357135094,GOOGL,stock,True
2025-02-07,2025-02-07 00:00:00,501.7430788882344,1122700.0,502.9398080807536,504.35740244227594,498.05634949370403,GOOGL,stock,True
2025-02-10,2025-02-10 00:00:00,503.1649377577404,4988446.0,510.66855488022355,514.6702891761823,503.1157854365802,GOOGL,stock,True
2025-02-11,2025-02-11 00:00:00,510.549044622085,742677.0,512.3969870006441,514.635648517468,510.1904998437198,GOOGL,stock,True
2025-02-12,2025-02-12 00:00:00,512.6243689443305,1378612.0,512.9104812717786,514.7693670311562,512.3761055062699,GOOGL,stock,True
2025-02-13,2025-02-13 00:00:00,512.933146334391,3063948.0,509.922784017375,514.3326493338836,509.3607414460652,GOOGL,stock,True
2025-02-14,2025-02-14 00:00:00,509.6458088417867,2658229.0,516.7547446361945,520.5287961712394,505.7353384089498,GOOGL,stock,True
2025-02-17,2025-02-17 00:00:00,516.8178016486811,1205293.0,512.6815606167664,519.2485611297096,511.30018575861993,GOOGL,stock,True
2025-02-18,2025-02-18 00:00:00,512.4191454024357,1518782.0,508.15733699337136,515.3935023231747,507.27915711675365,GOOGL,stock,True
2025-02-19,2025-02-19 00:00:00,508.1693038632563,1036422.0,501.3844017905336,513.2371106299513,498.73199547224846,GOOGL,stock,True
2025-02-20,2025-02-20 00:00:00,501.1285626887631,4364555.0,503.2100254227676,507.3966975804135,498.1185542299573,GOOGL,stock,True
2025-02-21,2025-02-21 00:00:00,502.9688575851418,4115912.0,496.37183538672025,507.77016023911335,495.51669767843833,GOOGL,stock,True
2025-02-24,2025-02-24 00:00:00,496.13758984631056,1433917.0,494.94271899313145,497.6986486592866,491.77670462942984,GOOGL,stock,True
2025-02-25,2025-02-25 00:00:00,494.6751738183976,1534767.0,498.38364035744974,501.4227452372506,490.0010810379376,GOOGL,stock,True
2025-02-26,2025-02-26 00:00:00,498.49806301292006,628900.0,503.6596198251563,505.59099654589414,498.13954923725635,GOOGL,stock,True
2025-02-27,2025-02-27 00:00:00,503.5697308163707,4321961.0,506.42070213637646,508.9301808700565,500.8891934899502,GOOGL,stock,True
2025-02-28,2025-02-28 00:00:00,506.41040424976524,2121341.0,510.92905014618,512.3241178946407,502.3827732575036,GOOGL,stock,True
2025-03-03,2025-03-03 00:00:00,511.12187553077285,1903469.0,513.341708133743,517.8270711574828,509.3932485622162,GOOGL,stock,True
2025-03-04,2025-03-04 00:00:00,513.3757430990062,1715270.0,516.4734996520821,519.2654567179611,508.79302219882106,GOOGL,stock,True
2025-03-05,2025-03-05 00:00:00,516.386437866548,4483333.0,508.99442792911134,517.6016670238945,508.50013800142915,GOOGL,stock,True
2025-03-06,2025-03-06 00:00:00,508.9979159893324,2672590.0,506.6330124932531,511.9228745103642,505.1330988258914,GOOGL,stock,True
2025-03-07,2025-03-07 00:00:00,506.51311226996427,4318080.0,504.1681965398184,511.12237973456524,503.19915140375747,GOOGL,stock,True
2025-03-10,2025-03-10 00:00:00,503.97748511100116,1131293.0,498.2053548226039,505.1323636622279,497.1533986201681,GOOGL,stock,True
2025-03-11,2025-03-11 00:00:00,498.2368423118781,4450182.0,494.03614951413795,501.6251761019372,493.6076231569107,GOOGL,stock,True
2025-03-12,2025-03-12 00:00:00,494.1510547938945,2123401.0,499.9278593281697,503.9374374504786,490.06258813063107,GOOGL,stock,True
2025-03-13,2025-03-13 00:00:00,499.7775581439517,3696091.0,493.8146237318425,499.8502739416735,489.62881653070116,GOOGL,stock,True
2025-03-14,2025-03-14 00:00:00,493.8598137427031,2907680.0,491.4143931629894,497.7198977784329,488.5130125922323,GOOGL,stock,True
2025-03-17,2025-03-17 00:00:00,491.32751278542213,724552.0,488.9436737351735,493.27826790422847,484.1281132943406,GOOGL,stock,True
2025-03-18,2025-03-18 00:00:00,488.99783557281137,1029014.0,495.1718187606185,496.9839702002854,488.2581061993284,GOOGL,stock,True
2025-03-19,2025-03-19 00:00:00,495.0349516933023,3062220.0,491.810715013789,497.5016580903786,488.86606740444853,GOOGL,stock,True
2025-03-20,2025-03-20 00:00:00,491.5887020108431,4956370.0,489.10860205222093,493.3620840322097,485.1280985241097,GOOGL,stock,True
2025-03-21,2025-03-21 00:00:00,489.2219726970883,4139028.0,487.4199954730674,490.1232301997633,485.52498933653754,GOOGL,stock,True
2025-03-24,2025-03-24 00:00:00,487.37749748091693,3337802.0,493.0329661248953,495.3005168973147,484.5904777531998,GOOGL,stock,True
2025-03-25,2025-03-25 00:00:00,493.156234502127,2942285.0,490.532591904985,494.65781850883195,488.5833538841242,GOOGL,stock,True
2025-03-26,2025-03-26 00:00:00,490.2664558153137,631772.0,490.16153184436945,494.8538368999642,488.20307299751954,GOOGL,stock,True
2025-03-27,2025-03-27 00:00:00,490.31926459842595,2239294.0,486.0177823364776,492.46780331087194,482.0352834849936,GOOGL,stock,True
2025-03-28,2025-03-28 00:00:00,485.86616946336574,3457312.0,487.4586013819546,489.07712177714683,484.65337155696193,GOOGL,stock,True
2025-03-31,2025-03-31 00:00:00,487.3711411296224,4628628.0,484.78128093256225,488.52723820583196,483.83303148518513,GOOGL,stock,True
2025-04-01,2025-04-01 00:00:00,484.5200179433666,2363074.0,480.77258424869433,488.6205347260903,479.844270023365,GOOGL,stock,True
2025-04-02,2025-04-02 00:00:00,480.5270807202658,2497477.0,478.4941348828028,482.0241837903984,473.7436076312823,GOOGL,stock,True
2025-04-03,2025-04-03 00:00:00,478.54728351313116,1584219.0,479.2515208536384,479.6829964811392,474.8639680355658,GOOGL,stock,True
2025-04-04,2025-04-04 00:00:00,479.0927524121438,992011.0,472.6173661571666,481.7497134878424,471.9271192906124,GOOGL,stock,True
2025-04-07,2025-04-07 00:00:00,472.58290807495297,2594411.0,470.81857731878364,477.1564720540005,467.4715477800661,GOOGL,stock,True
2025-04-08,2025-04-08 00:00:00,470.8637020624159,2760736.0,476.9905024024042,480.5964752359356,469.2818932714353,GOOGL,stock,True
2025-04-09,2025-04-09 00:00:00,477.11337145578557,3899877.0,479.76258024870907,482.8377538963754,474.2992501653256,GOOGL,stock,True
2025-04-10,2025-04-10 00:00:00,479.9769189536357,1634629.0,474.1755163247304,482.4829227292417,473.87131800121267,GOOGL,stock,True
2025-04-11,2025-04-11 00:00:00,474.16865638080185,4676229.0,475.38590524656945,477.06610417494073,471.5400872274037,GOOGL,stock,True
2025-04-14,2025-04-14 00:00:00,475.4161019109443,4000472.0,474.9964678756703,477.42108130342433,474.4262532520242,GOOGL,stock,True
2025-04-15,2025-04-15 00:00:00,474.83923017890345,603418.0,468.70116623030276,476.05047824061245,467.26863968428773,GOOGL,stock,True
2025-04-16,2025-04-16 00:00:00,468.4496732261935,1841225.0,468.66385062716853,470.7744697292662,466.9301587966327,GOOGL,stock,True
2025-04-17,2025-04-17 00:00:00,468.434981951208,3408015.0,462.7869191644368,469.974949678363,458.7232783999808,GOOGL,stock,True
2025-04-18,2025-04-18 00:00:00,462.84372319534305,1863428.0,463.6288691675996,468.2012136045826,460.06913644597563,GOOGL,stock,True
2025-04-21,2025-04-21 00:00:00,463.37718967579434,3045225.0,457.52365290478474,466.3424648974442,457.251318789108,GOOGL,stock,True
2025-04-22,2025-04-22 00:00:00,457.57187239826237,4174856.0,452.1918396710494,459.29902060456976,448.43888243617977,GOOGL,stock,True
2025-04-23,2025-04-23 00:00:00,452.1150902627376,4298459.0,451.38997628936875,453.08928879624506,450.63807076030224,GOOGL,stock,True
2025-04-24,2025-04-24 00:00:00,451.43089326364236,1951397.0,454.16407529824727,455.7625592247478,449.08111996721556,GOOGL,stock,True
2025-04-25,2025-04-25 00:00:00,454.2234990953187,3743413.0,454.71944514962075,457.07389630580616,452.28240230513677,GOOGL,stock,True
2025-04-28,2025-04-28 00:00:00,454.7469865238325,1320822.0,455.14671980355365,456.5851992824745,453.96546654441266,GOOGL,stock,True
2025-04-29,2025-04-29 00:00:00,455.14204069086037,1442700.0,454.94743167509563,455.9661007459563,454.52094988914706,GOOGL,stock,True
2025-04-30,2025-04-30 00:00:00,455.13281704279905,3411759.0,449.03317591890175,455.1440526748949,447.0989338326898,GOOGL,stock,True
2025-05-01,2025-05-01 00:00:00,448.81164619058285,2257859.0,454.5229228911663,457.05829279234086,445.27597975063975,GOOGL,stock,True
2025-05-02,2025-05-02 00:00:00,454.4171960208641,516558.0,452.70868395433547,457.34289781022716,450.871737855137,GOOGL,stock,True
2025-05-05,2025-05-05 00:00:00,452.7859706349422,3571543.0,455.6780654759369,458.7536386019143,452.7534211215002,GOOGL,stock,True
2025-05-06,2025-05-06 00:00:00,455.556900522923,2111072.0,459.20286865071324,459.4422296096187,452.45524571678106,GOOGL,stock,True
2025-05-07,2025-05-07 00:00:00,459.05791001936524,4138763.0,455.5757113932256,462.60691731528436,453.11785845546564,GOOGL,stock,True
2025-05-08,2025-05-08 00:00:00,455.4210390809196,2724070.0,453.6208472022959,458.90604431683363,450.49473125649456,GOOGL,stock,True
2025-05-09,2025-05-09 00:00:00,453.8050385892185,3671918.0,449.2660017857355,454.7441493222969,447.2621052878437,GOOGL,stock,True
2025-05-12,2025-05-12 00:00:00,449.3532746893278,2128641.0,443.33758636629415,452.8763563064691,441.7533523042001,GOOGL,stock,True
2025-05-13,2025-05-13 00:00:00,443.3821361866384,4833697.0,441.05213806644815,444.53829780804915,438.0125976514201,GOOGL,stock,True
2025-05-14,2025-05-14 00:00:00,441.128039403198,3228138.0,440.1954361746789,444.2040365368233,439.1253412406979,GOOGL,stock,True
2025-05-15,2025-05-15 00:00:00,440.1920351947734,4317245.0,442.88865173012806,446.21351677704854,437.56575080333823,GOOGL,stock,True
2025-05-16,2025-05-16 00:00:00,443.020327620475,3650709.0,443.03097131197273,447.0733521031181,442.5722351710633,GOOGL,stock,True
2025-05-19,2025-05-19 00:00:00,443.1092038198219,2772557.0,440.4367124831954,443.5031742855277,438.5694587572247,GOOGL,stock,True
2025-05-20,2025-05-20 00:00:00,440.6054576692236,1678625.0,444.373517012371,448.30930145652553,436.92717596463746,GOOGL,stock,True
2025-05-21,2025-05-21 00:00:00,444.5705896323835,1777232.0,444.43665119769497,446.3461104028222,443.9869301613223,GOOGL,stock,True
2025-05-22,2025-05-22 00:00:00,444.2604368288121,1244396.0,440.8979126092449,448.203799348029,440.4112889203455,GOOGL,stock,True
2025-05-23,2025-05-23 00:00:00,440.96812525169935,3003498.0,436.27725954999977,443.2151686992469,436.13133155169226,GOOGL,stock,True
2025-05-26,2025-05-26 00:00:00,436.1696709117251,986009.0,433.438620622333,436.5934267833363,432.07927111438636,GOOGL,stock,True
2025-05-27,2025-05-27 00:00:00,433.5745647733389,3707373.0,429.4958389725188,434.4519221879706,428.4966701052726,GOOGL,stock,True
2025-05-28,2025-05-28 00:00:00,429.49913070739694,4978805.0,430.28877729397624,433.58998287053646,425.72724987986254,GOOGL,stock,True
2025-05-29,2025-05-29 00:00:00,430.45980219816903,1221119.0,430.39651244894685,433.12931630220896,428.6929609109932,GOOGL,stock,True
2025-05-30,2025-05-30 00:00:00,430.3553122067744,3924714.0,430.34758745353696,431.14357008685494,426.435401458989,GOOGL,stock,True
2025-06-02,2025-06-02 00:00:00,430.42144231250927,3876640.0,426.36760830224324,432.1529363418615,425.7774989446978,GOOGL,stock,True
2025-06-03,2025-06-03 00:00:00,426.39492562882094,2572028.0,420.6443472571089,430.591777298728,416.99779696689114,GOOGL,stock,True
2025-06-04,2025-06-04 00:00:00,420.4782240745127,4167430.0,423.42012270164855,426.66111384834505,420.27670253424037,GOOGL,stock,True
2025-06-05,2025-06-05 00:00:00,423.4412930211916,3994694.0,427.70806507118033,431.3647470713144,422.3112565082308,GOOGL,stock,True
2025-06-06,2025-06-06 00:00:00,427.73921665821825,2509346.0,433.3244773992363,437.62650565195014,424.67654043974954,GOOGL,stock,True
2025-06-09,2025-06-09 00:00:00,433.4642935803036,710225.0,429.8751987123399,434.70979114903986,428.4835458061827,GOOGL,stock,True
2025-06-10,2025-06-10 00:00:00,429.9118319609381,2028248.0,432.08839967805795,435.3742098705447,428.53752409674183,GOOGL,stock,True
2025-06-11,2025-06-11 00:00:00,432.248459987606,4091293.0,430.00783566777534,435.44056804265,427.39084730489407,GOOGL,stock,True
2025-06-12,2025-06-12 00:00:00,429.7951034905245,2901048.0,430.1983842202623,433.48402266587294,429.3455841586089,GOOGL,stock,True
2025-06-13,2025-06-13 00:00:00,430.14849395157023,2267013.0,424.68514711678813,430.4100560455963,421.1590008905211,GOOGL,stock,True
2025-06-16,2025-06-16 00:00:00,424.6178692443807,907921.0,419.24188804271114,425.39107985417485,417.91912190792476,GOOGL,stock,True
2025-06-17,2025-06-17 00:00:00,419.12600695207584,3751346.0,424.71866237588904,428.1219136642366,417.9782712015916,GOOGL,stock,True
2025-06-18,2025-06-18 00:00:00,424.6226786807567,732186.0,427.4010442965411,428.6532968396411,422.9074026477884,GOOGL,stock,True
2025-06-19,2025-06-19 00:00:00,427.4228203447876,815769.0,425.9381435122282,429.54640063662714,424.0917402801371,GOOGL,stock,True
2025-06-20,2025-06-20 00:00:00,426.1167962798026,4382439.0,422.56880088652537,429.45138289919805,419.11633521827184,GOOGL,stock,True
2025-06-23,2025-06-23 00:00:00,422.4374936387355,4825973.0,428.3172729942133,429.5097756590675,420.327789143755,GOOGL,stock,True
2025-06-24,2025-06-24 00:00:00,428.4626677793249,2432655.0,432.3743152144142,433.0526122431972,427.70912822949305,GOOGL,stock,True
2025-06-25,2025-06-25 00:00:00,432.49576035927197,2823754.0,434.28819214913153,438.29462656566017,430.18781373784634,GOOGL,stock,True
2025-06-26,2025-06-26 00:00:00,434.060575292971,3781382.0,429.5403783264806,435.677684864103,427.4588239853432,GOOGL,stock,True
2025-06-27,2025-06-27 00:00:00,429.4213322494036,3168136.0,423.5424601339298,430.64859995621777,421.61503439634527,GOOGL,stock,True
2025-06-30,2025-06-30 00:00:00,423.36654849407887,1740629.0,426.8814210902684,428.1722760807733,420.99412995270774,GOOGL,stock,True
2025-07-01,2025-07-01 00:00:00,426.79648885311383,1612742.0,423.7669341490881,428.35068024910174,419.7199079284817,GOOGL,stock,True
2025-07-02,2025-07-02 00:00:00,423.8219136383187,2002556.0,422.810226834965,426.76443631289385,420.98060908683493,GOOGL,stock,True
2025-07-03,2025-07-03 00:00:00,422.8784297040266,525606.0,426.2132442127048,428.7100559543891,421.63742095429114,GOOGL,stock,True
2025-07-04,2025-07-04 00:00:00,426.0040032571632,2462063.0,425.6418313852654,429.6912613009817,423.0614049104188,GOOGL,stock,True
2025-07-07,2025-07-07 00:00:00,425.7217532827147,1618882.0,419.7964234211591,427.5931988275751,418.01771854743174,GOOGL,stock,True
2025-07-08,2025-07-08 00:00:00,419.65576650616396,3251916.0,417.82547570012844,422.9921620308674,416.90199374451987,GOOGL,stock,True
2025-07-09,2025-07-09 00:00:00,417.6952133737951,3425998.0,421.9523543678678,424.1805438194547,417.63918795527127,GOOGL,stock,True
2025-07-10,2025-07-10 00:00:00,421.78000083709236,3767494.0,423.75585969200995,423.8900606347642,420.0792086793534,GOOGL,stock,True
2025-07-11,2025-07-11 00:00:00,423.7272792510848,1566976.0,427.9124073109961,430.1220062966656,419.63906144913045,GOOGL,stock,True
2025-07-14,2025-07-14 00:00:00,427.7975509928499,1676729.0,428.8295989019618,429.3764363949817,424.1401151691583,GOOGL,stock,True
2025-07-15,2025-07-15 00:00:00,428.98951776375776,2514519.0,426.0,431.07840308266134,422.9292374246707,GOOGL,stock,True
2024-11-06,2024-11-06 00:00:00,385.5479297865789,1936556.0,383.48099507977656,386.1056951771091,383.0182835755934,AMZN,stock,True
2024-11-07,2024-11-07 00:00:00,383.2841939683801,3727894.0,386.4491549913742,387.28734752442637,381.787593388329,AMZN,stock,True
2024-11-08,2024-11-08 00:00:00,386.42213758384713,2952752.0,380.730042631654,386.80227208102934,378.6127250310015,AMZN,stock,True
2024-11-11,2024-11-11 00:00:00,380.89249362098576,1763990.0,377.4359803594028,384.2774844361734,376.9944366985316,AMZN,stock,True
2024-11-12,2024-11-12 00:00:00,377.59372525727366,3715203.0,372.81626460804756,379.5546457315142,370.04916196349905,AMZN,stock,True
2024-11-13,2024-11-13 00:00:00,372.97117969489733,2262151.0,367.77741222169044,375.672778532097,364.1000091487,AMZN,stock,True
2024-11-14,2024-11-14 00:00:00,367.68434977431616,3105805.0,366.33921183374065,370.4582668146558,363.17663827283457,AMZN,stock,True
2024-11-15,2024-11-15 00:00:00,366.43981387809623,661481.0,369.9961121740615,371.6259773964806,364.25729084021947,AMZN,stock,True
2024-11-18,2024-11-18 00:00:00,370.00572267381693,856345.0,375.2614742571125,376.8590256045928,367.8297273979243,AMZN,stock,True
2024-11-19,2024-11-19 00:00:00,375.2032157628564,2104861.0,371.29002490525477,376.7683685458879,371.15546522423364,AMZN,stock,True
2024-11-20,2024-11-20 00:00:00,371.17780735371895,4249819.0,375.5127472936879,379.02593132184626,370.88938190037675,AMZN,stock,True
2024-11-21,2024-11-21 00:00:00,375.5006990179294,998755.0,375.18233496312854,376.133169902742,374.74119636410256,AMZN,stock,True
2024-11-22,2024-11-22 00:00:00,375.2004270219774,1329647.0,379.890053736364,381.1659759082416,374.61741944330913,AMZN,stock,True
2024-11-25,2024-11-25 00:00:00,379.75946432494385,4650098.0,377.12646771090385,380.0666248805182,373.63055473682124,AMZN,stock,True
2024-11-26,2024-11-26 00:00:00,377.01732333396114,4126683.0,380.98251631389957,382.328982949084,374.2834941499811,AMZN,stock,True
2024-11-27,2024-11-27 00:00:00,380.8021315328228,993750.0,382.4559385880276,382.9138136041867,378.6770157400138,AMZN,stock,True
2024-11-28,2024-11-28 00:00:00,382.31755203592087,3534029.0,382.6710031856176,385.47443685049353,378.68262870289004,AMZN,stock,True
2024-11-29,2024-11-29 00:00:00,382.59779453206954,1019264.0,383.8700136378433,387.087450474709,379.7272579222413,AMZN,stock,True
2024-12-02,2024-12-02 00:00:00,383.8292133449239,2128000.0,379.60093909732336,386.86063128431954,379.52348040438886,AMZN,stock,True
2024-12-03,2024-12-03 00:00:00,379.47955711258925,3128042.0,378.5261176554606,381.47078353731814,378.297564327627,AMZN,stock,True
2024-12-04,2024-12-04 00:00:00,378.43515956921766,3173236.0,382.73084824872745,385.693042964384,377.89370152923834,AMZN,stock,True
2024-12-05,2024-12-05 00:00:00,382.8339573760505,663826.0,382.34453768519154,385.34818320022066,380.7548497294257,AMZN,stock,True
2024-12-06,2024-12-06 00:00:00,382.4153633425318,3913084.0,378.116760861509,384.72132395518287,375.49948848732464,AMZN,stock,True
2024-12-09,2024-12-09 00:00:00,378.1876340942114,4696174.0,377.69088069438794,378.2511345524188,374.0824961630677,AMZN,stock,True
2024-12-10,2024-12-10 00:00:00,377.48474365298387,3977625.0,372.2869094083107,380.5245076452193,372.0999039363185,AMZN,stock,True
2024-12-11,2024-12-11 00:00:00,372.23972288427353,3184864.0,368.55976842529395,373.4488462339191,368.25769105055934,AMZN,stock,True
2024-12-12,2024-12-12 00:00:00,368.7168180807394,3496102.0,364.09092814827926,369.49915064511174,362.60600979785295,AMZN,stock,True
2024-12-13,2024-12-13 00:00:00,364.21996385365645,2521876.0,360.71438626694686,365.05950389624996,357.9021417125799,AMZN,stock,True
2024-12-16,2024-12-16 00:00:00,360.86829762915954,2935945.0,357.1038483726851,362.7532946390828,356.7015170967842,AMZN,stock,True
2024-12-17,2024-12-17 00:00:00,356.92567368772984,2677418.0,360.1666521363805,363.2207029276138,356.3483638168461,AMZN,stock,True
2024-12-18,2024-12-18 00:00:00,360.09037584898005,1540411.0,364.8989976100064,365.602128577599,359.6374230604547,AMZN,stock,True
2024-12-19,2024-12-19 00:00:00,364.8613666302112,4344055.0,367.04235976274714,367.1499242569509,361.9267808117774,AMZN,stock,True
2024-12-20,2024-12-20 00:00:00,367.20253399072146,2625291.0,366.16961508371963,367.62700944730545,362.93658937365154,AMZN,stock,True
2024-12-23,2024-12-23 00:00:00,366.2004829479796,4459792.0,369.77817048930046,372.43412569880087,365.1801319319423,AMZN,stock,True
2024-12-24,2024-12-24 00:00:00,369.7403436711748,646339.0,367.69553702496864,370.3027199517102,366.2649309222901,AMZN,stock,True
2024-12-25,2024-12-25 00:00:00,367.8051004048293,686992.0,368.26770471482126,369.5285595241274,364.30514467249395,AMZN,stock,True
2024-12-26,2024-12-26 00:00:00,368.0806783244128,1732783.0,366.771421031282,368.49548288104967,364.604694700832,AMZN,stock,True
2024-12-27,2024-12-27 00:00:00,366.70042131866995,4392312.0,361.8687910871805,370.29489555171835,358.38448324503827,AMZN,stock,True
2024-12-30,2024-12-30 00:00:00,361.87785530942546,1276255.0,366.1284198327362,367.58964683398807,359.0733411343377,AMZN,stock,True
2024-12-31,2024-12-31 00:00:00,366.2402680135203,1878427.0,363.94470784140196,368.87347897604417,362.97452218596266,AMZN,stock,True
2025-01-01,2025-01-01 00:00:00,363.78840170103814,1871527.0,359.43917835153906,366.49738393593776,357.1851910761833,AMZN,stock,True
2025-01-02,2025-01-02 00:00:00,359.245270500092,4289456.0,358.968744483685,362.6025134675578,356.6771199507418,AMZN,stock,True
2025-01-03,2025-01-03 00:00:00,358.98668483044344,2631016.0,359.0351359565241,359.53351970215726,356.691685239667,AMZN,stock,True
2025-01-06,2025-01-06 00:00:00,358.9781802919757,1377915.0,359.7977109902521,363.2529910482127,358.8697224952627,AMZN,stock,True
2025-01-07,2025-01-07 00:00:00,359.8834553736814,2979770.0,362.197900097748,363.5216648261049,359.0313384400914,AMZN,stock,True
2025-01-08,2025-01-08 00:00:00,362.12375327958654,3632551.0,365.3397146252868,366.4180184279358,360.3995290051564,AMZN,stock,True
2025-01-09,2025-01-09 00:00:00,365.4604445944257,1018225.0,367.3832622108593,370.7639636426036,363.18550803531946,AMZN,stock,True
2025-01-10,2025-01-10 00:00:00,367.25655101454964,2786801.0,372.69808984552344,376.1228189487224,364.14204559656775,AMZN,stock,True
2025-01-13,2025-01-13 00:00:00,372.71860984882227,539298.0,367.25648834073394,375.33277590173674,365.8456615538868,AMZN,stock,True
2025-01-14,2025-01-14 00:00:00,367.27366620123877,866048.0,369.9918609925616,370.745225849948,363.7035820979429,AMZN,stock,True
2025-01-15,2025-01-15 00:00:00,369.8488559854914,1754760.0,371.1020217444206,372.2491549008774,366.90835626686055,AMZN,stock,True
2025-01-16,2025-01-16 00:00:00,371.0308246823541,3125872.0,370.48664188622723,373.1000569897029,366.8146201870501,AMZN,stock,True
2025-01-17,2025-01-17 00:00:00,370.4746398174451,1146775.0,367.37243007462996,372.77700286395253,365.30886376489855,AMZN,stock,True
2025-01-20,2025-01-20 00:00:00,367.2882659303871,4271607.0,370.69562608422666,373.7524867814614,364.2042911848189,AMZN,stock,True
2025-01-21,2025-01-21 00:00:00,370.5966039499056,4121683.0,367.64653652058684,373.6865691353796,367.6159863223463,AMZN,stock,True
2025-01-22,2025-01-22 00:00:00,367.5874190652453,3073134.0,369.3354911370248,371.01865029890905,367.1002143253707,AMZN,stock,True
2025-01-23,2025-01-23 00:00:00,369.4490795214909,3711776.0,370.140111883781,370.6766387061423,366.97765003523796,AMZN,stock,True
2025-01-24,2025-01-24 00:00:00,370.15997112811596,1173560.0,374.4983120280562,374.5067561881996,368.84118459371064,AMZN,stock,True
2025-01-27,2025-01-27 00:00:00,374.3114328435853,4043633.0,377.8957155789575,378.6824494371456,372.7221612245638,AMZN,stock,True
2025-01-28,2025-01-28 00:00:00,378.0494109534303,4868721.0,373.525908082931,381.01897543495016,371.1216353776845,AMZN,stock,True
2025-01-29,2025-01-29 00:00:00,373.5309814712011,2888286.0,374.64489801405057,376.1285983774461,370.7897665211776,AMZN,stock,True
2025-01-30,2025-01-30 00:00:00,374.60307951298216,2724122.0,373.15504011007795,375.55896535719444,372.683541044104,AMZN,stock,True
2025-01-31,2025-01-31 00:00:00,372.99425193639496,1904641.0,374.46613760082903,376.9230569142352,369.5397259534462,AMZN,stock,True
2025-02-03,2025-02-03 00:00:00,374.5086513838575,2835545.0,372.1854816994265,375.2047455495242,369.1743286367518,AMZN,stock,True
2025-02-04,2025-02-04 00:00:00,372.0316212377124,4338371.0,374.9151483068032,377.09411892828325,371.55515948164106,AMZN,stock,True
2025-02-05,2025-02-05 00:00:00,375.0609064926168,2054387.0,379.5517019262775,380.80571248980414,374.5127487106972,AMZN,stock,True
2025-02-06,2025-02-06 00:00:00,379.38150218595877,1361445.0,383.0859352151894,385.179271756376,375.69663117475477,AMZN,stock,True
2025-02-07,2025-02-07 00:00:00,383.006074329996,3274306.0,382.68956435872326,385.2688011632861,381.68243662126474,AMZN,stock,True
2025-02-10,2025-02-10 00:00:00,382.6463347288025,1169574.0,388.03737671499596,389.3044466949295,380.10113903859605,AMZN,stock,True
2025-02-11,2025-02-11 00:00:00,387.95850523633544,3505028.0,383.34144746135706,391.3602221037049,381.5811682117511,AMZN,stock,True
2025-02-12,2025-02-12 00:00:00,383.2338811359198,2731451.0,378.2710756083195,385.70843841540506,374.69126037324907,AMZN,stock,True
2025-02-13,2025-02-13 00:00:00,378.43255103489736,4573625.0,375.40474628662747,381.7197153574126,373.83451202755793,AMZN,stock,True
2025-02-14,2025-02-14 00:00:00,375.5091648428567,4275433.0,376.079926065605,379.0481951048606,373.7892593126267,AMZN,stock,True
2025-02-17,2025-02-17 00:00:00,376.1651657709683,3790510.0,376.40753567663774,378.4547963449657,372.722818956935,AMZN,stock,True
2025-02-18,2025-02-18 00:00:00,376.30121172537497,1047275.0,374.7794029438678,379.3210182715062,373.514989618932,AMZN,stock,True
2025-02-19,2025-02-19 00:00:00,374.587043009502,2383172.0,377.4039944235918,377.66755760129536,372.8005992369465,AMZN,stock,True
2025-02-20,2025-02-20 00:00:00,377.45743163096796,3513759.0,376.71083134692026,381.10235857581745,373.2311944164856,AMZN,stock,True
2025-02-21,2025-02-21 00:00:00,376.5279388401446,1991622.0,378.93215557818866,381.36773213257135,374.51472310248363,AMZN,stock,True
2025-02-24,2025-02-24 00:00:00,378.78185517837153,4868265.0,376.79608479918335,381.0265413913231,375.74486782234453,AMZN,stock,True
2025-02-25,2025-02-25 00:00:00,376.7784364827469,3168881.0,373.01262142605304,377.6124393865399,372.883896424102,AMZN,stock,True
2025-02-26,2025-02-26 00:00:00,372.91655345556387,3993869.0,371.39388448973796,375.063177347912,369.05496982634867,AMZN,stock,True
2025-02-27,2025-02-27 00:00:00,371.21055302981466,4239466.0,368.2913319981671,373.1093553836377,364.85920450811875,AMZN,stock,True
2025-02-28,2025-02-28 00:00:00,368.25799084294556,2139970.0,369.1137320617248,370.73132250159216,368.07028923580174,AMZN,stock,True
2025-03-03,2025-03-03 00:00:00,369.0787458839525,3547368.0,372.5589338352332,374.3193865252458,367.6198128095283,AMZN,stock,True
2025-03-04,2025-03-04 00:00:00,372.66426336196776,1771829.0,377.6020936934617,379.74622455052724,370.2865520118516,AMZN,stock,True
2025-03-05,2025-03-05 00:00:00,377.5356938472307,2969592.0,375.50482042766805,378.56144643596576,372.29365781189415,AMZN,stock,True
2025-03-06,2025-03-06 00:00:00,375.55896722561056,709562.0,370.8704772498373,377.987930843081,368.87519898293635,AMZN,stock,True
2025-03-07,2025-03-07 00:00:00,370.7409309417011,513136.0,375.61264976757394,379.1567245339159,370.3147406376274,AMZN,stock,True
2025-03-10,2025-03-10 00:00:00,375.712749100452,2355448.0,374.61115563652913,378.8465758616783,372.92036285009937,AMZN,stock,True
2025-03-11,2025-03-11 00:00:00,374.6207702835859,1140369.0,378.5542104789129,381.9305328088883,373.6125634270731,AMZN,stock,True
2025-03-12,2025-03-12 00:00:00,378.70928966173796,2801358.0,380.52046831631526,383.4290287976596,376.51416430335263,AMZN,stock,True
2025-03-13,2025-03-13 00:00:00,380.45788490594583,2740665.0,377.98416833327497,383.85098754339776,376.9434455894422,AMZN,stock,True
2025-03-14,2025-03-14 00:00:00,377.8201183820768,4804986.0,378.22941729095095,378.4649817681984,376.79424228421243,AMZN,stock,True
2025-03-17,2025-03-17 00:00:00,378.0824613842955,1895685.0,374.6911158550014,378.20956469049554,374.11613637681745,AMZN,stock,True
2025-03-18,2025-03-18 00:00:00,374.53534035401253,3284822.0,375.3510287169315,376.44425562462936,372.99841960021377,AMZN,stock,True
2025-03-19,2025-03-19 00:00:00,375.26367517155114,2681942.0,380.6448782227663,382.45859178092707,373.65610676036744,AMZN,stock,True
2025-03-20,2025-03-20 00:00:00,380.7242834121194,2204676.0,375.94968003322543,381.27436244995823,374.69495603824623,AMZN,stock,True
2025-03-21,2025-03-21 00:00:00,376.0166685475247,1970146.0,381.5435806323885,381.876948882779,373.1853217725554,AMZN,stock,True
2025-03-24,2025-03-24 00:00:00,381.648574168506,3270915.0,381.30929349034216,383.511780736108,377.7936522744419,AMZN,stock,True
2025-03-25,2025-03-25 00:00:00,381.2930772588445,4598914.0,382.96984174134246,385.9172710647225,380.4963903851091,AMZN,stock,True
2025-03-26,2025-03-26 00:00:00,382.82651505981767,2604201.0,378.1075171949108,385.2627768017461,376.222957713371,AMZN,stock,True
2025-03-27,2025-03-27 00:00:00,378.20838589831834,1769225.0,378.90202242171284,379.99624500773155,374.6715664841363,AMZN,stock,True
2025-03-28,2025-03-28 00:00:00,379.0588738722405,2909895.0,376.22397889334246,382.22377190770203,374.93095677780775,AMZN,stock,True
2025-03-31,2025-03-31 00:00:00,376.2026725815284,1159494.0,378.5045991366323,379.9467841909266,372.59647680723344,AMZN,stock,True
2025-04-01,2025-04-01 00:00:00,378.483157439676,4791838.0,381.1531332712046,383.60870727072665,375.99563664978336,AMZN,stock,True
2025-04-02,2025-04-02 00:00:00,381.0243459551681,3169278.0,381.76139733957876,383.63704129953703,380.64035432184255,AMZN,stock,True
2025-04-03,2025-04-03 00:00:00,381.8602196531645,4858416.0,384.88501231223285,388.05765770822995,380.36773826991237,AMZN,stock,True
2025-04-04,2025-04-04 00:00:00,384.93706705405754,2300891.0,390.6522692231679,392.8450339347119,383.22818295750454,AMZN,stock,True
2025-04-07,2025-04-07 00:00:00,390.6496197213231,3741557.0,389.66704319403874,393.46133564902425,388.3306366081638,AMZN,stock,True
2025-04-08,2025-04-08 00:00:00,389.49725374693736,1279040.0,391.90075750945886,394.5558823935386,385.8049056218275,AMZN,stock,True
2025-04-09,2025-04-09 00:00:00,391.8490557131997,3119454.0,395.2789567458195,396.5889452876543,390.39911780512233,AMZN,stock,True
2025-04-10,2025-04-10 00:00:00,395.2366824725597,1910613.0,400.0220942565218,402.5676267494842,393.6435741198956,AMZN,stock,True
2025-04-11,2025-04-11 00:00:00,399.9506149870528,3047961.0,405.8801306155827,406.7651303831337,398.1996819575496,AMZN,stock,True
2025-04-14,2025-04-14 00:00:00,405.97306568315355,4172148.0,402.756671391679,409.2459057283183,398.96988012952704,AMZN,stock,True
2025-04-15,2025-04-15 00:00:00,402.6408560097754,3744618.0,397.72967660614404,405.88592383400345,396.8664059594023,AMZN,stock,True
2025-04-16,2025-04-16 00:00:00,397.6891808624718,773143.0,399.7547689487242,402.3114128813933,396.68067658069845,AMZN,stock,True
2025-04-17,2025-04-17 00:00:00,399.63148898577725,3798661.0,401.3614018551096,405.11762619806393,399.37492486520057,AMZN,stock,True
2025-04-18,2025-04-18 00:00:00,401.170131768742,4479425.0,398.5807779228766,403.3771376910174,395.49613838117955,AMZN,stock,True
2025-04-21,2025-04-21 00:00:00,398.6673650478973,1184364.0,394.53191709243134,400.00365866961437,393.56538237158674,AMZN,stock,True
2025-04-22,2025-04-22 00:00:00,394.67153189690646,2977491.0,389.7217146008567,396.7855498549951,388.7437287451713,AMZN,stock,True
2025-04-23,2025-04-23 00:00:00,389.86213331787957,1249953.0,386.42200252226843,392.0395166258525,385.12162534362227,AMZN,stock,True
2025-04-24,2025-04-24 00:00:00,386.40191636174893,2559011.0,386.04001717904833,387.16856085143723,385.3014788321343,AMZN,stock,True
2025-04-25,2025-04-25 00:00:00,386.16955173563343,3446854.0,390.4733756839206,390.5789985150804,385.8250606282331,AMZN,stock,True
2025-04-28,2025-04-28 00:00:00,390.33444910603924,3255700.0,389.63452307285314,392.3985952785789,386.3858178549306,AMZN,stock,True
2025-04-29,2025-04-29 00:00:00,389.7938770153764,4021383.0,388.90089003126127,390.3106106950854,387.8271491295285,AMZN,stock,True
2025-04-30,2025-04-30 00:00:00,388.833713820411,988337.0,391.74640704622874,392.06180896990213,385.52689196135594,AMZN,stock,True
2025-05-01,2025-05-01 00:00:00,391.54747044664646,3669343.0,392.4035106047989,394.7436703724939,389.82168398881424,AMZN,stock,True
2025-05-02,2025-05-02 00:00:00,392.34896953555307,4865108.0,395.78371890789066,398.59054401575077,390.9487860683444,AMZN,stock,True
2025-05-05,2025-05-05 00:00:00,395.84805790406585,1255875.0,398.0110905484945,399.8301747677467,393.3320427993177,AMZN,stock,True
2025-05-06,2025-05-06 00:00:00,397.98548109638307,1265711.0,402.8184071415248,405.56605471256955,396.0745773035472,AMZN,stock,True
2025-05-07,2025-05-07 00:00:00,402.99495019454986,4895312.0,402.8331705146091,403.5496136668929,402.4237439646136,AMZN,stock,True
2025-05-08,2025-05-08 00:00:00,402.9590728620561,1218764.0,399.3013470809866,405.7164299951047,395.7451833318655,AMZN,stock,True
2025-05-09,2025-05-09 00:00:00,399.10859029310035,3814898.0,401.92076323197017,403.44139331798556,398.6485204395567,AMZN,stock,True
2025-05-12,2025-05-12 00:00:00,401.8726427301562,2708576.0,406.79523323315993,407.0299975936904,398.41449352164153,AMZN,stock,True
2025-05-13,2025-05-13 00:00:00,406.6000876238443,4306504.0,402.3899158993864,409.4005793784102,399.10277329202495,AMZN,stock,True
2025-05-14,2025-05-14 00:00:00,402.21768576097946,881903.0,396.55972766135704,405.0711448178452,394.41809487193825,AMZN,stock,True
2025-05-15,2025-05-15 00:00:00,396.3806263577333,4739745.0,390.7533380501074,398.9678018953325,388.79650386136575,AMZN,stock,True
2025-05-16,2025-05-16 00:00:00,390.59070297484396,2101779.0,394.061126820428,395.06244312422376,388.78475647031615,AMZN,stock,True
2025-05-19,2025-05-19 00:00:00,393.9359930981967,4981978.0,394.8727431302421,396.2496580054373,393.4073855798998,AMZN,stock,True
2025-05-20,2025-05-20 00:00:00,394.7279534099756,1622469.0,394.37459710899395,395.9206202952579,391.06831159793956,AMZN,stock,True
2025-05-21,2025-05-21 00:00:00,394.47416301652135,2554478.0,389.66024222127606,395.30858244698163,388.826360209764,AMZN,stock,True
2025-05-22,2025-05-22 00:00:00,389.73389285632425,3097383.0,384.7010193059078,391.1442423438184,383.91231926208644,AMZN,stock,True
2025-05-23,2025-05-23 00:00:00,384.7655331654779,2577327.0,385.229331958919,386.10406184479876,384.1759986968881,AMZN,stock,True
2025-05-26,2025-05-26 00:00:00,385.0897767773074,1272719.0,386.5798710737844,389.0918353402293,382.34290463120806,AMZN,stock,True
2025-05-27,2025-05-27 00:00:00,386.6664450240293,2546459.0,392.04413985653736,395.82361345943303,386.31808473916914,AMZN,stock,True
2025-05-28,2025-05-28 00:00:00,391.87627557683567,2226402.0,388.17340845352817,394.1112992109122,386.6654637718938,AMZN,stock,True
2025-05-29,2025-05-29 00:00:00,388.0891281989289,3787961.0,383.53370549484896,388.42213475195837,382.6316006001408,AMZN,stock,True
2025-05-30,2025-05-30 00:00:00,383.5239644937206,4435780.0,379.64749221039693,385.96124570388633,376.16316512107545,AMZN,stock,True
2025-06-02,2025-06-02 00:00:00,379.7905054777723,2831335.0,374.3464145107976,380.82678823695056,373.6469460826181,AMZN,stock,True
2025-06-03,2025-06-03 00:00:00,374.41157592989856,3462621.0,373.7688061532643,374.6151294752144,372.51636868673194,AMZN,stock,True
2025-06-04,2025-06-04 00:00:00,373.83237126322007,1052046.0,370.5940307222213,376.38352306017947,369.9106609703379,AMZN,stock,True
2025-06-05,2025-06-05 00:00:00,370.5069506049708,1865861.0,372.7639832152171,376.4528553336012,367.56938991480183,AMZN,stock,True
2025-06-06,2025-06-06 00:00:00,372.8209831045552,3324587.0,368.81076522259923,374.6008755765284,366.192962897908,AMZN,stock,True
2025-06-09,2025-06-09 00:00:00,368.94722695187727,4410755.0,373.928349368278,374.5630393038987,366.5772580862247,AMZN,stock,True
2025-06-10,2025-06-10 00:00:00,373.8889777183732,3910829.0,371.5337345355007,376.6098752049747,368.62232104868474,AMZN,stock,True
2025-06-11,2025-06-11 00:00:00,371.6936985755328,4607936.0,369.6792543068831,372.3613858309977,366.41241449808376,AMZN,stock,True
2025-06-12,2025-06-12 00:00:00,369.596530593674,3073260.0,365.363588256778,371.6272039759811,362.10297806361666,AMZN,stock,True
2025-06-13,2025-06-13 00:00:00,365.1683697739268,3151704.0,365.0667445363835,365.4487930638703,362.71995775675356,AMZN,stock,True
2025-06-16,2025-06-16 00:00:00,365.07422090201914,2214965.0,362.6716211846312,367.8288753225886,359.3449451689375,AMZN,stock,True
2025-06-17,2025-06-17 00:00:00,362.7950888486788,4678980.0,360.72837091908343,364.23979350279456,357.3111918251402,AMZN,stock,True
2025-06-18,2025-06-18 00:00:00,360.5544952293631,4665502.0,360.60645843559263,363.45796480445847,357.7099835678327,AMZN,stock,True
2025-06-19,2025-06-19 00:00:00,360.647559065405,1852313.0,365.82785481608494,366.7056463847861,358.9185586810979,AMZN,stock,True
2025-06-20,2025-06-20 00:00:00,365.94146002671596,1283004.0,367.74511024381525,370.30562326219166,362.81806043747883,AMZN,stock,True
2025-06-23,2025-06-23 00:00:00,367.89296209410156,1948363.0,365.4841422825766,370.8461499870298,364.0685370939645,AMZN,stock,True
2025-06-24,2025-06-24 00:00:00,365.5949724569686,3743555.0,361.0386607148793,368.4802304338049,358.9474433024438,AMZN,stock,True
2025-06-25,2025-06-25 00:00:00,361.17223402465714,527996.0,359.043589604464,362.3072130549457,357.96286609894173,AMZN,stock,True
2025-06-26,2025-06-26 00:00:00,358.8986650393562,4663128.0,359.7694357232125,359.85573182063615,358.8627281624126,AMZN,stock,True
2025-06-27,2025-06-27 00:00:00,359.76798062536795,4765467.0,355.63419049596206,361.92656276003277,355.06176422379735,AMZN,stock,True
2025-06-30,2025-06-30 00:00:00,355.54661049487356,4729591.0,353.9041071681279,357.47710956474856,353.76045143715726,AMZN,stock,True
2025-07-01,2025-07-01 00:00:00,353.9042517402488,3763909.0,357.83986350481166,359.68583181780826,351.3817809157015,AMZN,stock,True
2025-07-02,2025-07-02 00:00:00,357.94077980741463,2322195.0,361.4389695307779,362.0576031237546,355.53976487730324,AMZN,stock,True
2025-07-03,2025-07-03 00:00:00,361.44968321423727,1488982.0,359.3341464313436,364.861202246802,358.6807169476764,AMZN,stock,True
2025-07-04,2025-07-04 00:00:00,359.33366047578687,508326.0,358.57824561089024,360.4372760169383,355.7725918557524,AMZN,stock,True
2025-07-07,2025-07-07 00:00:00,358.6499461566405,918598.0,359.5673149240747,362.5197630275605,358.2882071628751,AMZN,stock,True
2025-07-08,2025-07-08 00:00:00,359.63166000468965,4175008.0,364.62081210820975,365.3389270034892,358.7260641167653,AMZN,stock,True
2025-07-09,2025-07-09 00:00:00,364.71641700906116,996766.0,363.0413227321707,366.34259844541003,361.5365639393743,AMZN,stock,True
2025-07-10,2025-07-10 00:00:00,363.1518858422509,3420169.0,362.8475813354667,366.61027489986895,360.2970236571329,AMZN,stock,True
2025-07-11,2025-07-11 00:00:00,362.9232317580565,918453.0,365.2469578758848,367.992234179727,361.526247381514,AMZN,stock,True
2025-07-14,2025-07-14 00:00:00,365.05424197019073,3906997.0,361.242198214727,366.4118070949998,359.7720933304737,AMZN,stock,True
2025-07-15,2025-07-15 00:00:00,361.2857465756226,1751318.0,360.0,363.9224692914778,359.93683006989573,AMZN,stock,True
2024-11-06,2024-11-06 00:00:00,392.230590368949,2605496.0,388.67525752351014,394.08363752822856,386.4724484032886,TSLA,stock,True
2024-11-07,2024-11-07 00:00:00,388.746821526905,1705115.0,386.4422947749278,389.0940339996115,384.8727934703621,TSLA,stock,True
2024-11-08,2024-11-08 00:00:00,386.51375974343085,2976733.0,386.4353433998508,387.0997930741738,385.9818847152243,TSLA,stock,True
2024-11-11,2024-11-11 00:00:00,386.45958068489966,1932531.0,385.002989941637,388.42152898892147,383.36442024873503,TSLA,stock,True
2024-11-12,2024-11-12 00:00:00,384.9800709350275,3601137.0,386.2251072585264,388.99515067376757,383.40349768917287,TSLA,stock,True
2024-11-13,2024-11-13 00:00:00,386.2972282563812,821138.0,391.85213844345833,395.7158591595637,384.3602118783111,TSLA,stock,True
2024-11-14,2024-11-14 00:00:00,391.94570662347263,2601172.0,394.697022771064,397.8569630530801,390.27773753950936,TSLA,stock,True
2024-11-15,2024-11-15 00:00:00,394.56048579248244,4475259.0,398.4851068011205,400.63088417342277,393.0989940203141,TSLA,stock,True
2024-11-18,2024-11-18 00:00:00,398.40908373955,2502837.0,395.0793916708044,399.37836737286125,394.36418310119495,TSLA,stock,True
2024-11-19,2024-11-19 00:00:00,394.9087546371492,4532446.0,395.1633903537821,397.0552705309762,391.17844261759,TSLA,stock,True
2024-11-20,2024-11-20 00:00:00,394.96209404550126,2101243.0,396.5040218256931,399.4984434188277,391.76912074612915,TSLA,stock,True
2024-11-21,2024-11-21 00:00:00,396.4330860165331,835283.0,390.6219185178188,398.2634772039203,389.32210611551625,TSLA,stock,True
2024-11-22,2024-11-22 00:00:00,390.6721681116011,2032114.0,385.6484904602624,391.6078626503176,383.86722978163954,TSLA,stock,True
2024-11-25,2024-11-25 00:00:00,385.6574144450008,1956045.0,388.90310503111004,390.419729228108,381.95042323220173,TSLA,stock,True
2024-11-26,2024-11-26 00:00:00,388.9387402994928,2242208.0,383.3073706222072,390.83708573121385,379.69603601825713,TSLA,stock,True
2024-11-27,2024-11-27 00:00:00,383.1950256566493,1208331.0,384.7943102726835,386.96186687336007,379.99990596721995,TSLA,stock,True
2024-11-28,2024-11-28 00:00:00,384.92929102896227,732310.0,389.26378363612537,391.1887345329068,383.4563022682382,TSLA,stock,True
2024-11-29,2024-11-29 00:00:00,389.2272041645722,1846090.0,386.5226480657225,390.4860811937999,384.98069901001395,TSLA,stock,True
2024-12-02,2024-12-02 00:00:00,386.6852925339145,974878.0,385.006955763394,387.46651287271663,383.6710188337398,TSLA,stock,True
2024-12-03,2024-12-03 00:00:00,385.17038222148244,3996550.0,384.39078549973794,386.0564590667849,382.3943402397885,TSLA,stock,True
2024-12-04,2024-12-04 00:00:00,384.4147555483769,3736393.0,383.22196337568164,387.22105560946926,379.8307915784186,TSLA,stock,True
2024-12-05,2024-12-05 00:00:00,383.1377545174851,1064077.0,380.7340187626526,384.7043398513979,378.1818446678895,TSLA,stock,True
2024-12-06,2024-12-06 00:00:00,380.8908634591867,4259583.0,385.9404485654262,388.54058109142204,379.78977706386223,TSLA,stock,True
2024-12-09,2024-12-09 00:00:00,385.75141970801104,2920739.0,386.0874713249208,387.57508789816893,385.41572121362185,TSLA,stock,True
2024-12-10,2024-12-10 00:00:00,385.9179371543197,4557034.0,390.99552764270953,392.1903831704124,385.84371422957616,TSLA,stock,True
2024-12-11,2024-12-11 00:00:00,391.1139422595565,4104309.0,392.9004456035279,396.4665814258871,388.0101563792762,TSLA,stock,True
2024-12-12,2024-12-12 00:00:00,393.0518575859,3009177.0,394.6615931183344,398.15729776924496,389.28149996765785,TSLA,stock,True
2024-12-13,2024-12-13 00:00:00,394.7614012311524,4515128.0,395.6742038372938,397.15150958495894,391.9873490228514,TSLA,stock,True
2024-12-16,2024-12-16 00:00:00,395.7095099136915,4095728.0,391.9713303371011,398.75330283808654,389.9027699984778,TSLA,stock,True
2024-12-17,2024-12-17 00:00:00,391.8875277755242,4798708.0,397.1463248367024,397.1761224171724,389.0454097329753,TSLA,stock,True
2024-12-18,2024-12-18 00:00:00,397.05032880387114,2384810.0,399.7487053368814,402.76003755560953,394.4244860418245,TSLA,stock,True
2024-12-19,2024-12-19 00:00:00,399.8374104708336,3667599.0,393.9515418372801,400.2544146011117,392.11243445358855,TSLA,stock,True
2024-12-20,2024-12-20 00:00:00,393.76821706326916,3137589.0,392.7154263458669,396.3348817504015,392.22711295687213,TSLA,stock,True
2024-12-23,2024-12-23 00:00:00,392.7330634593896,2362759.0,393.0842009545096,395.2315942943468,390.79702370927646,TSLA,stock,True
2024-12-24,2024-12-24 00:00:00,393.0434629439604,4545341.0,396.02688491124763,396.3407574236436,392.7830198409759,TSLA,stock,True
2024-12-25,2024-12-25 00:00:00,396.1232466149541,1124281.0,395.26478774557603,397.2472830251737,391.4046449807932,TSLA,stock,True
2024-12-26,2024-12-26 00:00:00,395.15077325902257,1945103.0,390.32267379485205,398.4079826309675,387.5674439524426,TSLA,stock,True
2024-12-27,2024-12-27 00:00:00,390.3105431923715,1709869.0,389.10196136188404,392.7044510996141,388.55215242427823,TSLA,stock,True
2024-12-30,2024-12-30 00:00:00,388.89961120976517,2759765.0,386.2193525428009,389.0732952880504,384.24827942746714,TSLA,stock,True
2024-12-31,2024-12-31 00:00:00,386.2642266749472,4861350.0,386.4431104031653,388.8558628031109,384.209863728181,TSLA,stock,True
2025-01-01,2025-01-01 00:00:00,386.41717745829254,3156547.0,387.691210781055,390.6977021562841,385.3826087415748,TSLA,stock,True
2025-01-02,2025-01-02 00:00:00,387.5332122291255,613476.0,382.00413879181684,391.279321925118,381.8128312905126,TSLA,stock,True
2025-01-03,2025-01-03 00:00:00,382.1245313560107,4855059.0,384.36653343618684,386.14958343680195,381.6674171393186,TSLA,stock,True
2025-01-06,2025-01-06 00:00:00,384.3739451102333,1555493.0,383.45716309819755,388.02598134760655,381.8786669731231,TSLA,stock,True
2025-01-07,2025-01-07 00:00:00,383.50146950417525,2773136.0,384.5803501999198,385.88434772358374,383.1734401161465,TSLA,stock,True
2025-01-08,2025-01-08 00:00:00,384.6323631197247,4335044.0,385.854107635147,387.2430164342393,383.85162728868147,TSLA,stock,True
2025-01-09,2025-01-09 00:00:00,385.9413804784047,866343.0,389.1056435726255,392.4766128429671,384.7565117843076,TSLA,stock,True
2025-01-10,2025-01-10 00:00:00,389.0953706935438,2330866.0,386.4340560857019,390.8353749161779,383.20058406091493,TSLA,stock,True
2025-01-13,2025-01-13 00:00:00,386.34269591226166,3068742.0,385.26999593275707,387.1995897488848,382.24579795526245,TSLA,stock,True
2025-01-14,2025-01-14 00:00:00,385.4358501813806,3412404.0,381.98295711108614,388.1200404915537,378.1810182030565,TSLA,stock,True
2025-01-15,2025-01-15 00:00:00,381.95552354280574,3437126.0,377.02409821465415,382.2074150708052,374.9930092756802,TSLA,stock,True
2025-01-16,2025-01-16 00:00:00,377.11868703019354,3200443.0,381.5492105222252,381.9659419408345,376.2374400547258,TSLA,stock,True
2025-01-17,2025-01-17 00:00:00,381.53848256286136,1866354.0,382.9963304490572,386.77134105626806,379.1557079743083,TSLA,stock,True
2025-01-20,2025-01-20 00:00:00,382.79229714891267,783486.0,382.99788552439736,383.8393222399522,382.2606210063793,TSLA,stock,True
2025-01-21,2025-01-21 00:00:00,382.82380026662634,4277138.0,379.39695021789925,386.23823653458334,378.3929876281471,TSLA,stock,True
2025-01-22,2025-01-22 00:00:00,379.2286980570899,1148170.0,375.13040285527745,381.29877929991056,372.47325144619305,TSLA,stock,True
2025-01-23,2025-01-23 00:00:00,374.9428751483726,4836590.0,369.48894864198036,377.8869132905585,366.9951874328259,TSLA,stock,True
2025-01-24,2025-01-24 00:00:00,369.3168496642671,3990592.0,372.65558396363286,373.20852951000904,366.048333095203,TSLA,stock,True
2025-01-27,2025-01-27 00:00:00,372.46076220085564,3205556.0,377.1550905111883,380.19364529104575,370.7948551153006,TSLA,stock,True
2025-01-28,2025-01-28 00:00:00,377.01239838532393,3614386.0,380.5719667403504,384.2143432291557,374.60369275394027,TSLA,stock,True
2025-01-29,2025-01-29 00:00:00,380.7155881995508,2178125.0,377.34799590862076,381.7318692085385,373.8908966651458,TSLA,stock,True
2025-01-30,2025-01-30 00:00:00,377.22739163787554,3696280.0,373.0974159335593,378.81126040493825,372.2946921968752,TSLA,stock,True
2025-01-31,2025-01-31 00:00:00,373.0434181849145,4389836.0,372.03513655197526,376.4754252792698,370.7296875160098,TSLA,stock,True
2025-02-03,2025-02-03 00:00:00,372.0743992900856,1060882.0,368.6881450671954,374.7390062483437,367.61083442452343,TSLA,stock,True
2025-02-04,2025-02-04 00:00:00,368.56547609271047,4392890.0,373.0773625431448,376.78143052068543,366.6921279217226,TSLA,stock,True
2025-02-05,2025-02-05 00:00:00,373.23299649185606,2239599.0,370.1227988423146,376.30624272134133,369.6490203172949,TSLA,stock,True
2025-02-06,2025-02-06 00:00:00,369.9901061411386,707046.0,370.3342825671984,371.95120143357445,366.74879357811824,TSLA,stock,True
2025-02-07,2025-02-07 00:00:00,370.4799223436598,2352429.0,374.15459995305906,374.90495272474504,369.7936883697968,TSLA,stock,True
2025-02-10,2025-02-10 00:00:00,374.1874244307932,4091633.0,370.22832835041544,377.17048961175453,369.34401620481464,TSLA,stock,True
2025-02-11,2025-02-11 00:00:00,370.3182524554475,2070062.0,374.4620124691875,375.6996380126866,366.68272981194673,TSLA,stock,True
2025-02-12,2025-02-12 00:00:00,374.57507359689293,1425949.0,378.7127237871103,380.87860017102656,373.17436832975244,TSLA,stock,True
2025-02-13,2025-02-13 00:00:00,378.7063413625264,2038980.0,376.13162669221236,381.1142875065766,373.7308350086208,TSLA,stock,True
2025-02-14,2025-02-14 00:00:00,375.98656800806384,3833534.0,374.3998738847667,376.25239993982603,374.1780729512437,TSLA,stock,True
2025-02-17,2025-02-17 00:00:00,374.5036936696778,4116676.0,374.97010454855297,377.6209133108884,372.2827543213533,TSLA,stock,True
2025-02-18,2025-02-18 00:00:00,374.937908098682,3205701.0,375.7748441581296,376.36088603266074,374.3939174890281,TSLA,stock,True
2025-02-19,2025-02-19 00:00:00,375.7933049675332,3516494.0,375.2773406416246,376.5818668100245,374.45091305688146,TSLA,stock,True
2025-02-20,2025-02-20 00:00:00,375.3225431049557,949681.0,373.8925316267826,378.02562695709537,373.32861890616437,TSLA,stock,True
2025-02-21,2025-02-21 00:00:00,373.82738288082,3904673.0,371.69106177632636,375.54169687080207,368.76354359042625,TSLA,stock,True
2025-02-24,2025-02-24 00:00:00,371.81080830977453,4511541.0,373.6097111485603,376.1141716057734,371.57870681898567,TSLA,stock,True
2025-02-25,2025-02-25 00:00:00,373.6125513030479,2016526.0,378.2251883103646,379.5092909078017,370.7756355267993,TSLA,stock,True
2025-02-26,2025-02-26 00:00:00,378.2070555129997,1352820.0,378.72483515404326,379.2226353387347,375.1486860528139,TSLA,stock,True
2025-02-27,2025-02-27 00:00:00,378.624844020876,1573521.0,384.3386185582877,386.6631905712711,377.789169098655,TSLA,stock,True
2025-02-28,2025-02-28 00:00:00,384.4635118007166,1029843.0,380.50239734701813,387.1244321070606,380.3138702949616,TSLA,stock,True
2025-03-03,2025-03-03 00:00:00,380.6147501483859,867175.0,379.3213818338812,381.36011937852504,376.46659575701864,TSLA,stock,True
2025-03-04,2025-03-04 00:00:00,379.3661295562132,789308.0,384.6112663149261,387.4535515363292,377.62520862180236,TSLA,stock,True
2025-03-05,2025-03-05 00:00:00,384.4452185998186,3243203.0,385.33250320226836,386.92283835828977,381.20027556224585,TSLA,stock,True
2025-03-06,2025-03-06 00:00:00,385.13171032534075,4240238.0,379.95334775383,388.641204933214,377.7891779591849,TSLA,stock,True
2025-03-07,2025-03-07 00:00:00,380.06789892065973,3594443.0,380.59654289373236,383.42881128296375,376.31951432130495,TSLA,stock,True
2025-03-10,2025-03-10 00:00:00,380.708493191712,1189639.0,378.36087983493985,380.9393543683873,376.72663476838363,TSLA,stock,True
2025-03-11,2025-03-11 00:00:00,378.4586725559476,2283672.0,377.03802448455207,380.39640544187887,376.10596209764344,TSLA,stock,True
2025-03-12,2025-03-12 00:00:00,376.9938772072331,2102067.0,379.48729612732876,379.60110739541267,375.35971276853854,TSLA,stock,True
2025-03-13,2025-03-13 00:00:00,379.57935920758484,2509678.0,374.75460998981373,380.9539396315405,371.7994636224882,TSLA,stock,True
2025-03-14,2025-03-14 00:00:00,374.7382707563299,2603728.0,378.04543731599034,380.7429184711007,373.2326456884467,TSLA,stock,True
2025-03-17,2025-03-17 00:00:00,378.00244172093335,3332742.0,373.41518961614656,380.04748615414326,369.9195410428375,TSLA,stock,True
2025-03-18,2025-03-18 00:00:00,373.500197788404,723166.0,378.1954190282819,378.66080341437356,370.4398103528488,TSLA,stock,True
2025-03-19,2025-03-19 00:00:00,378.2686819559022,3052424.0,374.8552528284941,381.34358345401074,373.1243190316302,TSLA,stock,True
2025-03-20,2025-03-20 00:00:00,374.84409893317013,712291.0,370.8067165015222,378.5873737677822,369.3187886189518,TSLA,stock,True
2025-03-21,2025-03-21 00:00:00,370.9517178101697,3478606.0,374.5262565733623,376.7551732849821,369.2974753336802,TSLA,stock,True
2025-03-24,2025-03-24 00:00:00,374.35909493315563,4496203.0,377.8305107036206,379.55914832602775,371.11691895599523,TSLA,stock,True
2025-03-25,2025-03-25 00:00:00,377.9724165743746,2482724.0,382.6256532615083,383.61922968579677,376.0699768004037,TSLA,stock,True
2025-03-26,2025-03-26 00:00:00,382.53184152917925,4654499.0,377.8257136787804,382.6852075166036,375.4703360920065,TSLA,stock,True
2025-03-27,2025-03-27 00:00:00,377.92835295305156,2355203.0,374.56519478751153,378.68858560437167,372.45701149812936,TSLA,stock,True
2025-03-28,2025-03-28 00:00:00,374.69103260529914,1066326.0,370.1493036618655,378.0290177887534,368.26025174754596,TSLA,stock,True
2025-03-31,2025-03-31 00:00:00,369.99066993404057,2910369.0,364.62049524587457,371.9649288232322,361.44249234585845,TSLA,stock,True
2025-04-01,2025-04-01 00:00:00,364.5804330505581,934370.0,361.17137500661204,365.09935131713064,359.1820927452841,TSLA,stock,True
2025-04-02,2025-04-02 00:00:00,361.31289825028057,4536910.0,361.45417321376783,365.0048194989268,358.009351414394,TSLA,stock,True
2025-04-03,2025-04-03 00:00:00,361.34745660194636,2109686.0,364.48577146607727,365.34560448203774,360.0917388012523,TSLA,stock,True
2025-04-04,2025-04-04 00:00:00,364.4833221790494,1770445.0,361.2448674703331,367.7517787963395,359.34467079534704,TSLA,stock,True
2025-04-07,2025-04-07 00:00:00,361.18368768115585,1569540.0,358.8765943441147,363.44127356713324,356.03559663232585,TSLA,stock,True
2025-04-08,2025-04-08 00:00:00,358.89188420221916,4824067.0,361.9532316218795,362.28291043345627,357.2549714317079,TSLA,stock,True
2025-04-09,2025-04-09 00:00:00,361.7713991551607,3651362.0,360.8899430353118,364.5101679942428,358.82788422520326,TSLA,stock,True
2025-04-10,2025-04-10 00:00:00,360.72749870240386,1570633.0,365.08610895764315,367.9948535878105,360.3073273677691,TSLA,stock,True
2025-04-11,2025-04-11 00:00:00,365.2197323507967,3006703.0,363.5728727439829,368.5830196059928,361.81582885986904,TSLA,stock,True
2025-04-14,2025-04-14 00:00:00,363.62103751719417,1980923.0,363.0893083868716,366.034821982095,362.86661468269057,TSLA,stock,True
2025-04-15,2025-04-15 00:00:00,362.9249839523657,3994036.0,359.83446629792735,363.37695805350495,359.48524566403086,TSLA,stock,True
2025-04-16,2025-04-16 00:00:00,359.73196632318314,3965303.0,356.31866742288867,361.88879498611243,354.40480666598285,TSLA,stock,True
2025-04-17,2025-04-17 00:00:00,356.1287605675941,504451.0,351.4551930222003,358.78419287512526,350.9002564680822,TSLA,stock,True
2025-04-18,2025-04-18 00:00:00,351.5375657706519,2531621.0,354.2815495709584,355.46105174909883,349.1297170375226,TSLA,stock,True
2025-04-21,2025-04-21 00:00:00,354.4348401261563,4346263.0,349.43553941668415,357.26503740730215,346.01009899748647,TSLA,stock,True
2025-04-22,2025-04-22 00:00:00,349.33314671371943,4097305.0,352.25771033195264,352.39865301163724,349.0091990847421,TSLA,stock,True
2025-04-23,2025-04-23 00:00:00,352.3053486723347,846473.0,349.7043290024736,353.2995639667891,347.9940600119376,TSLA,stock,True
2025-04-24,2025-04-24 00:00:00,349.52478639560275,1892957.0,352.2703714055122,354.0638432546027,347.34748129624336,TSLA,stock,True
2025-04-25,2025-04-25 00:00:00,352.3041534782691,3471151.0,350.55622976780904,353.40277398833587,350.4884661944445,TSLA,stock,True
2025-04-28,2025-04-28 00:00:00,350.6072415973712,4657613.0,350.37803102131005,353.32369378332055,348.0932895437099,TSLA,stock,True
2025-04-29,2025-04-29 00:00:00,350.4690355845088,3224301.0,353.06374039920667,353.5827600374007,349.6436180166516,TSLA,stock,True
2025-04-30,2025-04-30 00:00:00,353.04934177139467,2193815.0,350.27331709923624,354.4751860621052,349.016294994482,TSLA,stock,True
2025-05-01,2025-05-01 00:00:00,350.3148493483949,3389060.0,345.57310566577723,350.9994755339906,343.7234626065298,TSLA,stock,True
2025-05-02,2025-05-02 00:00:00,345.72347781654224,4285241.0,345.5319482288975,347.26488383259675,342.9817488267067,TSLA,stock,True
2025-05-05,2025-05-05 00:00:00,345.5694926444233,1070011.0,344.50010644820355,346.3162118926845,342.69496340794615,TSLA,stock,True
2025-05-06,2025-05-06 00:00:00,344.3953947726832,2041462.0,346.54532308750055,347.52343726629624,344.35431627267377,TSLA,stock,True
2025-05-07,2025-05-07 00:00:00,346.59184504857774,4639745.0,342.5701536994117,349.2848078908031,341.8268290285312,TSLA,stock,True
2025-05-08,2025-05-08 00:00:00,342.6208792341923,1348593.0,340.21190880037227,344.0459255518122,337.09166913236606,TSLA,stock,True
2025-05-09,2025-05-09 00:00:00,340.2140869805904,4655050.0,338.74629544186166,343.0929572704916,335.729247075195,TSLA,stock,True
2025-05-12,2025-05-12 00:00:00,338.663695136183,2780521.0,343.46535768100694,346.6496186918307,336.83697587074397,TSLA,stock,True
2025-05-13,2025-05-13 00:00:00,343.5994341469375,1200553.0,342.5918276502693,344.6742968234994,342.18600357221425,TSLA,stock,True
2025-05-14,2025-05-14 00:00:00,342.5707114445165,3760672.0,345.9749011228806,349.1124673596988,339.54007988009596,TSLA,stock,True
2025-05-15,2025-05-15 00:00:00,345.96474542651754,3430485.0,341.7528407674109,347.494880465997,338.7480007935699,TSLA,stock,True
2025-05-16,2025-05-16 00:00:00,341.7511380861167,1681211.0,339.62826975102195,344.7726611278404,336.40387061489207,TSLA,stock,True
2025-05-19,2025-05-19 00:00:00,339.4703002104957,3492170.0,338.5688379930243,340.1480201927519,335.27876814102535,TSLA,stock,True
2025-05-20,2025-05-20 00:00:00,338.7197168624412,1953016.0,334.6486986121236,340.3243932548459,332.0462037875167,TSLA,stock,True
2025-05-21,2025-05-21 00:00:00,334.5333631871661,1905094.0,329.7508866747776,334.9278580141274,327.02327440984106,TSLA,stock,True
2025-05-22,2025-05-22 00:00:00,329.76437338470106,1058293.0,324.9035300622733,331.03296133300114,323.9986256077466,TSLA,stock,True
2025-05-23,2025-05-23 00:00:00,325.0402054302203,3300436.0,327.79360676237764,329.02708846775647,324.0982491150108,TSLA,stock,True
2025-05-26,2025-05-26 00:00:00,327.81570065558867,3032363.0,331.68442163523423,332.007426255373,325.9991946371654,TSLA,stock,True
2025-05-27,2025-05-27 00:00:00,331.80169844580325,4425291.0,336.28918040446104,339.1487471663141,331.64697348743033,TSLA,stock,True
2025-05-28,2025-05-28 00:00:00,336.18381015450933,622634.0,331.82749232965824,338.4701905271906,331.8118511195908,TSLA,stock,True
2025-05-29,2025-05-29 00:00:00,331.74103011460704,2229952.0,327.8929117144005,334.50368300851716,324.9774718842638,TSLA,stock,True
2025-05-30,2025-05-30 00:00:00,327.9347128891747,1013488.0,324.8019347553964,330.4154047062538,324.3246930640226,TSLA,stock,True
2025-06-02,2025-06-02 00:00:00,324.7150736594567,3342636.0,328.74842560067987,329.70954507703925,322.2249796912121,TSLA,stock,True
2025-06-03,2025-06-03 00:00:00,328.74731260789207,3824373.0,324.3451714771181,328.80783440861103,321.9037540814717,TSLA,stock,True
2025-06-04,2025-06-04 00:00:00,324.4596852253909,2014414.0,324.46662523510906,325.4465793632694,323.729921345315,TSLA,stock,True
2025-06-05,2025-06-05 00:00:00,324.402041121031,1522246.0,327.5093771212537,329.75680276279405,324.10342398391253,TSLA,stock,True
2025-06-06,2025-06-06 00:00:00,327.55475632799704,4272185.0,331.00504174776404,334.22053688377866,326.144399685269,TSLA,stock,True
2025-06-09,2025-06-09 00:00:00,331.04598973874596,637051.0,333.24559229044917,333.5422510008156,327.8298999460943,TSLA,stock,True
2025-06-10,2025-06-10 00:00:00,333.23474207956815,1785995.0,329.5335237749859,333.5163168921917,327.5042931275976,TSLA,stock,True
2025-06-11,2025-06-11 00:00:00,329.60896254346073,3440704.0,330.48685284646325,332.8117003436209,328.855230766714,TSLA,stock,True
2025-06-12,2025-06-12 00:00:00,330.5522554755968,1860529.0,334.53508619188943,336.642917179566,328.48856489220015,TSLA,stock,True
2025-06-13,2025-06-13 00:00:00,334.6756095523444,1260287.0,339.0905425491861,339.4835601858014,332.69664690610534,TSLA,stock,True
2025-06-16,2025-06-16 00:00:00,339.14196424879185,2938275.0,337.35841605081896,339.708660445802,336.9354210188145,TSLA,stock,True
2025-06-17,2025-06-17 00:00:00,337.3396352080224,4028222.0,340.7942510828492,342.36224935166257,337.117497201223,TSLA,stock,True
2025-06-18,2025-06-18 00:00:00,340.7982276719516,905059.0,344.6701371949368,347.9116025447687,338.84009910665077,TSLA,stock,True
2025-06-19,2025-06-19 00:00:00,344.7786763721882,554301.0,349.30538698468564,349.56525202852583,342.2676453375106,TSLA,stock,True
2025-06-20,2025-06-20 00:00:00,349.27683645843683,2343657.0,351.88574765466205,355.3108186164826,347.66279298032737,TSLA,stock,True
2025-06-23,2025-06-23 00:00:00,351.78737321425365,2548397.0,349.74940650477834,355.1792763642052,347.9345499079753,TSLA,stock,True
2025-06-24,2025-06-24 00:00:00,349.7664938633403,4601702.0,352.2863169821041,353.79768652942215,349.5338122657996,TSLA,stock,True
2025-06-25,2025-06-25 00:00:00,352.1691693675652,2830667.0,354.8907845350098,357.061332789522,351.8978421883948,TSLA,stock,True
2025-06-26,2025-06-26 00:00:00,355.000231737576,1518846.0,357.29102905195253,360.78403383653745,354.93302672175173,TSLA,stock,True
2025-06-27,2025-06-27 00:00:00,357.2319917368231,3181791.0,360.63082023037435,362.5633880666753,356.486611142885,TSLA,stock,True
2025-06-30,2025-06-30 00:00:00,360.60810730911294,3194111.0,357.11822806141373,364.1389293460049,355.96798673812697,TSLA,stock,True
2025-07-01,2025-07-01 00:00:00,357.1118004336103,505110.0,360.0791004057467,360.90747228208255,354.35441315345315,TSLA,stock,True
2025-07-02,2025-07-02 00:00:00,359.9233157112645,4648545.0,354.79990122893156,363.3736649297462,353.6051885954757,TSLA,stock,True
2025-07-03,2025-07-03 00:00:00,354.81691996102904,1619856.0,352.2513070250878,355.63808644948665,349.06982296636124,TSLA,stock,True
2025-07-04,2025-07-04 00:00:00,352.1229254885686,4135495.0,355.6272009490168,358.41007373813295,352.0043413486543,TSLA,stock,True
2025-07-07,2025-07-07 00:00:00,355.5377823389607,4847020.0,354.8144117939794,356.6711114617554,354.53717540839307,TSLA,stock,True
2025-07-08,2025-07-08 00:00:00,354.759640289384,3099118.0,351.5778558441576,355.8314672716813,350.051824887854,TSLA,stock,True
2025-07-09,2025-07-09 00:00:00,351.5296803965575,2113556.0,350.4313739284801,354.8151771244051,347.1498592344209,TSLA,stock,True
2025-07-10,2025-07-10 00:00:00,350.3802064151006,4888057.0,355.4011177436275,358.00945689504124,347.7798122646763,TSLA,stock,True
2025-07-11,2025-07-11 00:00:00,355.2233368797342,2455219.0,359.2706261627371,361.6914348673128,355.1455162481451,TSLA,stock,True
2025-07-14,2025-07-14 00:00:00,359.1807991190148,1546867.0,360.8474805468303,361.18433810138004,358.3643285250913,TSLA,stock,True
2025-07-15,2025-07-15 00:00:00,360.9054413020394,2399201.0,358.0,361.2393280343618,357.13147580577515,TSLA,stock,True
2024-11-06,2024-11-06 00:00:00,1166.6148502890371,9153136.0,1156.439406003399,1175.9237935507433,1145.4013239442975,SPY,index,True
2024-11-07,2024-11-07 00:00:00,1156.8065771688835,42905796.0,1163.9390113065183,1164.7004369487097,1153.587888235044,SPY,index,True
2024-11-08,2024-11-08 00:00:00,1164.269045195446,7639739.0,1173.801235639455,1175.6675390709072,1162.1074760731622,SPY,index,True
2024-11-11,2024-11-11 00:00:00,1173.878521691807,48005696.0,1178.2842545420622,1182.9367583996616,1173.0852095283694,SPY,index,True
2024-11-12,2024-11-12 00:00:00,1177.884767462878,18994953.0,1174.9009063473031,1178.1920782258128,1170.2202271003741,SPY,index,True
2024-11-13,2024-11-13 00:00:00,1174.3944412613444,16169664.0,1168.3248653805051,1182.7151266429846,1164.5309516854581,SPY,index,True
2024-11-14,2024-11-14 00:00:00,1168.1078332742925,39449526.0,1171.3059682226685,1174.7599958201301,1156.6677658922745,SPY,index,True
2024-11-15,2024-11-15 00:00:00,1171.0981915739126,47845630.0,1172.2460436446563,1173.7142591185145,1170.817838599651,SPY,index,True
2024-11-18,2024-11-18 00:00:00,1172.554493281262,46116829.0,1178.736138138085,1189.3347964211173,1164.5276007829436,SPY,index,True
2024-11-19,2024-11-19 00:00:00,1178.994065351174,40273612.0,1184.0092409202668,1184.8904098068083,1175.7368006040178,SPY,index,True
2024-11-20,2024-11-20 00:00:00,1183.922434240719,36486477.0,1188.257956474175,1196.6682037919277,1179.8842938753064,SPY,index,True
2024-11-21,2024-11-21 00:00:00,1188.083514419724,17096160.0,1198.4013277257516,1203.1655943669123,1176.4223473357958,SPY,index,True
2024-11-22,2024-11-22 00:00:00,1198.6766155347666,38705406.0,1202.0731669173033,1211.2218635035101,1197.8444919114036,SPY,index,True
2024-11-25,2024-11-25 00:00:00,1202.0157443430353,7273503.0,1203.3110415806536,1211.0286742233488,1199.2268673994085,SPY,index,True
2024-11-26,2024-11-26 00:00:00,1203.071452947675,47259257.0,1215.142692926613,1225.841793168262,1199.6709521760909,SPY,index,True
2024-11-27,2024-11-27 00:00:00,1215.3617211960664,5132592.0,1215.4102855550884,1220.8619589306568,1210.5973576591512,SPY,index,True
2024-11-28,2024-11-28 00:00:00,1215.0928823542347,48738966.0,1205.1290782277047,1221.7827521111187,1194.126875004164,SPY,index,True
2024-11-29,2024-11-29 00:00:00,1204.7939386811668,7845504.0,1211.909456672117,1217.0152416868887,1195.984418663546,SPY,index,True
2024-12-02,2024-12-02 00:00:00,1212.1361027434082,21146843.0,1214.4219794510116,1215.20044643585,1209.6598073634157,SPY,index,True
2024-12-03,2024-12-03 00:00:00,1214.1137956293778,8707666.0,1214.7083626858623,1215.759740223704,1206.693870911777,SPY,index,True
2024-12-04,2024-12-04 00:00:00,1214.4415099674904,40009541.0,1218.8058612666387,1226.2487866225874,1203.9469466279415,SPY,index,True
2024-12-05,2024-12-05 00:00:00,1218.591436552468,13234909.0,1230.348621342739,1239.8049802495175,1212.9585901814214,SPY,index,True
2024-12-06,2024-12-06 00:00:00,1230.3356268321643,33074749.0,1241.1804064922721,1241.8564941582251,1218.1205207161065,SPY,index,True
2024-12-09,2024-12-09 00:00:00,1241.4253788111034,25917928.0,1239.7772192081093,1242.021749804853,1232.3890729237582,SPY,index,True
2024-12-10,2024-12-10 00:00:00,1239.2809015544708,48252563.0,1241.4217231144669,1246.0657082245564,1231.4072064469206,SPY,index,True
2024-12-11,2024-12-11 00:00:00,1241.352247752795,46766809.0,1250.8783015371118,1257.9861664243233,1235.827092860113,SPY,index,True
2024-12-12,2024-12-12 00:00:00,1250.5688000329221,43363645.0,1257.4179153669759,1261.8760230312391,1240.5307621851753,SPY,index,True
2024-12-13,2024-12-13 00:00:00,1257.539615974866,43523489.0,1251.6901764089112,1260.7993535913556,1247.615371541841,SPY,index,True
2024-12-16,2024-12-16 00:00:00,1251.2383623111955,12915466.0,1258.0605071260222,1265.7480676759487,1245.2251200720286,SPY,index,True
2024-12-17,2024-12-17 00:00:00,1258.4875157320268,48038015.0,1248.4551807833536,1258.6196328319452,1236.8399197977776,SPY,index,True
2024-12-18,2024-12-18 00:00:00,1248.5593058094198,10617233.0,1259.5751399986113,1271.6492936180928,1238.0723358854475,SPY,index,True
2024-12-19,2024-12-19 00:00:00,1259.2474787688343,34118877.0,1260.712716963254,1264.0868942568113,1247.7700620237345,SPY,index,True
2024-12-20,2024-12-20 00:00:00,1261.0509909601803,23737519.0,1268.6193229862167,1277.020497034286,1252.2777450786625,SPY,index,True
2024-12-23,2024-12-23 00:00:00,1268.063705963332,30512319.0,1267.2457409524359,1270.0153783173002,1266.5541241175374,SPY,index,True
2024-12-24,2024-12-24 00:00:00,1267.1155497441196,28922664.0,1272.370840318077,1276.5693174589292,1259.774337829729,SPY,index,True
2024-12-25,2024-12-25 00:00:00,1272.5999045369808,21765006.0,1273.37005184084,1275.2710542090904,1263.1441213346177,SPY,index,True
2024-12-26,2024-12-26 00:00:00,1272.9895832915454,28438418.0,1282.9287076965834,1284.9529779063128,1270.421432931816,SPY,index,True
2024-12-27,2024-12-27 00:00:00,1283.0453832988915,22762224.0,1273.4924612677894,1285.6707236120758,1273.3867677260018,SPY,index,True
2024-12-30,2024-12-30 00:00:00,1273.3424687884885,49671768.0,1285.3195073797099,1291.8274314066618,1267.2116247116048,SPY,index,True
2024-12-31,2024-12-31 00:00:00,1285.3816037587237,9976405.0,1287.3789091292917,1300.1510180722235,1282.593159157165,SPY,index,True
2025-01-01,2025-01-01 00:00:00,1287.5134287507053,18238619.0,1291.5314085146044,1302.245845933993,1283.170029697233,SPY,index,True
2025-01-02,2025-01-02 00:00:00,1291.8248771478916,41073510.0,1292.813111369764,1305.230447806283,1279.0278601597422,SPY,index,True
2025-01-03,2025-01-03 00:00:00,1293.236096711647,6971189.0,1283.9259093911069,1302.8686167251176,1280.1106475694594,SPY,index,True
2025-01-06,2025-01-06 00:00:00,1284.2385493044192,8402621.0,1281.8908361294655,1292.7474180317017,1274.9125660247037,SPY,index,True
2025-01-07,2025-01-07 00:00:00,1281.3545091242052,45950080.0,1286.646492102718,1298.490916885349,1280.2035086816584,SPY,index,True
2025-01-08,2025-01-08 00:00:00,1286.8254164227876,8704128.0,1276.9591677177414,1296.5503208150863,1264.6948392505533,SPY,index,True
2025-01-09,2025-01-09 00:00:00,1276.9550054992162,40702410.0,1266.8747672356817,1288.7373085553154,1256.874488121065,SPY,index,True
2025-01-10,2025-01-10 00:00:00,1266.418519660323,24771942.0,1255.961704060008,1277.9107744536143,1248.6526707427352,SPY,index,True
2025-01-13,2025-01-13 00:00:00,1255.925397411152,46723989.0,1260.5230532354267,1268.9182727254274,1244.9372946139542,SPY,index,True
2025-01-14,2025-01-14 00:00:00,1260.4408377070936,33383769.0,1262.758538442856,1272.3520168233918,1256.419064310526,SPY,index,True
2025-01-15,2025-01-15 00:00:00,1262.6909519044543,46043319.0,1257.1433440412875,1264.0766332071887,1255.7197626030056,SPY,index,True
2025-01-16,2025-01-16 00:00:00,1256.8644454408939,8229364.0,1267.183153378725,1268.75160862981,1247.8713280869408,SPY,index,True
2025-01-17,2025-01-17 00:00:00,1266.7433898215638,22147858.0,1262.163796647717,1269.2723110943407,1253.0620695137561,SPY,index,True
2025-01-20,2025-01-20 00:00:00,1262.240963311784,45204943.0,1268.188343908189,1278.203301059446,1253.0045573631176,SPY,index,True
2025-01-21,2025-01-21 00:00:00,1268.6431944156632,7465217.0,1261.655393112976,1278.4258535140186,1250.3892811599085,SPY,index,True
2025-01-22,2025-01-22 00:00:00,1261.8171929116706,43425594.0,1253.0156965297435,1267.4166200694733,1248.8062198204143,SPY,index,True
2025-01-23,2025-01-23 00:00:00,1253.3692514857516,49247580.0,1248.4529414533145,1264.397085584704,1238.2461286055538,SPY,index,True
2025-01-24,2025-01-24 00:00:00,1248.894363409273,34957716.0,1241.1311508127774,1260.9927564225095,1240.8847762602531,SPY,index,True
2025-01-27,2025-01-27 00:00:00,1241.376156747901,5843005.0,1241.5849332890193,1249.7052638383386,1229.7673192494858,SPY,index,True
2025-01-28,2025-01-28 00:00:00,1241.1408501620404,7417400.0,1240.1719904484287,1243.6136267161219,1239.8407650869333,SPY,index,True
2025-01-29,2025-01-29 00:00:00,1240.5787206520408,5207885.0,1239.209597291807,1247.207829846622,1233.688966988099,SPY,index,True
2025-01-30,2025-01-30 00:00:00,1238.858568582151,12368241.0,1244.1290395293058,1248.0599733380166,1230.973292247492,SPY,index,True
2025-01-31,2025-01-31 00:00:00,1243.793561854962,7819135.0,1252.8371221753516,1254.2811152801823,1241.0048173594148,SPY,index,True
2025-02-03,2025-02-03 00:00:00,1253.2020328941962,35399742.0,1252.0224545048518,1262.6032872355077,1241.0093897620343,SPY,index,True
2025-02-04,2025-02-04 00:00:00,1252.198387350247,48960162.0,1240.4418751876003,1258.156658084167,1228.1396199614471,SPY,index,True
2025-02-05,2025-02-05 00:00:00,1240.3307003478128,30687328.0,1240.6191698224382,1245.6746886933902,1229.2936204381792,SPY,index,True
2025-02-06,2025-02-06 00:00:00,1240.8551620257301,41901538.0,1247.6753906957624,1257.0596801270658,1235.5787884326674,SPY,index,True
2025-02-07,2025-02-07 00:00:00,1248.1084209375895,30359517.0,1236.836948751959,1250.730501523389,1233.9812030238631,SPY,index,True
2025-02-10,2025-02-10 00:00:00,1236.4236893222278,30311740.0,1235.3876361713842,1246.1640749043752,1231.3874577739741,SPY,index,True
2025-02-11,2025-02-11 00:00:00,1235.681609743325,33419902.0,1244.0328023628726,1252.4577284197774,1234.7749522479305,SPY,index,True
2025-02-12,2025-02-12 00:00:00,1244.1967308002288,17655728.0,1255.9156112696355,1260.891319879756,1237.1961850958508,SPY,index,True
2025-02-13,2025-02-13 00:00:00,1255.5708951765303,33389377.0,1263.6513633267223,1267.535792351564,1251.0440179665627,SPY,index,True
2025-02-14,2025-02-14 00:00:00,1263.2846399369098,41698519.0,1258.2809484914856,1273.6132972047178,1246.2934046406963,SPY,index,True
2025-02-17,2025-02-17 00:00:00,1258.5918705055883,24961767.0,1251.6839198100943,1261.2192430457058,1241.9333689607006,SPY,index,True
2025-02-18,2025-02-18 00:00:00,1251.302176077651,44423848.0,1260.7911979002067,1270.455699912207,1241.260780212865,SPY,index,True
2025-02-19,2025-02-19 00:00:00,1260.491840236079,44642715.0,1256.6479154119752,1261.6836597693841,1251.0477846872477,SPY,index,True
2025-02-20,2025-02-20 00:00:00,1256.4637230463936,42282843.0,1261.3018340058638,1264.5457466689984,1252.769823586366,SPY,index,True
2025-02-21,2025-02-21 00:00:00,1261.2087981616605,13162681.0,1251.3354279846158,1273.1931810195408,1242.9147588969788,SPY,index,True
2025-02-24,2025-02-24 00:00:00,1250.7925920680557,48200424.0,1254.006251430986,1254.6620479139501,1238.8452203829625,SPY,index,True
2025-02-25,2025-02-25 00:00:00,1254.0901134440426,45553840.0,1259.0809853669614,1268.3141709220413,1248.0591067469572,SPY,index,True
2025-02-26,2025-02-26 00:00:00,1258.5377310015524,16956017.0,1260.975162091165,1262.6238395982384,1253.122071451073,SPY,index,True
2025-02-27,2025-02-27 00:00:00,1260.8604527368007,30217909.0,1264.7888890746078,1273.698926008199,1254.9459356036575,SPY,index,True
2025-02-28,2025-02-28 00:00:00,1264.5807498996023,23396617.0,1253.0447759621222,1275.103446399962,1243.5015821306915,SPY,index,True
2025-03-03,2025-03-03 00:00:00,1253.228890492218,17847827.0,1258.8806931064769,1261.435864142375,1242.9227640385423,SPY,index,True
2025-03-04,2025-03-04 00:00:00,1258.4610685057307,21264451.0,1255.0415425796934,1260.9190192117662,1249.7252492262696,SPY,index,True
2025-03-05,2025-03-05 00:00:00,1254.7623253063998,31468302.0,1248.4853586681418,1261.2098098736706,1241.1145467707395,SPY,index,True
2025-03-06,2025-03-06 00:00:00,1248.6598635167916,32792090.0,1251.4422162082888,1252.150457034241,1240.7285573055042,SPY,index,True
2025-03-07,2025-03-07 00:00:00,1251.028401058918,41315835.0,1245.0446187594534,1257.5425903790708,1240.9630556060374,SPY,index,True
2025-03-10,2025-03-10 00:00:00,1245.1920710732293,10873531.0,1240.9246394985228,1255.142837625685,1230.7314474097288,SPY,index,True
2025-03-11,2025-03-11 00:00:00,1241.1408218866663,42362696.0,1234.1844269614562,1250.1063473670974,1227.2313945112462,SPY,index,True
2025-03-12,2025-03-12 00:00:00,1234.5567353289996,40707077.0,1231.6655942594498,1243.5691574695882,1221.326857433928,SPY,index,True
2025-03-13,2025-03-13 00:00:00,1231.9210226725577,25525353.0,1237.126643716961,1247.7375756524411,1220.735416809368,SPY,index,True
2025-03-14,2025-03-14 00:00:00,1237.564083312633,33666953.0,1231.3963950950442,1246.8660998009705,1229.4947759106883,SPY,index,True
2025-03-17,2025-03-17 00:00:00,1231.83287766726,38799031.0,1230.0268853710102,1239.5290030535925,1229.1926291343084,SPY,index,True
2025-03-18,2025-03-18 00:00:00,1230.339237114176,29306775.0,1230.8556103963917,1239.4824935972383,1221.0969115592968,SPY,index,True
2025-03-19,2025-03-19 00:00:00,1230.3367283042085,48871361.0,1235.937547240277,1236.8661936474493,1218.3594902520322,SPY,index,True
2025-03-20,2025-03-20 00:00:00,1235.590297812548,21209687.0,1238.769013410066,1245.1780614078136,1225.8313421723765,SPY,index,True
2025-03-21,2025-03-21 00:00:00,1238.7819937599675,48497464.0,1231.3199671825657,1240.9434474525171,1219.9909600964374,SPY,index,True
2025-03-24,2025-03-24 00:00:00,1231.4015696695785,45568097.0,1228.555965662935,1233.226978420727,1221.2504620440714,SPY,index,True
2025-03-25,2025-03-25 00:00:00,1228.7565175423392,21436037.0,1234.6246977809303,1243.171553895055,1227.216252928117,SPY,index,True
2025-03-26,2025-03-26 00:00:00,1234.7865801552166,10449832.0,1241.964353308676,1253.8435596126624,1226.378488306721,SPY,index,True
2025-03-27,2025-03-27 00:00:00,1241.426659242892,28313526.0,1241.969455448921,1242.444217948223,1232.973755669124,SPY,index,True
2025-03-28,2025-03-28 00:00:00,1242.1667839937809,10543829.0,1251.1045254465698,1260.61387370379,1231.6715541671115,SPY,index,True
2025-03-31,2025-03-31 00:00:00,1251.2969226684347,16792517.0,1240.4047844669324,1261.268759576392,1236.1849881365426,SPY,index,True
2025-04-01,2025-04-01 00:00:00,1240.1852613065423,8852778.0,1242.8564177748078,1252.3225561195775,1230.1853454835743,SPY,index,True
2025-04-02,2025-04-02 00:00:00,1243.2686454261602,36866459.0,1254.541444251872,1262.1339851341936,1231.559224669486,SPY,index,True
2025-04-03,2025-04-03 00:00:00,1254.7751659336727,39231696.0,1267.2943770748766,1268.0285257145356,1246.2086206899673,SPY,index,True
2025-04-04,2025-04-04 00:00:00,1267.1132874330033,9083842.0,1259.0746509303608,1269.5535996257465,1246.7856088624346,SPY,index,True
2025-04-07,2025-04-07 00:00:00,1258.9601594926403,24979172.0,1255.9776482406985,1263.744161604661,1247.3084185136595,SPY,index,True
2025-04-08,2025-04-08 00:00:00,1255.7411604583276,34411932.0,1255.5695662572361,1266.4620640748747,1254.1064880991257,SPY,index,True
2025-04-09,2025-04-09 00:00:00,1255.2462879288526,37972892.0,1265.917462766887,1276.0322065230189,1254.6261219916541,SPY,index,True
2025-04-10,2025-04-10 00:00:00,1265.4441878132648,31630187.0,1276.181387485759,1288.4831204062664,1263.4606630427004,SPY,index,True
2025-04-11,2025-04-11 00:00:00,1275.9468328842686,38493854.0,1278.2804531158786,1280.5837875200505,1266.6885119973263,SPY,index,True
2025-04-14,2025-04-14 00:00:00,1278.536453423467,41827500.0,1277.7144786270853,1286.4302976039255,1275.5615326989596,SPY,index,True
2025-04-15,2025-04-15 00:00:00,1278.021935851134,44703345.0,1267.644479885443,1288.735575203945,1259.9931204509978,SPY,index,True
2025-04-16,2025-04-16 00:00:00,1268.0073140733568,22894931.0,1280.780346600325,1293.4991912198655,1261.8830658026566,SPY,index,True
2025-04-17,2025-04-17 00:00:00,1280.77353127516,23918197.0,1280.8989566419084,1290.972902750058,1270.2912101158304,SPY,index,True
2025-04-18,2025-04-18 00:00:00,1281.2670810352754,37438697.0,1290.863470638974,1292.7139863729274,1272.9399040054357,SPY,index,True
2025-04-21,2025-04-21 00:00:00,1290.9155691734468,37011375.0,1301.4552199200539,1311.5282152379089,1284.9802956515623,SPY,index,True
2025-04-22,2025-04-22 00:00:00,1301.6458973193878,39154898.0,1309.7020455619167,1317.7693248330381,1301.162990825951,SPY,index,True
2025-04-23,2025-04-23 00:00:00,1310.0502741844664,15575473.0,1310.760100933081,1321.6394286554826,1305.3080797195223,SPY,index,True
2025-04-24,2025-04-24 00:00:00,1310.7957503465682,46661556.0,1314.14526962244,1321.8350111626019,1305.2336749823223,SPY,index,True
2025-04-25,2025-04-25 00:00:00,1313.5696047373729,33345895.0,1308.5362124361561,1326.472397165322,1306.351465313076,SPY,index,True
2025-04-28,2025-04-28 00:00:00,1308.3993898858055,28743694.0,1317.631340824007,1330.208154059406,1298.0925678512272,SPY,index,True
2025-04-29,2025-04-29 00:00:00,1317.6480758644154,12309955.0,1315.7124730811238,1324.8459346087946,1311.3991237646119,SPY,index,True
2025-04-30,2025-04-30 00:00:00,1315.8353895225516,14651877.0,1322.2954778468404,1326.5520268231614,1315.0174495984584,SPY,index,True
2025-05-01,2025-05-01 00:00:00,1322.4510679134655,6061180.0,1327.1848062598265,1337.9127881906438,1318.2384018497114,SPY,index,True
2025-05-02,2025-05-02 00:00:00,1327.6467820335017,32494063.0,1327.4735572478146,1330.2748427814327,1316.2329915936384,SPY,index,True
2025-05-05,2025-05-05 00:00:00,1326.909811720223,9455722.0,1314.4011530205944,1337.6839879553368,1303.279512989807,SPY,index,True
2025-05-06,2025-05-06 00:00:00,1314.718138465981,44394049.0,1302.194587971912,1319.216221797105,1291.2704858704149,SPY,index,True
2025-05-07,2025-05-07 00:00:00,1302.1072632136977,43556727.0,1295.3249994910482,1311.6146745058516,1286.990199536572,SPY,index,True
2025-05-08,2025-05-08 00:00:00,1295.7113994693977,16734974.0,1286.6827369553655,1304.7420592007397,1284.9275155794403,SPY,index,True
2025-05-09,2025-05-09 00:00:00,1287.1210494871266,38147312.0,1276.1414095127684,1292.4420452951892,1270.4554556761054,SPY,index,True
2025-05-12,2025-05-12 00:00:00,1275.5876006339925,15241993.0,1285.293432560875,1287.3104858553227,1271.953722003749,SPY,index,True
2025-05-13,2025-05-13 00:00:00,1285.193483146697,16364796.0,1290.004926548113,1302.464383561145,1278.2552463738575,SPY,index,True
2025-05-14,2025-05-14 00:00:00,1289.8979983170755,16964909.0,1301.4660599873318,1312.2109998218484,1285.0183264493305,SPY,index,True
2025-05-15,2025-05-15 00:00:00,1300.9696656767285,21782309.0,1289.2183676020531,1313.050547380419,1282.9192929912992,SPY,index,True
2025-05-16,2025-05-16 00:00:00,1289.197800056232,38917792.0,1276.5756710395935,1300.9146079002344,1265.9032703456392,SPY,index,True
2025-05-19,2025-05-19 00:00:00,1276.7653358384382,45183492.0,1266.6681349882801,1277.594606325899,1256.4028878232843,SPY,index,True
2025-05-20,2025-05-20 00:00:00,1266.3689856401725,41956974.0,1269.7895934375356,1275.4191045081734,1256.4034683596828,SPY,index,True
2025-05-21,2025-05-21 00:00:00,1269.661906627052,29319652.0,1262.9234583210118,1275.8180131279992,1259.5572158292239,SPY,index,True
2025-05-22,2025-05-22 00:00:00,1262.8574645783376,11582102.0,1252.4029504600094,1265.2453239533131,1245.8060711552191,SPY,index,True
2025-05-23,2025-05-23 00:00:00,1252.2920456685954,45661134.0,1255.716870444225,1267.2540093244872,1251.825898885223,SPY,index,True
2025-05-26,2025-05-26 00:00:00,1255.6034794080724,27135124.0,1262.7938651931076,1273.8799147170223,1247.5833391593424,SPY,index,True
2025-05-27,2025-05-27 00:00:00,1263.2029098288635,21752567.0,1252.3424418259917,1263.3045674828431,1245.7178493765753,SPY,index,True
2025-05-28,2025-05-28 00:00:00,1252.4683888850948,34122384.0,1244.5175223824574,1259.0906526079848,1236.2013879269346,SPY,index,True
2025-05-29,2025-05-29 00:00:00,1244.620386315731,48917374.0,1246.3375200254388,1247.7770026008766,1242.0451422297858,SPY,index,True
2025-05-30,2025-05-30 00:00:00,1246.755473382934,40225198.0,1245.9988489591449,1256.3127861632697,1234.8193890589607,SPY,index,True
2025-06-02,2025-06-02 00:00:00,1246.0927711976942,15656502.0,1234.9566463368167,1249.5877803518881,1228.3359423390207,SPY,index,True
2025-06-03,2025-06-03 00:00:00,1234.6487370202474,24515164.0,1227.0851362848234,1246.9067914057305,1223.53248815839,SPY,index,True
2025-06-04,2025-06-04 00:00:00,1227.2725570263217,36591572.0,1235.0363081760656,1241.2880211777967,1216.2027698551394,SPY,index,True
2025-06-05,2025-06-05 00:00:00,1235.0328546367605,20938816.0,1226.3580066534216,1246.9185025214215,1222.2610685695488,SPY,index,True
2025-06-06,2025-06-06 00:00:00,1226.7897450552057,35147491.0,1216.765207959176,1236.4345541904743,1211.8528618587588,SPY,index,True
2025-06-09,2025-06-09 00:00:00,1216.6695785401303,13687633.0,1222.278110310893,1233.3742187952125,1215.1327668317927,SPY,index,True
2025-06-10,2025-06-10 00:00:00,1222.6044255675008,9606751.0,1227.4625067259276,1231.0396295848725,1211.191764460228,SPY,index,True
2025-06-11,2025-06-11 00:00:00,1226.993742683732,28361312.0,1215.6974838438018,1231.8744483337975,1208.304471017961,SPY,index,True
2025-06-12,2025-06-12 00:00:00,1215.8550477982553,46350812.0,1226.9312600286712,1236.8001912192044,1215.3100587119575,SPY,index,True
2025-06-13,2025-06-13 00:00:00,1226.4075442333412,29495835.0,1230.0277797030244,1236.5544737736686,1215.6977482231528,SPY,index,True
2025-06-16,2025-06-16 00:00:00,1230.1156462972265,21085271.0,1227.3709474900893,1238.5084031779274,1217.5751990410267,SPY,index,True
2025-06-17,2025-06-17 00:00:00,1227.115126109536,7592272.0,1239.14420546117,1240.51314500127,1221.4838104158632,SPY,index,True
2025-06-18,2025-06-18 00:00:00,1239.5124772585034,10722073.0,1236.2419343524302,1250.9766383608235,1235.2868211858322,SPY,index,True
2025-06-19,2025-06-19 00:00:00,1236.3355348465523,36055825.0,1235.803001800884,1247.7680805508987,1235.469291902165,SPY,index,True
2025-06-20,2025-06-20 00:00:00,1235.9003749581123,49035589.0,1227.4772462696628,1245.7590862903473,1215.2370097265307,SPY,index,True
2025-06-23,2025-06-23 00:00:00,1227.790717771095,45682095.0,1236.301353560754,1236.5679735501021,1224.6988674220327,SPY,index,True
2025-06-24,2025-06-24 00:00:00,1236.4553485586714,20708294.0,1242.2227952245248,1253.8157214404828,1232.7857219340322,SPY,index,True
2025-06-25,2025-06-25 00:00:00,1242.5939984857632,14844986.0,1237.057541175804,1242.879267690827,1232.88790473444,SPY,index,True
2025-06-26,2025-06-26 00:00:00,1236.96641883251,32244427.0,1245.769473053486,1251.8238026605059,1235.1064672836035,SPY,index,True
2025-06-27,2025-06-27 00:00:00,1245.485784407697,5337081.0,1235.3877504528539,1256.276890268267,1227.2844446369363,SPY,index,True
2025-06-30,2025-06-30 00:00:00,1235.1478094687013,27043871.0,1244.1116843535165,1254.1348815722959,1227.5246458650142,SPY,index,True
2025-07-01,2025-07-01 00:00:00,1244.2907834326948,32061526.0,1255.8726479391983,1262.874327403027,1244.2713065667704,SPY,index,True
2025-07-02,2025-07-02 00:00:00,1256.247361394939,18777522.0,1252.9592056047923,1256.5857143974195,1240.7483684239373,SPY,index,True
2025-07-03,2025-07-03 00:00:00,1252.7741683322517,24188547.0,1249.8017274377598,1255.3268311393629,1246.088517147101,SPY,index,True
2025-07-04,2025-07-04 00:00:00,1250.2154162770114,19776992.0,1259.1461274572848,1270.684035730429,1245.2644199221102,SPY,index,True
2025-07-07,2025-07-07 00:00:00,1258.6535491121774,30868304.0,1247.1581452916391,1260.9072986523815,1244.8214505093927,SPY,index,True
2025-07-08,2025-07-08 00:00:00,1246.6309953522295,17727405.0,1243.2916726300127,1258.907345905586,1241.7702466812564,SPY,index,True
2025-07-09,2025-07-09 00:00:00,1243.2366511187925,33706109.0,1240.0949603432382,1243.9603305557073,1227.7477749458449,SPY,index,True
2025-07-10,2025-07-10 00:00:00,1240.3137001850491,31782067.0,1250.1210246648286,1262.1379025563256,1238.5780086419554,SPY,index,True
2025-07-11,2025-07-11 00:00:00,1250.0231607312467,45105337.0,1261.6233246541403,1271.3684916790617,1239.2063320385375,SPY,index,True
2025-07-14,2025-07-14 00:00:00,1261.7433934424319,6702690.0,1252.2012887424735,1266.2390027684223,1241.2608275691246,SPY,index,True
2025-07-15,2025-07-15 00:00:00,1252.4423851048793,39024553.0,1252.0,1253.3839970405697,1242.0436954672034,SPY,index,True
2024-11-06,2024-11-06 00:00:00,1129.6934064876518,34464520.0,1140.6399765859808,1142.9100795293837,1121.700404148172,QQQ,index,True
2024-11-07,2024-11-07 00:00:00,1140.886019437589,15903760.0,1134.6648113203883,1146.0086527075173,1128.280289355371,QQQ,index,True
2024-11-08,2024-11-08 00:00:00,1134.4287367636266,40047845.0,1124.9938180456174,1138.6136089005279,1124.5472374432156,QQQ,index,True
2024-11-11,2024-11-11 00:00:00,1124.9238188654053,46085842.0,1129.8270468885962,1133.2770706042127,1123.4037335321916,QQQ,index,True
2024-11-12,2024-11-12 00:00:00,1130.2250603288376,30134269.0,1136.3965538309722,1147.6786105707665,1128.9080107223367,QQQ,index,True
2024-11-13,2024-11-13 00:00:00,1136.4134683852617,12050772.0,1136.2571306137866,1140.0818786651425,1127.9515040916503,QQQ,index,True
2024-11-14,2024-11-14 00:00:00,1135.981082536742,23604487.0,1146.5855448854786,1158.0436830520719,1133.9031712367864,QQQ,index,True
2024-11-15,2024-11-15 00:00:00,1146.8377944638319,27787814.0,1138.25263504358,1154.906193280618,1129.220342496127,QQQ,index,True
2024-11-18,2024-11-18 00:00:00,1138.195611383318,37647680.0,1135.8447258512415,1146.5170962235163,1133.8231620323106,QQQ,index,True
2024-11-19,2024-11-19 00:00:00,1135.3882713540368,11380825.0,1134.0338208021528,1144.4837941318106,1123.593042103932,QQQ,index,True
2024-11-20,2024-11-20 00:00:00,1134.1007704146,17431011.0,1123.6338402783153,1141.7440231518342,1114.293991146882,QQQ,index,True
2024-11-21,2024-11-21 00:00:00,1123.5918052850639,24754737.0,1126.6207936062094,1126.9852699309727,1122.2538359078958,QQQ,index,True
2024-11-22,2024-11-22 00:00:00,1126.5640631610102,47687750.0,1131.732511426022,1140.64230893916,1117.7170033499688,QQQ,index,True
2024-11-25,2024-11-25 00:00:00,1131.7189120876915,9236297.0,1133.6811294532836,1142.1446062742916,1125.0118771838618,QQQ,index,True
2024-11-26,2024-11-26 00:00:00,1133.760629593631,30223179.0,1129.7927920989116,1143.941433731487,1120.749218034251,QQQ,index,True
2024-11-27,2024-11-27 00:00:00,1129.4836715980068,44071976.0,1133.1575901066228,1139.8487105405145,1129.080805285274,QQQ,index,True
2024-11-28,2024-11-28 00:00:00,1132.898665008311,32444997.0,1138.3017967350493,1147.4313080171119,1130.177191986444,QQQ,index,True
2024-11-29,2024-11-29 00:00:00,1138.6281933933062,45308474.0,1142.0177024228997,1143.1174289575567,1133.944350761658,QQQ,index,True
2024-12-02,2024-12-02 00:00:00,1142.3242888737036,38085150.0,1147.3475071022826,1155.0974901451123,1139.573936642178,QQQ,index,True
2024-12-03,2024-12-03 00:00:00,1147.2493362253551,49295949.0,1158.6354363482415,1169.3228671965994,1142.0797723746075,QQQ,index,True
2024-12-04,2024-12-04 00:00:00,1159.0294818426726,14191056.0,1159.2322346030305,1163.561235640384,1153.713288762794,QQQ,index,True
2024-12-05,2024-12-05 00:00:00,1159.3386202380357,17811421.0,1156.0163518995057,1160.0699130331948,1150.8221627348228,QQQ,index,True
2024-12-06,2024-12-06 00:00:00,1156.1653926585966,16779310.0,1148.3943474028688,1157.0811211827436,1141.5913531564133,QQQ,index,True
2024-12-09,2024-12-09 00:00:00,1148.219688024462,48015096.0,1139.9499556627816,1154.8649321917967,1131.276545196006,QQQ,index,True
2024-12-10,2024-12-10 00:00:00,1139.944610592199,26373673.0,1129.849153890885,1143.130481805512,1127.0111319632324,QQQ,index,True
2024-12-11,2024-12-11 00:00:00,1129.7733936676793,20142711.0,1120.3502286184566,1132.7105637014354,1114.2235373749975,QQQ,index,True
2024-12-12,2024-12-12 00:00:00,1120.0285610213323,39603560.0,1109.2466052928112,1127.361880514743,1104.0508318425927,QQQ,index,True
2024-12-13,2024-12-13 00:00:00,1109.1054327871684,24185227.0,1118.8859360661043,1119.0283918159953,1103.0540760833198,QQQ,index,True
2024-12-16,2024-12-16 00:00:00,1119.0428572577841,36437384.0,1109.435662917942,1125.2890273294263,1098.4590887131972,QQQ,index,True
2024-12-17,2024-12-17 00:00:00,1108.9724701276023,31428007.0,1107.6274677341096,1111.1161388976975,1099.2153028425075,QQQ,index,True
2024-12-18,2024-12-18 00:00:00,1107.2084480332587,14117272.0,1104.4000984375075,1112.520938824214,1100.7998872189962,QQQ,index,True
2024-12-19,2024-12-19 00:00:00,1104.6742536257045,6173197.0,1103.7199874791631,1108.0906620952762,1102.5355541562267,QQQ,index,True
2024-12-20,2024-12-20 00:00:00,1103.7639810696458,21945887.0,1097.3042126029077,1104.9108742282303,1095.0363532357035,QQQ,index,True
2024-12-23,2024-12-23 00:00:00,1097.2940180993705,13122682.0,1088.174536523702,1103.029342544624,1077.8245953643657,QQQ,index,True
2024-12-24,2024-12-24 00:00:00,1088.061638386011,22308976.0,1092.659469373452,1102.2622787879852,1083.7457636348051,QQQ,index,True
2024-12-25,2024-12-25 00:00:00,1092.2919426662677,18711020.0,1093.2455435103143,1099.3012349120554,1086.6248152421958,QQQ,index,True
2024-12-26,2024-12-26 00:00:00,1093.357568561025,35986561.0,1099.5851871211137,1105.2080690962466,1091.1528766559156,QQQ,index,True
2024-12-27,2024-12-27 00:00:00,1099.5185615192922,6991590.0,1110.5641949430928,1116.0825252722275,1096.16109586927,QQQ,index,True
2024-12-30,2024-12-30 00:00:00,1110.5753822327963,43554356.0,1117.251696637314,1123.9010970276343,1100.77525493225,QQQ,index,True
2024-12-31,2024-12-31 00:00:00,1116.7801823226057,29533089.0,1111.606505173145,1126.505239641047,1110.213239601242,QQQ,index,True
2025-01-01,2025-01-01 00:00:00,1111.1422098647402,35426020.0,1114.7379450835076,1116.1373406444877,1105.1295844545841,QQQ,index,True
2025-01-02,2025-01-02 00:00:00,1114.296240005242,14588497.0,1122.3388611168637,1130.2814977235946,1109.2186989209645,QQQ,index,True
2025-01-03,2025-01-03 00:00:00,1121.8631024545991,26176715.0,1127.2512646792022,1135.287235876646,1112.9601541858879,QQQ,index,True
2025-01-06,2025-01-06 00:00:00,1127.219417205781,33041034.0,1137.7212766738135,1146.2272244504832,1116.9416196727202,QQQ,index,True
2025-01-07,2025-01-07 00:00:00,1137.7705076984428,17378908.0,1131.4195508656169,1148.5270702656005,1124.1389511357988,QQQ,index,True
2025-01-08,2025-01-08 00:00:00,1131.8258217774362,6566283.0,1126.1201294334298,1132.080096638385,1116.3522385870733,QQQ,index,True
2025-01-09,2025-01-09 00:00:00,1126.5248075324548,11424125.0,1134.5739135174424,1145.5911646865009,1119.3428942035175,QQQ,index,True
2025-01-10,2025-01-10 00:00:00,1134.0971777217028,44893956.0,1133.1168544589855,1140.7542968771272,1128.8759438004115,QQQ,index,True
2025-01-13,2025-01-13 00:00:00,1132.8608022097335,25808999.0,1122.3419388901318,1140.598744836654,1119.4802899268004,QQQ,index,True
2025-01-14,2025-01-14 00:00:00,1121.9031642065158,26107981.0,1112.3820319996541,1128.7986277432678,1105.6154156237524,QQQ,index,True
2025-01-15,2025-01-15 00:00:00,1112.433016482267,36834134.0,1121.496072253826,1132.0414887046036,1111.9318302073511,QQQ,index,True
2025-01-16,2025-01-16 00:00:00,1121.4115024839352,10656004.0,1119.5913557466752,1128.552374019792,1110.7519731388334,QQQ,index,True
2025-01-17,2025-01-17 00:00:00,1119.8058987366596,46519474.0,1116.4439306337035,1128.8594451772474,1114.136211068358,QQQ,index,True
2025-01-20,2025-01-20 00:00:00,1116.463449437258,29098991.0,1113.236634891666,1127.5005492888836,1113.1434644262613,QQQ,index,True
2025-01-21,2025-01-21 00:00:00,1113.155291148405,12997653.0,1107.6290039471241,1123.8129935473958,1101.5456186904762,QQQ,index,True
2025-01-22,2025-01-22 00:00:00,1107.3902175316182,40893521.0,1106.3964590764203,1108.7845224159937,1104.8296240066857,QQQ,index,True
2025-01-23,2025-01-23 00:00:00,1105.9779708931383,5638434.0,1104.1743698927874,1107.6619028108328,1095.257828328331,QQQ,index,True
2025-01-24,2025-01-24 00:00:00,1104.527716726965,17472613.0,1097.779492621882,1112.741147266565,1087.876616949352,QQQ,index,True
2025-01-27,2025-01-27 00:00:00,1097.8826211393896,16094697.0,1105.7654164334547,1109.5757253880413,1088.966936995319,QQQ,index,True
2025-01-28,2025-01-28 00:00:00,1105.8775023854812,26778126.0,1116.2138059200754,1119.7074589153626,1101.6615842270596,QQQ,index,True
2025-01-29,2025-01-29 00:00:00,1116.1989399951144,37532306.0,1113.79567359695,1124.6262005256797,1111.6704175296093,QQQ,index,True
2025-01-30,2025-01-30 00:00:00,1114.0578123453924,15526804.0,1114.9346940418945,1122.4224462926954,1109.3498509076026,QQQ,index,True
2025-01-31,2025-01-31 00:00:00,1114.8551525460196,25937984.0,1112.2514615162129,1125.6811109862485,1107.354731854601,QQQ,index,True
2025-02-03,2025-02-03 00:00:00,1111.8217290844052,10613496.0,1108.2556279009864,1120.7129162766585,1100.4708094022296,QQQ,index,True
2025-02-04,2025-02-04 00:00:00,1108.1605240591443,16980888.0,1100.6641868718905,1114.7008100338116,1094.1622494127375,QQQ,index,True
2025-02-05,2025-02-05 00:00:00,1100.612832669166,39730613.0,1105.8564647891792,1107.0913896527086,1092.7465495149152,QQQ,index,True
2025-02-06,2025-02-06 00:00:00,1105.6344128946816,27077556.0,1111.3095531352749,1119.558707014702,1100.1668492238819,QQQ,index,True
2025-02-07,2025-02-07 00:00:00,1111.4055040512608,15790038.0,1119.3953863043946,1126.4286758872413,1102.0890127855394,QQQ,index,True
2025-02-10,2025-02-10 00:00:00,1119.5787360618408,31797152.0,1113.7323933375726,1122.8671928548385,1109.3019037506606,QQQ,index,True
2025-02-11,2025-02-11 00:00:00,1114.1225076526002,16629198.0,1113.667456483328,1114.558979723399,1104.6556564998175,QQQ,index,True
2025-02-12,2025-02-12 00:00:00,1113.3665087294046,16086118.0,1119.5456123464019,1128.475583314923,1111.429856641724,QQQ,index,True
2025-02-13,2025-02-13 00:00:00,1119.5613420457876,18889553.0,1125.5139217158203,1133.8106004396982,1118.522781777958,QQQ,index,True
2025-02-14,2025-02-14 00:00:00,1125.3219606273105,36405595.0,1133.0393553847757,1136.5730111373343,1118.1436330601955,QQQ,index,True
2025-02-17,2025-02-17 00:00:00,1133.0546180032686,43643278.0,1122.2701763645985,1133.3342865243083,1115.2255624705165,QQQ,index,True
2025-02-18,2025-02-18 00:00:00,1121.9572457677002,5512021.0,1124.0788244342345,1125.5928154416802,1119.0354683785265,QQQ,index,True
2025-02-19,2025-02-19 00:00:00,1124.3190704379272,23375450.0,1125.0927845251051,1126.4819056778467,1118.1438853826912,QQQ,index,True
2025-02-20,2025-02-20 00:00:00,1125.3887233925464,9235506.0,1121.2376439400223,1135.7822876377995,1111.6609624343046,QQQ,index,True
2025-02-21,2025-02-21 00:00:00,1120.8209200680385,35775539.0,1123.276809934819,1129.2659715437671,1120.5124971239372,QQQ,index,True
2025-02-24,2025-02-24 00:00:00,1123.6433000117324,47562965.0,1124.4871207732558,1125.1450108363288,1114.6914573079448,QQQ,index,True
2025-02-25,2025-02-25 00:00:00,1124.1218901126322,8584430.0,1121.1953911038313,1130.2722226004091,1115.8593225858306,QQQ,index,True
2025-02-26,2025-02-26 00:00:00,1121.182713051866,46907677.0,1127.7018838254194,1128.7802711332079,1111.6148079824256,QQQ,index,True
2025-02-27,2025-02-27 00:00:00,1127.5765739368992,28710406.0,1134.1596107972196,1139.3134596574587,1127.4113242696694,QQQ,index,True
2025-02-28,2025-02-28 00:00:00,1134.5492189740785,16055970.0,1132.9233374598055,1136.8314483273407,1131.0654573901443,QQQ,index,True
2025-03-03,2025-03-03 00:00:00,1132.897386941738,5869829.0,1133.2835202096055,1140.7685848729527,1123.785584934801,QQQ,index,True
2025-03-04,2025-03-04 00:00:00,1133.229174551459,25202564.0,1143.0463528785683,1145.7930748743179,1130.297171227544,QQQ,index,True
2025-03-05,2025-03-05 00:00:00,1143.1205125378492,14523936.0,1139.5715421940217,1154.1338277626485,1128.4426219684772,QQQ,index,True
2025-03-06,2025-03-06 00:00:00,1139.1157003246776,34774529.0,1145.919926322642,1152.8572791787215,1129.3489329762458,QQQ,index,True
2025-03-07,2025-03-07 00:00:00,1146.1301514630075,19773804.0,1142.2623747376686,1147.785669587037,1134.2625736244447,QQQ,index,True
2025-03-10,2025-03-10 00:00:00,1141.9919280738845,27255023.0,1134.0549341985566,1149.509672092012,1132.1168213799458,QQQ,index,True
2025-03-11,2025-03-11 00:00:00,1134.313680591249,43952170.0,1143.5250012009137,1147.1684020286732,1128.2138851637646,QQQ,index,True
2025-03-12,2025-03-12 00:00:00,1143.3177005546806,43402963.0,1147.3304706633921,1155.1740585100401,1140.4717472569498,QQQ,index,True
2025-03-13,2025-03-13 00:00:00,1147.1856108958982,44614809.0,1144.095889990945,1157.4953062858785,1143.1948801187698,QQQ,index,True
2025-03-14,2025-03-14 00:00:00,1143.9419066362418,38900363.0,1145.1040510551618,1152.2326822732487,1137.0738710219916,QQQ,index,True
2025-03-17,2025-03-17 00:00:00,1145.4849323132123,14248513.0,1154.6833752541004,1165.0383483295059,1142.4192034216371,QQQ,index,True
2025-03-18,2025-03-18 00:00:00,1154.201515764809,23026910.0,1144.7182729678104,1160.8183542589786,1142.415013442952,QQQ,index,True
2025-03-19,2025-03-19 00:00:00,1144.6067034165599,39024285.0,1135.0952610715851,1147.3649441304847,1133.999975513945,QQQ,index,True
2025-03-20,2025-03-20 00:00:00,1135.4869674474908,37027297.0,1126.2918614377054,1140.046969716124,1120.5254228686056,QQQ,index,True
2025-03-21,2025-03-21 00:00:00,1126.5841229414218,43441820.0,1118.6229282500688,1135.011234561571,1110.999871869451,QQQ,index,True
2025-03-24,2025-03-24 00:00:00,1118.665157552078,26957106.0,1112.0027793378667,1121.6080525976474,1105.9467972173047,QQQ,index,True
2025-03-25,2025-03-25 00:00:00,1111.9177700875775,13579965.0,1122.704849451868,1126.3114975844283,1110.9381985234077,QQQ,index,True
2025-03-26,2025-03-26 00:00:00,1122.500981028428,19033521.0,1124.506647232922,1134.503716023661,1112.43452296485,QQQ,index,True
2025-03-27,2025-03-27 00:00:00,1124.7405068794274,12093486.0,1123.7349472209876,1133.4587044034295,1119.401922527988,QQQ,index,True
2025-03-28,2025-03-28 00:00:00,1123.7820263278281,33163951.0,1116.0732260556044,1127.391849786975,1107.5768555219627,QQQ,index,True
2025-03-31,2025-03-31 00:00:00,1116.1774671070784,34636223.0,1114.2398035447982,1119.2616957803648,1112.9725234054822,QQQ,index,True
2025-04-01,2025-04-01 00:00:00,1113.8631065110126,22706547.0,1120.5036662955283,1121.6028211218743,1103.0973590889973,QQQ,index,True
2025-04-02,2025-04-02 00:00:00,1120.2808835079304,35385721.0,1121.5550870993486,1130.1652519571278,1113.6222324543603,QQQ,index,True
2025-04-03,2025-04-03 00:00:00,1121.1875434580052,16871858.0,1126.8731685794075,1127.3678535923311,1117.1262526379066,QQQ,index,True
2025-04-04,2025-04-04 00:00:00,1127.2766242573575,43706902.0,1135.4443512056314,1136.6260959097647,1116.9930251507278,QQQ,index,True
2025-04-07,2025-04-07 00:00:00,1135.1047678434659,22119167.0,1142.6095236907768,1149.1721895286055,1125.1711669881033,QQQ,index,True
2025-04-08,2025-04-08 00:00:00,1142.3911369243378,31246333.0,1153.720928231755,1154.4333949904299,1141.2430218716756,QQQ,index,True
2025-04-09,2025-04-09 00:00:00,1153.947739971008,45135362.0,1154.1625439918407,1160.4139790269487,1149.6677344621214,QQQ,index,True
2025-04-10,2025-04-10 00:00:00,1154.134573503621,42763606.0,1146.424594958702,1158.077920639924,1138.9729013694582,QQQ,index,True
2025-04-11,2025-04-11 00:00:00,1146.790900336558,26359553.0,1153.5642339442422,1164.7175425250614,1145.8102134575895,QQQ,index,True
2025-04-14,2025-04-14 00:00:00,1153.2126646474367,45996855.0,1152.8272493290503,1158.7846343510678,1147.7863128668416,QQQ,index,True
2025-04-15,2025-04-15 00:00:00,1152.6122830188492,21551746.0,1149.08338597566,1154.0630868968558,1143.824866838111,QQQ,index,True
2025-04-16,2025-04-16 00:00:00,1149.3276576472233,40489126.0,1156.763965614116,1163.5636610295676,1140.8566220037947,QQQ,index,True
2025-04-17,2025-04-17 00:00:00,1156.873960329645,36159992.0,1168.0338239406049,1168.9008607322746,1148.798895213054,QQQ,index,True
2025-04-18,2025-04-18 00:00:00,1167.6745647813052,5583592.0,1165.902173194372,1168.9050531230678,1158.4382941483718,QQQ,index,True
2025-04-21,2025-04-21 00:00:00,1166.2107688249584,49673636.0,1169.2758261592378,1174.6175398120865,1160.2107799406706,QQQ,index,True
2025-04-22,2025-04-22 00:00:00,1169.2412987877033,9290682.0,1162.249997687582,1177.6072624932644,1157.7944820020666,QQQ,index,True
2025-04-23,2025-04-23 00:00:00,1161.9591051599946,36717212.0,1155.444939699114,1166.9206774701918,1151.474153177985,QQQ,index,True
2025-04-24,2025-04-24 00:00:00,1155.3036809508353,13530874.0,1163.1511683934566,1164.1932401194567,1150.7307714072817,QQQ,index,True
2025-04-25,2025-04-25 00:00:00,1162.8156634881364,31331662.0,1154.3534938897553,1170.4243624844362,1145.969020858808,QQQ,index,True
2025-04-28,2025-04-28 00:00:00,1153.929080999854,37439881.0,1142.7720537143193,1161.7660970450404,1133.7252421568546,QQQ,index,True
2025-04-29,2025-04-29 00:00:00,1143.0245395749948,7665246.0,1143.2940773122552,1150.896177860096,1136.7473106418,QQQ,index,True
2025-04-30,2025-04-30 00:00:00,1142.8094621084554,9135070.0,1138.7039584821243,1152.8809290682548,1136.4874530220989,QQQ,index,True
2025-05-01,2025-05-01 00:00:00,1138.8480411696282,5230426.0,1134.7424196380496,1142.0468154173097,1126.2517451816282,QQQ,index,True
2025-05-02,2025-05-02 00:00:00,1134.8931648624489,9004541.0,1134.8485969716144,1134.942821490543,1126.1726922725265,QQQ,index,True
2025-05-05,2025-05-05 00:00:00,1135.0094757077768,8450215.0,1135.7970610485625,1142.7463748157634,1133.4089324915233,QQQ,index,True
2025-05-06,2025-05-06 00:00:00,1135.549951963739,30906739.0,1137.287547457673,1144.5024066746994,1124.5531081654003,QQQ,index,True
2025-05-07,2025-05-07 00:00:00,1137.370373437749,25541203.0,1147.5538629028865,1148.9261236116122,1131.800929456336,QQQ,index,True
2025-05-08,2025-05-08 00:00:00,1147.4619154736024,42287729.0,1147.5560203183466,1157.2820976163416,1145.5670965650722,QQQ,index,True
2025-05-09,2025-05-09 00:00:00,1147.634876163771,34134756.0,1141.3928583983782,1150.6352960519716,1132.7797260566356,QQQ,index,True
2025-05-12,2025-05-12 00:00:00,1141.4219204376905,17264043.0,1144.9589046853444,1149.1544919227154,1139.5912688073715,QQQ,index,True
2025-05-13,2025-05-13 00:00:00,1145.108756729031,16536655.0,1155.0243454042848,1166.5260479747164,1136.8183585389386,QQQ,index,True
2025-05-14,2025-05-14 00:00:00,1154.8258668406238,44948371.0,1149.7046548490855,1157.172970712883,1139.8730028829748,QQQ,index,True
2025-05-15,2025-05-15 00:00:00,1149.6761257126661,37090128.0,1156.8126907319752,1160.7461601252435,1148.2638124131968,QQQ,index,True
2025-05-16,2025-05-16 00:00:00,1156.929968272615,30734265.0,1158.0699351061833,1159.7165684208494,1151.2999311744884,QQQ,index,True
2025-05-19,2025-05-19 00:00:00,1158.1922611898503,20658023.0,1165.9166954809461,1171.2469392457183,1149.7221444215193,QQQ,index,True
2025-05-20,2025-05-20 00:00:00,1165.7134514357415,32919749.0,1175.1142467267525,1186.08272717325,1155.427284402426,QQQ,index,True
2025-05-21,2025-05-21 00:00:00,1175.23307849507,43702245.0,1166.6535310413167,1176.2768048699759,1160.3711414780341,QQQ,index,True
2025-05-22,2025-05-22 00:00:00,1166.9724141628196,30738125.0,1159.359515446018,1167.6410998971446,1148.259055915631,QQQ,index,True
2025-05-23,2025-05-23 00:00:00,1159.4968175601878,48421388.0,1170.7641654431436,1180.400438585019,1150.4580030991074,QQQ,index,True
2025-05-26,2025-05-26 00:00:00,1170.980778684782,18947099.0,1181.4418902811599,1181.86200654319,1167.2791771349725,QQQ,index,True
2025-05-27,2025-05-27 00:00:00,1181.568223017214,14267771.0,1191.1514632142932,1195.0242765831722,1174.1077495367938,QQQ,index,True
2025-05-28,2025-05-28 00:00:00,1191.07228035369,31442562.0,1179.3994636592959,1193.0814700210701,1173.2712935798913,QQQ,index,True
2025-05-29,2025-05-29 00:00:00,1179.6241609315957,10657917.0,1185.5849258282813,1196.719468403228,1175.6727983532944,QQQ,index,True
2025-05-30,2025-05-30 00:00:00,1185.8384621155342,5508067.0,1194.6203132249632,1195.5727598315189,1175.562522855944,QQQ,index,True
2025-06-02,2025-06-02 00:00:00,1194.8521776564412,13495656.0,1199.6913252336265,1208.4443330299353,1187.5691721498772,QQQ,index,True
2025-06-03,2025-06-03 00:00:00,1199.3264007529756,25371195.0,1209.647362616414,1210.1233720475466,1197.0897409826152,QQQ,index,True
2025-06-04,2025-06-04 00:00:00,1209.3669995161993,40345641.0,1221.1298133368564,1228.6223929965124,1209.3241340376862,QQQ,index,True
2025-06-05,2025-06-05 00:00:00,1220.9194066459515,39745448.0,1226.0543470836199,1228.6947666236952,1210.3189837164557,QQQ,index,True
2025-06-06,2025-06-06 00:00:00,1226.4297238847319,28232259.0,1231.8806172087561,1241.8408575362741,1215.5997304384493,QQQ,index,True
2025-06-09,2025-06-09 00:00:00,1232.3103667314217,32928202.0,1229.8544035068192,1236.2815209172093,1218.2588072264627,QQQ,index,True
2025-06-10,2025-06-10 00:00:00,1229.6395981417097,7247951.0,1224.2342287480658,1240.4413864333005,1218.8845327955314,QQQ,index,True
2025-06-11,2025-06-11 00:00:00,1223.9829608596292,36304171.0,1218.8920076229529,1236.1410772775428,1214.0678462068865,QQQ,index,True
2025-06-12,2025-06-12 00:00:00,1219.072151527657,44303403.0,1226.732658265586,1234.0508997748948,1219.0479593244524,QQQ,index,True
2025-06-13,2025-06-13 00:00:00,1226.6344707110443,6207330.0,1222.6098029797809,1229.9946890325637,1217.2758614454567,QQQ,index,True
2025-06-16,2025-06-16 00:00:00,1222.094638564535,16704481.0,1223.1428934476476,1228.9840549638095,1215.813200467282,QQQ,index,True
2025-06-17,2025-06-17 00:00:00,1222.6211614100446,48914419.0,1226.8721816572422,1235.0424133603553,1213.7123097341375,QQQ,index,True
2025-06-18,2025-06-18 00:00:00,1226.6406126033617,47295110.0,1228.2472684194427,1234.1405432249744,1223.483738354592,QQQ,index,True
2025-06-19,2025-06-19 00:00:00,1228.0467130358022,36123672.0,1236.3061330464811,1246.0852184942341,1222.2716694986054,QQQ,index,True
2025-06-20,2025-06-20 00:00:00,1236.3938699711077,24946006.0,1232.744057878464,1237.3951867668288,1228.5478506638676,QQQ,index,True
2025-06-23,2025-06-23 00:00:00,1232.7673924869205,26442618.0,1222.9731393334287,1241.165794303053,1218.4834829624574,QQQ,index,True
2025-06-24,2025-06-24 00:00:00,1222.627250372391,21061283.0,1224.3973334051768,1233.3602511293345,1220.4418538189068,QQQ,index,True
2025-06-25,2025-06-25 00:00:00,1224.023864538536,23239666.0,1234.854682030774,1237.737994658014,1219.7847014444567,QQQ,index,True
2025-06-26,2025-06-26 00:00:00,1234.6344920717947,26748315.0,1247.0450145388618,1254.3873888049147,1230.342620006199,QQQ,index,True
2025-06-27,2025-06-27 00:00:00,1247.1200971890003,47922299.0,1254.5222152065405,1257.8739620169872,1242.3077038441072,QQQ,index,True
2025-06-30,2025-06-30 00:00:00,1254.2995392989558,35525303.0,1250.3531414391343,1266.1199062682638,1240.9518908365092,QQQ,index,True
2025-07-01,2025-07-01 00:00:00,1250.712506263427,36089621.0,1259.5171156303898,1268.853305853647,1244.8263577223336,QQQ,index,True
2025-07-02,2025-07-02 00:00:00,1258.9983413528084,23427478.0,1262.0022947832292,1273.627034478255,1252.4384061354021,QQQ,index,True
2025-07-03,2025-07-03 00:00:00,1261.8159833442785,36969093.0,1249.662799945046,1264.2054354555585,1241.9611943221635,QQQ,index,True
2025-07-04,2025-07-04 00:00:00,1249.951482993019,39973301.0,1245.1687542603077,1259.8869101973903,1237.3634773979315,QQQ,index,True
2025-07-07,2025-07-07 00:00:00,1245.526728142977,37425464.0,1252.2431550763372,1257.3465189032863,1243.5889142769647,QQQ,index,True
2025-07-08,2025-07-08 00:00:00,1251.9693754638915,25284667.0,1260.2278011841152,1262.1898223458707,1246.7274951718384,QQQ,index,True
2025-07-09,2025-07-09 00:00:00,1260.0846787375265,8645405.0,1263.7265507217398,1270.3517167421649,1257.306349880494,QQQ,index,True
2025-07-10,2025-07-10 00:00:00,1263.5561999332026,42669548.0,1261.9681223409955,1274.530637423745,1251.6011124804857,QQQ,index,True
2025-07-11,2025-07-11 00:00:00,1261.9840432109643,9700359.0,1262.2077969352345,1270.278472613034,1255.7427517041738,QQQ,index,True
2025-07-14,2025-07-14 00:00:00,1262.1665008395587,7330092.0,1251.0451446124644,1271.6294716086827,1250.8030966172148,QQQ,index,True
2025-07-15,2025-07-15 00:00:00,1250.814204260825,33524197.0,1243.0,1253.1841747030787,1232.751717110136,QQQ,index,True
2024-11-06,2024-11-06 00:00:00,1261.9128675391155,47271524.0,1270.5461035049282,1272.2790477279527,1258.0538834124372,DIA,index,True
2024-11-07,2024-11-07 00:00:00,1270.4879715246095,36870869.0,1272.0904375773284,1274.4499499362641,1267.0727468869495,DIA,index,True
2024-11-08,2024-11-08 00:00:00,1272.519977941703,19069364.0,1277.7540149511074,1285.4289541973917,1262.5966928364187,DIA,index,True
2024-11-11,2024-11-11 00:00:00,1277.6844075565614,21192896.0,1286.0864521880962,1287.4837969718437,1269.5774221025235,DIA,index,True
2024-11-12,2024-11-12 00:00:00,1286.1363952091558,32913708.0,1297.3299296860857,1300.1276660706285,1276.6854239924921,DIA,index,True
2024-11-13,2024-11-13 00:00:00,1297.3789675240216,26041773.0,1293.6771370015376,1299.2400134558543,1286.3481825463255,DIA,index,True
2024-11-14,2024-11-14 00:00:00,1293.5657411887505,5466383.0,1292.6490283873209,1301.485547774013,1283.4618999901006,DIA,index,True
2024-11-15,2024-11-15 00:00:00,1292.1817610652067,32114387.0,1287.4921713636006,1296.785805405189,1278.9926730482423,DIA,index,True
2024-11-18,2024-11-18 00:00:00,1286.9447103340874,36128871.0,1288.913241138853,1297.7811848568379,1281.1780455542246,DIA,index,True
2024-11-19,2024-11-19 00:00:00,1288.4684950609806,33843657.0,1285.802707784514,1296.923267602191,1282.6563672897569,DIA,index,True
2024-11-20,2024-11-20 00:00:00,1286.010755187628,17603356.0,1281.0883230588215,1288.8509742919634,1271.9474658246775,DIA,index,True
2024-11-21,2024-11-21 00:00:00,1280.8799296213213,15825255.0,1287.4471603636632,1290.0348224178258,1271.2747635353708,DIA,index,True
2024-11-22,2024-11-22 00:00:00,1287.662812360818,15940732.0,1296.3352041662524,1304.3549075159324,1287.5923302479712,DIA,index,True
2024-11-25,2024-11-25 00:00:00,1296.1358841414865,7366040.0,1297.8717308925447,1303.407732201925,1294.2881298034079,DIA,index,True
2024-11-26,2024-11-26 00:00:00,1297.3389782431998,25598370.0,1309.4696165176551,1312.7265878374708,1295.1755083101757,DIA,index,True
2024-11-27,2024-11-27 00:00:00,1309.1575095005,33574266.0,1312.8206626580202,1314.059156495642,1304.6160586677345,DIA,index,True
2024-11-28,2024-11-28 00:00:00,1312.6028730124656,7870575.0,1302.11475661488,1320.5915939212578,1296.3873518828077,DIA,index,True
2024-11-29,2024-11-29 00:00:00,1301.6004983634311,18309022.0,1299.3696314560912,1309.654840638419,1294.491799055726,DIA,index,True
2024-12-02,2024-12-02 00:00:00,1299.0592152994925,26547805.0,1304.09557630003,1312.772169777987,1293.9790772421964,DIA,index,True
2024-12-03,2024-12-03 00:00:00,1303.547489032522,37949064.0,1313.6909545187393,1315.4900943188532,1302.3946628820195,DIA,index,True
2024-12-04,2024-12-04 00:00:00,1313.7951966965454,6598796.0,1305.2327387410285,1326.3760800830355,1304.4213471450928,DIA,index,True
2024-12-05,2024-12-05 00:00:00,1304.6650671251703,17967440.0,1294.513184799773,1313.925729832473,1293.0471240053448,DIA,index,True
2024-12-06,2024-12-06 00:00:00,1294.811515256863,47827370.0,1302.4304299700225,1302.580693673554,1289.9736537879207,DIA,index,True
2024-12-09,2024-12-09 00:00:00,1302.506196003717,37958703.0,1310.2602387535765,1312.6319502199822,1302.353078328379,DIA,index,True
2024-12-10,2024-12-10 00:00:00,1310.114408847959,46896853.0,1297.4530243150225,1318.6052891254656,1292.3430735377856,DIA,index,True
2024-12-11,2024-12-11 00:00:00,1297.7235082413101,6834924.0,1293.4160824123417,1308.381785968759,1284.2858091604458,DIA,index,True
2024-12-12,2024-12-12 00:00:00,1293.795294542607,33966987.0,1301.4962403948912,1303.758164131168,1284.7152267792032,DIA,index,True
2024-12-13,2024-12-13 00:00:00,1301.1496873367298,41565682.0,1311.6472158917445,1318.757298318872,1295.3006924698338,DIA,index,True
2024-12-16,2024-12-16 00:00:00,1311.105298147669,23623715.0,1314.1385406422514,1322.906261151677,1301.9211992130895,DIA,index,True
2024-12-17,2024-12-17 00:00:00,1314.1963049825217,38119818.0,1319.5701246695091,1329.0573599694587,1303.9246552640113,DIA,index,True
2024-12-18,2024-12-18 00:00:00,1319.674796384784,39529025.0,1323.5167727637152,1329.1909465324804,1314.6699467925102,DIA,index,True
2024-12-19,2024-12-19 00:00:00,1323.433499464484,35256044.0,1322.6719802242685,1324.0295874244034,1311.8436152088093,DIA,index,True
2024-12-20,2024-12-20 00:00:00,1323.113643553048,44141355.0,1314.094627848253,1329.3967604808186,1303.7577850648026,DIA,index,True
2024-12-23,2024-12-23 00:00:00,1313.800344427146,18333854.0,1315.8200781596306,1328.3807171014869,1308.4852106134483,DIA,index,True
2024-12-24,2024-12-24 00:00:00,1316.0018448388435,33873826.0,1310.498538235571,1316.9078288045657,1304.6928098525757,DIA,index,True
2024-12-25,2024-12-25 00:00:00,1310.7471031515822,15054569.0,1300.7414892864053,1321.9497362299796,1295.5783947999512,DIA,index,True
2024-12-26,2024-12-26 00:00:00,1300.5509648469729,32668966.0,1307.27713280364,1313.1079742673023,1298.591822656185,DIA,index,True
2024-12-27,2024-12-27 00:00:00,1306.9669679054323,46512285.0,1312.0450464527833,1313.5133411011025,1301.1300299729312,DIA,index,True
2024-12-30,2024-12-30 00:00:00,1312.1468952140897,45251321.0,1314.188250120216,1323.6064840245874,1302.4721916409123,DIA,index,True
2024-12-31,2024-12-31 00:00:00,1314.1636489827943,49477277.0,1321.3054818698004,1334.3588069945204,1303.5932168457261,DIA,index,True
2025-01-01,2025-01-01 00:00:00,1320.812923599762,9190969.0,1309.86909561767,1328.971197709409,1301.5691942685887,DIA,index,True
2025-01-02,2025-01-02 00:00:00,1310.2693477340495,40590064.0,1320.8315860577302,1322.57731636437,1302.777635468333,DIA,index,True
2025-01-03,2025-01-03 00:00:00,1320.5370098040878,17234031.0,1308.8921234825336,1329.9266277887446,1305.0251797820918,DIA,index,True
2025-01-06,2025-01-06 00:00:00,1308.586302002477,42607072.0,1299.2563776936333,1320.7359608086215,1287.7674739209112,DIA,index,True
2025-01-07,2025-01-07 00:00:00,1299.3790720886705,35824484.0,1309.988269865083,1312.872093624009,1296.2374107433902,DIA,index,True
2025-01-08,2025-01-08 00:00:00,1309.6935644135738,15034574.0,1302.0764646551738,1310.3518115118002,1296.1084905834487,DIA,index,True
2025-01-09,2025-01-09 00:00:00,1302.0683383217981,35605727.0,1297.657903690687,1302.4456148596803,1290.2627660124322,DIA,index,True
2025-01-10,2025-01-10 00:00:00,1297.3430314868083,32005228.0,1291.7064535470645,1297.485679657686,1283.428083507724,DIA,index,True
2025-01-13,2025-01-13 00:00:00,1291.322488549091,10614501.0,1283.0784568058677,1294.0418230128212,1274.8359388744084,DIA,index,True
2025-01-14,2025-01-14 00:00:00,1282.7350175775011,45687978.0,1295.5489598670592,1303.483197699776,1276.4838241277955,DIA,index,True
2025-01-15,2025-01-15 00:00:00,1295.9215623818354,41634987.0,1301.1911121198711,1313.8048203548801,1290.7744735900192,DIA,index,True
2025-01-16,2025-01-16 00:00:00,1301.4417822529394,13916170.0,1311.7179671202764,1314.7241420936848,1292.8434205100402,DIA,index,True
2025-01-17,2025-01-17 00:00:00,1311.8019830014964,46140335.0,1308.806607301927,1314.9255522126352,1302.6440300319712,DIA,index,True
2025-01-20,2025-01-20 00:00:00,1308.4797709059285,29135394.0,1301.0856333285483,1311.3174494587427,1295.3221442428887,DIA,index,True
2025-01-21,2025-01-21 00:00:00,1300.665140963813,13871000.0,1310.9512830954404,1311.1289730771346,1288.0068579273438,DIA,index,True
2025-01-22,2025-01-22 00:00:00,1310.9102437591523,38024268.0,1318.1317834277997,1330.7236079093223,1302.9571805519647,DIA,index,True
2025-01-23,2025-01-23 00:00:00,1318.2130144891821,19898982.0,1308.6546415783127,1326.008449074719,1305.7315245023897,DIA,index,True
2025-01-24,2025-01-24 00:00:00,1308.2893796164362,19337065.0,1301.2063292711096,1308.399173850899,1288.6535661984144,DIA,index,True
2025-01-27,2025-01-27 00:00:00,1301.0961858425999,24264076.0,1291.3878083084696,1311.7929215607824,1279.984409171074,DIA,index,True
2025-01-28,2025-01-28 00:00:00,1291.569090749326,34172235.0,1279.7667040465024,1292.2323432692865,1271.3085723258503,DIA,index,True
2025-01-29,2025-01-29 00:00:00,1279.7327956884924,22972941.0,1270.72780032237,1291.5196837009805,1266.9142992301624,DIA,index,True
2025-01-30,2025-01-30 00:00:00,1270.825104554059,25415557.0,1263.0443032398916,1273.88706707456,1259.8236035135228,DIA,index,True
2025-01-31,2025-01-31 00:00:00,1263.1454645800045,7262402.0,1269.1371333355721,1278.5813456928033,1259.1638967885954,DIA,index,True
2025-02-03,2025-02-03 00:00:00,1269.487037552289,44666270.0,1258.917981749604,1272.1955831259565,1253.8681822032147,DIA,index,True
2025-02-04,2025-02-04 00:00:00,1258.7006322953819,35450482.0,1265.0132088899145,1271.7454624339546,1250.823163567431,DIA,index,True
2025-02-05,2025-02-05 00:00:00,1264.6267895213857,10519425.0,1254.9930475100957,1271.230561934739,1248.5317157966529,DIA,index,True
2025-02-06,2025-02-06 00:00:00,1254.8949139700057,37156872.0,1253.2462367016599,1263.0410386178216,1244.6712082777324,DIA,index,True
2025-02-07,2025-02-07 00:00:00,1253.2463515611876,28019037.0,1255.7020974687507,1259.779462433988,1245.564430588493,DIA,index,True
2025-02-10,2025-02-10 00:00:00,1255.4256920583675,21610469.0,1258.530132954509,1268.2656893981145,1255.2918077252104,DIA,index,True
2025-02-11,2025-02-11 00:00:00,1258.9210081223025,21173597.0,1247.5864392067763,1263.8537197541439,1240.4992274409271,DIA,index,True
2025-02-12,2025-02-12 00:00:00,1247.458285955801,46330350.0,1250.9437108516195,1254.5348025240203,1236.1740120786826,DIA,index,True
2025-02-13,2025-02-13 00:00:00,1250.6512730608288,13827127.0,1258.4115705077115,1262.8665328159273,1250.400636334573,DIA,index,True
2025-02-14,2025-02-14 00:00:00,1258.1863487786638,16106303.0,1266.859260355995,1268.4999606851018,1255.0122484045146,DIA,index,True
2025-02-17,2025-02-17 00:00:00,1266.5137563757055,35685029.0,1277.2949323468943,1287.7428419225373,1265.6527749159334,DIA,index,True
2025-02-18,2025-02-18 00:00:00,1276.788858652785,35950251.0,1267.444628639969,1278.9536056069558,1266.590765776617,DIA,index,True
2025-02-19,2025-02-19 00:00:00,1266.9202180718637,24234023.0,1260.6233253228604,1277.1833762871179,1253.1261749949458,DIA,index,True
2025-02-20,2025-02-20 00:00:00,1260.118498360941,17625224.0,1264.5794688195256,1275.2050996039777,1260.053626552579,DIA,index,True
2025-02-21,2025-02-21 00:00:00,1264.8461273989121,5279061.0,1273.2648277644112,1277.885058901581,1259.5690115868758,DIA,index,True
2025-02-24,2025-02-24 00:00:00,1273.3053084002267,20606295.0,1273.3225778723188,1274.0046098749954,1261.3251505489272,DIA,index,True
2025-02-25,2025-02-25 00:00:00,1273.5513310815286,7865778.0,1278.4071028315348,1286.4346638745674,1262.722531528678,DIA,index,True
2025-02-26,2025-02-26 00:00:00,1278.6107903112916,6138926.0,1281.5574736380925,1287.5378616178732,1275.185862087727,DIA,index,True
2025-02-27,2025-02-27 00:00:00,1281.9861652008235,18395929.0,1277.7929988222647,1287.3336128312621,1265.044692441861,DIA,index,True
2025-02-28,2025-02-28 00:00:00,1277.2925267751205,32034650.0,1279.9653156281588,1289.9682221986382,1277.2447864934911,DIA,index,True
2025-03-03,2025-03-03 00:00:00,1279.8157314670063,47200955.0,1270.327465451463,1285.3577457236725,1268.547223326748,DIA,index,True
2025-03-04,2025-03-04 00:00:00,1270.1263032500822,23367907.0,1267.2452182654192,1278.2957793013475,1261.3215170876597,DIA,index,True
2025-03-05,2025-03-05 00:00:00,1267.5183021398636,13837038.0,1259.674946071487,1273.0431648617605,1259.3498047346543,DIA,index,True
2025-03-06,2025-03-06 00:00:00,1259.2360672524107,18276810.0,1247.1282678473324,1266.640171604233,1238.0083352232268,DIA,index,True
2025-03-07,2025-03-07 00:00:00,1247.4647071672746,48217580.0,1235.217734193275,1249.9722781042776,1228.7015772714044,DIA,index,True
2025-03-10,2025-03-10 00:00:00,1234.7231931735814,16686487.0,1224.7787802915987,1246.5502727541395,1218.1256078283166,DIA,index,True
2025-03-11,2025-03-11 00:00:00,1224.648029853502,47807448.0,1214.721236809886,1229.799031798134,1206.8229320616135,DIA,index,True
2025-03-12,2025-03-12 00:00:00,1214.9512113905473,23548260.0,1212.3130291570822,1217.8182619401582,1204.1135419196182,DIA,index,True
2025-03-13,2025-03-13 00:00:00,1211.862106923499,14376365.0,1210.5238354545634,1216.3203946509461,1200.7129723691821,DIA,index,True
2025-03-14,2025-03-14 00:00:00,1210.8735183882789,17430966.0,1199.2411198587038,1219.9548473713533,1197.6848738536853,DIA,index,True
2025-03-17,2025-03-17 00:00:00,1198.9149435961792,27276147.0,1193.1674676825064,1199.2377904792056,1186.9563364470798,DIA,index,True
2025-03-18,2025-03-18 00:00:00,1193.555216567212,7109381.0,1183.1046926491485,1194.1756794885362,1177.4969657964018,DIA,index,True
2025-03-19,2025-03-19 00:00:00,1182.8490726217856,5539857.0,1181.2906625238454,1191.7973409631416,1175.9179238638228,DIA,index,True
2025-03-20,2025-03-20 00:00:00,1181.0243493492885,41544415.0,1185.3308621965866,1189.7227470501637,1180.58225100121,DIA,index,True
2025-03-21,2025-03-21 00:00:00,1185.1673030826923,17136342.0,1185.239789625903,1188.3605949021446,1176.3362763515295,DIA,index,True
2025-03-24,2025-03-24 00:00:00,1184.980339302077,25209210.0,1182.7309710794245,1196.577436429143,1174.7799951276845,DIA,index,True
2025-03-25,2025-03-25 00:00:00,1182.5587939325542,30067587.0,1172.4467995576474,1189.571686545083,1165.1163028527774,DIA,index,True
2025-03-26,2025-03-26 00:00:00,1172.7038472602696,9373795.0,1161.5011810310514,1182.1634372559536,1160.0667638630268,DIA,index,True
2025-03-27,2025-03-27 00:00:00,1161.8941218379775,5934176.0,1161.836981358295,1165.558952813528,1155.9832785982805,DIA,index,True
2025-03-28,2025-03-28 00:00:00,1161.4950517726784,16832896.0,1162.9750390255724,1169.9225433071401,1151.1841593933536,DIA,index,True
2025-03-31,2025-03-31 00:00:00,1162.9058885165527,13218181.0,1166.7330220441218,1171.1615664875571,1161.0108516492908,DIA,index,True
2025-04-01,2025-04-01 00:00:00,1166.508434966446,7190443.0,1176.7183055744445,1186.1839469137205,1158.6107263613749,DIA,index,True
2025-04-02,2025-04-02 00:00:00,1177.0870653706822,36249212.0,1178.4412229721001,1181.9618444245714,1172.5350019354166,DIA,index,True
2025-04-03,2025-04-03 00:00:00,1178.5389032773276,18572944.0,1169.0404784112577,1186.3060174720033,1161.0247780081995,DIA,index,True
2025-04-04,2025-04-04 00:00:00,1169.2573448704466,6739571.0,1173.7960359240544,1181.4700273309543,1163.3554975535826,DIA,index,True
2025-04-07,2025-04-07 00:00:00,1173.5718290201105,10719505.0,1172.4200668033907,1180.9910075609369,1167.6509178065573,DIA,index,True
2025-04-08,2025-04-08 00:00:00,1172.0224166684843,47224013.0,1177.5266197426195,1181.1340710961235,1165.0498169423763,DIA,index,True
2025-04-09,2025-04-09 00:00:00,1177.2577780258378,30077201.0,1170.8401372754606,1183.1873642640903,1166.1938985796223,DIA,index,True
2025-04-10,2025-04-10 00:00:00,1171.0744363131128,30418096.0,1179.4965686206854,1181.833711015905,1164.5909826499428,DIA,index,True
2025-04-11,2025-04-11 00:00:00,1179.6067809572294,12518930.0,1179.6221622626138,1184.136929021686,1178.903542224306,DIA,index,True
2025-04-14,2025-04-14 00:00:00,1179.9810466636482,15528687.0,1187.3753778716032,1192.1432571882742,1173.3602015280526,DIA,index,True
2025-04-15,2025-04-15 00:00:00,1186.8590941242178,31564829.0,1187.7064144532555,1198.0453974745872,1178.2370143211215,DIA,index,True
2025-04-16,2025-04-16 00:00:00,1187.6600793451348,5668724.0,1178.3988999664043,1189.017441371308,1168.6847280822963,DIA,index,True
2025-04-17,2025-04-17 00:00:00,1178.8103443089828,24774685.0,1185.3577610605505,1194.8570194565898,1176.0321328980226,DIA,index,True
2025-04-18,2025-04-18 00:00:00,1184.9786151797327,8682476.0,1174.4038048715668,1191.3864453613814,1167.3188753913355,DIA,index,True
2025-04-21,2025-04-21 00:00:00,1174.6601422972483,25999319.0,1174.0250467348017,1175.6756319759604,1164.061511834203,DIA,index,True
2025-04-22,2025-04-22 00:00:00,1174.14184758583,11064425.0,1181.3779888058616,1184.8658900002551,1169.133459125874,DIA,index,True
2025-04-23,2025-04-23 00:00:00,1181.518700439642,49522579.0,1184.7194967541827,1188.2815124290605,1177.1855883065186,DIA,index,True
2025-04-24,2025-04-24 00:00:00,1184.968040000156,23030354.0,1194.1038804648265,1204.9748781924795,1178.7283718368421,DIA,index,True
2025-04-25,2025-04-25 00:00:00,1193.981256256843,41008762.0,1183.7622987867042,1202.7618821605158,1178.0595129174967,DIA,index,True
2025-04-28,2025-04-28 00:00:00,1183.788461585528,36403290.0,1181.6727738572304,1191.777627571828,1179.6480944337911,DIA,index,True
2025-04-29,2025-04-29 00:00:00,1181.626045026904,49229374.0,1184.364437105574,1194.8452390643406,1179.7409550958168,DIA,index,True
2025-04-30,2025-04-30 00:00:00,1184.2190250199553,13203852.0,1195.5780180244672,1206.3751616997279,1181.1447179664353,DIA,index,True
2025-05-01,2025-05-01 00:00:00,1195.575557063166,47736064.0,1191.047500704521,1198.6666255840908,1187.8838663960955,DIA,index,True
2025-05-02,2025-05-02 00:00:00,1190.9246779566429,42120969.0,1186.2833810383454,1201.8201138826685,1182.7451979178288,DIA,index,True
2025-05-05,2025-05-05 00:00:00,1186.404428564309,44442899.0,1193.8786160583095,1203.6592307276007,1178.5221361514605,DIA,index,True
2025-05-06,2025-05-06 00:00:00,1193.9597213931777,27069502.0,1195.8274751442846,1203.0430745277615,1187.7411067600074,DIA,index,True
2025-05-07,2025-05-07 00:00:00,1195.3951807202782,17823905.0,1206.1492905525752,1208.2949769241459,1195.2298449767793,DIA,index,True
2025-05-08,2025-05-08 00:00:00,1205.9355911570144,16778245.0,1202.2185214242368,1213.4731037287586,1198.3180072351863,DIA,index,True
2025-05-09,2025-05-09 00:00:00,1201.7250318837666,22503187.0,1203.7775781842179,1204.822929255571,1196.9680537780437,DIA,index,True
2025-05-12,2025-05-12 00:00:00,1203.6595976973977,16541153.0,1202.5035516740481,1209.0901384875824,1190.9582830965578,DIA,index,True
2025-05-13,2025-05-13 00:00:00,1202.0186486098246,14185727.0,1194.8776271749675,1212.0576036531663,1190.9114550401491,DIA,index,True
2025-05-14,2025-05-14 00:00:00,1194.5650297927534,46459770.0,1193.3991405681288,1196.3616489399906,1185.7155024902756,DIA,index,True
2025-05-15,2025-05-15 00:00:00,1193.3059235325443,12464885.0,1202.0979803754624,1210.0361906930991,1187.0997474578796,DIA,index,True
2025-05-16,2025-05-16 00:00:00,1202.1508567833193,21603761.0,1201.8272366937322,1203.2718206490567,1195.090533058553,DIA,index,True
2025-05-19,2025-05-19 00:00:00,1202.0678003330565,33988536.0,1211.6538175031735,1222.730819138161,1194.339183210145,DIA,index,True
2025-05-20,2025-05-20 00:00:00,1211.1777938047128,13588734.0,1203.312260445414,1212.8216606800408,1199.3635893304852,DIA,index,True
2025-05-21,2025-05-21 00:00:00,1203.493214694891,13386226.0,1192.7193256035514,1208.9741433441045,1186.261587706043,DIA,index,True
2025-05-22,2025-05-22 00:00:00,1192.2986811604874,10967120.0,1181.510025005364,1198.3257449202424,1173.9405151725132,DIA,index,True
2025-05-23,2025-05-23 00:00:00,1181.0866985340404,31714365.0,1175.2198859887956,1191.776151764154,1168.7306993492239,DIA,index,True
2025-05-26,2025-05-26 00:00:00,1175.1195925339914,32425950.0,1180.0694433463514,1188.617625272103,1170.2429681085034,DIA,index,True
2025-05-27,2025-05-27 00:00:00,1180.244042865534,8315165.0,1171.6844232539208,1191.234567306637,1163.123337646206,DIA,index,True
2025-05-28,2025-05-28 00:00:00,1171.8832108949016,6256315.0,1177.1632058589676,1180.7134301789197,1160.8727434534972,DIA,index,True
2025-05-29,2025-05-29 00:00:00,1177.5697480002311,39047504.0,1177.7869574805172,1183.5737563494997,1167.4642209176016,DIA,index,True
2025-05-30,2025-05-30 00:00:00,1177.4941457610737,31916303.0,1167.8804353562894,1178.3513769597846,1160.8760328284513,DIA,index,True
2025-06-02,2025-06-02 00:00:00,1167.8147901836044,39400648.0,1167.8965938476686,1173.8935495791477,1159.0554943563257,DIA,index,True
2025-06-03,2025-06-03 00:00:00,1167.8248547240594,32107042.0,1171.678875697059,1180.868429158862,1165.677315365503,DIA,index,True
2025-06-04,2025-06-04 00:00:00,1171.9755109012247,16356429.0,1179.0497107978822,1186.622121997927,1163.7711058237376,DIA,index,True
2025-06-05,2025-06-05 00:00:00,1178.7265089798645,11058318.0,1185.3843198505506,1188.2843122757463,1173.205635868587,DIA,index,True
2025-06-06,2025-06-06 00:00:00,1185.7228177525649,34160119.0,1186.6642304924478,1188.9133574648397,1176.8502847165391,DIA,index,True
2025-06-09,2025-06-09 00:00:00,1187.0799755509465,21608907.0,1185.8087621180828,1190.1926656354763,1176.0222496845195,DIA,index,True
2025-06-10,2025-06-10 00:00:00,1185.7623724198638,25694579.0,1186.6508426558453,1196.9098528638917,1181.2794485803524,DIA,index,True
2025-06-11,2025-06-11 00:00:00,1186.6223264553662,16518155.0,1180.8919530445055,1197.1224248819142,1175.7320237671108,DIA,index,True
2025-06-12,2025-06-12 00:00:00,1180.4908663518731,21526119.0,1172.7636538391039,1181.0883115633542,1162.9167131429178,DIA,index,True
2025-06-13,2025-06-13 00:00:00,1172.397405996577,42988704.0,1176.8175535904527,1186.6210838266788,1165.8757780098092,DIA,index,True
2025-06-16,2025-06-16 00:00:00,1176.9958414463786,45021660.0,1168.5989509738095,1181.480686360415,1165.8183705781553,DIA,index,True
2025-06-17,2025-06-17 00:00:00,1168.5659444958549,43824444.0,1180.0949223632404,1182.2349085101032,1167.0752590785455,DIA,index,True
2025-06-18,2025-06-18 00:00:00,1180.2428051785018,16962318.0,1187.052987095314,1196.7698530782523,1171.3142271768995,DIA,index,True
2025-06-19,2025-06-19 00:00:00,1186.62414572895,12944488.0,1197.5189570907592,1204.4752948329115,1183.6504548981675,DIA,index,True
2025-06-20,2025-06-20 00:00:00,1197.5754797064815,49326941.0,1206.2515966946792,1206.8806904542553,1188.5573074333188,DIA,index,True
2025-06-23,2025-06-23 00:00:00,1205.7972736231984,48993600.0,1201.9647227422045,1214.9528400000743,1194.6811648553567,DIA,index,True
2025-06-24,2025-06-24 00:00:00,1201.5319684972453,44641798.0,1207.3805999526207,1216.1298813834812,1191.7987470029082,DIA,index,True
2025-06-25,2025-06-25 00:00:00,1207.3271872589823,32950616.0,1200.9191123532016,1217.1014034355308,1191.844636360638,DIA,index,True
2025-06-26,2025-06-26 00:00:00,1200.5430801866141,30044356.0,1210.8085168440148,1215.68415098701,1196.1590149329413,DIA,index,True
2025-06-27,2025-06-27 00:00:00,1210.970952689688,44534987.0,1204.3132125119803,1214.227000259303,1201.8092337820572,DIA,index,True
2025-06-30,2025-06-30 00:00:00,1204.1251188735623,15801787.0,1202.021897897841,1213.875580545621,1194.6391961284303,DIA,index,True
2025-07-01,2025-07-01 00:00:00,1202.0880298290679,31494969.0,1193.1020232059866,1210.7051992128584,1192.4204137125835,DIA,index,True
2025-07-02,2025-07-02 00:00:00,1192.8170308794708,18635987.0,1201.1980896029918,1206.2080415854591,1181.1130646008992,DIA,index,True
2025-07-03,2025-07-03 00:00:00,1200.6969049887446,13115078.0,1195.8315521984343,1207.7017726184845,1194.8170071342352,DIA,index,True
2025-07-04,2025-07-04 00:00:00,1195.7637130435123,19589743.0,1206.8765174468126,1212.4083453813541,1193.3110986259207,DIA,index,True
2025-07-07,2025-07-07 00:00:00,1207.2762353524167,26266845.0,1208.219587086511,1212.9699338335918,1201.2162060799126,DIA,index,True
2025-07-08,2025-07-08 00:00:00,1208.6208387160912,5755474.0,1218.1843786566342,1224.8235159880946,1199.1906887064672,DIA,index,True
2025-07-09,2025-07-09 00:00:00,1217.7181544372545,23367836.0,1207.6135890443834,1222.4020377698203,1204.3838880340545,DIA,index,True
2025-07-10,2025-07-10 00:00:00,1207.3540663094811,6412106.0,1204.2272888182276,1218.7932242357583,1202.2122456901468,DIA,index,True
2025-07-11,2025-07-11 00:00:00,1204.0660817657388,21859583.0,1204.4227778087366,1209.0405116296872,1198.5832637808744,DIA,index,True
2025-07-14,2025-07-14 00:00:00,1204.8548087572622,6901056.0,1195.2087479207837,1205.276366842178,1190.735736111249,DIA,index,True
2025-07-15,2025-07-15 00:00:00,1194.979401822758,40661220.0,1206.0,1209.7213081460345,1194.395717704452,DIA,index,True
