Date,Datetime,Close,Volume,Open,High,Low,Symbol,Type,IsMock
2025-04-16,2025-04-16 05:30:00,83656.49248858042,25084671427.622566,83656.49248858042,83656.49248858042,83656.49248858042,BTC-USD,crypto,
2025-04-17,2025-04-17 05:30:00,84105.77942167096,26948109141.803364,84105.77942167096,84105.77942167096,84105.77942167096,BTC-USD,crypto,
2025-04-18,2025-04-18 05:30:00,84930.90857600998,19323821375.14309,84930.90857600998,84930.90857600998,84930.90857600998,BTC-USD,crypto,
2025-04-19,2025-04-19 05:30:00,84433.75017215389,9550691272.782005,84433.75017215389,84433.75017215389,84433.75017215389,BTC-USD,crypto,
2025-04-20,2025-04-20 05:30:00,85126.66244301842,12635983530.804455,85126.66244301842,85126.66244301842,85126.66244301842,BTC-USD,crypto,
2025-04-21,2025-04-21 05:30:00,85073.16544858096,12625843856.313684,85073.16544858096,85073.16544858096,85073.16544858096,BTC-USD,crypto,
2025-04-22,2025-04-22 05:30:00,87452.04699068287,40070025414.28289,87452.04699068287,87452.04699068287,87452.04699068287,BTC-USD,crypto,
2025-04-23,2025-04-23 05:30:00,93576.16588573981,53841992235.36636,93576.16588573981,93576.16588573981,93576.16588573981,BTC-USD,crypto,
2025-04-24,2025-04-24 05:30:00,93605.45230873208,39901515879.65954,93605.45230873208,93605.45230873208,93605.45230873208,BTC-USD,crypto,
2025-04-25,2025-04-25 05:30:00,93872.81422867288,30031246761.093452,93872.81422867288,93872.81422867288,93872.81422867288,BTC-USD,crypto,
2025-04-26,2025-04-26 05:30:00,94773.11200643536,39336184715.04292,94773.11200643536,94773.11200643536,94773.11200643536,BTC-USD,crypto,
2025-04-27,2025-04-27 05:30:00,94644.06637120107,15445392739.787264,94644.06637120107,94644.06637120107,94644.06637120107,BTC-USD,crypto,
2025-04-28,2025-04-28 05:30:00,93809.33781968223,15926259371.057959,93809.33781968223,93809.33781968223,93809.33781968223,BTC-USD,crypto,
2025-04-29,2025-04-29 05:30:00,95030.60645474444,31913814736.53902,95030.60645474444,95030.60645474444,95030.60645474444,BTC-USD,crypto,
2025-04-30,2025-04-30 05:30:00,94256.35946318062,25882629766.278946,94256.35946318062,94256.35946318062,94256.35946318062,BTC-USD,crypto,
2025-05-01,2025-05-01 05:30:00,94235.75331048167,26541700309.366146,94235.75331048167,94235.75331048167,94235.75331048167,BTC-USD,crypto,
2025-05-02,2025-05-02 05:30:00,96426.94522273027,30207566405.468834,96426.94522273027,96426.94522273027,96426.94522273027,BTC-USD,crypto,
2025-05-03,2025-05-03 05:30:00,96855.5681343944,23276376191.483967,96855.5681343944,96855.5681343944,96855.5681343944,BTC-USD,crypto,
2025-05-04,2025-05-04 05:30:00,95922.86842404422,13797554863.642815,95922.86842404422,95922.86842404422,95922.86842404422,BTC-USD,crypto,
2025-05-05,2025-05-05 05:30:00,94326.62048529249,14903122945.616686,94326.62048529249,94326.62048529249,94326.62048529249,BTC-USD,crypto,
2025-05-06,2025-05-06 05:30:00,94758.8237105546,24086456278.203846,94758.8237105546,94758.8237105546,94758.8237105546,BTC-USD,crypto,
2025-05-07,2025-05-07 05:30:00,96854.53198815876,23348052607.071873,96854.53198815876,96854.53198815876,96854.53198815876,BTC-USD,crypto,
2025-05-08,2025-05-08 05:30:00,97026.49376966801,64376174032.08048,97026.49376966801,97026.49376966801,97026.49376966801,BTC-USD,crypto,
2025-05-09,2025-05-09 05:30:00,103076.27555512934,50020047720.65604,103076.27555512934,103076.27555512934,103076.27555512934,BTC-USD,crypto,
2025-05-10,2025-05-10 05:30:00,102962.54045692299,40800894903.23446,102962.54045692299,102962.54045692299,102962.54045692299,BTC-USD,crypto,
2025-05-11,2025-05-11 05:30:00,104630.8792994166,21558992540.042442,104630.8792994166,104630.8792994166,104630.8792994166,BTC-USD,crypto,
2025-05-12,2025-05-12 05:30:00,103994.061616746,27389436049.454792,103994.061616746,103994.061616746,103994.061616746,BTC-USD,crypto,
2025-05-13,2025-05-13 05:30:00,102876.8304286011,43090605819.36596,102876.8304286011,102876.8304286011,102876.8304286011,BTC-USD,crypto,
2025-05-14,2025-05-14 05:30:00,104184.49039270742,33861432519.50822,104184.49039270742,104184.49039270742,104184.49039270742,BTC-USD,crypto,
2025-05-15,2025-05-15 05:30:00,103594.42575090709,28398245846.798244,103594.42575090709,103594.42575090709,103594.42575090709,BTC-USD,crypto,
2025-05-16,2025-05-16 05:30:00,103708.85136423641,31823340473.339912,103708.85136423641,103708.85136423641,103708.85136423641,BTC-USD,crypto,
2025-05-17,2025-05-17 05:30:00,103556.03493982446,25887953182.14765,103556.03493982446,103556.03493982446,103556.03493982446,BTC-USD,crypto,
2025-05-18,2025-05-18 05:30:00,103212.36483885496,18950056010.479057,103212.36483885496,103212.36483885496,103212.36483885496,BTC-USD,crypto,
2025-05-19,2025-05-19 05:30:00,106030.6376831359,30744060179.802963,106030.6376831359,106030.6376831359,106030.6376831359,BTC-USD,crypto,
2025-05-20,2025-05-20 05:30:00,105629.41580436694,43339734153.75087,105629.41580436694,105629.41580436694,105629.41580436694,BTC-USD,crypto,
2025-05-21,2025-05-21 05:30:00,106786.71995834043,36393687094.25122,106786.71995834043,106786.71995834043,106786.71995834043,BTC-USD,crypto,
2025-05-22,2025-05-22 05:30:00,109665.86371625263,60722883113.84,109665.86371625263,109665.86371625263,109665.86371625263,BTC-USD,crypto,
2025-05-23,2025-05-23 05:30:00,111560.356938144,52218408239.45193,111560.356938144,111560.356938144,111560.356938144,BTC-USD,crypto,
2025-05-24,2025-05-24 05:30:00,107216.66856870624,49251745837.96465,107216.66856870624,107216.66856870624,107216.66856870624,BTC-USD,crypto,
2025-05-25,2025-05-25 05:30:00,107831.36374380375,27128230116.517162,107831.36374380375,107831.36374380375,107831.36374380375,BTC-USD,crypto,
2025-05-26,2025-05-26 05:30:00,108861.81037744327,29652659665.048733,108861.81037744327,108861.81037744327,108861.81037744327,BTC-USD,crypto,
2025-05-27,2025-05-27 05:30:00,109377.71513263129,27950577137.918888,109377.71513263129,109377.71513263129,109377.71513263129,BTC-USD,crypto,
2025-05-28,2025-05-28 05:30:00,109068.45694901445,38978783508.88622,109068.45694901445,109068.45694901445,109068.45694901445,BTC-USD,crypto,
2025-05-29,2025-05-29 05:30:00,107838.18431100152,29794278037.284946,107838.18431100152,107838.18431100152,107838.18431100152,BTC-USD,crypto,
2025-05-30,2025-05-30 05:30:00,105745.41660358038,38279231892.56757,105745.41660358038,105745.41660358038,105745.41660358038,BTC-USD,crypto,
2025-05-31,2025-05-31 05:30:00,104010.91956242644,39680060337.610214,104010.91956242644,104010.91956242644,104010.91956242644,BTC-USD,crypto,
2025-06-01,2025-06-01 05:30:00,104687.50742934884,20432694555.09522,104687.50742934884,104687.50742934884,104687.50742934884,BTC-USD,crypto,
2025-06-02,2025-06-02 05:30:00,105710.00593822816,17721500507.53389,105710.00593822816,105710.00593822816,105710.00593822816,BTC-USD,crypto,
2025-06-03,2025-06-03 05:30:00,105884.74263221149,26313843058.73954,105884.74263221149,105884.74263221149,105884.74263221149,BTC-USD,crypto,
2025-06-04,2025-06-04 05:30:00,105434.47745144971,25925661121.080395,105434.47745144971,105434.47745144971,105434.47745144971,BTC-USD,crypto,
2025-06-05,2025-06-05 05:30:00,104812.9182188067,25812143562.797962,104812.9182188067,104812.9182188067,104812.9182188067,BTC-USD,crypto,
2025-06-06,2025-06-06 05:30:00,101650.7387545425,39711941132.0234,101650.7387545425,101650.7387545425,101650.7387545425,BTC-USD,crypto,
2025-06-07,2025-06-07 05:30:00,104409.74967959142,29897390978.090103,104409.74967959142,104409.74967959142,104409.74967959142,BTC-USD,crypto,
2025-06-08,2025-06-08 05:30:00,105681.4546141758,17749731308.73042,105681.4546141758,105681.4546141758,105681.4546141758,BTC-USD,crypto,
2025-06-09,2025-06-09 05:30:00,105692.24740699006,16044679696.270103,105692.24740699006,105692.24740699006,105692.24740699006,BTC-USD,crypto,
2025-06-10,2025-06-10 05:30:00,110261.57485948496,38222993297.50514,110261.57485948496,110261.57485948496,110261.57485948496,BTC-USD,crypto,
2025-06-11,2025-06-11 05:30:00,110212.73252109604,36303839182.734825,110212.73252109604,110212.73252109604,110212.73252109604,BTC-USD,crypto,
2025-06-12,2025-06-12 05:30:00,108679.9760916168,30338936631.626648,108679.9760916168,108679.9760916168,108679.9760916168,BTC-USD,crypto,
2025-06-13,2025-06-13 05:30:00,105979.22902375912,35865159511.38857,105979.22902375912,105979.22902375912,105979.22902375912,BTC-USD,crypto,
2025-06-14,2025-06-14 05:30:00,106045.56440819203,49471015505.74361,106045.56440819203,106045.56440819203,106045.56440819203,BTC-USD,crypto,
2025-06-15,2025-06-15 05:30:00,105482.90611628917,17916412455.866283,105482.90611628917,105482.90611628917,105482.90611628917,BTC-USD,crypto,
2025-06-16,2025-06-16 05:30:00,105554.49383061715,16568441852.649668,105554.49383061715,105554.49383061715,105554.49383061715,BTC-USD,crypto,
2025-06-17,2025-06-17 05:30:00,106951.2720181497,32095957011.724205,106951.2720181497,106951.2720181497,106951.2720181497,BTC-USD,crypto,
2025-06-18,2025-06-18 05:30:00,104683.42479835715,38603212010.889435,104683.42479835715,104683.42479835715,104683.42479835715,BTC-USD,crypto,
2025-06-19,2025-06-19 05:30:00,104722.695052907,30339326410.154945,104722.695052907,104722.695052907,104722.695052907,BTC-USD,crypto,
2025-06-20,2025-06-20 05:30:00,104690.65002458123,18063282658.152298,104690.65002458123,104690.65002458123,104690.65002458123,BTC-USD,crypto,
2025-06-21,2025-06-21 05:30:00,103290.105144757,30632751225.407444,103290.105144757,103290.105144757,103290.105144757,BTC-USD,crypto,
2025-06-22,2025-06-22 05:30:00,101532.5683847329,21644463198.719532,101532.5683847329,101532.5683847329,101532.5683847329,BTC-USD,crypto,
2025-06-23,2025-06-23 05:30:00,100852.58264648831,51287142390.02526,100852.58264648831,100852.58264648831,100852.58264648831,BTC-USD,crypto,
2025-06-24,2025-06-24 05:30:00,105511.62437933135,50011797128.6837,105511.62437933135,105511.62437933135,105511.62437933135,BTC-USD,crypto,
2025-06-25,2025-06-25 05:30:00,105976.06929808448,31704641076.941063,105976.06929808448,105976.06929808448,105976.06929808448,BTC-USD,crypto,
2025-06-26,2025-06-26 05:30:00,107238.53045016268,30468274982.034847,107238.53045016268,107238.53045016268,107238.53045016268,BTC-USD,crypto,
2025-06-27,2025-06-27 05:30:00,106984.01253775663,24320699663.15122,106984.01253775663,106984.01253775663,106984.01253775663,BTC-USD,crypto,
2025-06-28,2025-06-28 05:30:00,107078.91560644074,25194306261.888832,107078.91560644074,107078.91560644074,107078.91560644074,BTC-USD,crypto,
2025-06-29,2025-06-29 05:30:00,107331.58548463577,8960877693.57604,107331.58548463577,107331.58548463577,107331.58548463577,BTC-USD,crypto,
2025-06-30,2025-06-30 05:30:00,108396.61631317894,14881078675.366829,108396.61631317894,108396.61631317894,108396.61631317894,BTC-USD,crypto,
2025-07-01,2025-07-01 05:30:00,107132.79910701896,22489515582.41552,107132.79910701896,107132.79910701896,107132.79910701896,BTC-USD,crypto,
2025-07-02,2025-07-02 05:30:00,105613.39974163055,25033160828.30909,105613.39974163055,105613.39974163055,105613.39974163055,BTC-USD,crypto,
2025-07-03,2025-07-03 05:30:00,108824.44423167943,36395184773.06136,108824.44423167943,108824.44423167943,108824.44423167943,BTC-USD,crypto,
2025-07-04,2025-07-04 05:30:00,109602.20483914016,29892049537.628605,109602.20483914016,109602.20483914016,109602.20483914016,BTC-USD,crypto,
2025-07-05,2025-07-05 05:30:00,108040.8919400104,24248906784.57383,108040.8919400104,108040.8919400104,108040.8919400104,BTC-USD,crypto,
2025-07-06,2025-07-06 05:30:00,108217.46849992426,10042942280.966904,108217.46849992426,108217.46849992426,108217.46849992426,BTC-USD,crypto,
2025-07-07,2025-07-07 05:30:00,109215.19771840284,14638669497.351297,109215.19771840284,109215.19771840284,109215.19771840284,BTC-USD,crypto,
2025-07-08,2025-07-08 05:30:00,108300.71675785031,25493246475.80407,108300.71675785031,108300.71675785031,108300.71675785031,BTC-USD,crypto,
2025-07-09,2025-07-09 05:30:00,108953.19187727802,20488865138.27645,108953.19187727802,108953.19187727802,108953.19187727802,BTC-USD,crypto,
2025-07-10,2025-07-10 05:30:00,111327.53054245669,37078460440.66385,111327.53054245669,111327.53054245669,111327.53054245669,BTC-USD,crypto,
2025-07-11,2025-07-11 05:30:00,115879.65030112496,56204086624.04028,115879.65030112496,115879.65030112496,115879.65030112496,BTC-USD,crypto,
2025-07-12,2025-07-12 05:30:00,117571.02510036016,64185145923.88688,117571.02510036016,117571.02510036016,117571.02510036016,BTC-USD,crypto,
2025-07-13,2025-07-13 05:30:00,117418.95745007684,24351256098.393543,117418.95745007684,117418.95745007684,117418.95745007684,BTC-USD,crypto,
2025-07-14,2025-07-14 05:30:00,119117.55666327637,27310851454.97692,119117.55666327637,119117.55666327637,119117.55666327637,BTC-USD,crypto,
2025-07-15,2025-07-15 02:03:02,119918.37025226254,69467739457.59673,119918.37025226254,119918.37025226254,119918.37025226254,BTC-USD,crypto,
2025-04-16,2025-04-16 05:30:00,1587.8222244021401,11786525215.180002,1587.8222244021401,1587.8222244021401,1587.8222244021401,ETH-USD,crypto,
2025-04-17,2025-04-17 05:30:00,1577.7073516760117,13120084885.866234,1577.7073516760117,1577.7073516760117,1577.7073516760117,ETH-USD,crypto,
2025-04-18,2025-04-18 05:30:00,1583.4764497002345,9437178720.867388,1583.4764497002345,1583.4764497002345,1583.4764497002345,ETH-USD,crypto,
2025-04-19,2025-04-19 05:30:00,1589.1516208270755,5254078676.877919,1589.1516208270755,1589.1516208270755,1589.1516208270755,ETH-USD,crypto,
2025-04-20,2025-04-20 05:30:00,1615.0502549158562,5148626529.402773,1615.0502549158562,1615.0502549158562,1615.0502549158562,ETH-USD,crypto,
2025-04-21,2025-04-21 05:30:00,1585.4600253443446,6695768150.024456,1585.4600253443446,1585.4600253443446,1585.4600253443446,ETH-USD,crypto,
2025-04-22,2025-04-22 05:30:00,1577.4465595922347,15275062279.387148,1577.4465595922347,1577.4465595922347,1577.4465595922347,ETH-USD,crypto,
2025-04-23,2025-04-23 05:30:00,1759.7064599311093,24271980430.95098,1759.7064599311093,1759.7064599311093,1759.7064599311093,ETH-USD,crypto,
2025-04-24,2025-04-24 05:30:00,1793.969849485534,22099177230.61867,1793.969849485534,1793.969849485534,1793.969849485534,ETH-USD,crypto,
2025-04-25,2025-04-25 05:30:00,1769.3925107354407,12923295609.972548,1769.3925107354407,1769.3925107354407,1769.3925107354407,ETH-USD,crypto,
2025-04-26,2025-04-26 05:30:00,1788.7981804331257,15656748328.784924,1788.7981804331257,1788.7981804331257,1788.7981804331257,ETH-USD,crypto,
2025-04-27,2025-04-27 05:30:00,1821.2695303291391,10293614895.776522,1821.2695303291391,1821.2695303291391,1821.2695303291391,ETH-USD,crypto,
2025-04-28,2025-04-28 05:30:00,1793.6918440730135,9632458065.106846,1793.6918440730135,1793.6918440730135,1793.6918440730135,ETH-USD,crypto,
2025-04-29,2025-04-29 05:30:00,1799.50191449199,16777384305.88931,1799.50191449199,1799.50191449199,1799.50191449199,ETH-USD,crypto,
2025-04-30,2025-04-30 05:30:00,1796.9720456768928,13994558644.11867,1796.9720456768928,1796.9720456768928,1796.9720456768928,ETH-USD,crypto,
2025-05-01,2025-05-01 05:30:00,1794.0495408617828,13644627083.285889,1794.0495408617828,1794.0495408617828,1794.0495408617828,ETH-USD,crypto,
2025-05-02,2025-05-02 05:30:00,1838.8543285925753,14310565589.052694,1838.8543285925753,1838.8543285925753,1838.8543285925753,ETH-USD,crypto,
2025-05-03,2025-05-03 05:30:00,1841.427590836958,11686301446.49476,1841.427590836958,1841.427590836958,1841.427590836958,ETH-USD,crypto,
2025-05-04,2025-05-04 05:30:00,1834.501911876416,6704990478.824657,1834.501911876416,1834.501911876416,1834.501911876416,ETH-USD,crypto,
2025-05-05,2025-05-05 05:30:00,1808.156093844096,7479845748.828526,1808.156093844096,1808.156093844096,1808.156093844096,ETH-USD,crypto,
2025-05-06,2025-05-06 05:30:00,1820.0044598893596,10545233503.347864,1820.0044598893596,1820.0044598893596,1820.0044598893596,ETH-USD,crypto,
2025-05-07,2025-05-07 05:30:00,1816.1686943818438,11950393736.527246,1816.1686943818438,1816.1686943818438,1816.1686943818438,ETH-USD,crypto,
2025-05-08,2025-05-08 05:30:00,1810.3169269284476,47111217119.49919,1810.3169269284476,1810.3169269284476,1810.3169269284476,ETH-USD,crypto,
2025-05-09,2025-05-09 05:30:00,2197.5611893238784,35992825075.05399,2197.5611893238784,2197.5611893238784,2197.5611893238784,ETH-USD,crypto,
2025-05-10,2025-05-10 05:30:00,2341.407963002621,44566779461.54657,2341.407963002621,2341.407963002621,2341.407963002621,ETH-USD,crypto,
2025-05-11,2025-05-11 05:30:00,2583.6829051429513,29947910159.02891,2583.6829051429513,2583.6829051429513,2583.6829051429513,ETH-USD,crypto,
2025-05-12,2025-05-12 05:30:00,2507.4693107597423,26138286410.23315,2507.4693107597423,2507.4693107597423,2507.4693107597423,ETH-USD,crypto,
2025-05-13,2025-05-13 05:30:00,2492.426391077375,31524626114.978752,2492.426391077375,2492.426391077375,2492.426391077375,ETH-USD,crypto,
2025-05-14,2025-05-14 05:30:00,2676.639163127913,32279895881.637806,2676.639163127913,2676.639163127913,2676.639163127913,ETH-USD,crypto,
2025-05-15,2025-05-15 05:30:00,2603.7180887199615,28150234190.931705,2603.7180887199615,2603.7180887199615,2603.7180887199615,ETH-USD,crypto,
2025-05-16,2025-05-16 05:30:00,2542.296692466797,26211434557.7159,2542.296692466797,2542.296692466797,2542.296692466797,ETH-USD,crypto,
2025-05-17,2025-05-17 05:30:00,2544.3870377235667,21130441534.96637,2544.3870377235667,2544.3870377235667,2544.3870377235667,ETH-USD,crypto,
2025-05-18,2025-05-18 05:30:00,2475.0543933696913,17185510890.702347,2475.0543933696913,2475.0543933696913,2475.0543933696913,ETH-USD,crypto,
2025-05-19,2025-05-19 05:30:00,2465.3409856139087,24797434472.364086,2465.3409856139087,2465.3409856139087,2465.3409856139087,ETH-USD,crypto,
2025-05-20,2025-05-20 05:30:00,2526.989643891319,25363871274.82505,2526.989643891319,2526.989643891319,2526.989643891319,ETH-USD,crypto,
2025-05-21,2025-05-21 05:30:00,2524.2743433146065,22871462735.416794,2524.2743433146065,2524.2743433146065,2524.2743433146065,ETH-USD,crypto,
2025-05-22,2025-05-22 05:30:00,2558.9502343769486,32697477527.54695,2558.9502343769486,2558.9502343769486,2558.9502343769486,ETH-USD,crypto,
2025-05-23,2025-05-23 05:30:00,2657.1674447566115,29592612076.505535,2657.1674447566115,2657.1674447566115,2657.1674447566115,ETH-USD,crypto,
2025-05-24,2025-05-24 05:30:00,2519.813809045145,30047329191.503662,2519.813809045145,2519.813809045145,2519.813809045145,ETH-USD,crypto,
2025-05-25,2025-05-25 05:30:00,2529.4429842284353,10744994421.192684,2529.4429842284353,2529.4429842284353,2529.4429842284353,ETH-USD,crypto,
2025-05-26,2025-05-26 05:30:00,2546.6201163370915,13814697849.726278,2546.6201163370915,2546.6201163370915,2546.6201163370915,ETH-USD,crypto,
2025-05-27,2025-05-27 05:30:00,2562.1729286392238,13350148034.293623,2562.1729286392238,2562.1729286392238,2562.1729286392238,ETH-USD,crypto,
2025-05-28,2025-05-28 05:30:00,2662.0940568241435,26434151855.253853,2662.0940568241435,2662.0940568241435,2662.0940568241435,ETH-USD,crypto,
2025-05-29,2025-05-29 05:30:00,2676.2674124507,18008588586.284103,2676.2674124507,2676.2674124507,2676.2674124507,ETH-USD,crypto,
2025-05-30,2025-05-30 05:30:00,2633.1392065286695,27021441335.5195,2633.1392065286695,2633.1392065286695,2633.1392065286695,ETH-USD,crypto,
2025-05-31,2025-05-31 05:30:00,2524.4762348050726,22927149330.30469,2524.4762348050726,2524.4762348050726,2524.4762348050726,ETH-USD,crypto,
2025-06-01,2025-06-01 05:30:00,2532.3627853090866,13006751258.18768,2532.3627853090866,2532.3627853090866,2532.3627853090866,ETH-USD,crypto,
2025-06-02,2025-06-02 05:30:00,2538.3300584367485,11338340571.11249,2538.3300584367485,2538.3300584367485,2538.3300584367485,ETH-USD,crypto,
2025-06-03,2025-06-03 05:30:00,2609.737253959435,15623967732.418657,2609.737253959435,2609.737253959435,2609.737253959435,ETH-USD,crypto,
2025-06-04,2025-06-04 05:30:00,2595.4689570062997,15955008730.338179,2595.4689570062997,2595.4689570062997,2595.4689570062997,ETH-USD,crypto,
2025-06-05,2025-06-05 05:30:00,2610.343189828259,16809606446.176416,2610.343189828259,2610.343189828259,2610.343189828259,ETH-USD,crypto,
2025-06-06,2025-06-06 05:30:00,2421.601103763502,25849573159.64817,2421.601103763502,2421.601103763502,2421.601103763502,ETH-USD,crypto,
2025-06-07,2025-06-07 05:30:00,2481.4039836690267,18395107930.47655,2481.4039836690267,2481.4039836690267,2481.4039836690267,ETH-USD,crypto,
2025-06-08,2025-06-08 05:30:00,2526.291995889778,9535426814.691927,2526.291995889778,2526.291995889778,2526.291995889778,ETH-USD,crypto,
2025-06-09,2025-06-09 05:30:00,2508.784123584585,10206893115.537256,2508.784123584585,2508.784123584585,2508.784123584585,ETH-USD,crypto,
2025-06-10,2025-06-10 05:30:00,2685.0001850413178,19485734665.28548,2685.0001850413178,2685.0001850413178,2685.0001850413178,ETH-USD,crypto,
2025-06-11,2025-06-11 05:30:00,2808.503208314919,38281210143.95115,2808.503208314919,2808.503208314919,2808.503208314919,ETH-USD,crypto,
2025-06-12,2025-06-12 05:30:00,2776.1371915822333,27369030837.548595,2776.1371915822333,2776.1371915822333,2776.1371915822333,ETH-USD,crypto,
2025-06-13,2025-06-13 05:30:00,2653.158968452672,26068993569.969894,2653.158968452672,2653.158968452672,2653.158968452672,ETH-USD,crypto,
2025-06-14,2025-06-14 05:30:00,2577.04861752583,38576471746.00814,2577.04861752583,2577.04861752583,2577.04861752583,ETH-USD,crypto,
2025-06-15,2025-06-15 05:30:00,2534.0702195359518,12077031034.291521,2534.0702195359518,2534.0702195359518,2534.0702195359518,ETH-USD,crypto,
2025-06-16,2025-06-16 05:30:00,2547.8456040920437,11678912429.510712,2547.8456040920437,2547.8456040920437,2547.8456040920437,ETH-USD,crypto,
2025-06-17,2025-06-17 05:30:00,2561.329843569428,24222149649.172424,2561.329843569428,2561.329843569428,2561.329843569428,ETH-USD,crypto,
2025-06-18,2025-06-18 05:30:00,2514.986700576147,25926506708.040215,2514.986700576147,2514.986700576147,2514.986700576147,ETH-USD,crypto,
2025-06-19,2025-06-19 05:30:00,2521.3334233964915,17800721253.243202,2521.3334233964915,2521.3334233964915,2521.3334233964915,ETH-USD,crypto,
2025-06-20,2025-06-20 05:30:00,2522.1791903642184,10392473841.155851,2522.1791903642184,2522.1791903642184,2522.1791903642184,ETH-USD,crypto,
2025-06-21,2025-06-21 05:30:00,2405.695434213183,20482816663.29469,2405.695434213183,2405.695434213183,2405.695434213183,ETH-USD,crypto,
2025-06-22,2025-06-22 05:30:00,2270.581996055585,16155611764.84833,2270.581996055585,2270.581996055585,2270.581996055585,ETH-USD,crypto,
2025-06-23,2025-06-23 05:30:00,2227.4287266371684,28181442532.315876,2227.4287266371684,2227.4287266371684,2227.4287266371684,ETH-USD,crypto,
2025-06-24,2025-06-24 05:30:00,2423.899644268608,25494295400.420887,2423.899644268608,2423.899644268608,2423.899644268608,ETH-USD,crypto,
2025-06-25,2025-06-25 05:30:00,2446.539301545049,19669025068.963604,2446.539301545049,2446.539301545049,2446.539301545049,ETH-USD,crypto,
2025-06-26,2025-06-26 05:30:00,2417.2267855277296,15513055665.262428,2417.2267855277296,2417.2267855277296,2417.2267855277296,ETH-USD,crypto,
2025-06-27,2025-06-27 05:30:00,2415.031864876594,16271811388.723804,2415.031864876594,2415.031864876594,2415.031864876594,ETH-USD,crypto,
2025-06-28,2025-06-28 05:30:00,2423.0302896731746,13100825617.816572,2423.0302896731746,2423.0302896731746,2423.0302896731746,ETH-USD,crypto,
2025-06-29,2025-06-29 05:30:00,2437.133001780241,5787313890.541637,2437.133001780241,2437.133001780241,2437.133001780241,ETH-USD,crypto,
2025-06-30,2025-06-30 05:30:00,2502.6672721177083,10236257918.833096,2502.6672721177083,2502.6672721177083,2502.6672721177083,ETH-USD,crypto,
2025-07-01,2025-07-01 05:30:00,2488.190781689803,16306915984.938057,2488.190781689803,2488.190781689803,2488.190781689803,ETH-USD,crypto,
2025-07-02,2025-07-02 05:30:00,2405.1045592800183,12933967031.524443,2405.1045592800183,2405.1045592800183,2405.1045592800183,ETH-USD,crypto,
2025-07-03,2025-07-03 05:30:00,2574.067718495133,21862573614.17975,2574.067718495133,2574.067718495133,2574.067718495133,ETH-USD,crypto,
2025-07-04,2025-07-04 05:30:00,2590.132231590221,19823369642.62606,2590.132231590221,2590.132231590221,2590.132231590221,ETH-USD,crypto,
2025-07-05,2025-07-05 05:30:00,2509.236345783362,16377116416.187033,2509.236345783362,2509.236345783362,2509.236345783362,ETH-USD,crypto,
2025-07-06,2025-07-06 05:30:00,2517.37917835065,6801276942.284494,2517.37917835065,2517.37917835065,2517.37917835065,ETH-USD,crypto,
2025-07-07,2025-07-07 05:30:00,2571.358192115984,9051659015.949968,2571.358192115984,2571.358192115984,2571.358192115984,ETH-USD,crypto,
2025-07-08,2025-07-08 05:30:00,2543.6317028067488,15947822897.049152,2543.6317028067488,2543.6317028067488,2543.6317028067488,ETH-USD,crypto,
2025-07-09,2025-07-09 05:30:00,2615.7759888945047,14750377128.581295,2615.7759888945047,2615.7759888945047,2615.7759888945047,ETH-USD,crypto,
2025-07-10,2025-07-10 05:30:00,2772.5795626609174,26626246774.244656,2772.5795626609174,2772.5795626609174,2772.5795626609174,ETH-USD,crypto,
2025-07-11,2025-07-11 05:30:00,2948.4462027029053,39308824585.23128,2948.4462027029053,2948.4462027029053,2948.4462027029053,ETH-USD,crypto,
2025-07-12,2025-07-12 05:30:00,2958.8514450990992,42455550664.554665,2958.8514450990992,2958.8514450990992,2958.8514450990992,ETH-USD,crypto,
2025-07-13,2025-07-13 05:30:00,2942.9616055388096,17472135946.60354,2942.9616055388096,2942.9616055388096,2942.9616055388096,ETH-USD,crypto,
2025-07-14,2025-07-14 05:30:00,2974.2654952333387,18605172049.087772,2974.2654952333387,2974.2654952333387,2974.2654952333387,ETH-USD,crypto,
2025-07-15,2025-07-15 02:03:04,2997.4980575197847,41766894117.15925,2997.4980575197847,2997.4980575197847,2997.4980575197847,ETH-USD,crypto,
2025-04-16,2025-04-16 05:30:00,2.087166740701441,2529137788.826132,2.087166740701441,2.087166740701441,2.087166740701441,XRP-USD,crypto,
2025-04-17,2025-04-17 05:30:00,2.0835198434155506,2975625490.375688,2.0835198434155506,2.0835198434155506,2.0835198434155506,XRP-USD,crypto,
2025-04-18,2025-04-18 05:30:00,2.0677436115822867,2069087395.311297,2.0677436115822867,2.0677436115822867,2.0677436115822867,XRP-USD,crypto,
2025-04-19,2025-04-19 05:30:00,2.062691684044618,1528702114.8309712,2.062691684044618,2.062691684044618,2.062691684044618,XRP-USD,crypto,
2025-04-20,2025-04-20 05:30:00,2.0855273823856817,1198082570.278999,2.0855273823856817,2.0855273823856817,2.0855273823856817,XRP-USD,crypto,
2025-04-21,2025-04-21 05:30:00,2.0747196454629124,1454273605.4356875,2.0747196454629124,2.0747196454629124,2.0747196454629124,XRP-USD,crypto,
2025-04-22,2025-04-22 05:30:00,2.0806696781556395,2357222891.83461,2.0806696781556395,2.0806696781556395,2.0806696781556395,XRP-USD,crypto,
2025-04-23,2025-04-23 05:30:00,2.221159426695198,4117163104.17999,2.221159426695198,2.221159426695198,2.221159426695198,XRP-USD,crypto,
2025-04-24,2025-04-24 05:30:00,2.217823599038466,4996062046.359891,2.217823599038466,2.217823599038466,2.217823599038466,XRP-USD,crypto,
2025-04-25,2025-04-25 05:30:00,2.206600349886956,4208930304.223753,2.206600349886956,2.206600349886956,2.206600349886956,XRP-USD,crypto,
2025-04-26,2025-04-26 05:30:00,2.1852873809524738,3234722208.502314,2.1852873809524738,2.1852873809524738,2.1852873809524738,XRP-USD,crypto,
2025-04-27,2025-04-27 05:30:00,2.1932493737799863,2459783783.285445,2.1932493737799863,2.1932493737799863,2.1932493737799863,XRP-USD,crypto,
2025-04-28,2025-04-28 05:30:00,2.2566771719971905,3751692488.2109566,2.2566771719971905,2.2566771719971905,2.2566771719971905,XRP-USD,crypto,
2025-04-29,2025-04-29 05:30:00,2.2959679622378415,4072974943.4389,2.2959679622378415,2.2959679622378415,2.2959679622378415,XRP-USD,crypto,
2025-04-30,2025-04-30 05:30:00,2.2399407863578777,2489793878.0180745,2.2399407863578777,2.2399407863578777,2.2399407863578777,XRP-USD,crypto,
2025-05-01,2025-05-01 05:30:00,2.1934727928877984,3252726421.623423,2.1934727928877984,2.1934727928877984,2.1934727928877984,XRP-USD,crypto,
2025-05-02,2025-05-02 05:30:00,2.2143085222346612,2155611895.0543213,2.2143085222346612,2.2143085222346612,2.2143085222346612,XRP-USD,crypto,
2025-05-03,2025-05-03 05:30:00,2.2089170454344824,1739910937.9821632,2.2089170454344824,2.2089170454344824,2.2089170454344824,XRP-USD,crypto,
2025-05-04,2025-05-04 05:30:00,2.188707355411367,1214767487.7877498,2.188707355411367,2.188707355411367,2.188707355411367,XRP-USD,crypto,
2025-05-05,2025-05-05 05:30:00,2.1580623583353407,1372805879.5778592,2.1580623583353407,2.1580623583353407,2.1580623583353407,XRP-USD,crypto,
2025-05-06,2025-05-06 05:30:00,2.1371617409153263,2194829695.4970164,2.1371617409153263,2.1371617409153263,2.1371617409153263,XRP-USD,crypto,
2025-05-07,2025-05-07 05:30:00,2.1553467775958843,2048616981.3491316,2.1553467775958843,2.1553467775958843,2.1553467775958843,XRP-USD,crypto,
2025-05-08,2025-05-08 05:30:00,2.1289110212370352,3559099566.438218,2.1289110212370352,2.1289110212370352,2.1289110212370352,XRP-USD,crypto,
2025-05-09,2025-05-09 05:30:00,2.318857034757937,4731256282.308641,2.318857034757937,2.318857034757937,2.318857034757937,XRP-USD,crypto,
2025-05-10,2025-05-10 05:30:00,2.34260418658349,6008731144.741504,2.34260418658349,2.34260418658349,2.34260418658349,XRP-USD,crypto,
2025-05-11,2025-05-11 05:30:00,2.465515991652043,4343182682.254746,2.465515991652043,2.465515991652043,2.465515991652043,XRP-USD,crypto,
2025-05-12,2025-05-12 05:30:00,2.3665185406774456,3957902320.317386,2.3665185406774456,2.3665185406774456,2.3665185406774456,XRP-USD,crypto,
2025-05-13,2025-05-13 05:30:00,2.5407166812994824,10787624520.70423,2.5407166812994824,2.5407166812994824,2.5407166812994824,XRP-USD,crypto,
2025-05-14,2025-05-14 05:30:00,2.5882656119238727,6137110174.707251,2.5882656119238727,2.5882656119238727,2.5882656119238727,XRP-USD,crypto,
2025-05-15,2025-05-15 05:30:00,2.552660064054796,4956660171.954109,2.552660064054796,2.552660064054796,2.552660064054796,XRP-USD,crypto,
2025-05-16,2025-05-16 05:30:00,2.3780203600308965,5285627666.563696,2.3780203600308965,2.3780203600308965,2.3780203600308965,XRP-USD,crypto,
2025-05-17,2025-05-17 05:30:00,2.387491166631724,3668091279.885704,2.387491166631724,2.387491166631724,2.387491166631724,XRP-USD,crypto,
2025-05-18,2025-05-18 05:30:00,2.352615765613394,2378581122.524433,2.352615765613394,2.352615765613394,2.352615765613394,XRP-USD,crypto,
2025-05-19,2025-05-19 05:30:00,2.4178990437197814,2871045382.6763167,2.4178990437197814,2.4178990437197814,2.4178990437197814,XRP-USD,crypto,
2025-05-20,2025-05-20 05:30:00,2.3808727609208282,3326769717.093891,2.3808727609208282,2.3808727609208282,2.3808727609208282,XRP-USD,crypto,
2025-05-21,2025-05-21 05:30:00,2.356578233921423,2736702822.998838,2.356578233921423,2.356578233921423,2.356578233921423,XRP-USD,crypto,
2025-05-22,2025-05-22 05:30:00,2.4028996266349396,3857208347.067667,2.4028996266349396,2.4028996266349396,2.4028996266349396,XRP-USD,crypto,
2025-05-23,2025-05-23 05:30:00,2.4284164339274192,3423292472.9337497,2.4284164339274192,2.4284164339274192,2.4284164339274192,XRP-USD,crypto,
2025-05-24,2025-05-24 05:30:00,2.2991928362328755,3803614983.5157166,2.2991928362328755,2.2991928362328755,2.2991928362328755,XRP-USD,crypto,
2025-05-25,2025-05-25 05:30:00,2.3319094660057416,1372961335.2188973,2.3319094660057416,2.3319094660057416,2.3319094660057416,XRP-USD,crypto,
2025-05-26,2025-05-26 05:30:00,2.3405861862412927,1905275005.1451297,2.3405861862412927,2.3405861862412927,2.3405861862412927,XRP-USD,crypto,
2025-05-27,2025-05-27 05:30:00,2.3082922649115565,1661784737.5361876,2.3082922649115565,2.3082922649115565,2.3082922649115565,XRP-USD,crypto,
2025-05-28,2025-05-28 05:30:00,2.3186677687774426,2048276738.5749948,2.3186677687774426,2.3186677687774426,2.3186677687774426,XRP-USD,crypto,
2025-05-29,2025-05-29 05:30:00,2.2746048552552507,2074053702.379202,2.2746048552552507,2.2746048552552507,2.2746048552552507,XRP-USD,crypto,
2025-05-30,2025-05-30 05:30:00,2.2505538163676135,2179459280.652964,2.2505538163676135,2.2505538163676135,2.2505538163676135,XRP-USD,crypto,
2025-05-31,2025-05-31 05:30:00,2.1423194738068942,3372833929.9944954,2.1423194738068942,2.1423194738068942,2.1423194738068942,XRP-USD,crypto,
2025-06-01,2025-06-01 05:30:00,2.177000081626197,2268132685.3159456,2.177000081626197,2.177000081626197,2.177000081626197,XRP-USD,crypto,
2025-06-02,2025-06-02 05:30:00,2.1802830722675224,1521954083.381058,2.1802830722675224,2.1802830722675224,2.1802830722675224,XRP-USD,crypto,
2025-06-03,2025-06-03 05:30:00,2.2004265864927537,1856646284.2520795,2.2004265864927537,2.2004265864927537,2.2004265864927537,XRP-USD,crypto,
2025-06-04,2025-06-04 05:30:00,2.2486280245071963,2193921747.996483,2.2486280245071963,2.2486280245071963,2.2486280245071963,XRP-USD,crypto,
2025-06-05,2025-06-05 05:30:00,2.202322198067478,1714810311.215842,2.202322198067478,2.202322198067478,2.202322198067478,XRP-USD,crypto,
2025-06-06,2025-06-06 05:30:00,2.0970164299223453,2893388349.562232,2.0970164299223453,2.0970164299223453,2.0970164299223453,XRP-USD,crypto,
2025-06-07,2025-06-07 05:30:00,2.163852346114403,1854390911.9791367,2.163852346114403,2.163852346114403,2.163852346114403,XRP-USD,crypto,
2025-06-08,2025-06-08 05:30:00,2.1779065492597427,953843043.4304752,2.1779065492597427,2.1779065492597427,2.1779065492597427,XRP-USD,crypto,
2025-06-09,2025-06-09 05:30:00,2.2629632981656744,2297445951.3852534,2.2629632981656744,2.2629632981656744,2.2629632981656744,XRP-USD,crypto,
2025-06-10,2025-06-10 05:30:00,2.321075765224377,2774696976.06667,2.321075765224377,2.321075765224377,2.321075765224377,XRP-USD,crypto,
2025-06-11,2025-06-11 05:30:00,2.305016386019404,2612062557.9833493,2.305016386019404,2.305016386019404,2.305016386019404,XRP-USD,crypto,
2025-06-12,2025-06-12 05:30:00,2.2701428874939213,2624047756.9494534,2.2701428874939213,2.2701428874939213,2.2701428874939213,XRP-USD,crypto,
2025-06-13,2025-06-13 05:30:00,2.1954298391805,2202653947.4050665,2.1954298391805,2.1954298391805,2.1954298391805,XRP-USD,crypto,
2025-06-14,2025-06-14 05:30:00,2.148866270593598,3949716840.388356,2.148866270593598,2.148866270593598,2.148866270593598,XRP-USD,crypto,
2025-06-15,2025-06-15 05:30:00,2.141891800480294,1687489656.576244,2.141891800480294,2.141891800480294,2.141891800480294,XRP-USD,crypto,
2025-06-16,2025-06-16 05:30:00,2.166318490313782,1231293467.1767986,2.166318490313782,2.166318490313782,2.166318490313782,XRP-USD,crypto,
2025-06-17,2025-06-17 05:30:00,2.255537416572947,4466552529.620607,2.255537416572947,2.255537416572947,2.255537416572947,XRP-USD,crypto,
2025-06-18,2025-06-18 05:30:00,2.1632317759396993,3466660612.110638,2.1632317759396993,2.1632317759396993,2.1632317759396993,XRP-USD,crypto,
2025-06-19,2025-06-19 05:30:00,2.1686830671349613,2350823381.424604,2.1686830671349613,2.1686830671349613,2.1686830671349613,XRP-USD,crypto,
2025-06-20,2025-06-20 05:30:00,2.166239439916603,1450568729.9521883,2.166239439916603,2.166239439916603,2.166239439916603,XRP-USD,crypto,
2025-06-21,2025-06-21 05:30:00,2.1201128146436803,2098115334.487172,2.1201128146436803,2.1201128146436803,2.1201128146436803,XRP-USD,crypto,
2025-06-22,2025-06-22 05:30:00,2.044379922195215,2305504805.382443,2.044379922195215,2.044379922195215,2.044379922195215,XRP-USD,crypto,
2025-06-23,2025-06-23 05:30:00,2.013512764553698,4449887424.63551,2.013512764553698,2.013512764553698,2.013512764553698,XRP-USD,crypto,
2025-06-24,2025-06-24 05:30:00,2.1640075102022664,4004307867.6364536,2.1640075102022664,2.1640075102022664,2.1640075102022664,XRP-USD,crypto,
2025-06-25,2025-06-25 05:30:00,2.1890368617248566,3119419439.9970093,2.1890368617248566,2.1890368617248566,2.1890368617248566,XRP-USD,crypto,
2025-06-26,2025-06-26 05:30:00,2.1839169388853152,2234760744.378113,2.1839169388853152,2.1839169388853152,2.1839169388853152,XRP-USD,crypto,
2025-06-27,2025-06-27 05:30:00,2.105597069865388,2569634191.4677787,2.105597069865388,2.105597069865388,2.105597069865388,XRP-USD,crypto,
2025-06-28,2025-06-28 05:30:00,2.140945561649059,2600100605.537264,2.140945561649059,2.140945561649059,2.140945561649059,XRP-USD,crypto,
2025-06-29,2025-06-29 05:30:00,2.185743305637095,1909072124.1732078,2.185743305637095,2.185743305637095,2.185743305637095,XRP-USD,crypto,
2025-06-30,2025-06-30 05:30:00,2.2080779439640237,1320178860.3618104,2.2080779439640237,2.2080779439640237,2.2080779439640237,XRP-USD,crypto,
2025-07-01,2025-07-01 05:30:00,2.2397868943055363,3688723731.503887,2.2397868943055363,2.2397868943055363,2.2397868943055363,XRP-USD,crypto,
2025-07-02,2025-07-02 05:30:00,2.171453605552325,2782662990.9534025,2.171453605552325,2.171453605552325,2.171453605552325,XRP-USD,crypto,
2025-07-03,2025-07-03 05:30:00,2.234339504341481,3660413082.1301646,2.234339504341481,2.234339504341481,2.234339504341481,XRP-USD,crypto,
2025-07-04,2025-07-04 05:30:00,2.2565985381225446,3456952710.4009995,2.2565985381225446,2.2565985381225446,2.2565985381225446,XRP-USD,crypto,
2025-07-05,2025-07-05 05:30:00,2.220660517934634,1759263909.260319,2.220660517934634,2.220660517934634,2.220660517934634,XRP-USD,crypto,
2025-07-06,2025-07-06 05:30:00,2.2177115630108464,898181111.5827129,2.2177115630108464,2.2177115630108464,2.2177115630108464,XRP-USD,crypto,
2025-07-07,2025-07-07 05:30:00,2.2711234551626793,2334073292.9256063,2.2711234551626793,2.2711234551626793,2.2711234551626793,XRP-USD,crypto,
2025-07-08,2025-07-08 05:30:00,2.275084085302051,3876739211.500435,2.275084085302051,2.275084085302051,2.275084085302051,XRP-USD,crypto,
2025-07-09,2025-07-09 05:30:00,2.3106154308712163,2680689161.887867,2.3106154308712163,2.3106154308712163,2.3106154308712163,XRP-USD,crypto,
2025-07-10,2025-07-10 05:30:00,2.405267395272407,4432186610.184976,2.405267395272407,2.405267395272407,2.405267395272407,XRP-USD,crypto,
2025-07-11,2025-07-11 05:30:00,2.5456780481070833,5263609598.373313,2.5456780481070833,2.5456780481070833,2.5456780481070833,XRP-USD,crypto,
2025-07-12,2025-07-12 05:30:00,2.735777793849028,14004307576.909258,2.735777793849028,2.735777793849028,2.735777793849028,XRP-USD,crypto,
2025-07-13,2025-07-13 05:30:00,2.7403085663356155,7635333692.640345,2.7403085663356155,2.7403085663356155,2.7403085663356155,XRP-USD,crypto,
2025-07-14,2025-07-14 05:30:00,2.836943449825265,6320439963.46504,2.836943449825265,2.836943449825265,2.836943449825265,XRP-USD,crypto,
2025-07-15,2025-07-15 02:03:07,2.8963846730581286,12468825778.07238,2.8963846730581286,2.8963846730581286,2.8963846730581286,XRP-USD,crypto,
2025-04-16,2025-04-16 05:30:00,0.6080639244271904,709020814.1750429,0.6080639244271904,0.6080639244271904,0.6080639244271904,ADA-USD,crypto,
2025-04-17,2025-04-17 05:30:00,0.6106653469788688,591359664.0730368,0.6106653469788688,0.6106653469788688,0.6106653469788688,ADA-USD,crypto,
2025-04-18,2025-04-18 05:30:00,0.6168950161106203,448807472.6198462,0.6168950161106203,0.6168950161106203,0.6168950161106203,ADA-USD,crypto,
2025-04-19,2025-04-19 05:30:00,0.6273043794612541,374649872.12397456,0.6273043794612541,0.6273043794612541,0.6273043794612541,ADA-USD,crypto,
2025-04-20,2025-04-20 05:30:00,0.6280852975713835,331430508.4467672,0.6280852975713835,0.6280852975713835,0.6280852975713835,ADA-USD,crypto,
2025-04-21,2025-04-21 05:30:00,0.6202087731824584,354987761.1249453,0.6202087731824584,0.6202087731824584,0.6202087731824584,ADA-USD,crypto,
2025-04-22,2025-04-22 05:30:00,0.6226371412727918,632027422.0139718,0.6226371412727918,0.6226371412727918,0.6226371412727918,ADA-USD,crypto,
2025-04-23,2025-04-23 05:30:00,0.6821362911471233,834269402.8814627,0.6821362911471233,0.6821362911471233,0.6821362911471233,ADA-USD,crypto,
2025-04-24,2025-04-24 05:30:00,0.6972646472481486,967029539.1144488,0.6972646472481486,0.6972646472481486,0.6972646472481486,ADA-USD,crypto,
2025-04-25,2025-04-25 05:30:00,0.7220676397924738,1035019627.1012883,0.7220676397924738,0.7220676397924738,0.7220676397924738,ADA-USD,crypto,
2025-04-26,2025-04-26 05:30:00,0.7138859038055668,949069153.9271946,0.7138859038055668,0.7138859038055668,0.7138859038055668,ADA-USD,crypto,
2025-04-27,2025-04-27 05:30:00,0.7075935331519487,659341778.5746859,0.7075935331519487,0.7075935331519487,0.7075935331519487,ADA-USD,crypto,
2025-04-28,2025-04-28 05:30:00,0.704070171794187,567359217.6728809,0.704070171794187,0.704070171794187,0.704070171794187,ADA-USD,crypto,
2025-04-29,2025-04-29 05:30:00,0.7052906740354157,889987578.2822492,0.7052906740354157,0.7052906740354157,0.7052906740354157,ADA-USD,crypto,
2025-04-30,2025-04-30 05:30:00,0.6957354792970168,817939169.992459,0.6957354792970168,0.6957354792970168,0.6957354792970168,ADA-USD,crypto,
2025-05-01,2025-05-01 05:30:00,0.6820275063998128,592053391.6761067,0.6820275063998128,0.6820275063998128,0.6820275063998128,ADA-USD,crypto,
2025-05-02,2025-05-02 05:30:00,0.7048540559063339,586072580.7401356,0.7048540559063339,0.7048540559063339,0.7048540559063339,ADA-USD,crypto,
2025-05-03,2025-05-03 05:30:00,0.6974986414291682,606872856.4955413,0.6974986414291682,0.6974986414291682,0.6974986414291682,ADA-USD,crypto,
2025-05-04,2025-05-04 05:30:00,0.7013467253059199,752443709.4776694,0.7013467253059199,0.7013467253059199,0.7013467253059199,ADA-USD,crypto,
2025-05-05,2025-05-05 05:30:00,0.6763756494805502,661246645.056914,0.6763756494805502,0.6763756494805502,0.6763756494805502,ADA-USD,crypto,
2025-05-06,2025-05-06 05:30:00,0.6631639151504879,664925434.1708654,0.6631639151504879,0.6631639151504879,0.6631639151504879,ADA-USD,crypto,
2025-05-07,2025-05-07 05:30:00,0.6787761903074216,552471849.9156157,0.6787761903074216,0.6787761903074216,0.6787761903074216,ADA-USD,crypto,
2025-05-08,2025-05-08 05:30:00,0.671376495581957,582536184.2563542,0.671376495581957,0.671376495581957,0.671376495581957,ADA-USD,crypto,
2025-05-09,2025-05-09 05:30:00,0.7651537464755499,1355272025.0992892,0.7651537464755499,0.7651537464755499,0.7651537464755499,ADA-USD,crypto,
2025-05-10,2025-05-10 05:30:00,0.7773024778174161,1491055749.585572,0.7773024778174161,0.7773024778174161,0.7773024778174161,ADA-USD,crypto,
2025-05-11,2025-05-11 05:30:00,0.8400596557571808,1390682398.3795056,0.8400596557571808,0.8400596557571808,0.8400596557571808,ADA-USD,crypto,
2025-05-12,2025-05-12 05:30:00,0.8048629924679394,1096359924.9786,0.8048629924679394,0.8048629924679394,0.8048629924679394,ADA-USD,crypto,
2025-05-13,2025-05-13 05:30:00,0.8191103769126542,1891364013.690922,0.8191103769126542,0.8191103769126542,0.8191103769126542,ADA-USD,crypto,
2025-05-14,2025-05-14 05:30:00,0.8312541090164433,1249623977.9694462,0.8312541090164433,0.8312541090164433,0.8312541090164433,ADA-USD,crypto,
2025-05-15,2025-05-15 05:30:00,0.7985815955519888,1166899569.1134908,0.7985815955519888,0.7985815955519888,0.7985815955519888,ADA-USD,crypto,
2025-05-16,2025-05-16 05:30:00,0.760909266948887,1032947704.5832616,0.760909266948887,0.760909266948887,0.760909266948887,ADA-USD,crypto,
2025-05-17,2025-05-17 05:30:00,0.7605802350885046,777814627.6177915,0.7605802350885046,0.7605802350885046,0.7605802350885046,ADA-USD,crypto,
2025-05-18,2025-05-18 05:30:00,0.7424784161936966,906498912.2572886,0.7424784161936966,0.7424784161936966,0.7424784161936966,ADA-USD,crypto,
2025-05-19,2025-05-19 05:30:00,0.7518394820880364,949005467.3644464,0.7518394820880364,0.7518394820880364,0.7518394820880364,ADA-USD,crypto,
2025-05-20,2025-05-20 05:30:00,0.7426046048097757,855716668.7541951,0.7426046048097757,0.7426046048097757,0.7426046048097757,ADA-USD,crypto,
2025-05-21,2025-05-21 05:30:00,0.7456441858290309,690998975.7792397,0.7456441858290309,0.7456441858290309,0.7456441858290309,ADA-USD,crypto,
2025-05-22,2025-05-22 05:30:00,0.772065003489696,1077168981.202006,0.772065003489696,0.772065003489696,0.772065003489696,ADA-USD,crypto,
2025-05-23,2025-05-23 05:30:00,0.8077548195843751,1069425848.6042526,0.8077548195843751,0.8077548195843751,0.8077548195843751,ADA-USD,crypto,
2025-05-24,2025-05-24 05:30:00,0.748254247966839,1417851508.940276,0.748254247966839,0.748254247966839,0.748254247966839,ADA-USD,crypto,
2025-05-25,2025-05-25 05:30:00,0.7460261925160765,630031485.6921482,0.7460261925160765,0.7460261925160765,0.7460261925160765,ADA-USD,crypto,
2025-05-26,2025-05-26 05:30:00,0.7589761692612583,673782320.823423,0.7589761692612583,0.7589761692612583,0.7589761692612583,ADA-USD,crypto,
2025-05-27,2025-05-27 05:30:00,0.7582470752465925,588809796.8894885,0.7582470752465925,0.7582470752465925,0.7582470752465925,ADA-USD,crypto,
2025-05-28,2025-05-28 05:30:00,0.7578018172885506,652902725.7086877,0.7578018172885506,0.7578018172885506,0.7578018172885506,ADA-USD,crypto,
2025-05-29,2025-05-29 05:30:00,0.7465205662397495,546997351.279757,0.7465205662397495,0.7465205662397495,0.7465205662397495,ADA-USD,crypto,
2025-05-30,2025-05-30 05:30:00,0.724272085506191,649806532.9053063,0.724272085506191,0.724272085506191,0.724272085506191,ADA-USD,crypto,
2025-05-31,2025-05-31 05:30:00,0.6912614352706643,935627012.618067,0.6912614352706643,0.6912614352706643,0.6912614352706643,ADA-USD,crypto,
2025-06-01,2025-06-01 05:30:00,0.6863035406713839,721005660.5061203,0.6863035406713839,0.6863035406713839,0.6863035406713839,ADA-USD,crypto,
2025-06-02,2025-06-02 05:30:00,0.6853559510305921,524853161.2361533,0.6853559510305921,0.6853559510305921,0.6853559510305921,ADA-USD,crypto,
2025-06-03,2025-06-03 05:30:00,0.6900620402912112,570636794.5706515,0.6900620402912112,0.6900620402912112,0.6900620402912112,ADA-USD,crypto,
2025-06-04,2025-06-04 05:30:00,0.684833771475063,494639383.16412145,0.684833771475063,0.684833771475063,0.684833771475063,ADA-USD,crypto,
2025-06-05,2025-06-05 05:30:00,0.6662352525151268,400096118.0279466,0.6662352525151268,0.6662352525151268,0.6662352525151268,ADA-USD,crypto,
2025-06-06,2025-06-06 05:30:00,0.6279989717216173,759754191.8443644,0.6279989717216173,0.6279989717216173,0.6279989717216173,ADA-USD,crypto,
2025-06-07,2025-06-07 05:30:00,0.6564156318236438,579132039.6493936,0.6564156318236438,0.6564156318236438,0.6564156318236438,ADA-USD,crypto,
2025-06-08,2025-06-08 05:30:00,0.665097118031322,345182718.07783103,0.665097118031322,0.665097118031322,0.665097118031322,ADA-USD,crypto,
2025-06-09,2025-06-09 05:30:00,0.6696475032429187,445907844.38359064,0.6696475032429187,0.6696475032429187,0.6696475032429187,ADA-USD,crypto,
2025-06-10,2025-06-10 05:30:00,0.7051927875959849,556699781.999879,0.7051927875959849,0.7051927875959849,0.7051927875959849,ADA-USD,crypto,
2025-06-11,2025-06-11 05:30:00,0.7161084051691045,816441834.7804779,0.7161084051691045,0.7161084051691045,0.7161084051691045,ADA-USD,crypto,
2025-06-12,2025-06-12 05:30:00,0.6978609557770317,650490779.2528718,0.6978609557770317,0.6978609557770317,0.6978609557770317,ADA-USD,crypto,
2025-06-13,2025-06-13 05:30:00,0.6645616396607636,644736788.8081536,0.6645616396607636,0.6645616396607636,0.6645616396607636,ADA-USD,crypto,
2025-06-14,2025-06-14 05:30:00,0.6415287116259395,967144196.2984973,0.6415287116259395,0.6415287116259395,0.6415287116259395,ADA-USD,crypto,
2025-06-15,2025-06-15 05:30:00,0.6249531411165467,377703624.01002413,0.6249531411165467,0.6249531411165467,0.6249531411165467,ADA-USD,crypto,
2025-06-16,2025-06-16 05:30:00,0.6338091675682362,306474152.5964094,0.6338091675682362,0.6338091675682362,0.6338091675682362,ADA-USD,crypto,
2025-06-17,2025-06-17 05:30:00,0.6348092267777333,634345979.704381,0.6348092267777333,0.6348092267777333,0.6348092267777333,ADA-USD,crypto,
2025-06-18,2025-06-18 05:30:00,0.6114224843190872,668780456.8391515,0.6114224843190872,0.6114224843190872,0.6114224843190872,ADA-USD,crypto,
2025-06-19,2025-06-19 05:30:00,0.6031520541269734,649432905.7020996,0.6031520541269734,0.6031520541269734,0.6031520541269734,ADA-USD,crypto,
2025-06-20,2025-06-20 05:30:00,0.6022517506298001,411526119.6336923,0.6022517506298001,0.6022517506298001,0.6022517506298001,ADA-USD,crypto,
2025-06-21,2025-06-21 05:30:00,0.5768480561772417,655089381.7343858,0.5768480561772417,0.5768480561772417,0.5768480561772417,ADA-USD,crypto,
2025-06-22,2025-06-22 05:30:00,0.5507083653541873,616320411.8508501,0.5507083653541873,0.5507083653541873,0.5507083653541873,ADA-USD,crypto,
2025-06-23,2025-06-23 05:30:00,0.5411301510006504,1046673222.5903796,0.5411301510006504,0.5411301510006504,0.5411301510006504,ADA-USD,crypto,
2025-06-24,2025-06-24 05:30:00,0.5832401178415064,923344856.19398,0.5832401178415064,0.5832401178415064,0.5832401178415064,ADA-USD,crypto,
2025-06-25,2025-06-25 05:30:00,0.5872194649270592,716773448.9598132,0.5872194649270592,0.5872194649270592,0.5872194649270592,ADA-USD,crypto,
2025-06-26,2025-06-26 05:30:00,0.5667721482568538,549499472.3311824,0.5667721482568538,0.5667721482568538,0.5667721482568538,ADA-USD,crypto,
2025-06-27,2025-06-27 05:30:00,0.5541621947716998,546164591.2662042,0.5541621947716998,0.5541621947716998,0.5541621947716998,ADA-USD,crypto,
2025-06-28,2025-06-28 05:30:00,0.5586998411211989,461343367.5389696,0.5586998411211989,0.5586998411211989,0.5586998411211989,ADA-USD,crypto,
2025-06-29,2025-06-29 05:30:00,0.5655976009022613,328696976.3556034,0.5655976009022613,0.5655976009022613,0.5655976009022613,ADA-USD,crypto,
2025-06-30,2025-06-30 05:30:00,0.5775074724180472,546299719.7888314,0.5775074724180472,0.5775074724180472,0.5775074724180472,ADA-USD,crypto,
2025-07-01,2025-07-01 05:30:00,0.5720180140652412,685730060.096957,0.5720180140652412,0.5720180140652412,0.5720180140652412,ADA-USD,crypto,
2025-07-02,2025-07-02 05:30:00,0.5421512626893101,631715565.0969181,0.5421512626893101,0.5421512626893101,0.5421512626893101,ADA-USD,crypto,
2025-07-03,2025-07-03 05:30:00,0.5846952591552708,934344132.0381689,0.5846952591552708,0.5846952591552708,0.5846952591552708,ADA-USD,crypto,
2025-07-04,2025-07-04 05:30:00,0.5987839336899987,723259758.2613916,0.5987839336899987,0.5987839336899987,0.5987839336899987,ADA-USD,crypto,
2025-07-05,2025-07-05 05:30:00,0.5728146380802783,539620249.5139698,0.5728146380802783,0.5728146380802783,0.5728146380802783,ADA-USD,crypto,
2025-07-06,2025-07-06 05:30:00,0.5760131698614164,287359327.05554503,0.5760131698614164,0.5760131698614164,0.5760131698614164,ADA-USD,crypto,
2025-07-07,2025-07-07 05:30:00,0.5857056935866781,379742988.53059584,0.5857056935866781,0.5857056935866781,0.5857056935866781,ADA-USD,crypto,
2025-07-08,2025-07-08 05:30:00,0.5798100944867142,559194866.5817564,0.5798100944867142,0.5798100944867142,0.5798100944867142,ADA-USD,crypto,
2025-07-09,2025-07-09 05:30:00,0.5882961516358525,487674618.9568239,0.5882961516358525,0.5882961516358525,0.5882961516358525,ADA-USD,crypto,
2025-07-10,2025-07-10 05:30:00,0.6236218758822067,921412284.2952383,0.6236218758822067,0.6236218758822067,0.6236218758822067,ADA-USD,crypto,
2025-07-11,2025-07-11 05:30:00,0.6771328310749256,1062017291.4508075,0.6771328310749256,0.6771328310749256,0.6771328310749256,ADA-USD,crypto,
2025-07-12,2025-07-12 05:30:00,0.7108207334882014,2545650162.8728247,0.7108207334882014,0.7108207334882014,0.7108207334882014,ADA-USD,crypto,
2025-07-13,2025-07-13 05:30:00,0.7087303921384289,1194202622.657187,0.7087303921384289,0.7087303921384289,0.7087303921384289,ADA-USD,crypto,
2025-07-14,2025-07-14 05:30:00,0.7378983923650405,1350750371.5082395,0.7378983923650405,0.7378983923650405,0.7378983923650405,ADA-USD,crypto,
2025-07-15,2025-07-15 02:03:02,0.7284189877083267,1626677875.3679304,0.7284189877083267,0.7284189877083267,0.7284189877083267,ADA-USD,crypto,
2025-04-16,2025-04-16 05:30:00,126.3038818388089,3719787998.9004683,126.3038818388089,126.3038818388089,126.3038818388089,SOL-USD,crypto,
2025-04-17,2025-04-17 05:30:00,131.4761427933663,5101503918.076568,131.4761427933663,131.4761427933663,131.4761427933663,SOL-USD,crypto,
2025-04-18,2025-04-18 05:30:00,134.6151648808524,4018737660.8549724,134.6151648808524,134.6151648808524,134.6151648808524,SOL-USD,crypto,
2025-04-19,2025-04-19 05:30:00,133.9760882871713,2480801560.1936097,133.9760882871713,133.9760882871713,133.9760882871713,SOL-USD,crypto,
2025-04-20,2025-04-20 05:30:00,139.64248014652355,2834667466.059489,139.64248014652355,139.64248014652355,139.64248014652355,SOL-USD,crypto,
2025-04-21,2025-04-21 05:30:00,137.6315829179827,3092429798.991093,137.6315829179827,137.6315829179827,137.6315829179827,SOL-USD,crypto,
2025-04-22,2025-04-22 05:30:00,136.3303974884886,4783795038.828256,136.3303974884886,136.3303974884886,136.3303974884886,SOL-USD,crypto,
2025-04-23,2025-04-23 05:30:00,148.80397504642707,5472749483.478719,148.80397504642707,148.80397504642707,148.80397504642707,SOL-USD,crypto,
2025-04-24,2025-04-24 05:30:00,150.9999108899842,5423865832.324091,150.9999108899842,150.9999108899842,150.9999108899842,SOL-USD,crypto,
2025-04-25,2025-04-25 05:30:00,152.3299363576059,4515150018.575274,152.3299363576059,152.3299363576059,152.3299363576059,SOL-USD,crypto,
2025-04-26,2025-04-26 05:30:00,150.92008896105446,5066838746.453711,150.92008896105446,150.92008896105446,150.92008896105446,SOL-USD,crypto,
2025-04-27,2025-04-27 05:30:00,149.14633083954075,2422656520.389346,149.14633083954075,149.14633083954075,149.14633083954075,SOL-USD,crypto,
2025-04-28,2025-04-28 05:30:00,148.2466719511348,2296538427.6507287,148.2466719511348,148.2466719511348,148.2466719511348,SOL-USD,crypto,
2025-04-29,2025-04-29 05:30:00,147.99083303267335,4344220983.973297,147.99083303267335,147.99083303267335,147.99083303267335,SOL-USD,crypto,
2025-04-30,2025-04-30 05:30:00,146.49305755147196,3236163761.820636,146.49305755147196,146.49305755147196,146.49305755147196,SOL-USD,crypto,
2025-05-01,2025-05-01 05:30:00,147.73348327834748,3339352715.472854,147.73348327834748,147.73348327834748,147.73348327834748,SOL-USD,crypto,
2025-05-02,2025-05-02 05:30:00,150.76046702861854,3739901458.503681,150.76046702861854,150.76046702861854,150.76046702861854,SOL-USD,crypto,
2025-05-03,2025-05-03 05:30:00,147.97213909446802,3193090564.1996865,147.97213909446802,147.97213909446802,147.97213909446802,SOL-USD,crypto,
2025-05-04,2025-05-04 05:30:00,146.79754814764868,1777312803.7801025,146.79754814764868,146.79754814764868,146.79754814764868,SOL-USD,crypto,
2025-05-05,2025-05-05 05:30:00,143.9823040324787,1839075329.597307,143.9823040324787,143.9823040324787,143.9823040324787,SOL-USD,crypto,
2025-05-06,2025-05-06 05:30:00,146.81070557078957,2594552533.4757075,146.81070557078957,146.81070557078957,146.81070557078957,SOL-USD,crypto,
2025-05-07,2025-05-07 05:30:00,146.90938773866714,3138354742.93678,146.90938773866714,146.90938773866714,146.90938773866714,SOL-USD,crypto,
2025-05-08,2025-05-08 05:30:00,147.20059726659957,4811988060.661323,147.20059726659957,147.20059726659957,147.20059726659957,SOL-USD,crypto,
2025-05-09,2025-05-09 05:30:00,163.41627317514832,7618036777.599004,163.41627317514832,163.41627317514832,163.41627317514832,SOL-USD,crypto,
2025-05-10,2025-05-10 05:30:00,172.6970765026263,8703440319.327112,172.6970765026263,172.6970765026263,172.6970765026263,SOL-USD,crypto,
2025-05-11,2025-05-11 05:30:00,177.3428319704922,4641291512.67865,177.3428319704922,177.3428319704922,177.3428319704922,SOL-USD,crypto,
2025-05-12,2025-05-12 05:30:00,172.85779222329435,4733142340.016698,172.85779222329435,172.85779222329435,172.85779222329435,SOL-USD,crypto,
2025-05-13,2025-05-13 05:30:00,174.41950190990173,8002629811.569619,174.41950190990173,174.41950190990173,174.41950190990173,SOL-USD,crypto,
2025-05-14,2025-05-14 05:30:00,184.05379777179434,6287498118.264789,184.05379777179434,184.05379777179434,184.05379777179434,SOL-USD,crypto,
2025-05-15,2025-05-15 05:30:00,176.45507175799847,5807895946.602451,176.45507175799847,176.45507175799847,176.45507175799847,SOL-USD,crypto,
2025-05-16,2025-05-16 05:30:00,168.75269732863256,5419257075.786196,168.75269732863256,168.75269732863256,168.75269732863256,SOL-USD,crypto,
2025-05-17,2025-05-17 05:30:00,167.76812404954248,4389549581.69855,167.76812404954248,167.76812404954248,167.76812404954248,SOL-USD,crypto,
2025-05-18,2025-05-18 05:30:00,165.9394166641985,3269429713.7712717,165.9394166641985,165.9394166641985,165.9394166641985,SOL-USD,crypto,
2025-05-19,2025-05-19 05:30:00,171.54067495745267,4719647862.73409,171.54067495745267,171.54067495745267,171.54067495745267,SOL-USD,crypto,
2025-05-20,2025-05-20 05:30:00,166.7148813421899,4917489419.353307,166.7148813421899,166.7148813421899,166.7148813421899,SOL-USD,crypto,
2025-05-21,2025-05-21 05:30:00,168.38572912424627,4723025924.7160635,168.38572912424627,168.38572912424627,168.38572912424627,SOL-USD,crypto,
2025-05-22,2025-05-22 05:30:00,173.96771434765478,6215139156.977671,173.96771434765478,173.96771434765478,173.96771434765478,SOL-USD,crypto,
2025-05-23,2025-05-23 05:30:00,179.57884486750282,5820960214.759074,179.57884486750282,179.57884486750282,179.57884486750282,SOL-USD,crypto,
2025-05-24,2025-05-24 05:30:00,174.43566967519817,8631193319.547667,174.43566967519817,174.43566967519817,174.43566967519817,SOL-USD,crypto,
2025-05-25,2025-05-25 05:30:00,175.9976176396849,3543822748.1900992,175.9976176396849,175.9976176396849,175.9976176396849,SOL-USD,crypto,
2025-05-26,2025-05-26 05:30:00,175.13203918726265,3915382381.155895,175.13203918726265,175.13203918726265,175.13203918726265,SOL-USD,crypto,
2025-05-27,2025-05-27 05:30:00,174.71672204451494,3202505989.7881603,174.71672204451494,174.71672204451494,174.71672204451494,SOL-USD,crypto,
2025-05-28,2025-05-28 05:30:00,176.57784495904014,4151034839.0818906,176.57784495904014,176.57784495904014,176.57784495904014,SOL-USD,crypto,
2025-05-29,2025-05-29 05:30:00,172.12073410994773,3798038676.2862353,172.12073410994773,172.12073410994773,172.12073410994773,SOL-USD,crypto,
2025-05-30,2025-05-30 05:30:00,166.83894593726552,3849498974.469161,166.83894593726552,166.83894593726552,166.83894593726552,SOL-USD,crypto,
2025-05-31,2025-05-31 05:30:00,156.51262963204462,4811893138.165595,156.51262963204462,156.51262963204462,156.51262963204462,SOL-USD,crypto,
2025-06-01,2025-06-01 05:30:00,156.86968538083693,3067057498.6570454,156.86968538083693,156.86968538083693,156.86968538083693,SOL-USD,crypto,
2025-06-02,2025-06-02 05:30:00,157.63092185153255,2744309615.2839994,157.63092185153255,157.63092185153255,157.63092185153255,SOL-USD,crypto,
2025-06-03,2025-06-03 05:30:00,156.97126157615844,3295032805.67504,156.97126157615844,156.97126157615844,156.97126157615844,SOL-USD,crypto,
2025-06-04,2025-06-04 05:30:00,155.57609294535118,4001215457.270695,155.57609294535118,155.57609294535118,155.57609294535118,SOL-USD,crypto,
2025-06-05,2025-06-05 05:30:00,153.52933334658826,2894328554.847466,153.52933334658826,153.52933334658826,153.52933334658826,SOL-USD,crypto,
2025-06-06,2025-06-06 05:30:00,144.54778524030908,5147783563.002369,144.54778524030908,144.54778524030908,144.54778524030908,SOL-USD,crypto,
2025-06-07,2025-06-07 05:30:00,148.27289869882955,3081994292.815606,148.27289869882955,148.27289869882955,148.27289869882955,SOL-USD,crypto,
2025-06-08,2025-06-08 05:30:00,150.07536034230216,2061571442.4994385,150.07536034230216,150.07536034230216,150.07536034230216,SOL-USD,crypto,
2025-06-09,2025-06-09 05:30:00,152.50446458828966,2132215310.9007103,152.50446458828966,152.50446458828966,152.50446458828966,SOL-USD,crypto,
2025-06-10,2025-06-10 05:30:00,161.15980951265985,4008837628.698958,161.15980951265985,161.15980951265985,161.15980951265985,SOL-USD,crypto,
2025-06-11,2025-06-11 05:30:00,164.9644225697288,5347282400.770432,164.9644225697288,164.9644225697288,164.9644225697288,SOL-USD,crypto,
2025-06-12,2025-06-12 05:30:00,161.01986639557893,5796688364.492554,161.01986639557893,161.01986639557893,161.01986639557893,SOL-USD,crypto,
2025-06-13,2025-06-13 05:30:00,152.6604566097001,3971540185.958896,152.6604566097001,152.6604566097001,152.6604566097001,SOL-USD,crypto,
2025-06-14,2025-06-14 05:30:00,148.53042859104298,6899166919.424324,148.53042859104298,148.53042859104298,148.53042859104298,SOL-USD,crypto,
2025-06-15,2025-06-15 05:30:00,144.75154594223267,2347896839.3558106,144.75154594223267,144.75154594223267,144.75154594223267,SOL-USD,crypto,
2025-06-16,2025-06-16 05:30:00,152.684889859998,3899774764.538459,152.684889859998,152.684889859998,152.684889859998,SOL-USD,crypto,
2025-06-17,2025-06-17 05:30:00,151.43554856186984,5091508004.197791,151.43554856186984,151.43554856186984,151.43554856186984,SOL-USD,crypto,
2025-06-18,2025-06-18 05:30:00,147.99188434299543,5049196750.599356,147.99188434299543,147.99188434299543,147.99188434299543,SOL-USD,crypto,
2025-06-19,2025-06-19 05:30:00,146.27697674399295,4140075680.6693616,146.27697674399295,146.27697674399295,146.27697674399295,SOL-USD,crypto,
2025-06-20,2025-06-20 05:30:00,147.09924520457085,3317445622.022612,147.09924520457085,147.09924520457085,147.09924520457085,SOL-USD,crypto,
2025-06-21,2025-06-21 05:30:00,140.04009054961782,4927733598.47951,140.04009054961782,140.04009054961782,140.04009054961782,SOL-USD,crypto,
2025-06-22,2025-06-22 05:30:00,133.71000196412658,3965117683.287045,133.71000196412658,133.71000196412658,133.71000196412658,SOL-USD,crypto,
2025-06-23,2025-06-23 05:30:00,131.8134744866569,6034851129.188091,131.8134744866569,131.8134744866569,131.8134744866569,SOL-USD,crypto,
2025-06-24,2025-06-24 05:30:00,144.7815680115998,6803245546.166264,144.7815680115998,144.7815680115998,144.7815680115998,SOL-USD,crypto,
2025-06-25,2025-06-25 05:30:00,145.8019507474219,4365577695.258674,145.8019507474219,145.8019507474219,145.8019507474219,SOL-USD,crypto,
2025-06-26,2025-06-26 05:30:00,143.37011953879949,3632253966.777613,143.37011953879949,143.37011953879949,143.37011953879949,SOL-USD,crypto,
2025-06-27,2025-06-27 05:30:00,138.97799072607012,4094443190.4828176,138.97799072607012,138.97799072607012,138.97799072607012,SOL-USD,crypto,
2025-06-28,2025-06-28 05:30:00,142.12675809713753,3884472749.8418827,142.12675809713753,142.12675809713753,142.12675809713753,SOL-USD,crypto,
2025-06-29,2025-06-29 05:30:00,150.7812372563586,3480663753.86231,150.7812372563586,150.7812372563586,150.7812372563586,SOL-USD,crypto,
2025-06-30,2025-06-30 05:30:00,153.31879559308874,3034669713.0257177,153.31879559308874,153.31879559308874,153.31879559308874,SOL-USD,crypto,
2025-07-01,2025-07-01 05:30:00,154.9374500694811,5839631136.997528,154.9374500694811,154.9374500694811,154.9374500694811,SOL-USD,crypto,
2025-07-02,2025-07-02 05:30:00,146.84115991278014,4180937195.699031,146.84115991278014,146.84115991278014,146.84115991278014,SOL-USD,crypto,
2025-07-03,2025-07-03 05:30:00,152.1680329188485,4586707670.749116,152.1680329188485,152.1680329188485,152.1680329188485,SOL-USD,crypto,
2025-07-04,2025-07-04 05:30:00,152.28063806980848,4481298325.462197,152.28063806980848,152.28063806980848,152.28063806980848,SOL-USD,crypto,
2025-07-05,2025-07-05 05:30:00,147.76302956048175,4122205670.4260592,147.76302956048175,147.76302956048175,147.76302956048175,SOL-USD,crypto,
2025-07-06,2025-07-06 05:30:00,147.60067170952217,1854457228.577465,147.60067170952217,147.60067170952217,147.60067170952217,SOL-USD,crypto,
2025-07-07,2025-07-07 05:30:00,151.92103968743746,3555730137.1277676,151.92103968743746,151.92103968743746,151.92103968743746,SOL-USD,crypto,
2025-07-08,2025-07-08 05:30:00,148.79005045485957,4159999387.584406,148.79005045485957,148.79005045485957,148.79005045485957,SOL-USD,crypto,
2025-07-09,2025-07-09 05:30:00,151.83083400485827,4528768718.257452,151.83083400485827,151.83083400485827,151.83083400485827,SOL-USD,crypto,
2025-07-10,2025-07-10 05:30:00,157.20772193763892,5340601044.883773,157.20772193763892,157.20772193763892,157.20772193763892,SOL-USD,crypto,
2025-07-11,2025-07-11 05:30:00,163.85821380442644,10873010259.89518,163.85821380442644,163.85821380442644,163.85821380442644,SOL-USD,crypto,
2025-07-12,2025-07-12 05:30:00,162.75319398002793,15000208185.36994,162.75319398002793,162.75319398002793,162.75319398002793,SOL-USD,crypto,
2025-07-13,2025-07-13 05:30:00,160.46917812212587,7427115213.712982,160.46917812212587,160.46917812212587,160.46917812212587,SOL-USD,crypto,
2025-07-14,2025-07-14 05:30:00,161.2426294578984,7216327088.3555765,161.2426294578984,161.2426294578984,161.2426294578984,SOL-USD,crypto,
2025-07-15,2025-07-15 02:03:07,163.0345005988108,14601144586.14668,163.0345005988108,163.0345005988108,163.0345005988108,SOL-USD,crypto,
2024-11-06,2024-11-06 00:00:00,432.1013415679741,1708397.0,425.77864326745396,432.3735750237974,424.6408778150632,AAPL,stock,True
2024-11-07,2024-11-07 00:00:00,425.6631496617689,4808555.0,427.6012933097947,429.0887944547039,424.71879780016445,AAPL,stock,True
2024-11-08,2024-11-08 00:00:00,427.71954729416257,4243743.0,432.08160244074656,433.63527234270583,425.7853815513927,AAPL,stock,True
2024-11-11,2024-11-11 00:00:00,431.9053991839627,1612908.0,435.5663344103247,436.42944686683995,428.0171480015741,AAPL,stock,True
2024-11-12,2024-11-12 00:00:00,435.4042479906739,2196214.0,431.5619788112046,436.31624466179187,428.95939574352246,AAPL,stock,True
2024-11-13,2024-11-13 00:00:00,431.52903609827274,1668082.0,435.2286920663713,438.02233664054137,429.24284680318385,AAPL,stock,True
2024-11-14,2024-11-14 00:00:00,435.42405317894196,931052.0,438.5879844373796,439.49638675158394,431.75785247701714,AAPL,stock,True
2024-11-15,2024-11-15 00:00:00,438.63836126186766,4691413.0,441.6174026740362,444.9911947252936,438.213001075926,AAPL,stock,True
2024-11-18,2024-11-18 00:00:00,441.43777934636006,2243126.0,440.5568471506138,445.16024675038545,439.95512527435056,AAPL,stock,True
2024-11-19,2024-11-19 00:00:00,440.51920814318015,3490163.0,440.99626412089134,443.5982220520094,436.56134619799,AAPL,stock,True
2024-11-20,2024-11-20 00:00:00,441.12526967846316,2915352.0,443.62800885007476,446.2419090901306,440.9930389649554,AAPL,stock,True
2024-11-21,2024-11-21 00:00:00,443.60223612222103,4330440.0,442.05798991303027,447.2695259678995,437.65739926211336,AAPL,stock,True
2024-11-22,2024-11-22 00:00:00,442.07444143536253,1430550.0,435.5704945706313,442.4486484228082,431.5839158458357,AAPL,stock,True
2024-11-25,2024-11-25 00:00:00,435.3473762802975,4948858.0,440.43020858462603,443.6901458947077,431.87114723257724,AAPL,stock,True
2024-11-26,2024-11-26 00:00:00,440.4627867093016,4867880.0,443.14249581612825,446.8609453351222,438.4244388489235,AAPL,stock,True
2024-11-27,2024-11-27 00:00:00,443.2078648065025,4095104.0,443.61153383463216,445.1715101981473,440.2084812263909,AAPL,stock,True
2024-11-28,2024-11-28 00:00:00,443.72450671829637,1692978.0,448.5496253363665,452.0196294754766,442.63095368711157,AAPL,stock,True
2024-11-29,2024-11-29 00:00:00,448.3417429458626,3301595.0,446.066433508327,450.40345649518633,445.9704510440148,AAPL,stock,True
2024-12-02,2024-12-02 00:00:00,445.8730903899947,2862504.0,440.1847171829892,450.1588297000585,437.668725233264,AAPL,stock,True
2024-12-03,2024-12-03 00:00:00,440.3570632107483,2603208.0,438.19510177751357,442.1714568059679,436.3362412829169,AAPL,stock,True
2024-12-04,2024-12-04 00:00:00,438.20553804320565,532888.0,436.3612709735856,440.8637172757635,436.12018900706653,AAPL,stock,True
2024-12-05,2024-12-05 00:00:00,436.46416256426664,574023.0,437.9261029238986,440.4727781567555,434.7092584499619,AAPL,stock,True
2024-12-06,2024-12-06 00:00:00,437.93557469820485,3285877.0,432.9251890582368,438.76118593219735,429.8001258459207,AAPL,stock,True
2024-12-09,2024-12-09 00:00:00,432.7638323686158,2394681.0,437.7949658963526,441.0110279762219,431.38311734401606,AAPL,stock,True
2024-12-10,2024-12-10 00:00:00,437.7028645560287,638529.0,440.9050956276633,442.9244028352009,437.5055790080852,AAPL,stock,True
2024-12-11,2024-12-11 00:00:00,440.8547991638243,4356887.0,436.5110858999251,443.662765429444,436.47036529288994,AAPL,stock,True
2024-12-12,2024-12-12 00:00:00,436.51462415946804,1659243.0,435.3412677619241,439.60101228583846,433.6101100454127,AAPL,stock,True
2024-12-13,2024-12-13 00:00:00,435.4490939340042,2146189.0,438.8037878087909,441.7669941655273,431.6746565201248,AAPL,stock,True
2024-12-16,2024-12-16 00:00:00,438.9412156896611,2908517.0,438.593830964331,440.8136395193127,438.29663818483675,AAPL,stock,True
2024-12-17,2024-12-17 00:00:00,438.6510151556786,1580145.0,433.9216312543914,441.0382367153024,430.67309442088407,AAPL,stock,True
2024-12-18,2024-12-18 00:00:00,433.82723203795325,1906746.0,429.50523565934895,437.9698976231696,426.65645837932385,AAPL,stock,True
2024-12-19,2024-12-19 00:00:00,429.64532397121536,3301518.0,435.8243292614204,437.57510126137146,428.738438295382,AAPL,stock,True
2024-12-20,2024-12-20 00:00:00,435.9929339832887,3708844.0,439.86031404892026,440.3514308603583,434.8080376888665,AAPL,stock,True
2024-12-23,2024-12-23 00:00:00,439.89136708760714,3428723.0,440.13077284615974,440.6083966349803,437.1696352441362,AAPL,stock,True
2024-12-24,2024-12-24 00:00:00,439.92591225812794,2592164.0,434.47131274768014,442.455112388301,432.5861974494895,AAPL,stock,True
2024-12-25,2024-12-25 00:00:00,434.3279649323316,573139.0,430.0744255600952,434.7514939352464,427.0902836550144,AAPL,stock,True
2024-12-26,2024-12-26 00:00:00,429.9814630394889,952459.0,433.4753904973276,434.2995873074013,426.0421483856997,AAPL,stock,True
2024-12-27,2024-12-27 00:00:00,433.4977083061463,1350516.0,432.26956392322467,434.11051322933815,429.43811810288935,AAPL,stock,True
2024-12-30,2024-12-30 00:00:00,432.27013853713567,4136699.0,434.46966514487076,436.6948267333952,428.61403248961096,AAPL,stock,True
2024-12-31,2024-12-31 00:00:00,434.6006015274845,4710718.0,431.79771690464514,437.60783640472016,429.7401816844839,AAPL,stock,True
2025-01-01,2025-01-01 00:00:00,431.8530758200417,2112580.0,437.64364880859574,440.6157940894008,428.49323385730014,AAPL,stock,True
2025-01-02,2025-01-02 00:00:00,437.6119583526298,4388768.0,442.2702224263251,442.8248170437229,433.34598228003244,AAPL,stock,True
2025-01-03,2025-01-03 00:00:00,442.1009807829564,3339408.0,440.7220391544133,445.51793815960497,438.2879477877324,AAPL,stock,True
2025-01-06,2025-01-06 00:00:00,440.81389941183,2557765.0,435.68418696485514,442.5820038477207,432.4151376335397,AAPL,stock,True
2025-01-07,2025-01-07 00:00:00,435.6318757660604,4056376.0,439.7240786745884,440.80913212360946,435.5314172880535,AAPL,stock,True
2025-01-08,2025-01-08 00:00:00,439.5444040610975,1378745.0,440.9454596592784,442.6126256158328,436.3449013339472,AAPL,stock,True
2025-01-09,2025-01-09 00:00:00,440.8489391286406,1378764.0,445.40131679613563,445.8214308834332,439.59042723096513,AAPL,stock,True
2025-01-10,2025-01-10 00:00:00,445.26950713073796,4746970.0,444.00576658136566,449.530220287926,440.17031502487794,AAPL,stock,True
2025-01-13,2025-01-13 00:00:00,443.8164338715882,1277493.0,450.0778208355463,452.279646976385,440.1318921370335,AAPL,stock,True
2025-01-14,2025-01-14 00:00:00,450.20405065783365,3985311.0,446.35290003324104,453.7112874414391,445.316899202577,AAPL,stock,True
2025-01-15,2025-01-15 00:00:00,446.188398530235,4640867.0,440.4698884768613,447.41960282302756,439.6905793674822,AAPL,stock,True
2025-01-16,2025-01-16 00:00:00,440.5358456157277,2524850.0,434.806959328824,443.1292981434968,433.34128106633614,AAPL,stock,True
2025-01-17,2025-01-17 00:00:00,434.6310549744007,2429489.0,431.54243837806285,436.4593148057114,427.60115277737947,AAPL,stock,True
2025-01-20,2025-01-20 00:00:00,431.39629544043356,4053024.0,425.0690712469293,433.25869184473424,424.623292732447,AAPL,stock,True
2025-01-21,2025-01-21 00:00:00,424.90735575965954,3730495.0,421.59592683351,426.2300030332932,419.0154832284148,AAPL,stock,True
2025-01-22,2025-01-22 00:00:00,421.553838629747,4254468.0,424.98445600915267,426.3253553030287,421.3605722209818,AAPL,stock,True
2025-01-23,2025-01-23 00:00:00,425.0539239750732,3982842.0,425.9814074644711,428.9158846945101,421.6475137722166,AAPL,stock,True
2025-01-24,2025-01-24 00:00:00,425.9191943181941,1791685.0,431.44971407897344,432.2248623628916,423.15695714839177,AAPL,stock,True
2025-01-27,2025-01-27 00:00:00,431.4600869768529,3409615.0,426.7876028301218,432.0587811563269,424.2252509462499,AAPL,stock,True
2025-01-28,2025-01-28 00:00:00,426.8658599032068,4269845.0,430.3017780888071,432.2789130861496,424.39292539281087,AAPL,stock,True
2025-01-29,2025-01-29 00:00:00,430.4776021114763,1909494.0,432.09601544307117,432.60453118466336,429.5929965425081,AAPL,stock,True
2025-01-30,2025-01-30 00:00:00,431.93976002920454,3389426.0,427.7592478161652,433.6907073815762,426.4964057168113,AAPL,stock,True
2025-01-31,2025-01-31 00:00:00,427.5871733753579,2528757.0,421.5337290035278,429.1412278988195,418.3082900721725,AAPL,stock,True
2025-02-03,2025-02-03 00:00:00,421.3710169926934,1132717.0,415.64590563161386,424.3009047423687,413.52867196870466,AAPL,stock,True
2025-02-04,2025-02-04 00:00:00,415.42436975826666,1552757.0,409.4469513715654,416.0562361912693,406.5798974218034,AAPL,stock,True
2025-02-05,2025-02-05 00:00:00,409.22363219981105,4194146.0,403.27119077389597,411.21808807049337,399.89903709761717,AAPL,stock,True
2025-02-06,2025-02-06 00:00:00,403.3726457561142,2081646.0,400.692521313735,405.3707608611324,398.7846322751747,AAPL,stock,True
2025-02-07,2025-02-07 00:00:00,400.616243919666,2415512.0,395.25031819539123,404.58287313337433,392.24018963640356,AAPL,stock,True
2025-02-10,2025-02-10 00:00:00,395.1750665926581,3946358.0,391.9633463153314,398.84491196662265,391.6184512178565,AAPL,stock,True
2025-02-11,2025-02-11 00:00:00,391.7802612788639,1387338.0,387.1574839880756,391.87623811990136,384.8203115723603,AAPL,stock,True
2025-02-12,2025-02-12 00:00:00,387.05662975083266,719677.0,390.12464015873377,391.43196486354805,384.078723745898,AAPL,stock,True
2025-02-13,2025-02-13 00:00:00,390.05517616720914,1939717.0,390.55634843613586,392.08149387206515,388.1820018192312,AAPL,stock,True
2025-02-14,2025-02-14 00:00:00,390.498469112763,2686942.0,385.36518300807035,391.68824481041963,382.23475891010577,AAPL,stock,True
2025-02-17,2025-02-17 00:00:00,385.3920649348755,687020.0,382.5883849876637,389.1194581718263,381.0168805057554,AAPL,stock,True
2025-02-18,2025-02-18 00:00:00,382.55831116076774,2879862.0,377.79470765322446,382.576664040505,376.0863950749337,AAPL,stock,True
2025-02-19,2025-02-19 00:00:00,377.8820626045035,715242.0,377.59246469925023,379.1735896671274,373.9037994735826,AAPL,stock,True
2025-02-20,2025-02-20 00:00:00,377.59188515788065,3247340.0,376.06222052165816,378.44582142061313,372.32729608860956,AAPL,stock,True
2025-02-21,2025-02-21 00:00:00,375.8759806520831,918800.0,372.13449313541014,377.0408884937156,369.7725807825436,AAPL,stock,True
2025-02-24,2025-02-24 00:00:00,371.99118968229624,2852040.0,370.2860675957356,375.0523101832937,368.31108016502446,AAPL,stock,True
2025-02-25,2025-02-25 00:00:00,370.38962564324606,2226774.0,366.16789433516107,370.8402945464153,364.37838292881264,AAPL,stock,True
2025-02-26,2025-02-26 00:00:00,366.0250111925502,912283.0,362.79800095154593,368.4881620703369,359.27521956842986,AAPL,stock,True
2025-02-27,2025-02-27 00:00:00,362.8310965668324,1237657.0,361.3927865564961,365.88996652090333,358.37634423275364,AAPL,stock,True
2025-02-28,2025-02-28 00:00:00,361.1943106490223,1993330.0,362.9432903522222,364.87567302032375,357.64498686380807,AAPL,stock,True
2025-03-03,2025-03-03 00:00:00,362.82937763025666,2236368.0,360.93273332681287,363.7178931698622,358.51529342306577,AAPL,stock,True
2025-03-04,2025-03-04 00:00:00,361.06233439684223,3347274.0,357.76632254808084,363.4259446439353,354.53212866028355,AAPL,stock,True
2025-03-05,2025-03-05 00:00:00,357.7319068758068,893903.0,360.16665852190806,361.51426339337013,354.94301980495885,AAPL,stock,True
2025-03-06,2025-03-06 00:00:00,360.1948796578041,2155987.0,356.41412718180794,363.451865844735,355.6629847372762,AAPL,stock,True
2025-03-07,2025-03-07 00:00:00,356.2852193323449,2130650.0,357.77955284281654,359.01369955063706,353.38137192700526,AAPL,stock,True
2025-03-10,2025-03-10 00:00:00,357.755025676296,2537568.0,357.842783438197,360.7268270734052,355.68780199462486,AAPL,stock,True
2025-03-11,2025-03-11 00:00:00,357.8032633979037,937422.0,353.20932876834394,360.02826719479316,350.66497820341687,AAPL,stock,True
2025-03-12,2025-03-12 00:00:00,353.25339419861314,3252124.0,350.04291242692324,354.2025350327551,349.7862697194865,AAPL,stock,True
2025-03-13,2025-03-13 00:00:00,350.15133326656286,4184390.0,354.57659007407227,356.15545594389505,347.7066389571857,AAPL,stock,True
2025-03-14,2025-03-14 00:00:00,354.5884640311675,1823860.0,351.0493393956376,355.4504978088446,347.831695183173,AAPL,stock,True
2025-03-17,2025-03-17 00:00:00,351.174750647786,3182240.0,347.2838549221652,353.8419964431845,345.77476353569506,AAPL,stock,True
2025-03-18,2025-03-18 00:00:00,347.1020572917503,4324869.0,349.35142801836616,351.0133300676889,345.2486754729245,AAPL,stock,True
2025-03-19,2025-03-19 00:00:00,349.46291560149723,2671231.0,346.1612389186876,350.7336813076865,344.72234214263085,AAPL,stock,True
2025-03-20,2025-03-20 00:00:00,346.22819792728154,4112431.0,342.4381043612105,346.6305570926452,341.9133900112952,AAPL,stock,True
2025-03-21,2025-03-21 00:00:00,342.26186053422293,1135040.0,343.9064932306643,346.2060600443341,340.83373597403187,AAPL,stock,True
2025-03-24,2025-03-24 00:00:00,343.8628855945469,571306.0,346.32831350017926,348.95657161184363,343.5118497492435,AAPL,stock,True
2025-03-25,2025-03-25 00:00:00,346.3648747263236,2346314.0,347.65074763215176,350.04265361689824,346.2672584243477,AAPL,stock,True
2025-03-26,2025-03-26 00:00:00,347.5854317236924,4179572.0,344.3024840160261,350.4601401154054,343.96648153698595,AAPL,stock,True
2025-03-27,2025-03-27 00:00:00,344.2500166205441,1068346.0,346.4927295179993,349.0761559089668,344.19254575687535,AAPL,stock,True
2025-03-28,2025-03-28 00:00:00,346.4608418376315,4145230.0,348.09903615643,349.97045784285143,346.3737771114626,AAPL,stock,True
2025-03-31,2025-03-31 00:00:00,347.97053932803203,1865384.0,346.52606790074395,348.1803719986506,344.86028435315666,AAPL,stock,True
2025-04-01,2025-04-01 00:00:00,346.3667774449509,4299729.0,342.98335922319046,349.0913984202858,340.2427107045978,AAPL,stock,True
2025-04-02,2025-04-02 00:00:00,342.924750318304,4939357.0,347.9799528653943,351.2486569627688,341.122728035865,AAPL,stock,True
2025-04-03,2025-04-03 00:00:00,348.00034304386617,4783021.0,343.3194283138739,350.32417103497124,340.88284036321267,AAPL,stock,True
2025-04-04,2025-04-04 00:00:00,343.3852570934917,4805703.0,341.5926627387201,346.1034178197943,341.0435305488407,AAPL,stock,True
2025-04-07,2025-04-07 00:00:00,341.6521388967396,3919752.0,344.30339475481327,345.4992562542435,339.4980079837651,AAPL,stock,True
2025-04-08,2025-04-08 00:00:00,344.1445652583734,2437955.0,345.5607802663157,348.08575210927154,341.9046020753048,AAPL,stock,True
2025-04-09,2025-04-09 00:00:00,345.60572917089144,3155531.0,347.8945773100599,351.21231798914977,345.2338152809519,AAPL,stock,True
2025-04-10,2025-04-10 00:00:00,347.8824462948676,3357734.0,347.8267979691214,349.0696068243529,346.16958200038164,AAPL,stock,True
2025-04-11,2025-04-11 00:00:00,347.90187762258944,2471888.0,350.0193491209119,353.45266052053177,346.42059790459655,AAPL,stock,True
2025-04-14,2025-04-14 00:00:00,349.89962315962106,2119537.0,351.39915382688963,354.4220971411685,349.70046166888335,AAPL,stock,True
2025-04-15,2025-04-15 00:00:00,351.47030566210316,3373437.0,347.00275549345724,352.02282682531745,346.7631473487973,AAPL,stock,True
2025-04-16,2025-04-16 00:00:00,347.0032785131211,1590638.0,342.18714714736313,348.35903792563,341.5202804758037,AAPL,stock,True
2025-04-17,2025-04-17 00:00:00,342.14217251044283,4753688.0,341.25048291879,345.3765883861495,340.1320188630284,AAPL,stock,True
2025-04-18,2025-04-18 00:00:00,341.0695236905267,1458100.0,339.7028574117908,341.22401617314205,337.45450583197396,AAPL,stock,True
2025-04-21,2025-04-21 00:00:00,339.54955743354685,3203533.0,342.0963304572022,343.9512752684632,338.9622446031307,AAPL,stock,True
2025-04-22,2025-04-22 00:00:00,342.2446416942475,2604367.0,341.31449008761837,344.2962911346674,341.0415477061356,AAPL,stock,True
2025-04-23,2025-04-23 00:00:00,341.4112004128272,4549450.0,344.0712451167647,347.1444474517376,340.28149260648695,AAPL,stock,True
2025-04-24,2025-04-24 00:00:00,344.0125129903004,2545162.0,346.00950819901345,348.46681141337194,343.70608468556867,AAPL,stock,True
2025-04-25,2025-04-25 00:00:00,345.8480275623109,3554982.0,350.67447453737924,352.55803064235886,344.58028520013346,AAPL,stock,True
2025-04-28,2025-04-28 00:00:00,350.830075433098,2807837.0,347.4390967231268,353.69290495449206,346.78382143504547,AAPL,stock,True
2025-04-29,2025-04-29 00:00:00,347.54370748388544,3755874.0,347.318350445044,347.69859940197676,346.4304181795317,AAPL,stock,True
2025-04-30,2025-04-30 00:00:00,347.1781193732888,748524.0,343.10064732476474,348.27122640605364,340.3423478747113,AAPL,stock,True
2025-05-01,2025-05-01 00:00:00,342.9934336257042,1693296.0,347.413605618413,350.66280652493344,342.01328413400097,AAPL,stock,True
2025-05-02,2025-05-02 00:00:00,347.5119978945247,2848542.0,350.4750379376184,352.62644236925075,344.03925834910433,AAPL,stock,True
2025-05-05,2025-05-05 00:00:00,350.57071351212954,2901927.0,349.2867934683528,351.56837494671464,348.446801289277,AAPL,stock,True
2025-05-06,2025-05-06 00:00:00,349.37284110689643,2921901.0,345.1308983361102,350.0058366374611,343.3487415163351,AAPL,stock,True
2025-05-07,2025-05-07 00:00:00,345.27291935842163,4086488.0,341.90579945340147,348.4465080046278,340.72616061247373,AAPL,stock,True
2025-05-08,2025-05-08 00:00:00,341.7541935469493,592806.0,337.24462790943403,342.06956136780946,335.42370098337267,AAPL,stock,True
2025-05-09,2025-05-09 00:00:00,337.2531228526381,3658393.0,333.8826714191743,338.1685183642949,332.3802460492684,AAPL,stock,True
2025-05-12,2025-05-12 00:00:00,333.72449432776693,3133784.0,330.16798726508557,334.5495209515738,328.2026479687682,AAPL,stock,True
2025-05-13,2025-05-13 00:00:00,330.1625892321746,1863159.0,330.9773691706652,333.66794380520906,326.9792238855085,AAPL,stock,True
2025-05-14,2025-05-14 00:00:00,331.10077309811487,2421500.0,330.77665599885245,332.5017845279891,328.74660067411054,AAPL,stock,True
2025-05-15,2025-05-15 00:00:00,330.69042383578955,3397727.0,329.4465687190421,333.632292288999,327.04525265256325,AAPL,stock,True
2025-05-16,2025-05-16 00:00:00,329.5063495878744,2441361.0,326.0404511030592,331.61265809962214,324.7888554896002,AAPL,stock,True
2025-05-19,2025-05-19 00:00:00,326.16032175297386,2433967.0,329.11707857897284,331.2879254572539,324.81645953129373,AAPL,stock,True
2025-05-20,2025-05-20 00:00:00,329.1759755227042,674166.0,327.0555215784283,329.5384689226883,327.00996512457465,AAPL,stock,True
2025-05-21,2025-05-21 00:00:00,327.1242210639555,3712388.0,330.7554581264049,331.9778937144108,324.40394428844974,AAPL,stock,True
2025-05-22,2025-05-22 00:00:00,330.72576730297226,4275937.0,335.56531032564646,336.3202111718353,327.95035668380604,AAPL,stock,True
2025-05-23,2025-05-23 00:00:00,335.71114951119415,4261669.0,330.9368582819056,338.79734020483727,328.199817077714,AAPL,stock,True
2025-05-26,2025-05-26 00:00:00,330.9310743509117,3594714.0,334.9290377737597,335.4052455074815,330.08285645150704,AAPL,stock,True
2025-05-27,2025-05-27 00:00:00,334.8785460301581,602358.0,336.4227259406091,338.73915035378957,332.5483910474972,AAPL,stock,True
2025-05-28,2025-05-28 00:00:00,336.4714679208745,2289632.0,338.0034761336533,340.63049233454115,334.39443359546334,AAPL,stock,True
2025-05-29,2025-05-29 00:00:00,337.96414297680326,1428066.0,339.81883847325116,340.5647085707459,334.8521085776559,AAPL,stock,True
2025-05-30,2025-05-30 00:00:00,339.80593020251,1358274.0,340.28352815866305,343.07251525954024,336.75407115426145,AAPL,stock,True
2025-06-02,2025-06-02 00:00:00,340.2477569781084,4833338.0,343.07594972975164,344.23906484164803,338.8729029644559,AAPL,stock,True
2025-06-03,2025-06-03 00:00:00,343.0100210920904,1193017.0,339.66765096528997,346.3528154254454,338.8121842956397,AAPL,stock,True
2025-06-04,2025-06-04 00:00:00,339.5401612574133,1374101.0,344.63662992360327,345.8225439149445,339.3065300512544,AAPL,stock,True
2025-06-05,2025-06-05 00:00:00,344.4723251778335,662374.0,346.26526069516484,349.39785936272784,344.0468849538395,AAPL,stock,True
2025-06-06,2025-06-06 00:00:00,346.23217080240164,2021266.0,347.93298225870393,347.98715393714474,345.7777542062912,AAPL,stock,True
2025-06-09,2025-06-09 00:00:00,347.95050480337585,3860210.0,345.3192002973291,348.9628997802899,342.55360539662854,AAPL,stock,True
2025-06-10,2025-06-10 00:00:00,345.147775369408,774262.0,347.43231323106875,349.73027959681474,343.5992508134534,AAPL,stock,True
2025-06-11,2025-06-11 00:00:00,347.5828107243213,4446768.0,342.865791964295,349.71347736526934,342.44719161443203,AAPL,stock,True
2025-06-12,2025-06-12 00:00:00,342.98978543576413,2982476.0,337.93052203733106,345.26693379064756,337.2226514653191,AAPL,stock,True
2025-06-13,2025-06-13 00:00:00,337.8507729552567,4423124.0,337.52791642125555,338.70014543743764,334.38804781409345,AAPL,stock,True
2025-06-16,2025-06-16 00:00:00,337.52196146778056,1266916.0,337.28781198359894,337.9139697590828,335.0759247862239,AAPL,stock,True
2025-06-17,2025-06-17 00:00:00,337.2913768471896,3142882.0,341.77931772761644,345.041780954415,337.2814248673108,AAPL,stock,True
2025-06-18,2025-06-18 00:00:00,341.76470651810655,4528478.0,337.39535041308403,342.0154032652221,335.9877487646128,AAPL,stock,True
2025-06-19,2025-06-19 00:00:00,337.31360070744955,3590264.0,342.0065046067031,345.04310341417,337.2363133129726,AAPL,stock,True
2025-06-20,2025-06-20 00:00:00,342.0307061499781,1203642.0,338.61472837017243,344.7296395850143,336.8063222574712,AAPL,stock,True
2025-06-23,2025-06-23 00:00:00,338.56146568126553,2446932.0,340.57742104792226,341.84348303526133,338.3532193669906,AAPL,stock,True
2025-06-24,2025-06-24 00:00:00,340.39394973055886,4315802.0,339.64505912171325,343.6104885375259,336.43162161752065,AAPL,stock,True
2025-06-25,2025-06-25 00:00:00,339.64414590935814,4724324.0,344.5490692202596,345.15541035706366,338.6740290834302,AAPL,stock,True
2025-06-26,2025-06-26 00:00:00,344.3613846755061,2007062.0,339.38801578792817,345.1457512547616,336.4710076901995,AAPL,stock,True
2025-06-27,2025-06-27 00:00:00,339.4970782330638,3487911.0,342.36046615991063,343.2236402471702,338.76920799627936,AAPL,stock,True
2025-06-30,2025-06-30 00:00:00,342.48573043543865,1244028.0,341.59430042172767,344.4822751190518,338.3422923420269,AAPL,stock,True
2025-07-01,2025-07-01 00:00:00,341.6760512776092,3816619.0,340.47265113641566,343.84783956565735,339.67404863699494,AAPL,stock,True
2025-07-02,2025-07-02 00:00:00,340.44465465552713,3580870.0,339.5151434097759,342.0570187412874,337.3631374841574,AAPL,stock,True
2025-07-03,2025-07-03 00:00:00,339.62405257599903,4827713.0,341.5511742388546,342.69037788278865,338.7260257636387,AAPL,stock,True
2025-07-04,2025-07-04 00:00:00,341.58707146765994,1482554.0,343.2516526646873,345.78717733283685,338.6746683351613,AAPL,stock,True
2025-07-07,2025-07-07 00:00:00,343.2397314398346,2902913.0,345.0528891974445,345.71419576903355,340.48796671355495,AAPL,stock,True
2025-07-08,2025-07-08 00:00:00,344.9309813610307,1298755.0,343.4497964589286,347.85225296201384,342.3749962912031,AAPL,stock,True
2025-07-09,2025-07-09 00:00:00,343.4158975346105,2010021.0,346.8797152086021,348.6294151863895,340.4751825814697,AAPL,stock,True
2025-07-10,2025-07-10 00:00:00,346.85863541184955,2705530.0,342.09196994381034,346.9527705428556,339.41863660415993,AAPL,stock,True
2025-07-11,2025-07-11 00:00:00,342.1938167946461,938620.0,341.58642061540456,345.2264181479141,340.16570906938813,AAPL,stock,True
2025-07-14,2025-07-14 00:00:00,341.56004798788103,3595694.0,339.1933953246244,344.2707758089737,339.1593414878509,AAPL,stock,True
2025-07-15,2025-07-15 00:00:00,339.25488975599893,1121101.0,336.0,341.36816177676377,332.91148001546225,AAPL,stock,True
2024-11-06,2024-11-06 00:00:00,365.52357253793684,3348440.0,369.3136076042165,369.94551167059507,363.56283846943234,MSFT,stock,True
2024-11-07,2024-11-07 00:00:00,369.21438961647505,2818992.0,372.63353114163425,373.70498368237025,368.70135517573556,MSFT,stock,True
2024-11-08,2024-11-08 00:00:00,372.4914289885885,749782.0,369.71155739966105,375.51318375671264,369.51177087900953,MSFT,stock,True
2024-11-11,2024-11-11 00:00:00,369.52492577533815,1580487.0,367.00745580859785,371.2725603764411,366.62797491118187,MSFT,stock,True
2024-11-12,2024-11-12 00:00:00,366.81669483693986,3479172.0,372.27477777485154,374.3632657445751,363.50095262414294,MSFT,stock,True
2024-11-13,2024-11-13 00:00:00,372.3653098261085,2906338.0,374.38191622610776,375.19596414424024,369.43844296290695,MSFT,stock,True
2024-11-14,2024-11-14 00:00:00,374.4388081657479,1565619.0,373.97527722248657,376.7720362115236,372.3922520895667,MSFT,stock,True
2024-11-15,2024-11-15 00:00:00,373.79336325889585,2254139.0,373.62266883950235,374.6633856654258,371.67358885655136,MSFT,stock,True
2024-11-18,2024-11-18 00:00:00,373.5045660887788,4936170.0,372.3103957057291,376.2022605068417,372.25240459784004,MSFT,stock,True
2024-11-19,2024-11-19 00:00:00,372.41911149833663,2962131.0,370.78693550868377,373.8310062807517,368.1205720855557,MSFT,stock,True
2024-11-20,2024-11-20 00:00:00,370.65028613972447,4852982.0,370.9745145515907,373.36347696691917,367.2756397834903,MSFT,stock,True
2024-11-21,2024-11-21 00:00:00,370.95063529498816,4498005.0,371.0658478231983,373.7065538450739,368.52396165729374,MSFT,stock,True
2024-11-22,2024-11-22 00:00:00,371.0630118626488,2073537.0,375.42652535020034,377.93485129799876,369.58836300520346,MSFT,stock,True
2024-11-25,2024-11-25 00:00:00,375.5365481741067,918512.0,376.47641797859364,379.27319656413226,375.47841441901,MSFT,stock,True
2024-11-26,2024-11-26 00:00:00,376.3957203224428,3565195.0,373.2927732661752,380.1457334432813,373.2554046445954,MSFT,stock,True
2024-11-27,2024-11-27 00:00:00,373.4415407226185,2017959.0,370.378900054839,377.05837388338966,368.0740376615867,MSFT,stock,True
2024-11-28,2024-11-28 00:00:00,370.441188829989,2784821.0,374.85492604043304,377.09087992213205,369.6876467517627,MSFT,stock,True
2024-11-29,2024-11-29 00:00:00,374.6605936773956,3687555.0,378.55752718022717,380.5333084167766,372.3907374539753,MSFT,stock,True
2024-12-02,2024-12-02 00:00:00,378.3815164842279,2585466.0,376.5556593995491,378.4792079370127,375.60735102644026,MSFT,stock,True
2024-12-03,2024-12-03 00:00:00,376.5811176744453,1847670.0,377.07323268682876,378.87464955114143,373.9869602007021,MSFT,stock,True
2024-12-04,2024-12-04 00:00:00,376.9132880452815,1979727.0,381.39860895281254,383.08969869393235,376.8238713146436,MSFT,stock,True
2024-12-05,2024-12-05 00:00:00,381.4040419795252,3803410.0,383.89070732870465,383.98560069391544,378.57491952256186,MSFT,stock,True
2024-12-06,2024-12-06 00:00:00,384.01724759061864,3286348.0,387.50423828298204,390.70702317596874,381.63669944069306,MSFT,stock,True
2024-12-09,2024-12-09 00:00:00,387.3973735826424,2077501.0,385.89422210356906,390.20199463533885,383.7705597324456,MSFT,stock,True
2024-12-10,2024-12-10 00:00:00,385.8490639548926,2602387.0,386.1200616411682,388.28795707067127,385.0338027554974,MSFT,stock,True
2024-12-11,2024-12-11 00:00:00,386.2042482518506,3472604.0,389.0663303834573,389.9126597800006,383.84504437351393,MSFT,stock,True
2024-12-12,2024-12-12 00:00:00,389.19474750194325,4369181.0,386.5874335930944,391.7168172241514,385.1980056111845,MSFT,stock,True
2024-12-13,2024-12-13 00:00:00,386.65568899485413,1949205.0,383.9755748239666,389.38946937927915,381.8372226092306,MSFT,stock,True
2024-12-16,2024-12-16 00:00:00,383.98656670003004,1244895.0,382.896440137285,386.35615478163567,380.6938404520644,MSFT,stock,True
2024-12-17,2024-12-17 00:00:00,382.9388063927238,4349610.0,381.7056197651649,386.194334585149,378.1492357246198,MSFT,stock,True
2024-12-18,2024-12-18 00:00:00,381.7161850818837,3052538.0,380.0040930231704,384.3505708131521,379.20584854079823,MSFT,stock,True
2024-12-19,2024-12-19 00:00:00,380.1144921086484,790956.0,385.7677892846995,387.25908449211215,379.62725289959906,MSFT,stock,True
2024-12-20,2024-12-20 00:00:00,385.5729804135197,1914633.0,384.28801119297475,387.0176983548991,383.77132694828987,MSFT,stock,True
2024-12-23,2024-12-23 00:00:00,384.113491934348,3405441.0,381.1849626141123,384.2846673623332,378.79419634742715,MSFT,stock,True
2024-12-24,2024-12-24 00:00:00,381.06698984516225,4941817.0,383.4395647294237,385.20138458958826,380.1914871299911,MSFT,stock,True
2024-12-25,2024-12-25 00:00:00,383.59151314959104,4769543.0,381.67705442001915,386.56803970570405,379.3254586935561,MSFT,stock,True
2024-12-26,2024-12-26 00:00:00,381.76981125661285,993638.0,378.65816486147725,382.2754670278549,377.54846295169574,MSFT,stock,True
2024-12-27,2024-12-27 00:00:00,378.71319110967414,4252455.0,382.55986562558587,383.9967243068963,376.51402797848345,MSFT,stock,True
2024-12-30,2024-12-30 00:00:00,382.5388132719839,1077272.0,379.95159803226346,385.8202702043161,377.874957639886,MSFT,stock,True
2024-12-31,2024-12-31 00:00:00,380.0136914804422,1198994.0,381.8014483929492,384.78493543836305,378.5236608776573,MSFT,stock,True
2025-01-01,2025-01-01 00:00:00,381.87638857570846,731151.0,387.6649933087056,388.0783256837709,381.5304231484405,MSFT,stock,True
2025-01-02,2025-01-02 00:00:00,387.62055417345425,3089183.0,385.7671238255465,389.11899705900925,383.9321015541889,MSFT,stock,True
2025-01-03,2025-01-03 00:00:00,385.60700552496917,3128330.0,385.19624695625913,386.34816384588333,384.2301380469511,MSFT,stock,True
2025-01-06,2025-01-06 00:00:00,385.30804111854684,2897441.0,388.6733389384833,388.74829504567185,382.02865887959547,MSFT,stock,True
2025-01-07,2025-01-07 00:00:00,388.69908450836334,1410951.0,394.45057441326253,394.8794686320858,384.8228938203468,MSFT,stock,True
2025-01-08,2025-01-08 00:00:00,394.3216906178902,4684644.0,393.38736396632277,398.19982466210996,392.82347446071844,MSFT,stock,True
2025-01-09,2025-01-09 00:00:00,393.47939338011264,4501332.0,398.21763088405027,401.0923502379482,390.76809575752077,MSFT,stock,True
2025-01-10,2025-01-10 00:00:00,398.12183173754926,1093557.0,403.87329564038515,406.8806011998265,394.268304339105,MSFT,stock,True
2025-01-13,2025-01-13 00:00:00,403.7041743025572,4155741.0,403.97907771756934,407.3979276196034,400.3053218978147,MSFT,stock,True
2025-01-14,2025-01-14 00:00:00,404.0440695307717,2705678.0,399.35819527009636,407.6004307604094,396.5512387490363,MSFT,stock,True
2025-01-15,2025-01-15 00:00:00,399.4631166471078,3632814.0,396.27323665756643,399.7186293720402,394.85131406537005,MSFT,stock,True
2025-01-16,2025-01-16 00:00:00,396.2345074424184,3628450.0,398.3883919282823,400.4138969787165,393.8179193262553,MSFT,stock,True
2025-01-17,2025-01-17 00:00:00,398.51020861405357,3072904.0,393.4844944272004,400.480982460034,392.04975532121034,MSFT,stock,True
2025-01-20,2025-01-20 00:00:00,393.36962307263053,2651606.0,388.5081240757054,393.519554782606,387.0127972850232,MSFT,stock,True
2025-01-21,2025-01-21 00:00:00,388.33723126457517,3587478.0,389.1111888767524,390.4600596462112,388.2589199437324,MSFT,stock,True
2025-01-22,2025-01-22 00:00:00,389.07849992060665,3545025.0,389.62454912626873,392.4196684423409,386.9104457742721,MSFT,stock,True
2025-01-23,2025-01-23 00:00:00,389.54474643227036,4251960.0,386.0676902787063,392.14260766971074,382.6070911841083,MSFT,stock,True
2025-01-24,2025-01-24 00:00:00,385.9429158684996,3391487.0,385.16542812170326,386.23971172799173,383.14122744214615,MSFT,stock,True
2025-01-27,2025-01-27 00:00:00,385.0979318376187,4575643.0,382.80401494646696,386.6707164238243,378.9776688088982,MSFT,stock,True
2025-01-28,2025-01-28 00:00:00,382.7098731417155,2731144.0,381.49064883963365,383.55890467144934,378.84531449966096,MSFT,stock,True
2025-01-29,2025-01-29 00:00:00,381.622706196509,2761984.0,383.5154932154393,387.2099144502811,380.29176873886263,MSFT,stock,True
2025-01-30,2025-01-30 00:00:00,383.6790785790251,3510406.0,384.82031558976234,387.8164404560444,380.6561056170899,MSFT,stock,True
2025-01-31,2025-01-31 00:00:00,384.8342624431466,710854.0,383.67052955966227,388.0091662910534,380.6774726047336,MSFT,stock,True
2025-02-03,2025-02-03 00:00:00,383.6383253693019,3592071.0,384.9410472699712,387.4245182632031,381.52717111678623,MSFT,stock,True
2025-02-04,2025-02-04 00:00:00,384.77027028867377,713009.0,389.6324590618099,392.1147910734624,383.58889026883696,MSFT,stock,True
2025-02-05,2025-02-05 00:00:00,389.48488847358516,3200286.0,388.6507199896308,389.8586451446737,388.0727067230241,MSFT,stock,True
2025-02-06,2025-02-06 00:00:00,388.61882868439795,1020962.0,393.2156747074458,393.4652616560615,388.5924246811453,MSFT,stock,True
2025-02-07,2025-02-07 00:00:00,393.0420631773953,1592361.0,392.79766625913953,396.2308803118578,390.72208358427383,MSFT,stock,True
2025-02-10,2025-02-10 00:00:00,392.9530422790592,4961937.0,387.78435494685516,393.7929157263765,384.60796533637733,MSFT,stock,True
2025-02-11,2025-02-11 00:00:00,387.7123781788792,2872085.0,385.2907275208458,388.1539409796211,382.37057261022414,MSFT,stock,True
2025-02-12,2025-02-12 00:00:00,385.1177344923173,4637153.0,382.43835072404556,387.20469775264405,379.87524377502064,MSFT,stock,True
2025-02-13,2025-02-13 00:00:00,382.3053764210271,2246019.0,376.7153555242375,385.78742879108114,375.70811048333155,MSFT,stock,True
2025-02-14,2025-02-14 00:00:00,376.5230616386713,3050985.0,375.29134396942663,378.46193524319517,374.39388775913295,MSFT,stock,True
2025-02-17,2025-02-17 00:00:00,375.2549643588842,1043875.0,374.21043691369584,378.42326774414596,371.7539147687723,MSFT,stock,True
2025-02-18,2025-02-18 00:00:00,374.17719956171,2903359.0,375.73758465194277,376.8359717843398,372.00701562912394,MSFT,stock,True
2025-02-19,2025-02-19 00:00:00,375.78093467069505,3574944.0,379.3757085147117,381.5908766526102,373.80932789807525,MSFT,stock,True
2025-02-20,2025-02-20 00:00:00,379.3051611539086,934194.0,381.4096339473751,385.0438883829632,377.59915586174407,MSFT,stock,True
2025-02-21,2025-02-21 00:00:00,381.3534999015954,4089990.0,379.70335409516804,384.18316328633915,379.61118957080015,MSFT,stock,True
2025-02-24,2025-02-24 00:00:00,379.659407692404,4931669.0,376.3984455050664,382.42790860076263,372.910219799204,MSFT,stock,True
2025-02-25,2025-02-25 00:00:00,376.5655904362531,4040001.0,372.20272066269354,379.53815597190527,368.81131978727154,MSFT,stock,True
2025-02-26,2025-02-26 00:00:00,372.15275839791383,3838747.0,374.06464114498107,375.247793049414,370.17145646433454,MSFT,stock,True
2025-02-27,2025-02-27 00:00:00,374.111321779047,1843749.0,378.7135410761704,382.4971169385414,372.3719347790841,MSFT,stock,True
2025-02-28,2025-02-28 00:00:00,378.5129759976428,1605569.0,379.00595672964135,382.15877760434194,377.35681316558504,MSFT,stock,True
2025-03-03,2025-03-03 00:00:00,379.13005698051353,3739984.0,384.26046026560925,385.9398080126191,375.72552922168813,MSFT,stock,True
2025-03-04,2025-03-04 00:00:00,384.34759052000146,3976688.0,379.7494005612199,387.96338431575606,377.59945752839246,MSFT,stock,True
2025-03-05,2025-03-05 00:00:00,379.6360528937625,1509934.0,380.9628945747854,384.5518453731365,375.86164175509924,MSFT,stock,True
2025-03-06,2025-03-06 00:00:00,381.0711830665672,947974.0,381.0133615734486,383.55517950813135,380.3913032410464,MSFT,stock,True
2025-03-07,2025-03-07 00:00:00,380.9268895784612,746115.0,382.05948872577017,382.72443014458185,378.9819083261018,MSFT,stock,True
2025-03-10,2025-03-10 00:00:00,382.2202595710152,1652021.0,379.143302090664,383.39730470405084,377.66968039744546,MSFT,stock,True
2025-03-11,2025-03-11 00:00:00,379.2860972430739,1688918.0,373.98179006351114,381.7930873671123,370.8993509044597,MSFT,stock,True
2025-03-12,2025-03-12 00:00:00,373.8582010387372,4250965.0,371.22697061830945,376.67482992469746,368.9384402079046,MSFT,stock,True
2025-03-13,2025-03-13 00:00:00,371.26072299656795,3812978.0,368.32008467904046,371.988888454538,367.9864606207689,MSFT,stock,True
2025-03-14,2025-03-14 00:00:00,368.33616417970586,1789098.0,368.4128864482866,370.5659232037773,368.1752404568839,MSFT,stock,True
2025-03-17,2025-03-17 00:00:00,368.2464254765496,1380132.0,363.14936218122557,369.96484080601846,362.2272639913431,MSFT,stock,True
2025-03-18,2025-03-18 00:00:00,363.23505155078277,2483046.0,368.6608480176102,369.63740053204765,361.5365854902345,MSFT,stock,True
2025-03-19,2025-03-19 00:00:00,368.8022987373398,819448.0,373.69532479103333,374.465938211976,367.93265414644924,MSFT,stock,True
2025-03-20,2025-03-20 00:00:00,373.76502433659533,1833096.0,368.8614690327676,376.0579859624693,365.18410105067534,MSFT,stock,True
2025-03-21,2025-03-21 00:00:00,368.81464958251865,1870825.0,364.88204539524713,371.3333258840045,362.0040344730662,MSFT,stock,True
2025-03-24,2025-03-24 00:00:00,364.8916301308184,1860449.0,369.08505425868907,370.46864920202177,364.66915624626665,MSFT,stock,True
2025-03-25,2025-03-25 00:00:00,368.8844549370497,3877624.0,365.12785196529217,371.40838592606565,364.95547911198787,MSFT,stock,True
2025-03-26,2025-03-26 00:00:00,364.94242254641756,1829873.0,365.3619918150008,368.8379945511388,361.7690973173496,MSFT,stock,True
2025-03-27,2025-03-27 00:00:00,365.31542894224185,3972924.0,369.2495335596281,369.72478077024556,365.00990266124796,MSFT,stock,True
2025-03-28,2025-03-28 00:00:00,369.1050244725039,4668837.0,369.4907501837596,372.72998466736135,366.01956521441844,MSFT,stock,True
2025-03-31,2025-03-31 00:00:00,369.4645438434217,3043944.0,371.0148224685339,372.7108221391592,366.55644456408544,MSFT,stock,True
2025-04-01,2025-04-01 00:00:00,371.0027922356838,1080701.0,369.6025775965468,374.70339945903527,369.4467375907773,MSFT,stock,True
2025-04-02,2025-04-02 00:00:00,369.60100243869203,4808105.0,366.0694359404414,371.29615270688106,365.65488043026784,MSFT,stock,True
2025-04-03,2025-04-03 00:00:00,366.2330275508671,4225358.0,366.9470670849273,368.48503596179444,363.1071880224312,MSFT,stock,True
2025-04-04,2025-04-04 00:00:00,366.84671293767826,4819249.0,367.51094719646943,371.10673008435884,365.52829460318185,MSFT,stock,True
2025-04-07,2025-04-07 00:00:00,367.4172775290536,617895.0,369.5904694411272,371.51591011984016,365.45290560405334,MSFT,stock,True
2025-04-08,2025-04-08 00:00:00,369.53836138240956,3444436.0,367.23828168674936,370.30493977414795,366.2099288551755,MSFT,stock,True
2025-04-09,2025-04-09 00:00:00,367.2299112377086,1376274.0,365.0633493193566,369.68731014753007,362.1435131782438,MSFT,stock,True
2025-04-10,2025-04-10 00:00:00,365.1731578801815,3478538.0,368.7125341709176,370.7935986707187,361.93743984657556,MSFT,stock,True
2025-04-11,2025-04-11 00:00:00,368.52030578455333,779025.0,369.2857179759973,371.2793081610031,365.0698042066515,MSFT,stock,True
2025-04-14,2025-04-14 00:00:00,369.21394867116373,3332311.0,372.0119374178943,375.1397864200398,367.0124195556024,MSFT,stock,True
2025-04-15,2025-04-15 00:00:00,372.05873966941476,3935647.0,371.53176156957085,374.77013441141065,368.542363494694,MSFT,stock,True
2025-04-16,2025-04-16 00:00:00,371.6489007014378,534875.0,368.87763143736464,372.22573326598746,367.3943700383061,MSFT,stock,True
2025-04-17,2025-04-17 00:00:00,368.79611447255115,3662999.0,363.44859731122267,369.80708680190145,360.3032851650835,MSFT,stock,True
2025-04-18,2025-04-18 00:00:00,363.4845744449725,4983350.0,368.02740304268264,370.793235605619,362.89617215683853,MSFT,stock,True
2025-04-21,2025-04-21 00:00:00,367.8993192011633,1693735.0,366.17996492242963,368.4347976800845,363.241493737275,MSFT,stock,True
2025-04-22,2025-04-22 00:00:00,366.1688740043728,1091457.0,360.85520191639495,367.2248986464509,360.30763563652687,MSFT,stock,True
2025-04-23,2025-04-23 00:00:00,361.0176296581132,910180.0,360.2797008255668,361.0710676115304,359.77277430162167,MSFT,stock,True
2025-04-24,2025-04-24 00:00:00,360.0986310748161,3458552.0,360.07286782497357,362.09776869780717,359.5437947118957,MSFT,stock,True
2025-04-25,2025-04-25 00:00:00,360.0861579412463,3730871.0,364.0397473344758,365.0849494699337,357.1730161919376,MSFT,stock,True
2025-04-28,2025-04-28 00:00:00,364.1962247766091,3932724.0,367.4992307207794,367.9762381910156,363.8589026993974,MSFT,stock,True
2025-04-29,2025-04-29 00:00:00,367.29776068814994,3584746.0,365.53653113583965,370.64850157869296,364.24977799667386,MSFT,stock,True
2025-04-30,2025-04-30 00:00:00,365.53976798174426,3530459.0,370.2458095151334,371.7568437319722,364.1577291677409,MSFT,stock,True
2025-05-01,2025-05-01 00:00:00,370.1111427489146,4308589.0,366.2478880867894,372.45148434128896,365.44188556295876,MSFT,stock,True
2025-05-02,2025-05-02 00:00:00,366.2693507346868,1970453.0,363.3026743968638,369.2725824329667,361.5707997400876,MSFT,stock,True
2025-05-05,2025-05-05 00:00:00,363.3171031564851,4344323.0,361.8956317414102,364.919117975244,359.569701833425,MSFT,stock,True
2025-05-06,2025-05-06 00:00:00,361.95743479427824,3928575.0,364.2369911038663,365.15184468964037,359.52395194294814,MSFT,stock,True
2025-05-07,2025-05-07 00:00:00,364.3635369583942,3789341.0,363.65944883828365,366.806712676002,363.2997414529331,MSFT,stock,True
2025-05-08,2025-05-08 00:00:00,363.71643885465755,3273386.0,361.8727867033558,365.85104175969315,360.57314338207703,MSFT,stock,True
2025-05-09,2025-05-09 00:00:00,361.9713736400652,4127192.0,357.25293016766295,362.2512835209448,355.05746215998164,MSFT,stock,True
2025-05-12,2025-05-12 00:00:00,357.30901083326046,4412412.0,360.2873147930711,360.54419525810704,354.15906376542665,MSFT,stock,True
2025-05-13,2025-05-13 00:00:00,360.25489941116666,1427116.0,362.21872884288126,364.953403492647,359.1171486033217,MSFT,stock,True
2025-05-14,2025-05-14 00:00:00,362.2174064413095,3697089.0,365.0257708492231,366.03553033281867,359.98778774896164,MSFT,stock,True
2025-05-15,2025-05-15 00:00:00,364.85484416866285,3047326.0,366.55568672869447,366.9517563131099,364.37901263476004,MSFT,stock,True
2025-05-16,2025-05-16 00:00:00,366.38957275401475,3087461.0,371.7691249312884,372.53819873433883,363.91035245395307,MSFT,stock,True
2025-05-19,2025-05-19 00:00:00,371.80091919725805,2546221.0,367.1985751466165,372.89697430733185,366.5584368053733,MSFT,stock,True
2025-05-20,2025-05-20 00:00:00,367.32982635375885,648462.0,362.93031525374363,369.6716488831925,362.71093650002854,MSFT,stock,True
2025-05-21,2025-05-21 00:00:00,362.91048308263277,4534631.0,361.3455885543076,363.97372687323093,360.4960428218946,MSFT,stock,True
2025-05-22,2025-05-22 00:00:00,361.3859721142039,1495562.0,361.43648169296006,362.4627903529448,359.9759266180223,MSFT,stock,True
2025-05-23,2025-05-23 00:00:00,361.55771500112047,1897818.0,364.6248573364571,365.9192545456922,359.32371713359163,MSFT,stock,True
2025-05-26,2025-05-26 00:00:00,364.5839233304742,2766306.0,364.55014840767916,365.19498391772186,363.1588955079976,MSFT,stock,True
2025-05-27,2025-05-27 00:00:00,364.5942831698168,3804090.0,370.0851094132008,372.1143998440812,362.3782038940094,MSFT,stock,True
2025-05-28,2025-05-28 00:00:00,370.0370016023893,2254065.0,370.4048903800262,373.4505189210394,368.1963016934851,MSFT,stock,True
2025-05-29,2025-05-29 00:00:00,370.5109573387303,4529124.0,375.28490455954017,378.2583555193161,369.4310479300148,MSFT,stock,True
2025-05-30,2025-05-30 00:00:00,375.20458024949136,4986739.0,369.67399925737203,377.38466255375596,367.4253836529569,MSFT,stock,True
2025-06-02,2025-06-02 00:00:00,369.5391172288009,4637983.0,371.01639108972967,372.7351116890905,368.8076596588322,MSFT,stock,True
2025-06-03,2025-06-03 00:00:00,370.86384972614223,671470.0,372.7974623720336,376.45419231051494,369.5194190513642,MSFT,stock,True
2025-06-04,2025-06-04 00:00:00,372.80134433267295,3353217.0,367.31640333997217,375.82301898184215,366.89447571167904,MSFT,stock,True
2025-06-05,2025-06-05 00:00:00,367.2527331587064,3040369.0,368.1799872397735,371.42488537029357,365.68434622716563,MSFT,stock,True
2025-06-06,2025-06-06 00:00:00,368.0444235197576,1518902.0,362.8884509018972,371.26316717326944,361.7539034411867,MSFT,stock,True
2025-06-09,2025-06-09 00:00:00,362.96913194706354,2277548.0,364.07397112448865,365.96199776736256,361.62280142681516,MSFT,stock,True
2025-06-10,2025-06-10 00:00:00,364.10394436588973,3009176.0,363.9928929073034,365.6344754889984,362.4296362141559,MSFT,stock,True
2025-06-11,2025-06-11 00:00:00,364.0514129356585,1109806.0,363.2234397427185,364.5490004649049,362.98529974233094,MSFT,stock,True
2025-06-12,2025-06-12 00:00:00,363.05317208756196,2682102.0,360.79824866168855,364.9664439968158,360.66802915788,MSFT,stock,True
2025-06-13,2025-06-13 00:00:00,360.80821880864386,4262803.0,361.11132950357126,362.4681374445422,358.6649510552471,MSFT,stock,True
2025-06-16,2025-06-16 00:00:00,361.24478258446214,1628446.0,361.433862690381,362.095983419364,360.6123711523419,MSFT,stock,True
2025-06-17,2025-06-17 00:00:00,361.33587009030225,1633086.0,357.191746750601,364.7132269403433,356.70745790735646,MSFT,stock,True
2025-06-18,2025-06-18 00:00:00,357.21723929116814,4204087.0,354.65601513953834,360.7128649659964,352.17049574579045,MSFT,stock,True
2025-06-19,2025-06-19 00:00:00,354.52268102889684,4715065.0,358.6115900159486,361.0864050376555,352.9185257202293,MSFT,stock,True
2025-06-20,2025-06-20 00:00:00,358.4978254007918,2838771.0,355.18529635727947,360.30721243786155,354.34281300645983,MSFT,stock,True
2025-06-23,2025-06-23 00:00:00,354.99985593739285,821549.0,353.3980169018574,356.25308071254096,351.38664466560255,MSFT,stock,True
2025-06-24,2025-06-24 00:00:00,353.42294362826414,4119933.0,355.84120945710464,355.8574779072672,352.3610650533079,MSFT,stock,True
2025-06-25,2025-06-25 00:00:00,355.6810531922444,3437687.0,355.69033407487467,356.85293424805263,355.12028222642215,MSFT,stock,True
2025-06-26,2025-06-26 00:00:00,355.77799070858833,2412080.0,355.9903179818017,357.3817980799352,353.1718651598894,MSFT,stock,True
2025-06-27,2025-06-27 00:00:00,356.07632924891857,4195237.0,353.46764460238114,356.60446842935994,351.9724916123506,MSFT,stock,True
2025-06-30,2025-06-30 00:00:00,353.4518887094843,4417116.0,357.60596151507394,361.0249012780217,350.1489680387411,MSFT,stock,True
2025-07-01,2025-07-01 00:00:00,357.7591034584193,3531760.0,354.5356276205215,359.4971933425667,351.2265212462527,MSFT,stock,True
2025-07-02,2025-07-02 00:00:00,354.4566507141561,2546642.0,357.36620230794443,358.05517067296677,351.93383670576867,MSFT,stock,True
2025-07-03,2025-07-03 00:00:00,357.482368977315,4935124.0,361.0615724119492,361.9136837282183,356.91535496952764,MSFT,stock,True
2025-07-04,2025-07-04 00:00:00,361.08716641662403,679154.0,366.1316605268485,368.75415620282956,357.90730915823724,MSFT,stock,True
2025-07-07,2025-07-07 00:00:00,366.07745837031075,3326571.0,370.6870527626274,373.42161143207727,362.8244314184438,MSFT,stock,True
2025-07-08,2025-07-08 00:00:00,370.7145478273673,4937697.0,370.4335001188899,373.7546850474583,368.9297431670025,MSFT,stock,True
2025-07-09,2025-07-09 00:00:00,370.29217613778616,4630017.0,370.027889996652,372.83831922160704,366.89542902468116,MSFT,stock,True
2025-07-10,2025-07-10 00:00:00,370.0095943684552,1082411.0,368.30803790358897,370.3814088839436,367.241988643665,MSFT,stock,True
2025-07-11,2025-07-11 00:00:00,368.3238852428163,3104019.0,367.43045943107063,370.3047786705779,364.6523493025895,MSFT,stock,True
2025-07-14,2025-07-14 00:00:00,367.3007708932665,720265.0,365.8440682432332,369.6249973582264,364.88183480351273,MSFT,stock,True
2025-07-15,2025-07-15 00:00:00,365.99320741928926,3169437.0,364.0,367.68866622142,363.62571296328133,MSFT,stock,True
2024-11-06,2024-11-06 00:00:00,488.0245677230782,1281689.0,481.4597482633156,488.160847360394,479.5924288949158,GOOGL,stock,True
2024-11-07,2024-11-07 00:00:00,481.2330219768218,721700.0,487.51456165197806,488.11190317691245,480.4399173980272,GOOGL,stock,True
2024-11-08,2024-11-08 00:00:00,487.40131395898806,2489046.0,483.1342592451253,489.36656580451427,482.01974114145173,GOOGL,stock,True
2024-11-11,2024-11-11 00:00:00,482.971545494957,4733358.0,479.6694929962588,486.0019153078222,476.21976818746134,GOOGL,stock,True
2024-11-12,2024-11-12 00:00:00,479.676924625306,516023.0,476.0224579704368,482.2930687415574,475.11098311490866,GOOGL,stock,True
2024-11-13,2024-11-13 00:00:00,475.88681801261146,3591399.0,471.44311705602354,476.0511690600679,468.4426054793447,GOOGL,stock,True
2024-11-14,2024-11-14 00:00:00,471.3535106765338,622189.0,473.8669879501301,475.4012303749071,470.02393156179573,GOOGL,stock,True
2024-11-15,2024-11-15 00:00:00,473.70573231049036,4490827.0,474.1059155142587,476.7630594705336,470.6436467567778,GOOGL,stock,True
2024-11-18,2024-11-18 00:00:00,473.9757163472741,3376288.0,480.04141907184146,481.19893331999094,471.83535878941797,GOOGL,stock,True
2024-11-19,2024-11-19 00:00:00,480.10296675974024,1339258.0,478.6187653121732,484.74615858936517,476.04295347412807,GOOGL,stock,True
2024-11-20,2024-11-20 00:00:00,478.69590081465964,1200201.0,485.82872325759826,488.49693753636416,474.55163424606917,GOOGL,stock,True
2024-11-21,2024-11-21 00:00:00,485.987500967056,814435.0,490.64630437473375,492.7922916971146,485.162362630688,GOOGL,stock,True
2024-11-22,2024-11-22 00:00:00,490.6531625862748,4622704.0,496.55536112938205,497.9220294624385,489.14734120722267,GOOGL,stock,True
2024-11-25,2024-11-25 00:00:00,496.37107113478635,793451.0,500.01594448175774,504.41321382152614,492.77773175709115,GOOGL,stock,True
2024-11-26,2024-11-26 00:00:00,500.0724901178309,2354609.0,505.98911597822286,509.84438359354914,499.1826764953796,GOOGL,stock,True
2024-11-27,2024-11-27 00:00:00,506.1149423887197,4811562.0,505.65922506303843,508.12142666531855,502.96479346180865,GOOGL,stock,True
2024-11-28,2024-11-28 00:00:00,505.6946244348427,1183127.0,508.92668223607194,510.21958349941127,501.8778388408661,GOOGL,stock,True
2024-11-29,2024-11-29 00:00:00,508.6830461565755,876351.0,509.0536792843056,512.8375039292891,505.53914247653637,GOOGL,stock,True
2024-12-02,2024-12-02 00:00:00,509.0504145679178,2207898.0,505.75663516192895,509.674735721747,502.93392629353826,GOOGL,stock,True
2024-12-03,2024-12-03 00:00:00,505.78689820384267,809417.0,508.1569406811449,513.1311130165561,502.0376108589945,GOOGL,stock,True
2024-12-04,2024-12-04 00:00:00,507.9235090745585,513728.0,506.7053350024612,508.25907162602215,506.64600847018926,GOOGL,stock,True
2024-12-05,2024-12-05 00:00:00,506.60003196110745,1539454.0,501.9074389625456,509.5294531901168,497.37455082234055,GOOGL,stock,True
2024-12-06,2024-12-06 00:00:00,501.84880391288965,1621900.0,494.640370974385,502.54036039816185,493.5508620206151,GOOGL,stock,True
2024-12-09,2024-12-09 00:00:00,494.7086633929054,2299708.0,489.9313170959728,496.44900423199067,485.0346576538099,GOOGL,stock,True
2024-12-10,2024-12-10 00:00:00,489.8047798814173,1926425.0,491.6878432252826,493.68208724372295,487.9086634665774,GOOGL,stock,True
2024-12-11,2024-12-11 00:00:00,491.4694257195479,3841497.0,496.0799122269402,498.41485534629385,487.906522172114,GOOGL,stock,True
2024-12-12,2024-12-12 00:00:00,495.8937671458233,4559938.0,488.7141946054742,500.1770907502973,486.77181930882097,GOOGL,stock,True
2024-12-13,2024-12-13 00:00:00,488.84692349622406,4100153.0,494.51287969528073,495.9145153893442,485.364624196889,GOOGL,stock,True
2024-12-16,2024-12-16 00:00:00,494.52347920058446,1063687.0,491.954949807032,496.9580935959016,491.2022910572617,GOOGL,stock,True
2024-12-17,2024-12-17 00:00:00,492.1056478528704,2684263.0,486.4646953107501,494.30374930504706,482.7130677799438,GOOGL,stock,True
2024-12-18,2024-12-18 00:00:00,486.4552494453709,4324148.0,487.36143844970854,490.8663476195203,483.3453545153188,GOOGL,stock,True
2024-12-19,2024-12-19 00:00:00,487.3027487869133,504480.0,480.56152323929336,491.42081851155564,478.54953663756123,GOOGL,stock,True
2024-12-20,2024-12-20 00:00:00,480.4822393470074,4674817.0,483.8671556701672,487.6533126329416,479.9398015136558,GOOGL,stock,True
2024-12-23,2024-12-23 00:00:00,483.70302465333117,4118581.0,482.17677996281685,484.79280148019745,479.93516896877276,GOOGL,stock,True
2024-12-24,2024-12-24 00:00:00,482.2540547898338,2002665.0,476.02440067952676,484.0126455300903,475.367632878633,GOOGL,stock,True
2024-12-25,2024-12-25 00:00:00,475.8759170176226,2950173.0,475.1874647943909,478.7434299304815,474.7247535875275,GOOGL,stock,True
2024-12-26,2024-12-26 00:00:00,475.3218240773809,2706765.0,481.58249215116325,485.16466653875415,473.63820552768914,GOOGL,stock,True
2024-12-27,2024-12-27 00:00:00,481.77426790019575,4152321.0,484.42722069551985,485.0564569864797,481.2870243271274,GOOGL,stock,True
2024-12-30,2024-12-30 00:00:00,484.2408848444302,2460947.0,481.89044772716085,485.88433977471,480.0099266714072,GOOGL,stock,True
2024-12-31,2024-12-31 00:00:00,481.9960876556541,2767074.0,485.4323852719218,489.01990808522413,478.30322672405447,GOOGL,stock,True
2025-01-01,2025-01-01 00:00:00,485.49973982548045,3968385.0,491.87931233443857,495.46585701565493,482.0872269659028,GOOGL,stock,True
2025-01-02,2025-01-02 00:00:00,491.99815267238796,2912667.0,489.8683343144925,495.971462720826,486.4808704129218,GOOGL,stock,True
2025-01-03,2025-01-03 00:00:00,489.8174632532474,4812786.0,486.11070255131335,493.8095077433997,481.6087064186318,GOOGL,stock,True
2025-01-06,2025-01-06 00:00:00,486.2825697029124,3439235.0,485.1001944108209,490.16191544433866,482.03640793358016,GOOGL,stock,True
2025-01-07,2025-01-07 00:00:00,484.87849885461395,546973.0,485.43367014267335,486.8240310390678,482.49813632205417,GOOGL,stock,True
2025-01-08,2025-01-08 00:00:00,485.54843303721253,1512494.0,492.5459478534453,495.5979673853576,484.8550860949569,GOOGL,stock,True
2025-01-09,2025-01-09 00:00:00,492.6099261422937,4955231.0,494.5043000308928,498.56859704635553,487.9695403521359,GOOGL,stock,True
2025-01-10,2025-01-10 00:00:00,494.4130974596898,2950625.0,488.46288815684466,494.99193329379676,487.532795811535,GOOGL,stock,True
2025-01-13,2025-01-13 00:00:00,488.4111606578735,1712903.0,485.2648026206139,491.90985777030255,484.96377566816574,GOOGL,stock,True
2025-01-14,2025-01-14 00:00:00,485.3115539412341,4856860.0,481.91418027228497,485.62354522107927,480.7094273569427,GOOGL,stock,True
2025-01-15,2025-01-15 00:00:00,481.8038294541601,2799106.0,482.96185877393265,485.44155476846004,479.6029328293117,GOOGL,stock,True
2025-01-16,2025-01-16 00:00:00,482.7913716985661,1943237.0,480.7132160669643,485.13667094471737,478.9279626595361,GOOGL,stock,True
2025-01-17,2025-01-17 00:00:00,480.8920300409403,3479303.0,480.9311097580067,483.0742774518991,480.4115381759263,GOOGL,stock,True
2025-01-20,2025-01-20 00:00:00,480.72146269027365,3284976.0,478.13309517902456,480.8633677354542,474.11998387440667,GOOGL,stock,True
2025-01-21,2025-01-21 00:00:00,477.8716691956853,2304679.0,471.21623807007666,480.997770058335,466.9055293668148,GOOGL,stock,True
2025-01-22,2025-01-22 00:00:00,471.24837492130655,3969881.0,467.31100158671387,473.14053742325484,464.00114557208445,GOOGL,stock,True
2025-01-23,2025-01-23 00:00:00,467.44975324200277,4625269.0,473.36561887338684,474.01574515209836,463.7656363647507,GOOGL,stock,True
2025-01-24,2025-01-24 00:00:00,473.2018364859313,3446156.0,479.2458941749885,483.4366345485899,471.8347544734012,GOOGL,stock,True
2025-01-27,2025-01-27 00:00:00,479.01156145590227,2384438.0,474.1961179304368,483.25090432711903,472.31086163525055,GOOGL,stock,True
2025-01-28,2025-01-28 00:00:00,474.3111925934365,2816186.0,481.4407613246852,483.26104453325513,470.56997185728784,GOOGL,stock,True
2025-01-29,2025-01-29 00:00:00,481.2589558242026,4772168.0,487.23774567167436,488.4975413909838,480.1727359275358,GOOGL,stock,True
2025-01-30,2025-01-30 00:00:00,487.25154650993187,990426.0,482.9543916295291,490.8333187180874,482.1372074644009,GOOGL,stock,True
2025-01-31,2025-01-31 00:00:00,482.84915617570266,3079086.0,488.26507178336556,493.09453287018044,478.39805261896674,GOOGL,stock,True
2025-02-03,2025-02-03 00:00:00,488.3402106388358,4433619.0,492.91354197698973,496.93183651908197,486.8814720132531,GOOGL,stock,True
2025-02-04,2025-02-04 00:00:00,492.9115770610145,3240412.0,496.36695036044085,501.0326907641595,492.0892456462875,GOOGL,stock,True
2025-02-05,2025-02-05 00:00:00,496.45895745786527,4368798.0,492.2189722604777,499.80481607365834,492.15476153294367,GOOGL,stock,True
2025-02-06,2025-02-06 00:00:00,492.1152785053496,3036132.0,486.79567885441946,492.32461606903036,482.171137323083,GOOGL,stock,True
2025-02-07,2025-02-07 00:00:00,486.5616938120917,4254844.0,492.2552757599311,495.7783765510005,483.90869698384444,GOOGL,stock,True
2025-02-10,2025-02-10 00:00:00,492.1056402586091,3733914.0,494.209868974668,495.9231598194703,487.45023688028806,GOOGL,stock,True
2025-02-11,2025-02-11 00:00:00,494.0679251536456,2931139.0,492.88490915597197,494.61957050128007,491.4377871068609,GOOGL,stock,True
2025-02-12,2025-02-12 00:00:00,492.8165074698816,3625297.0,497.24716224826693,500.81134227131815,491.06169311114184,GOOGL,stock,True
2025-02-13,2025-02-13 00:00:00,497.4564172722231,4971918.0,500.3616340355212,501.2802038550279,497.35723083802634,GOOGL,stock,True
2025-02-14,2025-02-14 00:00:00,500.4069283674497,3759461.0,497.304456874105,500.7164954306863,497.28089029964883,GOOGL,stock,True
2025-02-17,2025-02-17 00:00:00,497.24661884392515,2326795.0,498.1224948394541,502.67393513645305,495.4915218494827,GOOGL,stock,True
2025-02-18,2025-02-18 00:00:00,498.2712429512812,1228468.0,501.8902954028546,506.18053471952027,496.7765130877531,GOOGL,stock,True
2025-02-19,2025-02-19 00:00:00,501.8564208776663,2300081.0,502.02860855422017,504.147756805513,499.020905883903,GOOGL,stock,True
2025-02-20,2025-02-20 00:00:00,502.2384738079718,1251525.0,508.5152275687156,509.6021930583113,499.02272548719714,GOOGL,stock,True
2025-02-21,2025-02-21 00:00:00,508.2719484660321,1403706.0,500.76156828715693,513.141004242184,496.3427707267529,GOOGL,stock,True
2025-02-24,2025-02-24 00:00:00,500.9427450166513,1877822.0,494.8265510675316,505.73210820011394,493.49409929688176,GOOGL,stock,True
2025-02-25,2025-02-25 00:00:00,495.00053220015093,2644908.0,500.22660034832666,504.48337194449925,491.88944231152135,GOOGL,stock,True
2025-02-26,2025-02-26 00:00:00,500.2002417036644,2903715.0,493.8263171402462,503.2112500715813,491.00308877314586,GOOGL,stock,True
2025-02-27,2025-02-27 00:00:00,493.66016648293504,4417800.0,492.1456985075306,497.88635267085914,487.45552052127323,GOOGL,stock,True
2025-02-28,2025-02-28 00:00:00,492.15520258683796,3567449.0,491.34204383265876,495.26761300670245,486.88109578889157,GOOGL,stock,True
2025-03-03,2025-03-03 00:00:00,491.1897220885444,3270517.0,488.2516142992336,494.4304904289055,488.0339599811392,GOOGL,stock,True
2025-03-04,2025-03-04 00:00:00,488.37736101218667,1185930.0,482.1551901635311,490.2056611698421,479.1967724881594,GOOGL,stock,True
2025-03-05,2025-03-05 00:00:00,482.09260527599406,1220025.0,479.60981380734546,483.87550147383354,476.78084768441306,GOOGL,stock,True
2025-03-06,2025-03-06 00:00:00,479.50834047005367,4486861.0,481.6324738146549,483.12460927407983,477.79706616169415,GOOGL,stock,True
2025-03-07,2025-03-07 00:00:00,481.64729172659594,1702037.0,475.77177820280355,482.39335535932514,473.32155598390176,GOOGL,stock,True
2025-03-10,2025-03-10 00:00:00,475.9362806146323,4851910.0,480.5153740215534,485.2305148705727,472.34117334806587,GOOGL,stock,True
2025-03-11,2025-03-11 00:00:00,480.54393004667475,3298328.0,473.4483896283576,480.5974970611813,473.1040779342982,GOOGL,stock,True
2025-03-12,2025-03-12 00:00:00,473.2672490711712,2571195.0,478.6746614307429,479.157259639214,469.69873556825814,GOOGL,stock,True
2025-03-13,2025-03-13 00:00:00,478.8824575365017,4619400.0,473.70935631645693,479.2022742346751,470.0153162583527,GOOGL,stock,True
2025-03-14,2025-03-14 00:00:00,473.6518148603513,862391.0,474.9673402752207,475.05332490879437,470.2056844538166,GOOGL,stock,True
2025-03-17,2025-03-17 00:00:00,475.04130037613027,4961768.0,474.20262215610785,478.4385508938705,472.0495558959028,GOOGL,stock,True
2025-03-18,2025-03-18 00:00:00,474.16184110560187,2743316.0,479.20135543474004,479.6046121711758,471.982275797183,GOOGL,stock,True
2025-03-19,2025-03-19 00:00:00,479.03977307861294,2393306.0,472.85166504679523,482.25521746528653,470.69659810719764,GOOGL,stock,True
2025-03-20,2025-03-20 00:00:00,472.64725875163555,3089643.0,474.95131804738696,475.29303949414077,471.0543015437518,GOOGL,stock,True
2025-03-21,2025-03-21 00:00:00,474.7331534824497,3127370.0,474.0378916707133,475.66796732180995,473.8027992765219,GOOGL,stock,True
2025-03-24,2025-03-24 00:00:00,474.21487269608724,4575978.0,479.13288089903745,480.47652850004647,469.8996882991617,GOOGL,stock,True
2025-03-25,2025-03-25 00:00:00,479.21668505276466,1170819.0,475.0179895774473,479.9169637764669,472.8880702078669,GOOGL,stock,True
2025-03-26,2025-03-26 00:00:00,474.83720592365,4391312.0,473.5823844500873,477.12261921185916,472.5165056049359,GOOGL,stock,True
2025-03-27,2025-03-27 00:00:00,473.4842509135269,1076217.0,466.6069626385536,477.0020457459734,462.8429749923365,GOOGL,stock,True
2025-03-28,2025-03-28 00:00:00,466.46810685218384,1212086.0,461.84409809822586,470.98793312020354,459.97814635706936,GOOGL,stock,True
2025-03-31,2025-03-31 00:00:00,461.9298670695919,3343784.0,460.0650179570115,464.7873740360237,459.08639700418433,GOOGL,stock,True
2025-04-01,2025-04-01 00:00:00,459.8542463711797,2956328.0,457.12496150494854,462.49677019285537,452.61879348399265,GOOGL,stock,True
2025-04-02,2025-04-02 00:00:00,457.14099178987965,3549354.0,453.4901778100911,458.2132218814272,453.40635686839306,GOOGL,stock,True
2025-04-03,2025-04-03 00:00:00,453.3920283656898,527930.0,449.2868428099439,455.1605778088902,448.7459783661766,GOOGL,stock,True
2025-04-04,2025-04-04 00:00:00,449.44356806884247,3650037.0,444.35134821411634,451.1151153320565,443.54349086911066,GOOGL,stock,True
2025-04-07,2025-04-07 00:00:00,444.2432084986873,760744.0,442.5674481868526,446.69626002880284,439.6153546051559,GOOGL,stock,True
2025-04-08,2025-04-08 00:00:00,442.4738441289824,2362221.0,445.3548277590132,446.316289192495,441.90441206980586,GOOGL,stock,True
2025-04-09,2025-04-09 00:00:00,445.3891455174505,3977857.0,441.9172294563183,448.40484480965574,441.8356827796412,GOOGL,stock,True
2025-04-10,2025-04-10 00:00:00,441.74607745986447,3441151.0,447.6360813257823,451.18881796479553,438.85712086840255,GOOGL,stock,True
2025-04-11,2025-04-11 00:00:00,447.75301036895917,3999620.0,442.04851154358204,447.7934251976914,439.0233963338329,GOOGL,stock,True
2025-04-14,2025-04-14 00:00:00,441.83148475986906,3070477.0,437.3222074146156,445.51759004950986,433.5961207317307,GOOGL,stock,True
2025-04-15,2025-04-15 00:00:00,437.27825270503985,4018722.0,437.82596576814564,441.55695173593676,433.40148623434203,GOOGL,stock,True
2025-04-16,2025-04-16 00:00:00,437.98444211460964,2839424.0,431.89261068729854,440.69911480776994,431.35505368544307,GOOGL,stock,True
2025-04-17,2025-04-17 00:00:00,431.94209587502087,2742477.0,431.52234462912696,432.14282942683957,428.2503313793597,GOOGL,stock,True
2025-04-18,2025-04-18 00:00:00,431.700200632925,1636283.0,429.735591810926,435.69703717312495,426.9337439718135,GOOGL,stock,True
2025-04-21,2025-04-21 00:00:00,429.6013762905,4755761.0,434.60378275153624,435.2526933541008,429.4758199344643,GOOGL,stock,True
2025-04-22,2025-04-22 00:00:00,434.7295079188789,4789527.0,429.11209856719915,437.31959233868685,425.4039903698576,GOOGL,stock,True
2025-04-23,2025-04-23 00:00:00,429.0012946934715,4635607.0,422.9605095803706,431.4008490030927,419.26808870776176,GOOGL,stock,True
2025-04-24,2025-04-24 00:00:00,423.04300863245317,1698325.0,424.89856621651916,426.76567557696717,419.32557176333023,GOOGL,stock,True
2025-04-25,2025-04-25 00:00:00,424.85383652155275,2145407.0,418.96068892250275,427.30911608182373,417.5838970124883,GOOGL,stock,True
2025-04-28,2025-04-28 00:00:00,418.8142182285618,2213165.0,415.7537328393451,422.0569699034422,415.47321202744587,GOOGL,stock,True
2025-04-29,2025-04-29 00:00:00,415.87670856235155,3712058.0,420.04224135222523,420.94651546395596,412.7835441071101,GOOGL,stock,True
2025-04-30,2025-04-30 00:00:00,419.8895992039538,565767.0,421.42600353312343,424.30100813639945,416.64163300816074,GOOGL,stock,True
2025-05-01,2025-05-01 00:00:00,421.28636380816,4934334.0,416.33315387203373,422.203868905762,412.8464411344313,GOOGL,stock,True
2025-05-02,2025-05-02 00:00:00,416.453817965408,2901842.0,418.5701295081971,420.2729573010732,415.8261313463429,GOOGL,stock,True
2025-05-05,2025-05-05 00:00:00,418.6772068235134,1468720.0,418.79406027904713,420.07396244821575,414.8800320204642,GOOGL,stock,True
2025-05-06,2025-05-06 00:00:00,418.59718644432047,2644605.0,421.12050730825547,425.21874403175855,415.45272070098986,GOOGL,stock,True
2025-05-07,2025-05-07 00:00:00,421.2488572473113,3831980.0,423.89187426483346,427.2260452358933,417.6050498789118,GOOGL,stock,True
2025-05-08,2025-05-08 00:00:00,423.7064679980982,3161775.0,421.669494623294,427.81441704812397,420.8926393243168,GOOGL,stock,True
2025-05-09,2025-05-09 00:00:00,421.5131191503345,3748446.0,420.1078231314179,424.96703932614963,417.4763869583067,GOOGL,stock,True
2025-05-12,2025-05-12 00:00:00,420.2243905707101,3140449.0,414.1771257622283,420.5013085539272,413.16537050989274,GOOGL,stock,True
2025-05-13,2025-05-13 00:00:00,413.9938394849828,4051818.0,416.5299945695485,420.30473022117394,412.4613233897774,GOOGL,stock,True
2025-05-14,2025-05-14 00:00:00,416.6030030298229,2860784.0,417.31014452729784,420.82373080702456,413.8378020362126,GOOGL,stock,True
2025-05-15,2025-05-15 00:00:00,417.22376150410105,3388275.0,421.46257034693264,423.66988454618433,416.148069433041,GOOGL,stock,True
2025-05-16,2025-05-16 00:00:00,421.42104380376804,2536160.0,427.18200071490094,430.81007593531257,419.8467975167792,GOOGL,stock,True
2025-05-19,2025-05-19 00:00:00,427.2070033088595,4357185.0,422.82458426851684,427.8546209179965,421.166548966309,GOOGL,stock,True
2025-05-20,2025-05-20 00:00:00,422.84511090781876,3054239.0,420.5732293823396,426.81132263121964,420.0776975282148,GOOGL,stock,True
2025-05-21,2025-05-21 00:00:00,420.415998485693,3537983.0,414.5345993319415,424.34377057590336,413.9156756817413,GOOGL,stock,True
2025-05-22,2025-05-22 00:00:00,414.6863754923785,2416157.0,420.8548946806019,422.51289620720956,412.07260927195875,GOOGL,stock,True
2025-05-23,2025-05-23 00:00:00,420.74053173575123,4379801.0,423.6962656479527,425.4386740081877,418.5407655555498,GOOGL,stock,True
2025-05-26,2025-05-26 00:00:00,423.68696682706917,4399668.0,428.67226725914514,432.8190033619163,420.5090276234192,GOOGL,stock,True
2025-05-27,2025-05-27 00:00:00,428.48045515488496,2220854.0,432.23469063251815,435.3594244885777,428.2052239079403,GOOGL,stock,True
2025-05-28,2025-05-28 00:00:00,432.3825994747663,1528879.0,431.3696289334642,436.23680168993224,429.9198349862621,GOOGL,stock,True
2025-05-29,2025-05-29 00:00:00,431.2618815192612,1415262.0,433.38946587081523,434.1671083789877,429.76467210707506,GOOGL,stock,True
2025-05-30,2025-05-30 00:00:00,433.33589003903654,4762382.0,429.56957970946513,434.9329609547046,425.993497996246,GOOGL,stock,True
2025-06-02,2025-06-02 00:00:00,429.75033608547375,4165711.0,433.9131622061277,437.3698165772095,428.06880388653747,GOOGL,stock,True
2025-06-03,2025-06-03 00:00:00,434.0181157161395,2080655.0,437.4971030259193,439.4328005709339,431.22357330277686,GOOGL,stock,True
2025-06-04,2025-06-04 00:00:00,437.4849245030555,1488943.0,431.96273518485583,439.8908898317959,428.38044879635265,GOOGL,stock,True
2025-06-05,2025-06-05 00:00:00,431.9684459343476,1813205.0,438.1825151705933,439.93564866357957,430.17365144986684,GOOGL,stock,True
2025-06-06,2025-06-06 00:00:00,438.217920861724,2067632.0,435.28723218266305,441.99794632826104,432.70429967126734,GOOGL,stock,True
2025-06-09,2025-06-09 00:00:00,435.0587338681882,1843305.0,434.1255363344532,436.3458917511349,430.8016088986492,GOOGL,stock,True
2025-06-10,2025-06-10 00:00:00,433.9762974994364,1951651.0,428.3416027918036,438.23349515124386,424.765898117659,GOOGL,stock,True
2025-06-11,2025-06-11 00:00:00,428.10859272012385,1818496.0,432.90735210970746,434.1922466756062,425.59950497149117,GOOGL,stock,True
2025-06-12,2025-06-12 00:00:00,433.0668790395902,742334.0,436.7287596893327,440.57874397870467,430.6252149801065,GOOGL,stock,True
2025-06-13,2025-06-13 00:00:00,436.574940568604,2088539.0,434.3912609283633,437.0593019754804,431.5560175310901,GOOGL,stock,True
2025-06-16,2025-06-16 00:00:00,434.31097517003167,2701304.0,438.4510063910036,439.20589708180756,432.512678958828,GOOGL,stock,True
2025-06-17,2025-06-17 00:00:00,438.23788755337114,2520643.0,434.371822176069,438.5503073031811,430.432891596518,GOOGL,stock,True
2025-06-18,2025-06-18 00:00:00,434.3098637653642,1684435.0,437.90456950803883,441.15632064270943,430.9730678559881,GOOGL,stock,True
2025-06-19,2025-06-19 00:00:00,438.0408321669295,985354.0,436.7381509007435,438.34469084760974,433.78769008870665,GOOGL,stock,True
2025-06-20,2025-06-20 00:00:00,436.7085417974141,2795121.0,434.5861456418333,439.856656367269,432.81155941813086,GOOGL,stock,True
2025-06-23,2025-06-23 00:00:00,434.58825067887864,3724246.0,433.74422403739914,436.1502037172565,433.01533752119707,GOOGL,stock,True
2025-06-24,2025-06-24 00:00:00,433.60895628352,838303.0,431.6022232335986,435.7686183415082,429.40275485386604,GOOGL,stock,True
2025-06-25,2025-06-25 00:00:00,431.79250563422937,4192744.0,431.7107960641569,432.42898650413906,428.550846318326,GOOGL,stock,True
2025-06-26,2025-06-26 00:00:00,431.7196166360444,3088806.0,427.3577832193492,433.0571761763681,423.2990058650441,GOOGL,stock,True
2025-06-27,2025-06-27 00:00:00,427.16746479146246,1069859.0,429.84055886765964,433.6168973188946,425.0043119473023,GOOGL,stock,True
2025-06-30,2025-06-30 00:00:00,429.93242812317993,1156896.0,432.7192663005439,436.6016032399886,429.88283722832523,GOOGL,stock,True
2025-07-01,2025-07-01 00:00:00,432.8440742408474,2291895.0,428.5477717928676,435.76253499015945,425.63387459573494,GOOGL,stock,True
2025-07-02,2025-07-02 00:00:00,428.43485488809523,3331044.0,426.5568552531459,429.84475663569935,423.72713896655097,GOOGL,stock,True
2025-07-03,2025-07-03 00:00:00,426.4588041713539,4299761.0,424.04676301280847,426.61269623053,421.65539063929344,GOOGL,stock,True
2025-07-04,2025-07-04 00:00:00,424.15843571895,2075046.0,421.6109321133593,424.23997695782305,417.9541090245247,GOOGL,stock,True
2025-07-07,2025-07-07 00:00:00,421.72226682959644,4186222.0,418.15913422689704,425.58783193554564,414.81560800351616,GOOGL,stock,True
2025-07-08,2025-07-08 00:00:00,418.09119411181314,1093846.0,423.3585175272991,425.0136139591711,417.2453584614836,GOOGL,stock,True
2025-07-09,2025-07-09 00:00:00,423.1611873405002,4138384.0,429.11508816394326,432.291885458461,421.41588999191407,GOOGL,stock,True
2025-07-10,2025-07-10 00:00:00,429.2684977428258,1172235.0,431.5036108330319,431.5280287370058,427.5480236568517,GOOGL,stock,True
2025-07-11,2025-07-11 00:00:00,431.50195611838893,1938799.0,426.23060489463654,434.4763478045797,422.8621777635994,GOOGL,stock,True
2025-07-14,2025-07-14 00:00:00,426.17027182852587,4480991.0,431.8123288811044,432.23643923672586,421.9251826324441,GOOGL,stock,True
2025-07-15,2025-07-15 00:00:00,431.8543081925419,4023021.0,426.0,436.111336106791,425.8883134436533,GOOGL,stock,True
2024-11-06,2024-11-06 00:00:00,296.5665361744936,2400733.0,298.6903703315908,298.9198214829429,296.29728605778723,AMZN,stock,True
2024-11-07,2024-11-07 00:00:00,298.75564471991413,4528746.0,296.50548596323216,300.87164520783585,295.8935746847205,AMZN,stock,True
2024-11-08,2024-11-08 00:00:00,296.62646308646566,3662295.0,298.00980234619055,298.3968582235809,296.3108173745677,AMZN,stock,True
2024-11-11,2024-11-11 00:00:00,297.94888054553695,643122.0,302.0884981856937,303.4050030035382,295.5917170689235,AMZN,stock,True
2024-11-12,2024-11-12 00:00:00,302.1391213159043,3482907.0,300.1020260136934,304.3331069393688,297.7978994020813,AMZN,stock,True
2024-11-13,2024-11-13 00:00:00,300.216508971077,3547453.0,299.4041645766241,303.1418056938287,299.04655194476464,AMZN,stock,True
2024-11-14,2024-11-14 00:00:00,299.30124196996115,675463.0,303.82915769333704,304.04766114077063,297.98930526077385,AMZN,stock,True
2024-11-15,2024-11-15 00:00:00,303.88235523805207,997188.0,301.5719920705477,306.8641948752763,300.6909642829478,AMZN,stock,True
2024-11-18,2024-11-18 00:00:00,301.66243834345977,1651156.0,305.0689765129881,306.2696675149444,298.75529422707507,AMZN,stock,True
2024-11-19,2024-11-19 00:00:00,304.9958023770811,2323367.0,306.5391185698684,308.9423874249582,302.3851991131298,AMZN,stock,True
2024-11-20,2024-11-20 00:00:00,306.46325485644815,1602073.0,310.9981599910202,311.6461737677807,306.3773351442289,AMZN,stock,True
2024-11-21,2024-11-21 00:00:00,311.03105868956686,3684786.0,314.55486003101504,317.4090135844738,308.4782421269804,AMZN,stock,True
2024-11-22,2024-11-22 00:00:00,314.431782117546,3638749.0,314.8946270946835,317.90788008878826,313.33485813629636,AMZN,stock,True
2024-11-25,2024-11-25 00:00:00,314.83480828978526,2450505.0,318.65275204008304,320.08270532346256,314.7083613341311,AMZN,stock,True
2024-11-26,2024-11-26 00:00:00,318.7846108696154,1712477.0,314.24117504671216,321.000863253758,311.43490321058147,AMZN,stock,True
2024-11-27,2024-11-27 00:00:00,314.18044210262576,4806966.0,313.24564084623233,317.31574913864034,312.7826445238968,AMZN,stock,True
2024-11-28,2024-11-28 00:00:00,313.24505399364836,4989208.0,313.20860889275457,313.63213218447356,311.42933765897124,AMZN,stock,True
2024-11-29,2024-11-29 00:00:00,313.0752062830038,501765.0,314.1662504279501,316.75693237258525,310.31966634474963,AMZN,stock,True
2024-12-02,2024-12-02 00:00:00,314.1213254813163,3695129.0,314.71344062109483,317.6723105737436,312.0019703306653,AMZN,stock,True
2024-12-03,2024-12-03 00:00:00,314.6266723653699,4414910.0,310.47873354285184,315.4806165102566,309.85254404667813,AMZN,stock,True
2024-12-04,2024-12-04 00:00:00,310.5507921351463,2235805.0,310.538096847668,312.02887086959777,308.3995625943756,AMZN,stock,True
2024-12-05,2024-12-05 00:00:00,310.46106274027426,3977912.0,314.71763690981413,315.9618914908852,309.11091486122814,AMZN,stock,True
2024-12-06,2024-12-06 00:00:00,314.850792795173,1089340.0,315.1657331660929,316.7518053730783,313.7021541408328,AMZN,stock,True
2024-12-09,2024-12-09 00:00:00,315.13391317726985,4498490.0,318.4586633717248,320.9432407225169,313.8356020707941,AMZN,stock,True
2024-12-10,2024-12-10 00:00:00,318.3431349674755,3634996.0,320.9837825422842,321.01479049134144,317.14024877419814,AMZN,stock,True
2024-12-11,2024-12-11 00:00:00,320.91816501853805,535730.0,319.8025778093807,323.6098658986856,319.4056452057853,AMZN,stock,True
2024-12-12,2024-12-12 00:00:00,319.8584803984856,4824246.0,320.6216178233739,321.1834669658529,318.4649660305848,AMZN,stock,True
2024-12-13,2024-12-13 00:00:00,320.548732729598,846085.0,320.8083384091735,323.2238713338176,319.5195501896364,AMZN,stock,True
2024-12-16,2024-12-16 00:00:00,320.83528233178265,2091624.0,323.60179799760436,324.8130860099249,320.1190581459128,AMZN,stock,True
2024-12-17,2024-12-17 00:00:00,323.55746968347285,4190845.0,325.0863108573587,327.0198801114253,322.6895560737395,AMZN,stock,True
2024-12-18,2024-12-18 00:00:00,325.0619746741499,1021493.0,325.6734992404791,326.896054355855,322.05373734958533,AMZN,stock,True
2024-12-19,2024-12-19 00:00:00,325.73826159770925,3163462.0,326.99841650193815,329.332870678402,322.65608564817177,AMZN,stock,True
2024-12-20,2024-12-20 00:00:00,326.8317253400136,2117690.0,326.806037265321,327.42128387072427,325.1977459280265,AMZN,stock,True
2024-12-23,2024-12-23 00:00:00,326.92716568872504,3382325.0,326.3677342161852,327.85338802413247,324.20610698479487,AMZN,stock,True
2024-12-24,2024-12-24 00:00:00,326.37081896145105,3949255.0,325.1673364180271,327.21872655018143,324.5578993195465,AMZN,stock,True
2024-12-25,2024-12-25 00:00:00,325.0674543265599,713602.0,325.3254438629332,325.88471110032714,322.23734084097185,AMZN,stock,True
2024-12-26,2024-12-26 00:00:00,325.2767013608287,3199834.0,325.6954134777591,328.4223439709118,322.69832628058793,AMZN,stock,True
2024-12-27,2024-12-27 00:00:00,325.80572204829997,4163490.0,322.73466182487755,328.4975634538438,320.9304568373974,AMZN,stock,True
2024-12-30,2024-12-30 00:00:00,322.72992769258445,4182965.0,319.27206032746943,324.5364294340718,318.95564834293896,AMZN,stock,True
2024-12-31,2024-12-31 00:00:00,319.12236363674543,3583010.0,322.6008190120106,324.98559441130647,317.7871976523037,AMZN,stock,True
2025-01-01,2025-01-01 00:00:00,322.7178380391356,3429196.0,323.03281803812246,324.23713599283354,321.23406390361606,AMZN,stock,True
2025-01-02,2025-01-02 00:00:00,323.1263501999096,4647665.0,323.0636751708224,325.3973663599308,322.6442044108451,AMZN,stock,True
2025-01-03,2025-01-03 00:00:00,322.9216529038013,3235602.0,327.10919566825737,327.41382512995915,319.94170362131365,AMZN,stock,True
2025-01-06,2025-01-06 00:00:00,327.10729232462796,2758328.0,331.64395716826834,333.9345179822509,324.67789104037786,AMZN,stock,True
2025-01-07,2025-01-07 00:00:00,331.7463214626992,2870545.0,329.4563096831326,334.8958067964956,329.1729853709528,AMZN,stock,True
2025-01-08,2025-01-08 00:00:00,329.4169174444118,1579603.0,330.98623721915095,333.28254842172936,327.2329940649052,AMZN,stock,True
2025-01-09,2025-01-09 00:00:00,330.88746996440864,3046398.0,329.66913654024836,332.06002522970186,326.4818716257499,AMZN,stock,True
2025-01-10,2025-01-10 00:00:00,329.68719117660254,1671115.0,330.04668224365594,331.08921262992664,327.73425991597935,AMZN,stock,True
2025-01-13,2025-01-13 00:00:00,329.95309281956486,743000.0,332.1085588364014,334.43066214022116,329.21400181489224,AMZN,stock,True
2025-01-14,2025-01-14 00:00:00,332.22333656095134,1742775.0,327.59775863641323,334.42117115960025,324.599512563494,AMZN,stock,True
2025-01-15,2025-01-15 00:00:00,327.6640145456984,4091325.0,329.7639035278435,332.78542831029455,326.96337033466324,AMZN,stock,True
2025-01-16,2025-01-16 00:00:00,329.75535730260884,3704088.0,331.07168014738915,334.1614839864465,328.65535465747024,AMZN,stock,True
2025-01-17,2025-01-17 00:00:00,330.9174449254567,3201915.0,335.458229317758,338.1755547253904,328.3122587814695,AMZN,stock,True
2025-01-20,2025-01-20 00:00:00,335.55422006413573,3934520.0,339.78583341927947,343.0750585670693,333.40335589553536,AMZN,stock,True
2025-01-21,2025-01-21 00:00:00,339.9280341705078,1843693.0,340.2359338755658,340.5955183300332,337.3453404037399,AMZN,stock,True
2025-01-22,2025-01-22 00:00:00,340.19335920918184,978260.0,340.23893184769304,343.4260959447697,337.36286801407505,AMZN,stock,True
2025-01-23,2025-01-23 00:00:00,340.2481171341444,3147695.0,340.036650299151,341.04724535838585,338.27080698031693,AMZN,stock,True
2025-01-24,2025-01-24 00:00:00,339.9842631124731,2627786.0,337.14167361014614,342.2291817201962,334.742736258056,AMZN,stock,True
2025-01-27,2025-01-27 00:00:00,337.01581581538807,3896216.0,339.96272675384853,342.647312758333,333.708307631572,AMZN,stock,True
2025-01-28,2025-01-28 00:00:00,340.04972641127466,1547311.0,339.81305026972825,340.0897431654052,337.7539277616065,AMZN,stock,True
2025-01-29,2025-01-29 00:00:00,339.92512172127044,896755.0,340.37194024456903,342.3709295443091,339.2452207487318,AMZN,stock,True
2025-01-30,2025-01-30 00:00:00,340.2353155175362,3727036.0,341.3398936062967,341.8800598825862,338.9215364376465,AMZN,stock,True
2025-01-31,2025-01-31 00:00:00,341.43170801189467,4917350.0,340.48649361785846,342.8902280108058,339.6497711971623,AMZN,stock,True
2025-02-03,2025-02-03 00:00:00,340.6063019597117,3822511.0,344.0289446032273,344.8091955886091,337.35856450745035,AMZN,stock,True
2025-02-04,2025-02-04 00:00:00,343.8560086489088,3421559.0,339.97903057966795,346.76334425078915,339.6478808949974,AMZN,stock,True
2025-02-05,2025-02-05 00:00:00,339.9489050080106,1240696.0,337.44529173453446,342.7774009876081,336.6530279698418,AMZN,stock,True
2025-02-06,2025-02-06 00:00:00,337.44414651391213,2091144.0,332.74010756187033,339.03586785126896,331.50248597796264,AMZN,stock,True
2025-02-07,2025-02-07 00:00:00,332.7289707587393,3718105.0,336.7890871589329,336.8665217680697,330.44689931678596,AMZN,stock,True
2025-02-10,2025-02-10 00:00:00,336.7713978173015,4314193.0,338.8948475105987,341.18224581375546,333.81484475809395,AMZN,stock,True
2025-02-11,2025-02-11 00:00:00,339.0382170268682,3217212.0,342.8441891317917,343.3588627223421,336.2154448389784,AMZN,stock,True
2025-02-12,2025-02-12 00:00:00,342.8988870789309,2552612.0,341.0697501015628,343.50176355683766,338.0900138685331,AMZN,stock,True
2025-02-13,2025-02-13 00:00:00,340.917774438394,4294815.0,336.0496046453349,342.8735243236063,334.61422540666047,AMZN,stock,True
2025-02-14,2025-02-14 00:00:00,335.97823057249184,3886812.0,333.6972461669969,338.8196478668379,331.32808310316443,AMZN,stock,True
2025-02-17,2025-02-17 00:00:00,333.5582460047822,696796.0,330.4584367828369,336.01988734271265,330.12934137897656,AMZN,stock,True
2025-02-18,2025-02-18 00:00:00,330.3327785208277,2306655.0,332.7250158663678,334.6148476260003,328.8345297801891,AMZN,stock,True
2025-02-19,2025-02-19 00:00:00,332.6036054000836,1856863.0,328.76691501176384,333.7338194925209,326.44158263878745,AMZN,stock,True
2025-02-20,2025-02-20 00:00:00,328.8298332019921,2334238.0,329.82656486124483,332.1814654059331,325.71601941167256,AMZN,stock,True
2025-02-21,2025-02-21 00:00:00,329.86204575273604,1737075.0,333.25946706121573,333.44090249371294,328.69382108561547,AMZN,stock,True
2025-02-24,2025-02-24 00:00:00,333.2029016225527,2682775.0,332.13875680839885,334.8323422252795,330.8525442985455,AMZN,stock,True
2025-02-25,2025-02-25 00:00:00,332.1943217475971,1682231.0,333.50394936630784,335.0020909756098,329.0855791349335,AMZN,stock,True
2025-02-26,2025-02-26 00:00:00,333.47537427234454,1259533.0,329.8986982737553,335.7260889015462,327.2622432967594,AMZN,stock,True
2025-02-27,2025-02-27 00:00:00,329.9251591364259,2692984.0,332.8973069594868,335.5307697343749,326.69798817245106,AMZN,stock,True
2025-02-28,2025-02-28 00:00:00,333.02444889709994,2275166.0,337.098362639179,339.7028751848789,333.00944444913574,AMZN,stock,True
2025-03-03,2025-03-03 00:00:00,336.9987747842598,3483097.0,338.1173798423225,338.8753421769198,335.85302638081,AMZN,stock,True
2025-03-04,2025-03-04 00:00:00,338.23387608895473,1205924.0,334.00041644062804,339.74969141558637,330.90448740513744,AMZN,stock,True
2025-03-05,2025-03-05 00:00:00,333.9910667941064,2418350.0,336.0776194681226,337.50286200713606,330.948012370319,AMZN,stock,True
2025-03-06,2025-03-06 00:00:00,336.22544937912,1019969.0,334.62813524617144,336.2531505365991,331.5809956312299,AMZN,stock,True
2025-03-07,2025-03-07 00:00:00,334.4881589251518,1724639.0,331.1703281816268,334.6450380007167,328.24373449482704,AMZN,stock,True
2025-03-10,2025-03-10 00:00:00,331.2554451615995,4574092.0,333.13145543702046,333.50602080331953,329.38896501366867,AMZN,stock,True
2025-03-11,2025-03-11 00:00:00,332.9849635957561,1197933.0,329.6624421527015,334.8845370445603,326.37484203445086,AMZN,stock,True
2025-03-12,2025-03-12 00:00:00,329.61991723343897,3851240.0,332.9811454298429,333.6081701107256,327.6842927441038,AMZN,stock,True
2025-03-13,2025-03-13 00:00:00,333.0032739777854,4294851.0,331.91937530341244,334.73711311237116,330.92651140686525,AMZN,stock,True
2025-03-14,2025-03-14 00:00:00,331.8621875645819,4173114.0,334.06158311541253,336.32065797162466,331.63187283523405,AMZN,stock,True
2025-03-17,2025-03-17 00:00:00,333.9710933087276,4252059.0,337.57426420921735,338.10987451631013,332.45128374276277,AMZN,stock,True
2025-03-18,2025-03-18 00:00:00,337.4980070548859,4544964.0,341.1238478844972,342.3699770816382,337.33305147952973,AMZN,stock,True
2025-03-19,2025-03-19 00:00:00,341.2080874581206,1448243.0,343.0656990385958,344.861560159836,339.8337504746441,AMZN,stock,True
2025-03-20,2025-03-20 00:00:00,343.18840404024235,1528607.0,347.8129605986181,349.82239195685383,342.85244697883934,AMZN,stock,True
2025-03-21,2025-03-21 00:00:00,347.9165548399687,2413367.0,349.7273188446802,351.7687138979446,345.69059235363545,AMZN,stock,True
2025-03-24,2025-03-24 00:00:00,349.8764969182014,4110003.0,352.0058752877301,353.26100108474753,348.7364238832589,AMZN,stock,True
2025-03-25,2025-03-25 00:00:00,352.1170798240563,992001.0,351.38736286966264,352.4283519348571,348.29045922520163,AMZN,stock,True
2025-03-26,2025-03-26 00:00:00,351.3391322595222,1959677.0,346.3851221967388,352.57603803209474,345.6889520770698,AMZN,stock,True
2025-03-27,2025-03-27 00:00:00,346.3686264929409,1167928.0,343.00387835720977,349.79270762689856,342.16916205811617,AMZN,stock,True
2025-03-28,2025-03-28 00:00:00,342.83793937165495,874628.0,342.6267038152122,343.33418004446156,340.3514524570697,AMZN,stock,True
2025-03-31,2025-03-31 00:00:00,342.7808375410696,4336685.0,337.85788443753563,346.1529798160686,335.71588329620545,AMZN,stock,True
2025-04-01,2025-04-01 00:00:00,337.9150060602312,4543728.0,337.109964473647,338.0035326166482,336.53185277491536,AMZN,stock,True
2025-04-02,2025-04-02 00:00:00,337.2557010286458,2030251.0,340.0050229295841,340.5570337108046,335.42379540939197,AMZN,stock,True
2025-04-03,2025-04-03 00:00:00,339.8518525674,603098.0,342.16118751481264,343.16823523301156,339.7844270354184,AMZN,stock,True
2025-04-04,2025-04-04 00:00:00,342.2682469812475,3350591.0,344.6687498345272,347.82164463582166,341.6938314574759,AMZN,stock,True
2025-04-07,2025-04-07 00:00:00,344.6797658192237,646654.0,342.71696647180914,346.6474688362887,340.3942642171167,AMZN,stock,True
2025-04-08,2025-04-08 00:00:00,342.57290850388335,3328003.0,345.4040372588671,347.7718788051961,340.23725840940295,AMZN,stock,True
2025-04-09,2025-04-09 00:00:00,345.38412222909545,770357.0,347.8387351579061,349.76363907485086,342.5682348944643,AMZN,stock,True
2025-04-10,2025-04-10 00:00:00,347.7757736338515,824333.0,352.60864105895166,353.82763238962764,344.96234278010064,AMZN,stock,True
2025-04-11,2025-04-11 00:00:00,352.5233739451253,3914251.0,356.86859502290963,357.957396738866,350.7830405773778,AMZN,stock,True
2025-04-14,2025-04-14 00:00:00,356.8142874889377,1299759.0,360.7392242239702,363.26903769927037,353.32327356799766,AMZN,stock,True
2025-04-15,2025-04-15 00:00:00,360.77696135739404,4898034.0,359.34464917497684,362.26226284846126,356.0789592371652,AMZN,stock,True
2025-04-16,2025-04-16 00:00:00,359.2666416763761,2208792.0,364.56112418759756,367.724453866551,356.23612080000333,AMZN,stock,True
2025-04-17,2025-04-17 00:00:00,364.61904896072065,1078146.0,366.6697985534856,370.1527955081175,361.0920102609235,AMZN,stock,True
2025-04-18,2025-04-18 00:00:00,366.77097484342585,4849624.0,368.950014242383,369.20779939022395,364.1235135850998,AMZN,stock,True
2025-04-21,2025-04-21 00:00:00,368.8534937269975,2607823.0,364.42053731019394,370.5946094542762,364.25768454411326,AMZN,stock,True
2025-04-22,2025-04-22 00:00:00,364.34685694576496,2967139.0,368.1885476668999,368.2469597819753,363.2953617935506,AMZN,stock,True
2025-04-23,2025-04-23 00:00:00,368.15967656176116,3548756.0,363.3828862215473,369.3037310969037,360.85559194763545,AMZN,stock,True
2025-04-24,2025-04-24 00:00:00,363.22650180344397,4891464.0,366.3780509657479,369.4431838060585,361.9509744451144,AMZN,stock,True
2025-04-25,2025-04-25 00:00:00,366.4546681615309,4772772.0,370.3276616433319,371.16724213771516,365.48758909475384,AMZN,stock,True
2025-04-28,2025-04-28 00:00:00,370.1604833554028,4322956.0,368.3926027161327,370.9186826438542,367.0363966014996,AMZN,stock,True
2025-04-29,2025-04-29 00:00:00,368.34208373167445,2716281.0,373.64602691592256,374.4840593294688,367.4981777393708,AMZN,stock,True
2025-04-30,2025-04-30 00:00:00,373.7662933082283,1012910.0,372.3033486999702,374.2381639131476,370.8972591023969,AMZN,stock,True
2025-05-01,2025-05-01 00:00:00,372.2213605439125,4352549.0,368.8459649467379,372.4976275128073,366.07344699952023,AMZN,stock,True
2025-05-02,2025-05-02 00:00:00,368.7248783722667,2042967.0,369.4886186594706,371.8691027956713,365.16102302562956,AMZN,stock,True
2025-05-05,2025-05-05 00:00:00,369.55221102562894,1013192.0,367.49770790260385,370.9967521544894,367.0021112072726,AMZN,stock,True
2025-05-06,2025-05-06 00:00:00,367.5618737117832,3697695.0,368.9110155817829,371.9160326011358,364.44796868235363,AMZN,stock,True
2025-05-07,2025-05-07 00:00:00,368.730978990195,4870061.0,371.9402920353298,372.2725645511758,368.25299332820555,AMZN,stock,True
2025-05-08,2025-05-08 00:00:00,371.83888364711146,3216776.0,377.41528024853136,379.3275410423383,370.8392018148343,AMZN,stock,True
2025-05-09,2025-05-09 00:00:00,377.28709850469073,835956.0,374.7554450695626,380.4125515406728,371.8060266674753,AMZN,stock,True
2025-05-12,2025-05-12 00:00:00,374.80688571190916,2490571.0,379.4386061616646,382.92517230801013,371.1540615211586,AMZN,stock,True
2025-05-13,2025-05-13 00:00:00,379.5567487349793,2499984.0,374.2082740831092,381.32550355725795,372.575641328562,AMZN,stock,True
2025-05-14,2025-05-14 00:00:00,374.323170147276,2693493.0,374.2635732583722,374.4347624398622,374.1898303675055,AMZN,stock,True
2025-05-15,2025-05-15 00:00:00,374.37084484646823,1382059.0,370.9286463105123,376.67181096446996,369.3330144955312,AMZN,stock,True
2025-05-16,2025-05-16 00:00:00,370.821168691893,1884861.0,371.98913731948574,374.63148273675694,369.1538819952081,AMZN,stock,True
2025-05-19,2025-05-19 00:00:00,372.0646434579907,3110483.0,373.93095411046545,376.2151998639401,370.5823771070861,AMZN,stock,True
2025-05-20,2025-05-20 00:00:00,373.9141987494253,974593.0,378.81661731556943,378.8798414513837,373.6752604503547,AMZN,stock,True
2025-05-21,2025-05-21 00:00:00,378.6728105577129,4395419.0,380.3807629645606,381.86236075779277,374.99934640865473,AMZN,stock,True
2025-05-22,2025-05-22 00:00:00,380.17542228602053,3433295.0,375.7912640389752,381.3824484094481,374.904064107196,AMZN,stock,True
2025-05-23,2025-05-23 00:00:00,375.906603181834,4381632.0,373.57682961616035,377.2373686213482,370.0278554584315,AMZN,stock,True
2025-05-26,2025-05-26 00:00:00,373.5161133369554,1856903.0,369.0360442518632,375.9010919356984,367.6544976441038,AMZN,stock,True
2025-05-27,2025-05-27 00:00:00,369.051269538422,2432839.0,372.9454392649552,373.01250938416155,368.1098695630905,AMZN,stock,True
2025-05-28,2025-05-28 00:00:00,372.99882689159745,3436851.0,368.07926241480584,376.5718905228762,367.6109646907443,AMZN,stock,True
2025-05-29,2025-05-29 00:00:00,367.9508715460793,2020630.0,372.36738042832184,373.573626353534,367.87876544267397,AMZN,stock,True
2025-05-30,2025-05-30 00:00:00,372.2503572311898,3192205.0,371.8496540315424,374.20559747493866,368.78788885299394,AMZN,stock,True
2025-06-02,2025-06-02 00:00:00,371.6511161307309,4303256.0,367.7335011950501,371.69189197097427,366.0593471841053,AMZN,stock,True
2025-06-03,2025-06-03 00:00:00,367.74101812319424,4880401.0,363.1544793508117,370.55730836577686,361.5046304576076,AMZN,stock,True
2025-06-04,2025-06-04 00:00:00,363.263147946017,3210055.0,359.7477579948097,364.9719913692205,356.9766405177622,AMZN,stock,True
2025-06-05,2025-06-05 00:00:00,359.7901134400872,2978177.0,360.9072598088085,361.2995865875276,357.48263088128937,AMZN,stock,True
2025-06-06,2025-06-06 00:00:00,360.96247729811006,2178703.0,365.29041739124483,368.1266348895884,357.58811552379234,AMZN,stock,True
2025-06-09,2025-06-09 00:00:00,365.3157033994617,3310245.0,360.3257994440447,365.7885570409485,358.52357784933446,AMZN,stock,True
2025-06-10,2025-06-10 00:00:00,360.19637396248964,4761476.0,364.15148683184964,365.1746057931635,358.12455672089084,AMZN,stock,True
2025-06-11,2025-06-11 00:00:00,364.0997919366431,1762361.0,368.30894441038777,369.5630759622444,362.3879954207177,AMZN,stock,True
2025-06-12,2025-06-12 00:00:00,368.4384994698771,2287005.0,367.71487970194215,370.8151199953631,366.6142540739054,AMZN,stock,True
2025-06-13,2025-06-13 00:00:00,367.71008467245883,2783158.0,363.9076425248503,370.47328543389796,363.258157188327,AMZN,stock,True
2025-06-16,2025-06-16 00:00:00,363.9378683892259,4997921.0,359.44146715565006,366.59241795878444,357.88949075322597,AMZN,stock,True
2025-06-17,2025-06-17 00:00:00,359.40269141409345,3054643.0,364.7105249001643,367.51265481957347,356.6862174165713,AMZN,stock,True
2025-06-18,2025-06-18 00:00:00,364.8005371484113,1891219.0,364.35354952456913,368.0847792698119,364.13124611497466,AMZN,stock,True
2025-06-19,2025-06-19 00:00:00,364.2056054471083,550230.0,362.35577753636505,365.4967099582873,361.1189741399693,AMZN,stock,True
2025-06-20,2025-06-20 00:00:00,362.38128107785536,1993826.0,367.2387199104755,368.8129628444273,361.6057924202217,AMZN,stock,True
2025-06-23,2025-06-23 00:00:00,367.3650258008961,1307525.0,365.7066396008528,369.5718833462249,364.648333111921,AMZN,stock,True
2025-06-24,2025-06-24 00:00:00,365.8702946452016,2491304.0,369.0428184441063,372.53397450495737,363.69096015437,AMZN,stock,True
2025-06-25,2025-06-25 00:00:00,369.14469216705385,1135114.0,372.7998366211462,373.8941731359595,367.7388082998688,AMZN,stock,True
2025-06-26,2025-06-26 00:00:00,372.85663900526464,4155299.0,369.09327688045465,375.2019964461775,368.048807975379,AMZN,stock,True
2025-06-27,2025-06-27 00:00:00,369.1326355601423,2968790.0,366.5945088882895,369.67410998546154,363.76697515773685,AMZN,stock,True
2025-06-30,2025-06-30 00:00:00,366.69194755767364,857600.0,362.238511262731,369.8357024932633,362.23134588258233,AMZN,stock,True
2025-07-01,2025-07-01 00:00:00,362.2144346252126,4387142.0,357.63419386017364,362.70236695407436,356.7199627703156,AMZN,stock,True
2025-07-02,2025-07-02 00:00:00,357.7198057835543,3632079.0,358.7444091250726,359.6952384519189,354.2123539304989,AMZN,stock,True
2025-07-03,2025-07-03 00:00:00,358.73859653273445,4381063.0,362.9229646398586,365.5029496273169,357.15516875515834,AMZN,stock,True
2025-07-04,2025-07-04 00:00:00,362.97349856536465,3070301.0,359.8336562482448,365.90063084973826,356.261351337347,AMZN,stock,True
2025-07-07,2025-07-07 00:00:00,359.7154962097528,2382374.0,359.46288083427265,363.27349569807643,356.902284987854,AMZN,stock,True
2025-07-08,2025-07-08 00:00:00,359.394297550788,3257892.0,355.945521490087,360.9151444667446,355.8305820651461,AMZN,stock,True
2025-07-09,2025-07-09 00:00:00,355.98693739846124,3186063.0,352.54231783975916,356.2514131632101,350.5010171788986,AMZN,stock,True
2025-07-10,2025-07-10 00:00:00,352.4095094983791,3003543.0,356.6611587665388,356.7166313727227,352.03646107340535,AMZN,stock,True
2025-07-11,2025-07-11 00:00:00,356.66939987303294,2688202.0,359.7112139383851,359.83156963287746,354.32901231954344,AMZN,stock,True
2025-07-14,2025-07-14 00:00:00,359.74935259501495,3297715.0,357.95425235385255,362.7061304391122,356.83513243123696,AMZN,stock,True
2025-07-15,2025-07-15 00:00:00,357.7690553638255,3289814.0,360.0,360.0005061889032,357.7157148477731,AMZN,stock,True
2024-11-06,2024-11-06 00:00:00,422.0473555293911,2661704.0,416.06278210489825,425.32301928622246,412.3660098156994,TSLA,stock,True
2024-11-07,2024-11-07 00:00:00,415.8975706616496,3711633.0,419.3685691823608,421.2275674792634,415.05689555071706,TSLA,stock,True
2024-11-08,2024-11-08 00:00:00,419.3875258246333,4232157.0,414.2833018922552,422.49974254396204,413.9251413283176,TSLA,stock,True
2024-11-11,2024-11-11 00:00:00,414.09038688563606,1965399.0,415.62908501283994,417.53678919338296,410.14734292708135,TSLA,stock,True
2024-11-12,2024-11-12 00:00:00,415.6664072011638,4831362.0,409.831096886639,417.9632995207831,409.2881086796408,TSLA,stock,True
2024-11-13,2024-11-13 00:00:00,409.72149371615086,1628747.0,404.97612798348314,413.1724680615063,404.0221790887745,TSLA,stock,True
2024-11-14,2024-11-14 00:00:00,404.8276072512011,3732238.0,402.2970741764724,406.5796082076428,401.04741742066614,TSLA,stock,True
2024-11-15,2024-11-15 00:00:00,402.15280829206677,1519428.0,398.0912755270835,405.20643013290015,394.8943664272799,TSLA,stock,True
2024-11-18,2024-11-18 00:00:00,398.21459535425095,1724679.0,392.69029315010135,399.422532704585,390.6207755996464,TSLA,stock,True
2024-11-19,2024-11-19 00:00:00,392.5883117275149,2556074.0,387.5585932905994,394.50466586255686,387.1679916048256,TSLA,stock,True
2024-11-20,2024-11-20 00:00:00,387.4601692798036,3661397.0,386.1715011047864,388.8804147656073,382.47612510540694,TSLA,stock,True
2024-11-21,2024-11-21 00:00:00,386.17352365004854,4947761.0,381.7538891085087,388.79296264892025,379.93690871179246,TSLA,stock,True
2024-11-22,2024-11-22 00:00:00,381.6864316843022,2680442.0,383.07875811834896,385.36995308148596,378.4933510093524,TSLA,stock,True
2024-11-25,2024-11-25 00:00:00,383.0512707735022,3012325.0,385.0390263998766,386.5890486865299,382.11812196699697,TSLA,stock,True
2024-11-26,2024-11-26 00:00:00,385.1862498876308,4096131.0,390.3596852696022,393.3617606427594,383.9556024575112,TSLA,stock,True
2024-11-27,2024-11-27 00:00:00,390.1901245070672,4463479.0,393.0483566572904,393.08026698911357,387.03547733195575,TSLA,stock,True
2024-11-28,2024-11-28 00:00:00,393.10876347937426,2395285.0,398.6553164200612,399.5220156225782,390.4125184790778,TSLA,stock,True
2024-11-29,2024-11-29 00:00:00,398.7774404114418,1938814.0,404.39336120407177,407.28459072500124,397.636069262645,TSLA,stock,True
2024-12-02,2024-12-02 00:00:00,404.25895788542806,4124161.0,401.12444887397294,404.7347348249999,401.01902768601275,TSLA,stock,True
2024-12-03,2024-12-03 00:00:00,400.9322317777384,820323.0,402.21282263452014,404.53917636704506,397.0455742526956,TSLA,stock,True
2024-12-04,2024-12-04 00:00:00,402.190144535962,2523594.0,401.26960004225896,403.1006521730245,399.44882766558004,TSLA,stock,True
2024-12-05,2024-12-05 00:00:00,401.42363150281125,4313341.0,397.69170338296635,401.91340609765933,395.7627624003681,TSLA,stock,True
2024-12-06,2024-12-06 00:00:00,397.5036703200543,623430.0,401.6532016189875,402.50452206345494,395.7876518841378,TSLA,stock,True
2024-12-09,2024-12-09 00:00:00,401.53086114917517,3305094.0,404.44619990473547,406.4551649505533,399.5532525679434,TSLA,stock,True
2024-12-10,2024-12-10 00:00:00,404.2619789112778,3909910.0,405.90709783123174,406.9679011233196,401.59622830580236,TSLA,stock,True
2024-12-11,2024-12-11 00:00:00,405.73521668772264,2949060.0,400.12881379209676,406.2204062048239,396.924647995419,TSLA,stock,True
2024-12-12,2024-12-12 00:00:00,400.0546780231813,3974184.0,397.8852014669848,403.6024351917954,394.774309459659,TSLA,stock,True
2024-12-13,2024-12-13 00:00:00,397.9756125169105,682899.0,397.0132254674119,399.8317849358323,395.92321306968535,TSLA,stock,True
2024-12-16,2024-12-16 00:00:00,397.07959138982704,4082144.0,401.91422889465855,404.9265420805572,395.5090116770942,TSLA,stock,True
2024-12-17,2024-12-17 00:00:00,402.09371649617356,2267236.0,396.90506422953365,403.40296866961756,396.00026280404063,TSLA,stock,True
2024-12-18,2024-12-18 00:00:00,396.7944671166615,3882741.0,400.19449399947644,403.54670658451056,394.82770349057074,TSLA,stock,True
2024-12-19,2024-12-19 00:00:00,400.32458308617805,3268051.0,403.75508656449546,404.2946938240524,399.2484049747276,TSLA,stock,True
2024-12-20,2024-12-20 00:00:00,403.9360989320843,2179782.0,403.6038075477099,404.30330846721114,400.0465085786485,TSLA,stock,True
2024-12-23,2024-12-23 00:00:00,403.3989544601969,1939700.0,405.12518320901677,406.8898051292497,403.11567558337265,TSLA,stock,True
2024-12-24,2024-12-24 00:00:00,405.05390747989253,2480462.0,404.6205143409535,408.64105728186536,402.19438097070605,TSLA,stock,True
2024-12-25,2024-12-25 00:00:00,404.5367106603782,4687545.0,406.08135242176616,408.0824262469214,404.41860162205296,TSLA,stock,True
2024-12-26,2024-12-26 00:00:00,406.1790640497733,4770001.0,405.4760225615123,409.3957919972662,404.25054189572353,TSLA,stock,True
2024-12-27,2024-12-27 00:00:00,405.4982651767523,539712.0,402.2167216782332,407.79359804219894,399.61916124816145,TSLA,stock,True
2024-12-30,2024-12-30 00:00:00,402.37849603441373,1696881.0,403.59708603057265,403.8859599996927,400.2374742697945,TSLA,stock,True
2024-12-31,2024-12-31 00:00:00,403.4633967837712,2237163.0,407.7652228137326,408.0954628907631,400.9040581589446,TSLA,stock,True
2025-01-01,2025-01-01 00:00:00,407.86729006928084,4013728.0,409.8858986053536,409.8953579588056,404.7885077753756,TSLA,stock,True
2025-01-02,2025-01-02 00:00:00,409.9705560404902,1576964.0,413.38646756685495,413.98600253565763,408.12159381745647,TSLA,stock,True
2025-01-03,2025-01-03 00:00:00,413.3625373430205,1155490.0,414.26550009573856,416.3559701841349,411.2879680233962,TSLA,stock,True
2025-01-06,2025-01-06 00:00:00,414.38101942954205,3356938.0,413.4380150531789,414.43275756369525,413.2223222529226,TSLA,stock,True
2025-01-07,2025-01-07 00:00:00,413.37388175363077,4647510.0,411.39345371739313,415.1977613667648,407.74831686849916,TSLA,stock,True
2025-01-08,2025-01-08 00:00:00,411.4688825917337,712050.0,415.2234028956773,417.66845011786125,408.9118148487606,TSLA,stock,True
2025-01-09,2025-01-09 00:00:00,415.36616810469764,4897196.0,420.6345416265181,423.31245448329594,411.759180821307,TSLA,stock,True
2025-01-10,2025-01-10 00:00:00,420.4101952222444,1154299.0,418.82529724981686,422.80248578532826,415.8238406106145,TSLA,stock,True
2025-01-13,2025-01-13 00:00:00,418.9915304529652,2469514.0,422.5162954895737,425.381885052402,416.5631694623854,TSLA,stock,True
2025-01-14,2025-01-14 00:00:00,422.6122381690946,1564378.0,418.374848873231,426.6961284516622,416.72354896464344,TSLA,stock,True
2025-01-15,2025-01-15 00:00:00,418.35136264670183,4181777.0,418.20732135404313,421.79798560869585,416.8803816476626,TSLA,stock,True
2025-01-16,2025-01-16 00:00:00,418.1182543056837,4342308.0,419.92017035148524,423.6087790012859,417.19349697279046,TSLA,stock,True
2025-01-17,2025-01-17 00:00:00,419.7250452295194,4504485.0,421.16886140443404,421.18454687285674,416.10101514428464,TSLA,stock,True
2025-01-20,2025-01-20 00:00:00,421.3392021630936,1651240.0,423.01626965339767,425.156667709894,417.4362340116367,TSLA,stock,True
2025-01-21,2025-01-21 00:00:00,422.90273477011294,729148.0,419.45716302030786,423.8914399558258,415.9732038540354,TSLA,stock,True
2025-01-22,2025-01-22 00:00:00,419.44456762636133,2816803.0,416.12345397233975,421.69971616942047,415.3613348927893,TSLA,stock,True
2025-01-23,2025-01-23 00:00:00,415.9559935444264,2893634.0,417.4371950656471,417.7287391816082,413.9827481171047,TSLA,stock,True
2025-01-24,2025-01-24 00:00:00,417.58088059110867,2399295.0,416.14749697687836,418.9991939927409,415.0865322073659,TSLA,stock,True
2025-01-27,2025-01-27 00:00:00,416.2076864320417,4748442.0,418.6915974562394,418.8902347823597,415.26680502511994,TSLA,stock,True
2025-01-28,2025-01-28 00:00:00,418.4733065191218,2177138.0,419.3272915824527,420.8418378683367,417.6960795772035,TSLA,stock,True
2025-01-29,2025-01-29 00:00:00,419.2408289768773,1656787.0,422.4197006666706,423.0460185107627,415.11330351662684,TSLA,stock,True
2025-01-30,2025-01-30 00:00:00,422.2335432066001,3772165.0,419.2667253327825,425.6379716375667,418.1630482417125,TSLA,stock,True
2025-01-31,2025-01-31 00:00:00,419.0926717640124,4582466.0,424.1708271002199,426.0999909042886,417.13313552313036,TSLA,stock,True
2025-02-03,2025-02-03 00:00:00,424.3113563861109,4825340.0,426.12708760858266,428.13058817254614,422.26928729800744,TSLA,stock,True
2025-02-04,2025-02-04 00:00:00,426.26360276525423,3586874.0,428.0610009310236,430.3843508733522,426.11298107491865,TSLA,stock,True
2025-02-05,2025-02-05 00:00:00,428.23330413718253,4591968.0,428.5424164501165,429.91528082894723,426.8893822960003,TSLA,stock,True
2025-02-06,2025-02-06 00:00:00,428.53465549173416,3596856.0,430.303811373657,432.34936485713143,427.4462112424777,TSLA,stock,True
2025-02-07,2025-02-07 00:00:00,430.3875970701155,3883835.0,435.38294593867624,437.54814576455715,430.00005666316406,TSLA,stock,True
2025-02-10,2025-02-10 00:00:00,435.1789575175875,1711693.0,435.2892514655153,438.5948815685797,431.71916316794574,TSLA,stock,True
2025-02-11,2025-02-11 00:00:00,435.05453772494104,3782913.0,433.12205237848696,438.3505508954108,429.74575556387776,TSLA,stock,True
2025-02-12,2025-02-12 00:00:00,433.0415794026397,1819513.0,433.78185685470396,437.3024817191887,430.3914574945871,TSLA,stock,True
2025-02-13,2025-02-13 00:00:00,433.852045359149,2101000.0,432.85207181311876,435.28723625705175,430.6070945149138,TSLA,stock,True
2025-02-14,2025-02-14 00:00:00,433.0062944291501,3119819.0,428.05247963395146,434.2289885572263,423.8241937474621,TSLA,stock,True
2025-02-17,2025-02-17 00:00:00,428.11040971252623,2474326.0,425.45617306878285,428.924568340469,422.65765367559004,TSLA,stock,True
2025-02-18,2025-02-18 00:00:00,425.3210740087035,2020272.0,419.51511824130984,427.40104257772856,417.18403179039706,TSLA,stock,True
2025-02-19,2025-02-19 00:00:00,419.4078063802298,1292084.0,417.58704034966394,422.32984031441777,414.9188543899447,TSLA,stock,True
2025-02-20,2025-02-20 00:00:00,417.43740544728036,1957090.0,411.4116862664794,418.2487878039351,408.22164096393504,TSLA,stock,True
2025-02-21,2025-02-21 00:00:00,411.26267044827154,780375.0,409.5440728459087,414.6050639128498,406.190869799157,TSLA,stock,True
2025-02-24,2025-02-24 00:00:00,409.6510500014521,848431.0,410.50690305158963,413.33102399434614,407.2602770006206,TSLA,stock,True
2025-02-25,2025-02-25 00:00:00,410.6729466492499,4201063.0,406.5938445784331,413.3117046362632,402.63808490129617,TSLA,stock,True
2025-02-26,2025-02-26 00:00:00,406.388171247822,2751611.0,402.4474888226461,408.9456309011752,400.7499457270578,TSLA,stock,True
2025-02-27,2025-02-27 00:00:00,402.3172080345724,2916239.0,398.1163619083254,404.64876115828037,397.74556080382433,TSLA,stock,True
2025-02-28,2025-02-28 00:00:00,397.948178229856,2943206.0,398.9126017442866,401.1069023255596,394.59671506045794,TSLA,stock,True
2025-03-03,2025-03-03 00:00:00,398.7022217713542,1244334.0,398.1496723728801,401.42660690255553,398.126582298962,TSLA,stock,True
2025-03-04,2025-03-04 00:00:00,398.14544953106963,568341.0,396.80285069773436,401.5098835279408,393.7161997457481,TSLA,stock,True
2025-03-05,2025-03-05 00:00:00,396.8282746051866,2485471.0,391.30834454210975,398.66235376585695,390.81104891555447,TSLA,stock,True
2025-03-06,2025-03-06 00:00:00,391.2044113759073,4529419.0,388.8924902399517,392.47435496723125,388.49528057530244,TSLA,stock,True
2025-03-07,2025-03-07 00:00:00,388.83987739874647,4884962.0,386.8428631580425,390.78710530073346,385.89273621612136,TSLA,stock,True
2025-03-10,2025-03-10 00:00:00,386.9546447584441,3135080.0,385.3890201424232,389.58531366131433,383.96560337151465,TSLA,stock,True
2025-03-11,2025-03-11 00:00:00,385.4219159025693,4809290.0,381.5312154472344,386.74478088425104,379.57563130506253,TSLA,stock,True
2025-03-12,2025-03-12 00:00:00,381.5271845261782,792638.0,379.3921436998866,385.28769430187594,378.9234155485504,TSLA,stock,True
2025-03-13,2025-03-13 00:00:00,379.49107319718144,4915706.0,376.650567442107,381.1090763149228,375.1885594081158,TSLA,stock,True
2025-03-14,2025-03-14 00:00:00,376.5653884330221,1393766.0,371.27221376339645,380.2978530301667,370.47267309308404,TSLA,stock,True
2025-03-17,2025-03-17 00:00:00,371.1723095055599,2083182.0,371.53429011917666,372.7055147417083,367.5109884452823,TSLA,stock,True
2025-03-18,2025-03-18 00:00:00,371.56260755883574,2350430.0,368.95025385726996,373.2436841417756,367.8406117443248,TSLA,stock,True
2025-03-19,2025-03-19 00:00:00,369.03767662003236,3579213.0,374.5092463425042,374.8978285580931,365.5448878286454,TSLA,stock,True
2025-03-20,2025-03-20 00:00:00,374.380997694035,4858748.0,375.36001427393313,378.1632282866928,373.2292706722136,TSLA,stock,True
2025-03-21,2025-03-21 00:00:00,375.3900888336082,2174508.0,373.86057204055453,378.7747562700615,372.9189023877466,TSLA,stock,True
2025-03-24,2025-03-24 00:00:00,374.01755553143715,1805532.0,379.3847523269026,379.583992526942,372.6995391094355,TSLA,stock,True
2025-03-25,2025-03-25 00:00:00,379.3933785437312,3935836.0,374.89689463957893,381.17121138439484,373.83088985638864,TSLA,stock,True
2025-03-26,2025-03-26 00:00:00,374.9551605086794,1576955.0,373.87057268965947,375.76359642763464,372.15011041704486,TSLA,stock,True
2025-03-27,2025-03-27 00:00:00,373.9345503298764,2631412.0,372.50180740608437,374.75165458192055,370.39158121243304,TSLA,stock,True
2025-03-28,2025-03-28 00:00:00,372.57149198946996,1305541.0,369.9073820714721,373.4521621205504,368.74392136559,TSLA,stock,True
2025-03-31,2025-03-31 00:00:00,370.0322718925664,2831713.0,364.7883678147965,373.3621217483455,363.79044027908543,TSLA,stock,True
2025-04-01,2025-04-01 00:00:00,364.6062647668633,3747115.0,363.76183686939555,367.92906193403354,361.7849041376799,TSLA,stock,True
2025-04-02,2025-04-02 00:00:00,363.6115182434177,891707.0,364.48201720101554,366.11750535597344,361.69311896770216,TSLA,stock,True
2025-04-03,2025-04-03 00:00:00,364.42568448297646,1346996.0,359.66706255294946,367.4727098611102,357.41448414210356,TSLA,stock,True
2025-04-04,2025-04-04 00:00:00,359.51834630856496,4881947.0,360.93041890384404,363.5944749936567,358.5999270239111,TSLA,stock,True
2025-04-07,2025-04-07 00:00:00,360.91734579885133,2817063.0,361.813268723623,362.85155558419655,357.3836213327836,TSLA,stock,True
2025-04-08,2025-04-08 00:00:00,361.8741418865576,1333781.0,367.34908560259663,367.8315541214376,361.67232927714053,TSLA,stock,True
2025-04-09,2025-04-09 00:00:00,367.36485500043597,602536.0,372.2096129251668,375.5877712060143,364.31331746211725,TSLA,stock,True
2025-04-10,2025-04-10 00:00:00,372.02162387216185,4794885.0,368.7768365743137,374.94012451054465,365.5663082657293,TSLA,stock,True
2025-04-11,2025-04-11 00:00:00,368.7391499899662,3666793.0,369.1343124340382,369.42822118587105,366.02892552759516,TSLA,stock,True
2025-04-14,2025-04-14 00:00:00,369.0722775156585,667817.0,366.652413703131,371.75230035748115,363.69023095103023,TSLA,stock,True
2025-04-15,2025-04-15 00:00:00,366.48495793199913,2553619.0,371.5275690662038,371.6818188867627,366.2877997051473,TSLA,stock,True
2025-04-16,2025-04-16 00:00:00,371.4472306159062,1241969.0,372.638967550231,373.4100725562117,369.2378262634535,TSLA,stock,True
2025-04-17,2025-04-17 00:00:00,372.4744205103391,1529030.0,367.97723681082533,373.58042970976487,365.9747488564705,TSLA,stock,True
2025-04-18,2025-04-18 00:00:00,368.01760243746907,3542686.0,368.9926090026684,370.3356836567615,365.56293595131086,TSLA,stock,True
2025-04-21,2025-04-21 00:00:00,369.0581188069825,3415328.0,367.83572444148115,369.67988195205135,366.4061490861386,TSLA,stock,True
2025-04-22,2025-04-22 00:00:00,367.8047159062908,826321.0,363.8822198385932,370.34390795904426,361.2551690690887,TSLA,stock,True
2025-04-23,2025-04-23 00:00:00,363.9429335435886,2007812.0,359.8348142730309,365.82325640798473,359.16210630873917,TSLA,stock,True
2025-04-24,2025-04-24 00:00:00,359.83863159419843,4202466.0,362.5148262509603,364.16319963459745,358.87230376993404,TSLA,stock,True
2025-04-25,2025-04-25 00:00:00,362.6209424296407,1717616.0,358.7005030366105,363.386146898364,355.939904977116,TSLA,stock,True
2025-04-28,2025-04-28 00:00:00,358.68786444429094,2579073.0,361.41542587335897,362.28634240813295,357.71158667917166,TSLA,stock,True
2025-04-29,2025-04-29 00:00:00,361.33691380374006,2697019.0,356.28535378734284,361.4035962128815,355.6521498805112,TSLA,stock,True
2025-04-30,2025-04-30 00:00:00,356.40376570802255,690898.0,357.42905473130077,359.8806691386387,354.2525942163562,TSLA,stock,True
2025-05-01,2025-05-01 00:00:00,357.5384507433293,789480.0,355.23777101884764,358.34512518411907,354.1642812872475,TSLA,stock,True
2025-05-02,2025-05-02 00:00:00,355.3215273842996,871714.0,352.72650865062366,357.19300277215046,352.70802843391766,TSLA,stock,True
2025-05-05,2025-05-05 00:00:00,352.86123353177675,3742212.0,356.9179008402531,357.0133744613562,351.2286920780049,TSLA,stock,True
2025-05-06,2025-05-06 00:00:00,356.8514762799751,3117506.0,359.3919577998369,361.4504852627356,356.3103620466429,TSLA,stock,True
2025-05-07,2025-05-07 00:00:00,359.3036376889409,4011537.0,357.8902365648779,360.667977316227,357.79549559933326,TSLA,stock,True
2025-05-08,2025-05-08 00:00:00,357.82392277899606,2136721.0,354.56217104730865,358.61064952419434,353.68897301850046,TSLA,stock,True
2025-05-09,2025-05-09 00:00:00,354.6811574981709,1459097.0,354.5289218523649,356.16674618828773,351.86277687615507,TSLA,stock,True
2025-05-12,2025-05-12 00:00:00,354.3741136672521,3933594.0,354.5918539075942,357.7192805679336,353.72804612099986,TSLA,stock,True
2025-05-13,2025-05-13 00:00:00,354.54320546014316,3686641.0,354.2527576983693,356.9047483091451,352.82366657864986,TSLA,stock,True
2025-05-14,2025-05-14 00:00:00,354.09362940957305,3815673.0,349.98413354901373,356.001564744568,347.32764907369824,TSLA,stock,True
2025-05-15,2025-05-15 00:00:00,350.0247384849279,578577.0,351.5597967536795,351.6810325138315,347.38168093949633,TSLA,stock,True
2025-05-16,2025-05-16 00:00:00,351.617234188515,4635014.0,351.6256733373755,354.08289572896587,351.4995024604608,TSLA,stock,True
2025-05-19,2025-05-19 00:00:00,351.68757931020446,4712338.0,356.1313790125876,357.44232873487505,348.89616221069616,TSLA,stock,True
2025-05-20,2025-05-20 00:00:00,356.1661878003353,553494.0,351.58703173533263,356.6024208797751,351.12655262643744,TSLA,stock,True
2025-05-21,2025-05-21 00:00:00,351.40446857023466,923675.0,348.9705642801114,354.52688607601345,347.9453829316805,TSLA,stock,True
2025-05-22,2025-05-22 00:00:00,349.07170705369276,2211913.0,348.4238244381023,351.69884163586727,345.5254725851986,TSLA,stock,True
2025-05-23,2025-05-23 00:00:00,348.3549112851607,899263.0,344.89690213011835,349.4180613288098,344.2724508000819,TSLA,stock,True
2025-05-26,2025-05-26 00:00:00,344.8174539405222,620285.0,347.03292387883573,350.3539490900005,342.44813927403,TSLA,stock,True
2025-05-27,2025-05-27 00:00:00,346.8703910839436,1934264.0,349.0065203409906,350.0047579138362,345.1212651945161,TSLA,stock,True
2025-05-28,2025-05-28 00:00:00,349.01490216165564,1693412.0,351.4251170092826,352.95921645134916,348.587817729724,TSLA,stock,True
2025-05-29,2025-05-29 00:00:00,351.3285175933751,4884638.0,350.7559729655581,354.5773207911728,349.3282023902875,TSLA,stock,True
2025-05-30,2025-05-30 00:00:00,350.78710406787764,1661834.0,355.4623003623385,356.5669560106682,347.63979117024746,TSLA,stock,True
2025-06-02,2025-06-02 00:00:00,355.51483723188085,2445945.0,358.34441238651937,360.0963183584053,353.7191517072438,TSLA,stock,True
2025-06-03,2025-06-03 00:00:00,358.1628118183013,2215433.0,355.60564551906964,359.9796145520564,354.7548536723217,TSLA,stock,True
2025-06-04,2025-06-04 00:00:00,355.4712509651106,2141717.0,360.7034889135978,363.39919668980684,352.0923859874618,TSLA,stock,True
2025-06-05,2025-06-05 00:00:00,360.77268766218856,1471114.0,359.1623576192688,362.78085019563343,356.1329048859768,TSLA,stock,True
2025-06-06,2025-06-06 00:00:00,359.06577907226716,3035915.0,355.66593383151303,360.788494024181,355.55210974417577,TSLA,stock,True
2025-06-09,2025-06-09 00:00:00,355.62770975947564,1561885.0,355.31807163069783,358.73870308274286,354.99530468655917,TSLA,stock,True
2025-06-10,2025-06-10 00:00:00,355.4583002702445,2767940.0,359.6030033463579,360.6446273611455,352.08551874775935,TSLA,stock,True
2025-06-11,2025-06-11 00:00:00,359.475690355189,2666199.0,357.37615512758293,362.06255141571654,356.81823511707154,TSLA,stock,True
2025-06-12,2025-06-12 00:00:00,357.2170672486797,4540342.0,353.37175401216655,359.9005841159609,352.30587357248214,TSLA,stock,True
2025-06-13,2025-06-13 00:00:00,353.27154463958624,3181298.0,350.5138424768667,356.10443847147263,349.2100665741478,TSLA,stock,True
2025-06-16,2025-06-16 00:00:00,350.50398339067596,1091007.0,355.81346962141805,359.1348148978843,349.18323477114933,TSLA,stock,True
2025-06-17,2025-06-17 00:00:00,355.6213592749532,3156225.0,353.8047470731574,356.9612077615757,351.7871207335599,TSLA,stock,True
2025-06-18,2025-06-18 00:00:00,353.71088817330076,1274013.0,349.6400379986919,355.82970719559114,347.7232320876522,TSLA,stock,True
2025-06-19,2025-06-19 00:00:00,349.7871247419255,4576427.0,348.70049900793936,350.6655993907173,348.20974911513787,TSLA,stock,True
2025-06-20,2025-06-20 00:00:00,348.7592040434098,780873.0,351.9319614688512,353.06964952984293,348.40630405962355,TSLA,stock,True
2025-06-23,2025-06-23 00:00:00,351.7498917269901,4877684.0,348.43135834803616,354.00274292003223,346.0069097911601,TSLA,stock,True
2025-06-24,2025-06-24 00:00:00,348.25245440715116,4721320.0,346.7438891416996,349.0293499917004,343.97667089395526,TSLA,stock,True
2025-06-25,2025-06-25 00:00:00,346.77783665199075,1219815.0,343.36578293982984,348.6717074741945,341.07576263119466,TSLA,stock,True
2025-06-26,2025-06-26 00:00:00,343.35399317081675,4541623.0,342.82447958977133,344.97692781497875,340.2258249928181,TSLA,stock,True
2025-06-27,2025-06-27 00:00:00,342.92412946221674,2507961.0,347.1004610012597,348.049050050315,341.0393360966667,TSLA,stock,True
2025-06-30,2025-06-30 00:00:00,347.1089011517143,3424008.0,342.7557438816912,348.9077173232696,341.8340585792156,TSLA,stock,True
2025-07-01,2025-07-01 00:00:00,342.71567062958775,4750799.0,347.1274638980436,348.72048326337017,340.2559177696263,TSLA,stock,True
2025-07-02,2025-07-02 00:00:00,347.1658302729662,1553702.0,347.0943957930923,350.1093742685668,346.6832519268823,TSLA,stock,True
2025-07-03,2025-07-03 00:00:00,347.1716023373498,2999099.0,347.2084767972801,347.6794680130594,343.93605538867854,TSLA,stock,True
2025-07-04,2025-07-04 00:00:00,347.1221921847245,1613940.0,347.9048235028198,350.13313210938077,343.70864513704254,TSLA,stock,True
2025-07-07,2025-07-07 00:00:00,348.04622320705226,4244084.0,349.7269159598064,352.2345157542044,345.39774228216385,TSLA,stock,True
2025-07-08,2025-07-08 00:00:00,349.8511127426698,1528257.0,353.75221800322396,356.524101240599,349.30588101152995,TSLA,stock,True
2025-07-09,2025-07-09 00:00:00,353.6849786428647,2552752.0,356.40377669703196,357.4026771135507,351.6627078527117,TSLA,stock,True
2025-07-10,2025-07-10 00:00:00,356.32518630235444,4764406.0,354.9635036344622,356.4576172257938,353.41369127058016,TSLA,stock,True
2025-07-11,2025-07-11 00:00:00,354.77648410955044,2556531.0,355.8906668953887,356.6352144569887,354.06600080916706,TSLA,stock,True
2025-07-14,2025-07-14 00:00:00,356.00738746643884,3966567.0,359.1524623224397,361.0846012475714,353.3638758808145,TSLA,stock,True
2025-07-15,2025-07-15 00:00:00,359.16238949302084,4764622.0,358.0,361.4491083919508,356.35833812973254,TSLA,stock,True
2024-11-06,2024-11-06 00:00:00,1366.9527619719763,32290288.0,1372.6145168136516,1382.5857117374799,1355.5816432470178,SPY,index,True
2024-11-07,2024-11-07 00:00:00,1372.2748135805077,19967132.0,1370.2737417218161,1385.1141485739959,1361.940670135767,SPY,index,True
2024-11-08,2024-11-08 00:00:00,1369.7703897046026,5518430.0,1376.7255468297903,1383.036869330212,1357.3311899443702,SPY,index,True
2024-11-11,2024-11-11 00:00:00,1376.6420129038577,10845077.0,1379.321266358774,1390.9431176594646,1375.6820659376706,SPY,index,True
2024-11-12,2024-11-12 00:00:00,1379.3513360970126,28582470.0,1366.1623575104493,1381.3035657537923,1355.4525056373081,SPY,index,True
2024-11-13,2024-11-13 00:00:00,1365.7734069659093,32322606.0,1377.604384930128,1383.4382239125282,1361.3508130239597,SPY,index,True
2024-11-14,2024-11-14 00:00:00,1377.9890820114604,34725293.0,1385.856534495831,1387.1993757570326,1376.819622761228,SPY,index,True
2024-11-15,2024-11-15 00:00:00,1385.8235899078377,33286190.0,1386.6748835475235,1391.3968732135977,1381.193750829499,SPY,index,True
2024-11-18,2024-11-18 00:00:00,1387.0137468407036,24372411.0,1373.644682477343,1393.5762300070396,1367.042102559964,SPY,index,True
2024-11-19,2024-11-19 00:00:00,1374.0935949111683,38031421.0,1387.4443491594186,1400.6737158620622,1362.9792591957646,SPY,index,True
2024-11-20,2024-11-20 00:00:00,1387.655106472233,46322694.0,1374.9331122633396,1388.2307826205742,1368.3746856792714,SPY,index,True
2024-11-21,2024-11-21 00:00:00,1374.8659355632385,29952916.0,1364.9222705136076,1388.2417723850285,1358.3367360961117,SPY,index,True
2024-11-22,2024-11-22 00:00:00,1364.7704346855703,25247562.0,1352.3175757803356,1366.0325811687117,1345.3555524642172,SPY,index,True
2024-11-25,2024-11-25 00:00:00,1352.1571434854436,28306308.0,1358.1951591732466,1362.6681643016852,1347.0341729714578,SPY,index,True
2024-11-26,2024-11-26 00:00:00,1358.0566956642042,16690720.0,1349.9385380428848,1361.3907894834072,1345.6590249298438,SPY,index,True
2024-11-27,2024-11-27 00:00:00,1349.3836726791455,5177729.0,1339.129564324924,1359.8897604372455,1333.407143262831,SPY,index,True
2024-11-28,2024-11-28 00:00:00,1339.3046714901575,15895433.0,1338.9010653318114,1348.083501054346,1336.6514002402723,SPY,index,True
2024-11-29,2024-11-29 00:00:00,1338.4164273257713,37789724.0,1326.0209665421048,1351.6364448209515,1322.5772783121977,SPY,index,True
2024-12-02,2024-12-02 00:00:00,1326.2535064652038,7670133.0,1321.6798404711128,1337.4053119933587,1310.1762308090163,SPY,index,True
2024-12-03,2024-12-03 00:00:00,1321.2706596375506,16656099.0,1318.5836347511197,1332.198507335217,1311.8459725875794,SPY,index,True
2024-12-04,2024-12-04 00:00:00,1318.511306340156,26895963.0,1318.855255015846,1323.3897575284518,1307.3970676251786,SPY,index,True
2024-12-05,2024-12-05 00:00:00,1318.4695104297582,38030485.0,1309.4952678839543,1322.4229781822664,1309.0240915557301,SPY,index,True
2024-12-06,2024-12-06 00:00:00,1309.2136007340869,11731534.0,1304.2857805534686,1315.6327868268486,1298.2443561238767,SPY,index,True
2024-12-09,2024-12-09 00:00:00,1304.4526433019923,29835244.0,1295.3268083007993,1308.6875022745912,1283.603946510753,SPY,index,True
2024-12-10,2024-12-10 00:00:00,1295.538644407266,19454061.0,1300.666535292607,1301.9807193089432,1294.0749612850257,SPY,index,True
2024-12-11,2024-12-11 00:00:00,1300.6960261220618,48434376.0,1309.8416632265285,1322.3438351468408,1290.7346279032292,SPY,index,True
2024-12-12,2024-12-12 00:00:00,1309.7952703543845,23465373.0,1322.5214605734911,1329.0649087907268,1304.238674524682,SPY,index,True
2024-12-13,2024-12-13 00:00:00,1322.80820833792,32565865.0,1318.9278116027135,1334.8436922580718,1306.8916813317103,SPY,index,True
2024-12-16,2024-12-16 00:00:00,1318.8601366600599,23615323.0,1322.044067918884,1325.7351963917092,1307.723748486987,SPY,index,True
2024-12-17,2024-12-17 00:00:00,1322.4368764479766,18368003.0,1313.6263745749513,1327.8028329802798,1306.6731070843466,SPY,index,True
2024-12-18,2024-12-18 00:00:00,1313.704268515799,12840534.0,1319.654611880292,1326.8254002240697,1310.0603455007877,SPY,index,True
2024-12-19,2024-12-19 00:00:00,1319.572680606619,42482439.0,1329.7673924506664,1341.096799134251,1315.524141325564,SPY,index,True
2024-12-20,2024-12-20 00:00:00,1329.8067791773383,24709012.0,1338.7942622993078,1339.5983921009918,1319.0259585927627,SPY,index,True
2024-12-23,2024-12-23 00:00:00,1339.2629601183664,23186971.0,1343.4809060714015,1356.512334117363,1327.0371968738966,SPY,index,True
2024-12-24,2024-12-24 00:00:00,1343.8171344089028,35426093.0,1342.326684173178,1348.919132698372,1339.9247832671385,SPY,index,True
2024-12-25,2024-12-25 00:00:00,1341.7624881641443,24108084.0,1342.257668851954,1355.5894290292606,1332.8078200218754,SPY,index,True
2024-12-26,2024-12-26 00:00:00,1342.0901622000827,43463680.0,1343.8403413880646,1348.3006291358092,1329.4209347805283,SPY,index,True
2024-12-27,2024-12-27 00:00:00,1344.072756022955,12874789.0,1335.4012382405444,1348.0068978928398,1332.0704416998683,SPY,index,True
2024-12-30,2024-12-30 00:00:00,1335.7040788773356,45317880.0,1324.5734775190715,1345.668845482312,1312.5986745030223,SPY,index,True
2024-12-31,2024-12-31 00:00:00,1324.596656618883,10680839.0,1320.6945833565057,1327.821111646252,1311.3811996602212,SPY,index,True
2025-01-01,2025-01-01 00:00:00,1320.5695730981638,26217316.0,1316.4960757100896,1330.3868601124607,1308.7219908999375,SPY,index,True
2025-01-02,2025-01-02 00:00:00,1316.4401977842676,41199224.0,1318.4108501454991,1320.8999052550687,1312.7569519884019,SPY,index,True
2025-01-03,2025-01-03 00:00:00,1318.856246566566,45883735.0,1331.2485895919249,1333.675945522048,1316.3073653423114,SPY,index,True
2025-01-06,2025-01-06 00:00:00,1331.099424123192,9988943.0,1328.5153935887956,1339.6657665303198,1316.814569444316,SPY,index,True
2025-01-07,2025-01-07 00:00:00,1328.800983561832,6956648.0,1327.1148344846915,1341.3512578424575,1325.1548287379994,SPY,index,True
2025-01-08,2025-01-08 00:00:00,1327.2233611581535,38616671.0,1317.6550813465635,1330.7010258817043,1315.787443622925,SPY,index,True
2025-01-09,2025-01-09 00:00:00,1317.6306191466338,24194270.0,1329.3310289577664,1337.5539662536153,1313.6131185207428,SPY,index,True
2025-01-10,2025-01-10 00:00:00,1328.965319720804,35958482.0,1331.2121128498613,1331.434441523554,1318.410160509091,SPY,index,True
2025-01-13,2025-01-13 00:00:00,1331.430771032879,44619554.0,1327.5025243071107,1332.810082293472,1322.0731363324462,SPY,index,True
2025-01-14,2025-01-14 00:00:00,1327.9796625741985,28932639.0,1320.9114768636457,1337.7535351039185,1310.816153351921,SPY,index,True
2025-01-15,2025-01-15 00:00:00,1320.4909962864886,31053377.0,1311.8353335970494,1323.2782626305475,1302.1199813326618,SPY,index,True
2025-01-16,2025-01-16 00:00:00,1312.1188255738923,29329217.0,1316.9871993886234,1318.8190464040163,1305.187612813994,SPY,index,True
2025-01-17,2025-01-17 00:00:00,1317.2791679696231,29635583.0,1323.2500337508347,1329.6429257892003,1314.7314107337982,SPY,index,True
2025-01-20,2025-01-20 00:00:00,1323.0411049670736,24967610.0,1310.01780572761,1329.7023722562915,1300.9502342414294,SPY,index,True
2025-01-21,2025-01-21 00:00:00,1309.9424890487303,38047593.0,1298.9418802962387,1312.151764626037,1296.473325131617,SPY,index,True
2025-01-22,2025-01-22 00:00:00,1299.1418743731313,16463797.0,1296.097188217059,1311.7653997460307,1288.5219842257784,SPY,index,True
2025-01-23,2025-01-23 00:00:00,1296.3055800832833,37502495.0,1293.9215687187607,1296.57154297797,1288.1906433285533,SPY,index,True
2025-01-24,2025-01-24 00:00:00,1293.8912123025507,41284865.0,1283.5603135543915,1306.077486020007,1277.1362208055295,SPY,index,True
2025-01-27,2025-01-27 00:00:00,1283.545292420647,26318920.0,1286.601615348891,1290.8196865739378,1275.9930852899802,SPY,index,True
2025-01-28,2025-01-28 00:00:00,1286.3025856512152,49847723.0,1282.603476397369,1296.1934922287908,1276.8240599143978,SPY,index,True
2025-01-29,2025-01-29 00:00:00,1282.919940147274,41300285.0,1290.9046888038588,1293.8964050163004,1273.21026989686,SPY,index,True
2025-01-30,2025-01-30 00:00:00,1290.3995298574926,33645912.0,1284.4013702605891,1291.8797661118772,1282.173973309086,SPY,index,True
2025-01-31,2025-01-31 00:00:00,1284.417033322288,47758819.0,1281.9836556009063,1288.1207385056357,1277.0948757763874,SPY,index,True
2025-02-03,2025-02-03 00:00:00,1282.0956847757295,33486792.0,1270.8048246599938,1284.9621245736364,1263.547665675487,SPY,index,True
2025-02-04,2025-02-04 00:00:00,1270.7939088136764,31336175.0,1279.1350322387336,1281.8047450135607,1261.6483207741885,SPY,index,True
2025-02-05,2025-02-05 00:00:00,1279.0013866060667,10662938.0,1284.2348175017878,1293.7335004527833,1273.4856692109918,SPY,index,True
2025-02-06,2025-02-06 00:00:00,1283.6824539975898,37912294.0,1290.559428764898,1299.6329873572392,1281.7848796512303,SPY,index,True
2025-02-07,2025-02-07 00:00:00,1291.0116780771007,5333279.0,1278.9789911497799,1302.3720481272107,1271.0523354630673,SPY,index,True
2025-02-10,2025-02-10 00:00:00,1278.927739301756,28853863.0,1288.9954977180867,1294.6157942119164,1272.4505658361973,SPY,index,True
2025-02-11,2025-02-11 00:00:00,1289.3866772826982,18364025.0,1277.2522791240856,1298.0924823542646,1274.826015202072,SPY,index,True
2025-02-12,2025-02-12 00:00:00,1277.1773035951194,48109803.0,1286.0354745092143,1289.7421001768646,1265.9205581400006,SPY,index,True
2025-02-13,2025-02-13 00:00:00,1286.1650706514465,31291384.0,1288.0241941230533,1290.8375074059318,1279.457074011854,SPY,index,True
2025-02-14,2025-02-14 00:00:00,1288.0518925369022,19585137.0,1288.534243152524,1291.0311212831311,1279.3749727611535,SPY,index,True
2025-02-17,2025-02-17 00:00:00,1288.3518246538908,14192283.0,1285.4825143754686,1289.456780385794,1282.4094576333762,SPY,index,True
2025-02-18,2025-02-18 00:00:00,1285.3990979688842,14490705.0,1294.0480215506568,1303.3057118855006,1276.2006171291248,SPY,index,True
2025-02-19,2025-02-19 00:00:00,1294.006701860281,48634955.0,1302.4391897017458,1313.8525998759837,1281.6770018675581,SPY,index,True
2025-02-20,2025-02-20 00:00:00,1302.7624308479174,30079507.0,1296.1570932146371,1307.4218954647292,1293.5832520838337,SPY,index,True
2025-02-21,2025-02-21 00:00:00,1296.2897852850583,15134442.0,1292.0423248576278,1300.2732773806008,1287.4869219763916,SPY,index,True
2025-02-24,2025-02-24 00:00:00,1292.143698682945,14042988.0,1289.4155501482905,1295.3163853598235,1282.7337722720104,SPY,index,True
2025-02-25,2025-02-25 00:00:00,1289.0854235471243,10027331.0,1281.331348127489,1291.510908626828,1280.9355418692683,SPY,index,True
2025-02-26,2025-02-26 00:00:00,1280.9441474858193,31992092.0,1288.8799132459274,1290.9845956636295,1268.9159208543615,SPY,index,True
2025-02-27,2025-02-27 00:00:00,1288.40891347166,20996902.0,1287.5304076739226,1290.6038320726748,1284.999957512912,SPY,index,True
2025-02-28,2025-02-28 00:00:00,1287.1317564587862,5586082.0,1278.7244683500521,1290.99319966431,1277.796612014525,SPY,index,True
2025-03-03,2025-03-03 00:00:00,1279.1694023093826,27813223.0,1275.9789083478995,1286.6234546251596,1263.2296970915882,SPY,index,True
2025-03-04,2025-03-04 00:00:00,1276.196161035999,39359607.0,1274.2655879387537,1284.0556436925613,1263.1483543854065,SPY,index,True
2025-03-05,2025-03-05 00:00:00,1273.8790678853854,17193502.0,1286.7409159310375,1291.7003671474667,1263.705017890292,SPY,index,True
2025-03-06,2025-03-06 00:00:00,1286.9618963422995,9535796.0,1277.9221975435298,1294.9712892018197,1271.4294044480023,SPY,index,True
2025-03-07,2025-03-07 00:00:00,1277.5831480144766,40051854.0,1269.9892728834188,1289.3311179017974,1260.6196678191636,SPY,index,True
2025-03-10,2025-03-10 00:00:00,1270.397955071568,27785171.0,1276.413680446532,1284.1575693078214,1269.6850221786985,SPY,index,True
2025-03-11,2025-03-11 00:00:00,1276.7111911844192,10453640.0,1271.4394970048897,1283.4740594725235,1267.1645911093847,SPY,index,True
2025-03-12,2025-03-12 00:00:00,1271.1927517904737,47386716.0,1262.9139267452235,1282.6697550418564,1251.1896499364486,SPY,index,True
2025-03-13,2025-03-13 00:00:00,1262.7699233531962,20767622.0,1269.4051721210499,1281.6072654819766,1251.6785567100055,SPY,index,True
2025-03-14,2025-03-14 00:00:00,1269.4228961434367,33440996.0,1264.1305574617263,1281.4157898070534,1259.730716480328,SPY,index,True
2025-03-17,2025-03-17 00:00:00,1263.7885172409049,26384256.0,1258.1673218167182,1274.9892052036585,1250.2914383283983,SPY,index,True
2025-03-18,2025-03-18 00:00:00,1258.3681493168885,45021941.0,1267.4690755025963,1272.6066767781908,1250.209209262237,SPY,index,True
2025-03-19,2025-03-19 00:00:00,1267.0228217974295,37841395.0,1274.513398720521,1285.8480995223042,1256.1049917824967,SPY,index,True
2025-03-20,2025-03-20 00:00:00,1274.1329973270265,19481646.0,1272.141456454872,1274.6111148800733,1259.9581607430184,SPY,index,True
2025-03-21,2025-03-21 00:00:00,1271.8134894688153,7514393.0,1261.1215072155203,1280.1705611200214,1256.1801561460168,SPY,index,True
2025-03-24,2025-03-24 00:00:00,1261.0740163657429,26759692.0,1262.1005562681735,1270.2933906237404,1257.8601264308575,SPY,index,True
2025-03-25,2025-03-25 00:00:00,1261.7041036454934,9628723.0,1258.1316971991264,1265.2445978864748,1254.107386977636,SPY,index,True
2025-03-26,2025-03-26 00:00:00,1257.6324336060873,15102818.0,1265.8581234990097,1277.826824698525,1251.2257111430479,SPY,index,True
2025-03-27,2025-03-27 00:00:00,1266.1351303799047,41289815.0,1269.9871248996744,1273.6400484104447,1257.2223388789002,SPY,index,True
2025-03-28,2025-03-28 00:00:00,1270.312912909299,40964528.0,1261.8190541288552,1278.1703740385346,1252.804234363013,SPY,index,True
2025-03-31,2025-03-31 00:00:00,1261.3339682904812,20531681.0,1268.17009261821,1277.667447630652,1258.6415904015676,SPY,index,True
2025-04-01,2025-04-01 00:00:00,1267.9378504143708,40860461.0,1279.8668675089934,1284.4282712721977,1255.5889447926195,SPY,index,True
2025-04-02,2025-04-02 00:00:00,1279.5381425094115,19850693.0,1279.624585641597,1288.9358028794177,1266.9156900331357,SPY,index,True
2025-04-03,2025-04-03 00:00:00,1279.6782232000755,41231719.0,1271.3141087690453,1286.565639990749,1267.9238968124735,SPY,index,True
2025-04-04,2025-04-04 00:00:00,1271.4978649979096,21653470.0,1283.8999756815072,1295.717516306274,1265.091194016515,SPY,index,True
2025-04-07,2025-04-07 00:00:00,1284.0388505921544,47412273.0,1281.8092699036347,1292.758177586438,1271.4002832557098,SPY,index,True
2025-04-08,2025-04-08 00:00:00,1281.3325739845218,30786662.0,1273.5318751511377,1293.448486498214,1266.1568998552395,SPY,index,True
2025-04-09,2025-04-09 00:00:00,1273.2728958250862,33988923.0,1268.1241283734123,1282.5982846696743,1256.8117227427763,SPY,index,True
2025-04-10,2025-04-10 00:00:00,1268.3244774512557,7470242.0,1280.3531704691006,1289.1750944003059,1257.582990798492,SPY,index,True
2025-04-11,2025-04-11 00:00:00,1280.269671156836,38146979.0,1283.5631956402335,1295.7658059399705,1269.4204114457664,SPY,index,True
2025-04-14,2025-04-14 00:00:00,1283.5741686343927,46608842.0,1274.273144856161,1287.797795604302,1263.057641513269,SPY,index,True
2025-04-15,2025-04-15 00:00:00,1274.196062903759,44324935.0,1283.0648581224318,1293.1260904753287,1271.8452542935663,SPY,index,True
2025-04-16,2025-04-16 00:00:00,1282.7980263121472,47353541.0,1292.4471834634696,1301.444736643897,1274.1243431156568,SPY,index,True
2025-04-17,2025-04-17 00:00:00,1292.7392418666827,42290343.0,1284.8509457826171,1301.2359666579737,1272.3886314297763,SPY,index,True
2025-04-18,2025-04-18 00:00:00,1284.641481378256,20853675.0,1284.1291147247969,1295.9657757010941,1275.5284999559785,SPY,index,True
2025-04-21,2025-04-21 00:00:00,1284.564536756229,24066465.0,1279.5290251921267,1287.727085839395,1269.2294956221563,SPY,index,True
2025-04-22,2025-04-22 00:00:00,1279.40701765849,6507568.0,1281.1892020747298,1283.789770839584,1277.705420379578,SPY,index,True
2025-04-23,2025-04-23 00:00:00,1280.8720070724078,46423352.0,1274.1469415475835,1292.375555651373,1268.220416784372,SPY,index,True
2025-04-24,2025-04-24 00:00:00,1274.1587891107783,34984497.0,1286.9308045324085,1292.663125016741,1272.6309481376222,SPY,index,True
2025-04-25,2025-04-25 00:00:00,1286.3937768619817,7018584.0,1274.6700788207047,1290.981929893483,1264.3634853729168,SPY,index,True
2025-04-28,2025-04-28 00:00:00,1274.3438705258413,18668749.0,1279.7908561572256,1282.8839838074323,1270.7991258383095,SPY,index,True
2025-04-29,2025-04-29 00:00:00,1279.455258134527,20598809.0,1278.459753106326,1286.1369313166872,1274.3094748430308,SPY,index,True
2025-04-30,2025-04-30 00:00:00,1278.8740286022646,7233888.0,1289.8377653573777,1301.5648117392454,1275.3301390196423,SPY,index,True
2025-05-01,2025-05-01 00:00:00,1289.3280128479823,46474764.0,1278.033130453028,1300.936341689676,1268.7340995263107,SPY,index,True
2025-05-02,2025-05-02 00:00:00,1277.7686995131821,5548176.0,1270.550455108795,1284.4642084582222,1268.442428483063,SPY,index,True
2025-05-05,2025-05-05 00:00:00,1270.8707292665301,33148658.0,1264.9661727910627,1271.2343926450576,1264.3001036463982,SPY,index,True
2025-05-06,2025-05-06 00:00:00,1265.2483757735981,32413379.0,1264.2955015761852,1275.9960455675898,1252.791698304211,SPY,index,True
2025-05-07,2025-05-07 00:00:00,1264.5015225514287,32665091.0,1255.279875093138,1271.8180367006948,1243.0269557769416,SPY,index,True
2025-05-08,2025-05-08 00:00:00,1255.0389191735171,45477876.0,1257.6338876789382,1265.6276018057324,1246.4777036039993,SPY,index,True
2025-05-09,2025-05-09 00:00:00,1257.5388006663447,34905741.0,1260.7678585573994,1262.3402376874142,1247.350195702303,SPY,index,True
2025-05-12,2025-05-12 00:00:00,1260.902928829452,41832361.0,1267.7875399367695,1278.6648838836454,1248.3496289466364,SPY,index,True
2025-05-13,2025-05-13 00:00:00,1267.6045253360958,30389712.0,1262.2224606433308,1271.7024915805791,1258.0051578324474,SPY,index,True
2025-05-14,2025-05-14 00:00:00,1262.093467101537,10307463.0,1267.0087223990472,1267.5110733037704,1255.0298639850675,SPY,index,True
2025-05-15,2025-05-15 00:00:00,1266.7776823920224,6210449.0,1270.9389741987993,1275.4509255792536,1259.2264612682145,SPY,index,True
2025-05-16,2025-05-16 00:00:00,1270.439669448245,8653865.0,1275.7784663452512,1278.9667112262262,1260.9867244870372,SPY,index,True
2025-05-19,2025-05-19 00:00:00,1275.7828510881907,49397017.0,1274.2039513117684,1283.1615989688382,1272.9987919190269,SPY,index,True
2025-05-20,2025-05-20 00:00:00,1273.8814314698866,5100663.0,1261.779923049933,1284.7099544582697,1261.4916911308735,SPY,index,True
2025-05-21,2025-05-21 00:00:00,1261.9797394060329,19692915.0,1260.6476239022174,1267.4121068034897,1258.6720298601497,SPY,index,True
2025-05-22,2025-05-22 00:00:00,1260.3827299269415,33653536.0,1271.9855589247393,1273.3004954393507,1249.7075240793183,SPY,index,True
2025-05-23,2025-05-23 00:00:00,1271.8499307389995,37885452.0,1280.5624716140353,1285.6411149450569,1263.8665705607675,SPY,index,True
2025-05-26,2025-05-26 00:00:00,1280.2273035207743,46262866.0,1274.8766859013815,1288.5277090905313,1269.3216205690612,SPY,index,True
2025-05-27,2025-05-27 00:00:00,1274.4941777386068,8521936.0,1274.4456077004252,1280.0571719772881,1268.7600786997314,SPY,index,True
2025-05-28,2025-05-28 00:00:00,1274.0614993694728,11612993.0,1276.414379281272,1283.3642488688115,1264.3872077604337,SPY,index,True
2025-05-29,2025-05-29 00:00:00,1276.3293395471196,28061905.0,1274.063423252181,1280.7409778161327,1271.487357475224,SPY,index,True
2025-05-30,2025-05-30 00:00:00,1273.824065865319,5238765.0,1273.3864367536064,1282.7479545911638,1262.9919490171333,SPY,index,True
2025-06-02,2025-06-02 00:00:00,1273.4312397605056,30417225.0,1278.4113357089036,1286.4350650416598,1263.7464451808648,SPY,index,True
2025-06-03,2025-06-03 00:00:00,1278.613369715215,29160051.0,1268.9373643208335,1290.2926744410981,1265.0065643622747,SPY,index,True
2025-06-04,2025-06-04 00:00:00,1268.7193366469257,7164091.0,1269.9649287216887,1277.451835017889,1266.0453210660212,SPY,index,True
2025-06-05,2025-06-05 00:00:00,1269.4368058296782,40003182.0,1267.5238998288319,1278.5785585993526,1263.5792020642302,SPY,index,True
2025-06-06,2025-06-06 00:00:00,1267.4081226538112,38281431.0,1263.8938648061735,1268.7643959127765,1262.364450205103,SPY,index,True
2025-06-09,2025-06-09 00:00:00,1264.1287061025657,14778408.0,1253.4751977784128,1272.387576988604,1249.7028903562284,SPY,index,True
2025-06-10,2025-06-10 00:00:00,1252.9443487177828,28412568.0,1242.3491838963926,1260.914342360932,1235.5792973849764,SPY,index,True
2025-06-11,2025-06-11 00:00:00,1242.511625587781,49832992.0,1250.635160751954,1258.7005445348307,1232.86728061674,SPY,index,True
2025-06-12,2025-06-12 00:00:00,1251.0254441064658,35514544.0,1256.6399167011766,1262.5306811557653,1249.510939663327,SPY,index,True
2025-06-13,2025-06-13 00:00:00,1256.3414882959448,34408548.0,1262.0666260950363,1262.7005241046927,1254.375328525277,SPY,index,True
2025-06-16,2025-06-16 00:00:00,1261.7535383404002,20421607.0,1255.4845793078703,1263.866339438867,1253.7687270818965,SPY,index,True
2025-06-17,2025-06-17 00:00:00,1255.690501523487,33399029.0,1254.213195348992,1255.80702498801,1241.9067500324984,SPY,index,True
2025-06-18,2025-06-18 00:00:00,1254.1296228620333,39017945.0,1248.7846772477976,1260.6814274150913,1248.2517117159423,SPY,index,True
2025-06-19,2025-06-19 00:00:00,1248.3749516931625,24911109.0,1242.0655356800548,1250.6616977200972,1235.005887320646,SPY,index,True
2025-06-20,2025-06-20 00:00:00,1242.0884048757448,35533298.0,1245.4409807921443,1255.0090074331079,1232.1552782432689,SPY,index,True
2025-06-23,2025-06-23 00:00:00,1245.0521448095944,18056641.0,1237.8954689565062,1256.4697858700129,1236.6774989150904,SPY,index,True
2025-06-24,2025-06-24 00:00:00,1237.9907394974807,20677651.0,1248.0770267555376,1259.5853783382688,1232.3371161227508,SPY,index,True
2025-06-25,2025-06-25 00:00:00,1247.7815057967034,38825010.0,1250.589588776192,1260.7214291256755,1240.7655796202446,SPY,index,True
2025-06-26,2025-06-26 00:00:00,1250.3830234793022,8714072.0,1252.0197960003213,1252.0957946328465,1243.3185042496848,SPY,index,True
2025-06-27,2025-06-27 00:00:00,1252.2988409517768,30955074.0,1258.1730794833904,1259.5628091004694,1240.6678051684746,SPY,index,True
2025-06-30,2025-06-30 00:00:00,1258.5148910992903,34717024.0,1253.9964278483892,1265.1466108674579,1245.0219053485816,SPY,index,True
2025-07-01,2025-07-01 00:00:00,1254.0952967811827,48456986.0,1241.7986959926611,1265.3284288829502,1236.317792104661,SPY,index,True
2025-07-02,2025-07-02 00:00:00,1241.8008974413442,12698568.0,1239.2486369845005,1252.9663793196826,1226.9965076276235,SPY,index,True
2025-07-03,2025-07-03 00:00:00,1238.932891876353,20175558.0,1237.6280254311637,1248.4977175312376,1235.763516116663,SPY,index,True
2025-07-04,2025-07-04 00:00:00,1237.5190946071396,26735910.0,1226.8336411462767,1246.6264658206985,1220.3242998915957,SPY,index,True
2025-07-07,2025-07-07 00:00:00,1226.8474176253726,16734143.0,1230.1998835361603,1238.529694917743,1224.6240636862997,SPY,index,True
2025-07-08,2025-07-08 00:00:00,1230.213409909769,40665779.0,1228.4512405187088,1237.979332516949,1220.6782017158232,SPY,index,True
2025-07-09,2025-07-09 00:00:00,1228.4306916230632,16560262.0,1219.8684082487382,1236.6838717847268,1213.3750035001128,SPY,index,True
2025-07-10,2025-07-10 00:00:00,1219.3559106420978,11079184.0,1227.185231273005,1231.494005591132,1217.8519084123072,SPY,index,True
2025-07-11,2025-07-11 00:00:00,1226.6706580458783,40962409.0,1236.1128176268362,1246.026643497975,1219.3887198970538,SPY,index,True
2025-07-14,2025-07-14 00:00:00,1236.4633202308767,23209408.0,1247.6144509723176,1251.5218428642756,1234.7605376636934,SPY,index,True
2025-07-15,2025-07-15 00:00:00,1247.3983835663528,42947110.0,1252.0,1258.153509391096,1241.9595454498042,SPY,index,True
2024-11-06,2024-11-06 00:00:00,1345.2446488137762,30053784.0,1345.585618043735,1349.1526891722615,1343.2354935994374,QQQ,index,True
2024-11-07,2024-11-07 00:00:00,1345.9673503958236,31577393.0,1346.195103519043,1352.241695490596,1336.3939870003567,QQQ,index,True
2024-11-08,2024-11-08 00:00:00,1346.295800621483,22965620.0,1349.9542345828083,1360.287639156132,1338.716209593687,QQQ,index,True
2024-11-11,2024-11-11 00:00:00,1349.3941756625075,32870361.0,1355.7255093979034,1367.900274900342,1337.473672655215,QQQ,index,True
2024-11-12,2024-11-12 00:00:00,1356.116181507022,19559055.0,1351.6632966305983,1360.782341146666,1346.546589129502,QQQ,index,True
2024-11-13,2024-11-13 00:00:00,1351.0937137100825,6376000.0,1347.6972392506968,1359.2077706855205,1345.55885033275,QQQ,index,True
2024-11-14,2024-11-14 00:00:00,1347.9173007370887,23880040.0,1335.4158352087588,1357.840339440991,1331.2244194025318,QQQ,index,True
2024-11-15,2024-11-15 00:00:00,1335.5014769329227,20317727.0,1328.3383658121284,1343.195263830532,1320.1039463320103,QQQ,index,True
2024-11-18,2024-11-18 00:00:00,1328.3283822526034,42642527.0,1326.083089807406,1335.502097610497,1315.3653150229432,QQQ,index,True
2024-11-19,2024-11-19 00:00:00,1326.2783059934368,47174333.0,1322.9694125980639,1334.6473583791926,1321.0251933494217,QQQ,index,True
2024-11-20,2024-11-20 00:00:00,1323.283036272682,7955009.0,1323.8124074516695,1332.6268632695903,1322.5713290166307,QQQ,index,True
2024-11-21,2024-11-21 00:00:00,1323.6418275159876,27094451.0,1319.4387557341504,1324.6094167583815,1308.5618097599736,QQQ,index,True
2024-11-22,2024-11-22 00:00:00,1319.292609444605,38962800.0,1329.267507264834,1331.3344417774647,1311.606601067206,QQQ,index,True
2024-11-25,2024-11-25 00:00:00,1329.593803156008,15276937.0,1328.1144402611433,1332.9901170091314,1326.380406240895,QQQ,index,True
2024-11-26,2024-11-26 00:00:00,1328.158049410783,18422778.0,1340.303865864081,1344.5171441143093,1322.246752238903,QQQ,index,True
2024-11-27,2024-11-27 00:00:00,1339.9930696195079,8556172.0,1348.4475913102542,1351.6389253149416,1327.1412375965115,QQQ,index,True
2024-11-28,2024-11-28 00:00:00,1348.5746990709486,30893004.0,1336.8502399643387,1351.546844374655,1327.7057843827188,QQQ,index,True
2024-11-29,2024-11-29 00:00:00,1336.6822464719955,43182733.0,1348.4372781800964,1353.6198659086065,1325.3346839460014,QQQ,index,True
2024-12-02,2024-12-02 00:00:00,1348.6613963540237,43491938.0,1361.3005301684445,1366.128568737012,1337.0621942706643,QQQ,index,True
2024-12-03,2024-12-03 00:00:00,1361.1364802257806,35946437.0,1360.2601709389266,1365.8696492531615,1349.0695916975246,QQQ,index,True
2024-12-04,2024-12-04 00:00:00,1360.4574032500086,8315761.0,1363.7837319557032,1374.557323325484,1353.2187067497314,QQQ,index,True
2024-12-05,2024-12-05 00:00:00,1364.1035330036539,25405994.0,1353.87870207509,1368.2763339125374,1348.0434062447682,QQQ,index,True
2024-12-06,2024-12-06 00:00:00,1354.293579394737,43759011.0,1345.7115440053194,1356.3274781653442,1344.5072107226913,QQQ,index,True
2024-12-09,2024-12-09 00:00:00,1345.8553559206587,16042565.0,1334.6167901759825,1346.773627991064,1333.5497402731298,QQQ,index,True
2024-12-10,2024-12-10 00:00:00,1334.3692354303125,10940075.0,1333.341148006219,1347.4259568909795,1321.429682212791,QQQ,index,True
2024-12-11,2024-12-11 00:00:00,1333.347320945807,29591485.0,1330.206844382919,1340.3912934735504,1329.9340562181735,QQQ,index,True
2024-12-12,2024-12-12 00:00:00,1330.589035051687,22385467.0,1342.5473763325383,1353.3260477692772,1323.716922689405,QQQ,index,True
2024-12-13,2024-12-13 00:00:00,1342.514811652381,7322057.0,1336.048509293318,1348.4235353280073,1325.8708613779752,QQQ,index,True
2024-12-16,2024-12-16 00:00:00,1336.0826251823903,45165216.0,1343.5243153639549,1350.7561829267718,1332.534260904193,QQQ,index,True
2024-12-17,2024-12-17 00:00:00,1343.2838678646388,44115452.0,1340.3415649740318,1355.6601626099273,1328.9966408373818,QQQ,index,True
2024-12-18,2024-12-18 00:00:00,1339.8407784456479,18112440.0,1329.4711126289353,1348.5779135529758,1323.3159956712395,QQQ,index,True
2024-12-19,2024-12-19 00:00:00,1329.0517094427723,11304824.0,1336.700645817834,1340.1130477765446,1318.2913808179405,QQQ,index,True
2024-12-20,2024-12-20 00:00:00,1336.2287708713395,25141398.0,1345.7863246970678,1347.3296066785704,1330.4509069630415,QQQ,index,True
2024-12-23,2024-12-23 00:00:00,1345.7931837629096,31387381.0,1335.3610186118397,1348.5166728979732,1325.1567636832356,QQQ,index,True
2024-12-24,2024-12-24 00:00:00,1335.2617122733789,42518567.0,1325.4000997057244,1337.959768682198,1322.2857651373201,QQQ,index,True
2024-12-25,2024-12-25 00:00:00,1325.3158964104696,44293790.0,1338.2177099043533,1338.9883931639304,1325.0052955704577,QQQ,index,True
2024-12-26,2024-12-26 00:00:00,1338.3599167551179,13775305.0,1347.0065073293745,1356.6976191741476,1325.6222471044125,QQQ,index,True
2024-12-27,2024-12-27 00:00:00,1347.1975143570312,22846320.0,1360.6790751486174,1365.5459877517753,1338.413456176584,QQQ,index,True
2024-12-30,2024-12-30 00:00:00,1360.5805143952914,25243432.0,1355.4219335757182,1367.8064848144618,1352.5749315167318,QQQ,index,True
2024-12-31,2024-12-31 00:00:00,1355.588089881904,38658500.0,1351.6425374682324,1366.3324803876349,1347.5131831616975,QQQ,index,True
2025-01-01,2025-01-01 00:00:00,1351.9869247255588,15307310.0,1339.7366310297575,1364.9393164231242,1333.0110113870503,QQQ,index,True
2025-01-02,2025-01-02 00:00:00,1339.8564025450576,12131173.0,1349.876846359739,1354.234705389491,1335.4399480646662,QQQ,index,True
2025-01-03,2025-01-03 00:00:00,1349.6077695906224,44290210.0,1336.5369551811154,1352.1989178026993,1330.44665126037,QQQ,index,True
2025-01-06,2025-01-06 00:00:00,1336.1639742579973,25799068.0,1337.5358303470196,1338.7649725090976,1331.6447543295326,QQQ,index,True
2025-01-07,2025-01-07 00:00:00,1337.7909631659638,35233483.0,1331.1635825015073,1338.9749924122564,1325.9600441645098,QQQ,index,True
2025-01-08,2025-01-08 00:00:00,1330.6999266545106,29825588.0,1319.0918338185227,1336.5232942245075,1308.987880258852,QQQ,index,True
2025-01-09,2025-01-09 00:00:00,1319.0972686248886,18782253.0,1314.2452798003806,1326.1175500802558,1302.0035372742454,QQQ,index,True
2025-01-10,2025-01-10 00:00:00,1313.7753400680215,12173347.0,1311.4931564894655,1325.7883832375749,1307.9759550295114,QQQ,index,True
2025-01-13,2025-01-13 00:00:00,1311.703175220034,15287505.0,1320.0950815926649,1331.1490644364592,1310.2515456179187,QQQ,index,True
2025-01-14,2025-01-14 00:00:00,1320.1442421402112,39979840.0,1332.8677331648537,1340.2724941941258,1317.3418337572793,QQQ,index,True
2025-01-15,2025-01-15 00:00:00,1333.1696581082883,21099595.0,1344.4971039086458,1346.7554951691084,1326.5990653386511,QQQ,index,True
2025-01-16,2025-01-16 00:00:00,1344.1629681664103,25182485.0,1333.0177362225281,1345.065372860692,1324.6474784371608,QQQ,index,True
2025-01-17,2025-01-17 00:00:00,1333.0966369260211,18452897.0,1331.3863343241378,1334.2353754164915,1326.763492589434,QQQ,index,True
2025-01-20,2025-01-20 00:00:00,1331.4626842142331,36397521.0,1338.6695509735102,1344.1001847619682,1325.3137246841266,QQQ,index,True
2025-01-21,2025-01-21 00:00:00,1338.8829351751135,30871525.0,1348.4471720653364,1349.096126829242,1328.4867663446603,QQQ,index,True
2025-01-22,2025-01-22 00:00:00,1348.6392592898633,31745996.0,1337.9772022892657,1350.060629227386,1336.3981508443126,QQQ,index,True
2025-01-23,2025-01-23 00:00:00,1337.6389355164335,13879377.0,1328.5078912201034,1347.1234194332915,1319.4612448454945,QQQ,index,True
2025-01-24,2025-01-24 00:00:00,1328.0334192059715,19196963.0,1331.0759724942018,1331.5644488782036,1319.120685710045,QQQ,index,True
2025-01-27,2025-01-27 00:00:00,1330.926257081373,26404257.0,1324.3494312832413,1340.0546943224535,1321.5116828976259,QQQ,index,True
2025-01-28,2025-01-28 00:00:00,1324.4040626395908,13063787.0,1311.6460772243702,1335.3207584246352,1310.070978961124,QQQ,index,True
2025-01-29,2025-01-29 00:00:00,1311.1995159474152,35770609.0,1317.287983730799,1323.2023746310708,1304.7389728987425,QQQ,index,True
2025-01-30,2025-01-30 00:00:00,1316.736250443518,5853434.0,1315.90739169807,1316.8339630400385,1309.144301579749,QQQ,index,True
2025-01-31,2025-01-31 00:00:00,1316.3337345313475,24840636.0,1328.1588071197034,1340.337211735995,1313.195500476643,QQQ,index,True
2025-02-03,2025-02-03 00:00:00,1328.5591376906223,25897388.0,1328.4239322062638,1335.2749602318613,1321.7700620299638,QQQ,index,True
2025-02-04,2025-02-04 00:00:00,1328.7946321308277,42075831.0,1323.9265916296192,1341.0067494158675,1318.536494168971,QQQ,index,True
2025-02-05,2025-02-05 00:00:00,1323.8517141756538,14701422.0,1314.1538330020092,1324.3723005757945,1313.614602748365,QQQ,index,True
2025-02-06,2025-02-06 00:00:00,1314.58735291743,15000897.0,1317.4698016876212,1319.9120940385096,1305.0772533152447,QQQ,index,True
2025-02-07,2025-02-07 00:00:00,1316.9487126310896,8931290.0,1312.8830945188774,1329.651568389218,1310.4202304235678,QQQ,index,True
2025-02-10,2025-02-10 00:00:00,1312.638387045759,35816504.0,1315.3408786396533,1321.1091482669228,1302.2329330771515,QQQ,index,True
2025-02-11,2025-02-11 00:00:00,1315.7476240032383,6265701.0,1314.2927932432076,1328.5660202782428,1310.8096264700432,QQQ,index,True
2025-02-12,2025-02-12 00:00:00,1314.0741910229044,49351990.0,1312.0628543653222,1316.1560462106197,1308.4841571372144,QQQ,index,True
2025-02-13,2025-02-13 00:00:00,1311.7028630124407,46155686.0,1322.9801040866384,1327.7721672283374,1305.2028195658768,QQQ,index,True
2025-02-14,2025-02-14 00:00:00,1322.9202970217407,33490858.0,1312.3032712204742,1327.1655685758662,1311.1144685394245,QQQ,index,True
2025-02-17,2025-02-17 00:00:00,1311.872039393336,48556126.0,1310.095921152241,1320.0654044334976,1302.2701095948105,QQQ,index,True
2025-02-18,2025-02-18 00:00:00,1310.2730839432302,10521939.0,1303.910363892897,1314.9333353107447,1292.421586790473,QQQ,index,True
2025-02-19,2025-02-19 00:00:00,1303.3547950665138,48933677.0,1315.4097597734315,1319.778887507872,1295.4813015854743,QQQ,index,True
2025-02-20,2025-02-20 00:00:00,1315.1525913019445,9710153.0,1317.6465609488685,1326.9531754946413,1303.7708094099992,QQQ,index,True
2025-02-21,2025-02-21 00:00:00,1317.1347077195458,29343678.0,1313.9888283483388,1324.977866938072,1306.2732092259873,QQQ,index,True
2025-02-24,2025-02-24 00:00:00,1314.0793645112137,49194927.0,1316.1686566483572,1320.7126527959022,1304.7082141144924,QQQ,index,True
2025-02-25,2025-02-25 00:00:00,1316.5523179030588,30794273.0,1328.8854423913058,1339.113713850387,1312.6383483501818,QQQ,index,True
2025-02-26,2025-02-26 00:00:00,1329.2346235226103,41421584.0,1327.5771371099374,1341.7413884760588,1318.1408073349166,QQQ,index,True
2025-02-27,2025-02-27 00:00:00,1327.374483005444,41965978.0,1329.5876717192566,1337.6579934831548,1321.26851592025,QQQ,index,True
2025-02-28,2025-02-28 00:00:00,1329.559977679288,13384279.0,1331.6967989576005,1343.9266874315952,1326.9150113228377,QQQ,index,True
2025-03-03,2025-03-03 00:00:00,1331.7774040728498,7750815.0,1324.6576276318635,1334.523300859134,1319.8179110958597,QQQ,index,True
2025-03-04,2025-03-04 00:00:00,1324.8916525829757,43413167.0,1328.450696817948,1337.0355305716687,1324.5787246764125,QQQ,index,True
2025-03-05,2025-03-05 00:00:00,1328.7867814794702,29577758.0,1316.6310487673563,1331.622902353259,1315.887677973444,QQQ,index,True
2025-03-06,2025-03-06 00:00:00,1316.3546859982928,18563688.0,1310.6604258352138,1320.3412066813996,1303.3769235667392,QQQ,index,True
2025-03-07,2025-03-07 00:00:00,1310.8841745604043,6434727.0,1320.8930909601725,1325.3522540227038,1305.8977261376808,QQQ,index,True
2025-03-10,2025-03-10 00:00:00,1321.0042300926175,30262075.0,1312.6227363788412,1333.3117779165002,1308.0641977351354,QQQ,index,True
2025-03-11,2025-03-11 00:00:00,1312.8413253683395,9108194.0,1311.532061265916,1317.1726007698342,1305.0900755383827,QQQ,index,True
2025-03-12,2025-03-12 00:00:00,1311.4353201844158,34692011.0,1321.438107201309,1327.5781880007592,1304.2475214676833,QQQ,index,True
2025-03-13,2025-03-13 00:00:00,1321.3545151512797,48471323.0,1319.56742614916,1327.059683123919,1308.2734586494423,QQQ,index,True
2025-03-14,2025-03-14 00:00:00,1319.2239736318713,45294744.0,1306.318216579782,1327.847847082026,1297.3244866833566,QQQ,index,True
2025-03-17,2025-03-17 00:00:00,1306.588707419995,47273980.0,1299.3416515407855,1314.7843493799928,1288.8084673968046,QQQ,index,True
2025-03-18,2025-03-18 00:00:00,1299.6428421820005,31975912.0,1296.4977558001995,1310.842977031691,1289.6933776487065,QQQ,index,True
2025-03-19,2025-03-19 00:00:00,1296.4424947278449,39424990.0,1296.3942723510497,1297.3395709980573,1295.8949136545298,QQQ,index,True
2025-03-20,2025-03-20 00:00:00,1296.5593164592033,40288870.0,1300.544299166022,1305.4153090547816,1294.5602289388717,QQQ,index,True
2025-03-21,2025-03-21 00:00:00,1300.143534368595,31932738.0,1294.0587591687458,1304.2456077409604,1290.7489291378977,QQQ,index,True
2025-03-24,2025-03-24 00:00:00,1294.1070315008797,14853521.0,1290.1195907212025,1303.1604018724968,1280.476343257819,QQQ,index,True
2025-03-25,2025-03-25 00:00:00,1290.461911223419,49771488.0,1288.1470369923247,1295.1238753508517,1280.8147935988343,QQQ,index,True
2025-03-26,2025-03-26 00:00:00,1288.0595817925748,10082285.0,1285.7524358568598,1291.9717991760247,1274.9534995447777,QQQ,index,True
2025-03-27,2025-03-27 00:00:00,1285.6128967405157,42413856.0,1286.2345433254777,1296.012872742302,1284.2033450179997,QQQ,index,True
2025-03-28,2025-03-28 00:00:00,1286.101223767105,36287295.0,1274.4535048144082,1293.4149034655393,1267.9528659240775,QQQ,index,True
2025-03-31,2025-03-31 00:00:00,1273.9475009637058,15297056.0,1277.4643855764855,1285.147609348765,1262.3902510541989,QQQ,index,True
2025-04-01,2025-04-01 00:00:00,1277.3670261603102,35754997.0,1281.4135200537528,1283.59438671937,1270.616590030348,QQQ,index,True
2025-04-02,2025-04-02 00:00:00,1281.3173684790006,15294269.0,1271.5182848681118,1284.010184642737,1270.019726422271,QQQ,index,True
2025-04-03,2025-04-03 00:00:00,1271.3635886752054,21498701.0,1259.1441091075483,1279.2460252324076,1249.1223729866297,QQQ,index,True
2025-04-04,2025-04-04 00:00:00,1259.1557703127219,30691701.0,1250.692120385395,1270.1900495721418,1240.121067927022,QQQ,index,True
2025-04-07,2025-04-07 00:00:00,1250.6598005380195,37242113.0,1248.7944200481686,1252.6261091900972,1245.343615513992,QQQ,index,True
2025-04-08,2025-04-08 00:00:00,1248.6158565803141,38942178.0,1242.327750656018,1250.9233058713558,1236.0131917828908,QQQ,index,True
2025-04-09,2025-04-09 00:00:00,1242.3501442631243,6845040.0,1245.4246757942453,1248.9920601865315,1237.2082264538803,QQQ,index,True
2025-04-10,2025-04-10 00:00:00,1244.9788673173048,24454809.0,1239.5381460075623,1257.0123005899522,1238.9067911069906,QQQ,index,True
2025-04-11,2025-04-11 00:00:00,1239.8328183749325,23034554.0,1233.611665932773,1249.2613163223186,1230.417560142833,QQQ,index,True
2025-04-14,2025-04-14 00:00:00,1233.6825158863826,27031661.0,1235.5378313891001,1240.2838970579257,1225.2134138575818,QQQ,index,True
2025-04-15,2025-04-15 00:00:00,1235.6808190103084,35805225.0,1226.225113252225,1236.5830832380425,1214.3362649079152,QQQ,index,True
2025-04-16,2025-04-16 00:00:00,1225.9038194321847,15456384.0,1218.2316115652427,1233.0005743357167,1217.1160235277318,QQQ,index,True
2025-04-17,2025-04-17 00:00:00,1218.0171777559863,48644772.0,1228.7926315393338,1230.5489150081855,1217.615157612466,QQQ,index,True
2025-04-18,2025-04-18 00:00:00,1228.7852736869515,9763970.0,1225.9009300038272,1229.674834681613,1216.9862011123353,QQQ,index,True
2025-04-21,2025-04-21 00:00:00,1225.3781589201312,20589105.0,1216.9524360042992,1231.7140241464676,1212.281805681705,QQQ,index,True
2025-04-22,2025-04-22 00:00:00,1217.2326391038985,12822630.0,1217.81873717733,1224.3187235795453,1205.9747962365586,QQQ,index,True
2025-04-23,2025-04-23 00:00:00,1217.3657898633405,26616944.0,1213.05926375223,1228.354746315212,1208.601458447986,QQQ,index,True
2025-04-24,2025-04-24 00:00:00,1213.4947754784298,6957655.0,1220.2041565732547,1223.9894332426338,1205.3906099131664,QQQ,index,True
2025-04-25,2025-04-25 00:00:00,1220.5578036937595,48395050.0,1226.7548129417528,1236.1979834499257,1212.8739621439054,QQQ,index,True
2025-04-28,2025-04-28 00:00:00,1226.3288816874442,43688021.0,1222.2158003162851,1236.3780204694397,1220.5078122638301,QQQ,index,True
2025-04-29,2025-04-29 00:00:00,1221.7065619736402,20264173.0,1227.386774229332,1231.6188068423053,1219.3254757569355,QQQ,index,True
2025-04-30,2025-04-30 00:00:00,1227.5862414312937,22444959.0,1235.473019110765,1244.7183701522947,1226.5588298072119,QQQ,index,True
2025-05-01,2025-05-01 00:00:00,1235.736793459459,31778008.0,1235.236630839942,1239.9170485184532,1224.0953603631547,QQQ,index,True
2025-05-02,2025-05-02 00:00:00,1234.9385046419281,26651678.0,1232.2074572115403,1243.8898218418772,1222.7940802762866,QQQ,index,True
2025-05-05,2025-05-05 00:00:00,1232.4962898002625,47213813.0,1230.1407920216911,1232.8294106065377,1220.6097228597275,QQQ,index,True
2025-05-06,2025-05-06 00:00:00,1230.5580975980795,28613951.0,1228.1797267236727,1238.0692676381907,1224.486229093885,QQQ,index,True
2025-05-07,2025-05-07 00:00:00,1228.4691450499781,31989305.0,1219.3487543685608,1234.0465393432369,1214.4524700649179,QQQ,index,True
2025-05-08,2025-05-08 00:00:00,1219.60178555595,36196421.0,1231.0909784634327,1234.4560822143014,1216.7565061060484,QQQ,index,True
2025-05-09,2025-05-09 00:00:00,1230.9166882259042,38952946.0,1240.3928705422975,1242.7830592102973,1226.9989212370897,QQQ,index,True
2025-05-12,2025-05-12 00:00:00,1240.6791894060384,46846820.0,1246.6665151216034,1247.8395219725035,1229.5533289375267,QQQ,index,True
2025-05-13,2025-05-13 00:00:00,1246.3657405727972,34344320.0,1246.1729059565332,1247.071260798095,1239.4563928982343,QQQ,index,True
2025-05-14,2025-05-14 00:00:00,1246.5325032989103,10224950.0,1236.0787167876397,1255.4006660378848,1231.0965272536614,QQQ,index,True
2025-05-15,2025-05-15 00:00:00,1235.7701230065877,7438798.0,1226.8579636880547,1239.3191088145134,1223.1790695131754,QQQ,index,True
2025-05-16,2025-05-16 00:00:00,1226.7131283397764,38364179.0,1233.7241499310353,1235.7198345944814,1214.7773436043217,QQQ,index,True
2025-05-19,2025-05-19 00:00:00,1234.0466046138686,9820923.0,1229.8880830095147,1235.9017405857376,1228.8565982562213,QQQ,index,True
2025-05-20,2025-05-20 00:00:00,1229.8315759018635,32022040.0,1222.3926441593094,1236.7595978045229,1219.4471246773799,QQQ,index,True
2025-05-21,2025-05-21 00:00:00,1222.5552099404647,46851847.0,1213.060949790482,1230.2048137352037,1209.4542524142555,QQQ,index,True
2025-05-22,2025-05-22 00:00:00,1213.4818368501246,6734506.0,1201.6540975910273,1218.4746225416304,1193.608615217381,QQQ,index,True
2025-05-23,2025-05-23 00:00:00,1202.013230748463,14318056.0,1210.8836750628477,1213.6808488819938,1200.1055844614134,QQQ,index,True
2025-05-26,2025-05-26 00:00:00,1210.3887755661676,24005942.0,1201.887186995907,1221.422287847499,1191.229564645393,QQQ,index,True
2025-05-27,2025-05-27 00:00:00,1201.4567110544488,11771024.0,1200.8453920312422,1203.3821041098963,1194.1230150807053,QQQ,index,True
2025-05-28,2025-05-28 00:00:00,1201.0571607327709,43824893.0,1210.0400569079382,1210.7585217461658,1195.1571995032166,QQQ,index,True
2025-05-29,2025-05-29 00:00:00,1209.8713518020843,9230483.0,1218.379576393916,1224.9247663517517,1203.672440169861,QQQ,index,True
2025-05-30,2025-05-30 00:00:00,1218.7027771075277,33138428.0,1207.2167042333026,1226.687947119571,1205.136762276003,QQQ,index,True
2025-06-02,2025-06-02 00:00:00,1207.5102182296644,17312199.0,1208.0369270842436,1208.5117675138235,1204.9929706333187,QQQ,index,True
2025-06-03,2025-06-03 00:00:00,1208.3768492277065,14420559.0,1218.6004212995172,1221.6320560012186,1208.17006269632,QQQ,index,True
2025-06-04,2025-06-04 00:00:00,1218.7433659695241,27508478.0,1217.5662532466881,1228.6966341076607,1217.3194420771554,QQQ,index,True
2025-06-05,2025-06-05 00:00:00,1217.6691497631423,45741384.0,1209.065878216826,1226.1341876381498,1204.051596460798,QQQ,index,True
2025-06-06,2025-06-06 00:00:00,1209.441364902973,7829020.0,1201.2183195185928,1220.9972119511149,1200.8936283139176,QQQ,index,True
2025-06-09,2025-06-09 00:00:00,1201.0633887158028,30983624.0,1202.571314047803,1212.0027886853788,1199.8327374641524,QQQ,index,True
2025-06-10,2025-06-10 00:00:00,1202.244771253195,40187942.0,1206.5988848381435,1211.3753195060863,1199.9180798400089,QQQ,index,True
2025-06-11,2025-06-11 00:00:00,1206.6742588663578,34365800.0,1209.2144639575006,1213.293127796863,1197.1384761378881,QQQ,index,True
2025-06-12,2025-06-12 00:00:00,1209.0438733520468,23119789.0,1217.9528763150715,1229.112619935773,1200.1319184899987,QQQ,index,True
2025-06-13,2025-06-13 00:00:00,1217.6597381965555,49854646.0,1210.2550977724288,1228.720358109755,1206.7996922947527,QQQ,index,True
2025-06-16,2025-06-16 00:00:00,1210.5538650617202,23654467.0,1209.4013135366356,1222.6127975300672,1199.5133192631608,QQQ,index,True
2025-06-17,2025-06-17 00:00:00,1209.0447621247815,15916962.0,1207.3897533420622,1213.5915546770323,1203.6853042035561,QQQ,index,True
2025-06-18,2025-06-18 00:00:00,1206.9731865969825,39418218.0,1206.4504294058859,1212.4734055863382,1199.5100870293202,QQQ,index,True
2025-06-19,2025-06-19 00:00:00,1206.3132628944952,12941115.0,1211.4133498390345,1217.889005919191,1203.9883267351363,QQQ,index,True
2025-06-20,2025-06-20 00:00:00,1211.2604031171459,17135148.0,1222.2139959994308,1231.0377790174427,1207.6198687630692,QQQ,index,True
2025-06-23,2025-06-23 00:00:00,1221.8445561272706,44757305.0,1228.901628946264,1240.9638610395873,1217.286025224611,QQQ,index,True
2025-06-24,2025-06-24 00:00:00,1228.905397012175,36453918.0,1222.1695289493948,1240.7927866452242,1215.8724419020261,QQQ,index,True
2025-06-25,2025-06-25 00:00:00,1222.4622542406928,19077840.0,1213.8964983774893,1227.800168260897,1205.1053698624055,QQQ,index,True
2025-06-26,2025-06-26 00:00:00,1213.7189790379953,37711116.0,1212.9573292541072,1222.500061475727,1209.229805363668,QQQ,index,True
2025-06-27,2025-06-27 00:00:00,1213.089402702228,25920300.0,1218.7599041707963,1229.1135317441558,1207.486363242375,QQQ,index,True
2025-06-30,2025-06-30 00:00:00,1218.8096505409876,35243584.0,1223.5882214052006,1234.5313107446007,1217.3516987927715,QQQ,index,True
2025-07-01,2025-07-01 00:00:00,1223.0510354922785,35882031.0,1234.8846015379895,1236.6891819052937,1218.1650477888318,QQQ,index,True
2025-07-02,2025-07-02 00:00:00,1234.9659616196188,19682259.0,1223.6904694902828,1239.2932849472554,1222.0180560047124,QQQ,index,True
2025-07-03,2025-07-03 00:00:00,1224.0221351173507,14020236.0,1235.2299135719798,1246.100650545148,1221.9129659339226,QQQ,index,True
2025-07-04,2025-07-04 00:00:00,1235.352358065777,8073629.0,1230.0068851103588,1240.8494601795048,1218.167576535344,QQQ,index,True
2025-07-07,2025-07-07 00:00:00,1229.9836917974585,25954038.0,1228.1039823871956,1236.63478275281,1226.9399317957425,QQQ,index,True
2025-07-08,2025-07-08 00:00:00,1227.8317262845778,22108413.0,1238.97438653493,1245.9895082917103,1216.2463256309697,QQQ,index,True
2025-07-09,2025-07-09 00:00:00,1238.885857754145,5721835.0,1241.7708549064487,1244.5024407164024,1236.9675413273646,QQQ,index,True
2025-07-10,2025-07-10 00:00:00,1241.548926684475,14547448.0,1244.7099954038367,1249.3022588470678,1230.0486550284982,QQQ,index,True
2025-07-11,2025-07-11 00:00:00,1244.3541876202346,19922561.0,1238.3741128223705,1252.7855477920239,1230.3113097189491,QQQ,index,True
2025-07-14,2025-07-14 00:00:00,1238.708744791384,34147639.0,1236.39415193234,1247.1834884359046,1224.3277331064933,QQQ,index,True
2025-07-15,2025-07-15 00:00:00,1236.2961235922248,9146264.0,1243.0,1244.9749374686546,1229.4044252887477,QQQ,index,True
2024-11-06,2024-11-06 00:00:00,1233.0915624587462,7368537.0,1233.333906385522,1235.5036842452398,1232.8279617646667,DIA,index,True
2024-11-07,2024-11-07 00:00:00,1232.9887406652697,16856407.0,1242.5632008239747,1245.9500861577205,1221.0443761208296,DIA,index,True
2024-11-08,2024-11-08 00:00:00,1242.6408251783453,11751854.0,1245.7051529334612,1256.3325878152443,1240.9909834310909,DIA,index,True
2024-11-11,2024-11-11 00:00:00,1245.287089531145,9174032.0,1235.9655323953712,1246.4184583600525,1229.4226940875124,DIA,index,True
2024-11-12,2024-11-12 00:00:00,1235.4944414027893,34626571.0,1224.6631290836717,1238.3368908091318,1213.0269756183231,DIA,index,True
2024-11-13,2024-11-13 00:00:00,1224.866287981462,33180421.0,1215.259485521195,1234.775286727056,1214.2543987723077,DIA,index,True
2024-11-14,2024-11-14 00:00:00,1215.083003382469,25223405.0,1208.3629371181376,1221.9722923236413,1199.115720020987,DIA,index,True
2024-11-15,2024-11-15 00:00:00,1208.2721468035827,5608720.0,1200.4611033221022,1210.468656259008,1195.9044704217958,DIA,index,True
2024-11-18,2024-11-18 00:00:00,1200.0783220556411,37220263.0,1206.0841048449013,1211.0840970860347,1196.65038846376,DIA,index,True
2024-11-19,2024-11-19 00:00:00,1206.2086173961384,39371258.0,1208.2910111786387,1213.20641842218,1201.4721829947878,DIA,index,True
2024-11-20,2024-11-20 00:00:00,1208.3058168876173,23277014.0,1212.1049128205839,1216.761610795892,1204.4911108847787,DIA,index,True
2024-11-21,2024-11-21 00:00:00,1211.5970273396174,33925164.0,1213.6078435777297,1217.098576609488,1211.561622403233,DIA,index,True
2024-11-22,2024-11-22 00:00:00,1214.00207242842,28955768.0,1219.3790515190735,1227.8318789773991,1208.5447819100648,DIA,index,True
2024-11-25,2024-11-25 00:00:00,1219.7108653291273,38794357.0,1225.1321728526063,1228.1130249289515,1212.7265172523198,DIA,index,True
2024-11-26,2024-11-26 00:00:00,1225.2170051688252,40228644.0,1234.2604204271795,1246.2730848530048,1214.011660701638,DIA,index,True
2024-11-27,2024-11-27 00:00:00,1234.4137665883704,25848133.0,1233.915542429727,1246.4444159999769,1227.3003961084892,DIA,index,True
2024-11-28,2024-11-28 00:00:00,1233.858023088161,36363585.0,1228.0739024836614,1238.99576857609,1217.8371343615881,DIA,index,True
2024-11-29,2024-11-29 00:00:00,1227.646283314829,47915564.0,1234.0220512826536,1235.3640657995197,1217.6854685237058,DIA,index,True
2024-12-02,2024-12-02 00:00:00,1233.81923809199,47332093.0,1240.0176756142575,1251.6335688984257,1227.5557623662467,DIA,index,True
2024-12-03,2024-12-03 00:00:00,1240.057033103213,22960942.0,1228.938630136521,1240.697845939431,1217.3025882391057,DIA,index,True
2024-12-04,2024-12-04 00:00:00,1228.9050493591842,29348003.0,1235.5736734545267,1241.9690188157472,1217.7481364880239,DIA,index,True
2024-12-05,2024-12-05 00:00:00,1235.4273580158094,42503623.0,1230.81827767745,1246.9603478208387,1224.8473611194945,DIA,index,True
2024-12-06,2024-12-06 00:00:00,1230.8352113094948,14425315.0,1238.1357451180058,1247.8848275064454,1221.5127011645634,DIA,index,True
2024-12-09,2024-12-09 00:00:00,1237.773808813244,37412738.0,1230.542505025395,1248.0706918391909,1220.024709712499,DIA,index,True
2024-12-10,2024-12-10 00:00:00,1230.5675699411509,36349041.0,1240.543175309705,1240.6525071458852,1230.0732525206993,DIA,index,True
2024-12-11,2024-12-11 00:00:00,1240.5792489856142,45179017.0,1234.74072396683,1245.4099127774741,1228.3776720463882,DIA,index,True
2024-12-12,2024-12-12 00:00:00,1234.327908700805,9259522.0,1241.8233402534577,1246.3003959614039,1234.3073682218387,DIA,index,True
2024-12-13,2024-12-13 00:00:00,1241.388369078345,43439784.0,1236.4227483543027,1244.6964415860405,1231.5075032658983,DIA,index,True
2024-12-16,2024-12-16 00:00:00,1236.6217903962238,44081476.0,1225.17061406805,1247.664517515738,1220.630801617881,DIA,index,True
2024-12-17,2024-12-17 00:00:00,1224.6441767631966,48974737.0,1226.0479734342614,1227.4878381809833,1214.8829569651105,DIA,index,True
2024-12-18,2024-12-18 00:00:00,1226.4165865702007,11776754.0,1228.9806588095444,1236.6648898115739,1214.2003155376567,DIA,index,True
2024-12-19,2024-12-19 00:00:00,1229.1282130289815,21000832.0,1217.6957376882694,1232.9834813735238,1207.2349082439678,DIA,index,True
2024-12-20,2024-12-20 00:00:00,1218.1117571327907,41261602.0,1207.4509695160666,1220.2439288673677,1197.32082254631,DIA,index,True
2024-12-23,2024-12-23 00:00:00,1207.4515202399075,33176067.0,1219.0991102652808,1229.7047374690787,1205.2379701738123,DIA,index,True
2024-12-24,2024-12-24 00:00:00,1218.8056836457204,15047191.0,1217.5243152728315,1226.2363310122962,1210.3499051816523,DIA,index,True
2024-12-25,2024-12-25 00:00:00,1217.0732060305108,35825660.0,1225.3436402297039,1237.1512559706025,1205.3783420003474,DIA,index,True
2024-12-26,2024-12-26 00:00:00,1225.1803078302305,34380298.0,1231.433501376597,1234.9001522588392,1213.1135735400833,DIA,index,True
2024-12-27,2024-12-27 00:00:00,1231.7876234243477,46249759.0,1224.522407591033,1243.641724475756,1223.0375344139343,DIA,index,True
2024-12-30,2024-12-30 00:00:00,1224.273968759294,14174794.0,1222.4769970855143,1226.0862177078143,1217.1191570792357,DIA,index,True
2024-12-31,2024-12-31 00:00:00,1222.526267825236,46445094.0,1234.7626465893363,1237.72504094937,1221.860373684601,DIA,index,True
2025-01-01,2025-01-01 00:00:00,1234.6866113686233,41768214.0,1240.4891760879252,1250.827497386936,1223.3034477658541,DIA,index,True
2025-01-02,2025-01-02 00:00:00,1240.7026448338736,47619721.0,1231.2425734182348,1250.7161036547573,1219.8901760960412,DIA,index,True
2025-01-03,2025-01-03 00:00:00,1230.9936710622906,6970702.0,1237.855893161518,1245.3455045031508,1224.1231371968222,DIA,index,True
2025-01-06,2025-01-06 00:00:00,1238.0435287770042,47467380.0,1249.7644821140839,1258.188897702484,1237.1052061400162,DIA,index,True
2025-01-07,2025-01-07 00:00:00,1249.928071026814,36070259.0,1249.0442420924683,1255.279593453493,1237.0969107013705,DIA,index,True
2025-01-08,2025-01-08 00:00:00,1249.4536928781458,25272480.0,1239.8643808363863,1251.2683731667423,1236.2136824165834,DIA,index,True
2025-01-09,2025-01-09 00:00:00,1239.5622791061608,19882522.0,1249.8353213463129,1250.8859414371823,1228.8804113315082,DIA,index,True
2025-01-10,2025-01-10 00:00:00,1249.7792813293393,23085997.0,1258.0218987973926,1260.0155172363304,1246.6263006092659,DIA,index,True
2025-01-13,2025-01-13 00:00:00,1257.7987101334518,41854962.0,1246.5875415269434,1260.0945894684269,1245.1918925249006,DIA,index,True
2025-01-14,2025-01-14 00:00:00,1246.376070357577,48060366.0,1239.0657246809121,1252.0631055945178,1229.53521181504,DIA,index,True
2025-01-15,2025-01-15 00:00:00,1239.2112905440806,11117209.0,1228.95986895388,1248.8942206302104,1227.7654534994238,DIA,index,True
2025-01-16,2025-01-16 00:00:00,1228.5982214278981,22921610.0,1227.7955784699873,1238.6871510961191,1224.5148878736554,DIA,index,True
2025-01-17,2025-01-17 00:00:00,1228.0860697261278,11698325.0,1225.1235452767864,1236.8648427486044,1221.3862096816295,DIA,index,True
2025-01-20,2025-01-20 00:00:00,1225.3261527929026,45165045.0,1216.8406582543814,1235.8001359156624,1211.856955392462,DIA,index,True
2025-01-21,2025-01-21 00:00:00,1216.3721098039728,36023345.0,1222.6895717304983,1226.0222996753294,1215.037269412953,DIA,index,True
2025-01-22,2025-01-22 00:00:00,1222.204057263705,14848864.0,1213.8664111211167,1224.3235041182015,1211.6051203824302,DIA,index,True
2025-01-23,2025-01-23 00:00:00,1213.4043220712172,7238486.0,1210.3710273848749,1216.8383691754634,1207.4467656058387,DIA,index,True
2025-01-24,2025-01-24 00:00:00,1209.9165182840688,42654697.0,1201.0812690006771,1220.525082806221,1198.3385256658837,DIA,index,True
2025-01-27,2025-01-27 00:00:00,1201.4008457616128,10529462.0,1194.5754101540524,1212.532415107606,1190.3745536121523,DIA,index,True
2025-01-28,2025-01-28 00:00:00,1194.688389248837,21749017.0,1201.6095090289612,1212.266561944013,1194.5036894366033,DIA,index,True
2025-01-29,2025-01-29 00:00:00,1201.961147154278,44342195.0,1208.7253497704987,1217.7026801373386,1201.5803321955364,DIA,index,True
2025-01-30,2025-01-30 00:00:00,1209.1336241888039,39406843.0,1209.0972674191155,1219.9101822414632,1203.3308952111793,DIA,index,True
2025-01-31,2025-01-31 00:00:00,1208.7870919232703,7281740.0,1219.5995456060693,1227.6259365811732,1198.1839056298195,DIA,index,True
2025-02-03,2025-02-03 00:00:00,1219.9529852530954,44316351.0,1225.2586330623246,1230.3693406940408,1212.0035050895312,DIA,index,True
2025-02-04,2025-02-04 00:00:00,1225.2479693992307,39262893.0,1224.509302810765,1235.3172744121098,1223.9386921106907,DIA,index,True
2025-02-05,2025-02-05 00:00:00,1224.3079770780646,6804106.0,1235.786161702956,1236.6565786726212,1221.9086185142319,DIA,index,True
2025-02-06,2025-02-06 00:00:00,1235.315455241203,14338595.0,1230.6343227377376,1245.3248912014715,1224.8939205908898,DIA,index,True
2025-02-07,2025-02-07 00:00:00,1230.2108141258498,38781952.0,1235.5547341555052,1245.928576288404,1220.805725085148,DIA,index,True
2025-02-10,2025-02-10 00:00:00,1235.4873716768393,27536582.0,1246.4193104957526,1250.6199447924555,1224.6341011076222,DIA,index,True
2025-02-11,2025-02-11 00:00:00,1245.8880671417128,11900996.0,1241.0583148418361,1250.6685587502768,1228.685930927101,DIA,index,True
2025-02-12,2025-02-12 00:00:00,1240.7035993931431,18392172.0,1238.9335709851662,1246.9454603819352,1228.8915265750518,DIA,index,True
2025-02-13,2025-02-13 00:00:00,1238.5375731628533,21243854.0,1240.3221131094112,1249.3948644103798,1226.83706771531,DIA,index,True
2025-02-14,2025-02-14 00:00:00,1240.376184157894,37642330.0,1247.7768626492893,1251.889582473568,1240.1178290174923,DIA,index,True
2025-02-17,2025-02-17 00:00:00,1248.0305669921895,33306195.0,1236.2031502773566,1253.5940759073583,1230.299535777574,DIA,index,True
2025-02-18,2025-02-18 00:00:00,1236.469535554963,32992902.0,1240.2102367731836,1249.1308554757463,1231.6208331868672,DIA,index,True
2025-02-19,2025-02-19 00:00:00,1239.6798223323128,39906000.0,1244.4504156490862,1252.1107122264011,1236.215032498043,DIA,index,True
2025-02-20,2025-02-20 00:00:00,1244.2321528609912,33585984.0,1247.3618072010365,1248.7939053415957,1235.2837384354596,DIA,index,True
2025-02-21,2025-02-21 00:00:00,1247.6906246001356,34923911.0,1241.7814337396228,1254.9457192722514,1241.255172178467,DIA,index,True
2025-02-24,2025-02-24 00:00:00,1242.1179380582637,8541920.0,1231.1496920060283,1243.1504443661672,1223.0627414878616,DIA,index,True
2025-02-25,2025-02-25 00:00:00,1231.2334450662356,23880987.0,1233.3866808337086,1241.6620569065194,1229.1025050318895,DIA,index,True
2025-02-26,2025-02-26 00:00:00,1233.7612930180464,31921249.0,1235.885934405574,1239.4189457973298,1221.5528406089247,DIA,index,True
2025-02-27,2025-02-27 00:00:00,1235.3765249903324,33948969.0,1239.1561667898657,1246.5838192146036,1224.945817681269,DIA,index,True
2025-02-28,2025-02-28 00:00:00,1239.0469445247277,44590268.0,1239.0793538575563,1249.1539491082688,1236.0815089470864,DIA,index,True
2025-03-03,2025-03-03 00:00:00,1238.9286187765067,21260104.0,1227.440847221006,1249.31436941194,1226.7600671349462,DIA,index,True
2025-03-04,2025-03-04 00:00:00,1227.03112447604,28563410.0,1233.30112864174,1243.0470502040478,1218.6118242802247,DIA,index,True
2025-03-05,2025-03-05 00:00:00,1233.1756041501387,35383277.0,1244.7063713453274,1256.2370289120422,1225.7555855997011,DIA,index,True
2025-03-06,2025-03-06 00:00:00,1244.3678883746632,19347386.0,1241.63859781902,1245.4044575938203,1236.7107299072634,DIA,index,True
2025-03-07,2025-03-07 00:00:00,1241.756484866486,19025243.0,1239.5583887602168,1251.1293230762547,1233.437538459631,DIA,index,True
2025-03-10,2025-03-10 00:00:00,1239.1211898543909,9165561.0,1249.1368176244694,1255.6792462224792,1231.737938772991,DIA,index,True
2025-03-11,2025-03-11 00:00:00,1248.6038389675027,40038821.0,1237.1331366984634,1258.3297824205713,1233.9652846415659,DIA,index,True
2025-03-12,2025-03-12 00:00:00,1237.1137316080376,37801870.0,1244.111693524228,1244.1616261877455,1227.8457935542567,DIA,index,True
2025-03-13,2025-03-13 00:00:00,1244.289424699058,7457637.0,1239.3646773606604,1245.8841638337028,1234.3995322410549,DIA,index,True
2025-03-14,2025-03-14 00:00:00,1239.4892931949964,7309436.0,1234.6498876208652,1249.186206362539,1229.4260793120757,DIA,index,True
2025-03-17,2025-03-17 00:00:00,1234.568343173931,45351360.0,1232.5222507052051,1244.6399574202335,1227.4473095962503,DIA,index,True
2025-03-18,2025-03-18 00:00:00,1232.6486485963158,18130693.0,1222.7431174656479,1234.1872682870662,1212.6193879219354,DIA,index,True
2025-03-19,2025-03-19 00:00:00,1222.8486656394443,38864484.0,1231.593723894581,1242.0023885262804,1213.4903623470282,DIA,index,True
2025-03-20,2025-03-20 00:00:00,1231.053784955191,36164033.0,1228.621646531636,1234.4718044951398,1220.5550227537144,DIA,index,True
2025-03-21,2025-03-21 00:00:00,1228.9316536355946,37494023.0,1225.1635064490365,1235.2745774955342,1224.6324506864826,DIA,index,True
2025-03-24,2025-03-24 00:00:00,1225.1539516817882,35665637.0,1215.6444789298723,1234.0585575531634,1209.2349354675302,DIA,index,True
2025-03-25,2025-03-25 00:00:00,1216.0070351889594,49653330.0,1207.1674147173362,1222.3031124340457,1198.1854719658575,DIA,index,True
2025-03-26,2025-03-26 00:00:00,1207.5738414315174,36857935.0,1206.180201594578,1217.6086059584636,1195.7960419036654,DIA,index,True
2025-03-27,2025-03-27 00:00:00,1206.1987822709284,5101949.0,1198.3160769897222,1213.601356737188,1191.2497336064594,DIA,index,True
2025-03-28,2025-03-28 00:00:00,1198.465706667268,16386405.0,1191.1967043416498,1204.5484424933088,1183.0602212168772,DIA,index,True
2025-03-31,2025-03-31 00:00:00,1190.8046705056302,33031078.0,1182.1812437931287,1199.7159374009568,1173.4575235203938,DIA,index,True
2025-04-01,2025-04-01 00:00:00,1182.0554633647519,30019548.0,1175.298952837409,1183.941701083393,1164.7327894823716,DIA,index,True
2025-04-02,2025-04-02 00:00:00,1175.5045614065698,6180131.0,1168.4225354735552,1182.9959968873404,1156.9718191664288,DIA,index,True
2025-04-03,2025-04-03 00:00:00,1168.7294527862473,16899990.0,1178.2561442689403,1182.376117572214,1167.8070864234867,DIA,index,True
2025-04-04,2025-04-04 00:00:00,1178.4058779344243,9011822.0,1189.2980142075248,1190.728656779685,1171.0349076080322,DIA,index,True
2025-04-07,2025-04-07 00:00:00,1188.8589017567533,27296619.0,1195.8677664241568,1200.385883907887,1187.9613858920607,DIA,index,True
2025-04-08,2025-04-08 00:00:00,1195.5333659835067,38792552.0,1194.9465355719576,1207.1244367367244,1183.173888855354,DIA,index,True
2025-04-09,2025-04-09 00:00:00,1194.565122584849,24305277.0,1187.615432711987,1195.013880351218,1181.478035211074,DIA,index,True
2025-04-10,2025-04-10 00:00:00,1187.6636228666412,49145547.0,1181.8239687387806,1189.3037436837794,1174.5257298461327,DIA,index,True
2025-04-11,2025-04-11 00:00:00,1181.755558343433,35144851.0,1189.403007796787,1199.8823602709365,1177.72431405985,DIA,index,True
2025-04-14,2025-04-14 00:00:00,1189.8242637931799,10280950.0,1195.8622882451414,1203.582273670977,1183.627639097087,DIA,index,True
2025-04-15,2025-04-15 00:00:00,1195.421734050274,38541149.0,1192.0493497464722,1204.328673092253,1187.8691657993318,DIA,index,True
2025-04-16,2025-04-16 00:00:00,1191.5426477210567,14534635.0,1202.8751778050569,1209.1922507465963,1182.660869233738,DIA,index,True
2025-04-17,2025-04-17 00:00:00,1202.4181506975262,42094531.0,1213.1911361731231,1220.323555088798,1196.8421303793552,DIA,index,True
2025-04-18,2025-04-18 00:00:00,1213.3143709762383,34104637.0,1219.4340614813536,1226.9689513548476,1204.719343959419,DIA,index,True
2025-04-21,2025-04-21 00:00:00,1219.6789677945583,35510634.0,1228.502342006284,1238.0984644329787,1218.711170510599,DIA,index,True
2025-04-22,2025-04-22 00:00:00,1228.000463116371,35050801.0,1232.7035094526773,1241.5159865471094,1226.5795673737778,DIA,index,True
2025-04-23,2025-04-23 00:00:00,1232.7165547501295,11922835.0,1221.677266110973,1242.1656864717736,1218.5345123751938,DIA,index,True
2025-04-24,2025-04-24 00:00:00,1221.7332712511861,40764959.0,1233.789309290858,1241.2595918233615,1216.204844941168,DIA,index,True
2025-04-25,2025-04-25 00:00:00,1233.3555568777326,44091594.0,1241.1081904429038,1245.8958131103136,1230.96296083768,DIA,index,True
2025-04-28,2025-04-28 00:00:00,1240.6272387719227,31108297.0,1231.8728514232223,1242.7907098697485,1228.018760001266,DIA,index,True
2025-04-29,2025-04-29 00:00:00,1232.31418311361,25792449.0,1240.288893402753,1251.9270256266468,1224.2919222253938,DIA,index,True
2025-04-30,2025-04-30 00:00:00,1240.3402566867635,7782133.0,1239.541078552002,1251.1747392549228,1234.175481526367,DIA,index,True
2025-05-01,2025-05-01 00:00:00,1239.3778392954237,30238509.0,1234.0498416454604,1250.38195400845,1222.3463438249496,DIA,index,True
2025-05-02,2025-05-02 00:00:00,1234.2543368300633,43611535.0,1238.0658778739612,1246.7286028375593,1229.916677747264,DIA,index,True
2025-05-05,2025-05-05 00:00:00,1238.1251825776542,37339491.0,1226.730241846516,1242.6522191939305,1225.4343661997304,DIA,index,True
2025-05-06,2025-05-06 00:00:00,1226.8691960630595,30914326.0,1225.8447263409712,1237.1097924875091,1225.079545149563,DIA,index,True
2025-05-07,2025-05-07 00:00:00,1225.428026074826,11016068.0,1225.0225137338002,1229.7963644984914,1223.45556718636,DIA,index,True
2025-05-08,2025-05-08 00:00:00,1225.151447876045,28341895.0,1235.8141188638506,1243.4466539164687,1220.3993896999102,DIA,index,True
2025-05-09,2025-05-09 00:00:00,1236.1858848806244,15219357.0,1237.4510452226875,1243.8050040703233,1231.1067696603284,DIA,index,True
2025-05-12,2025-05-12 00:00:00,1237.8364344507345,41517654.0,1230.7963402310606,1242.2186752026316,1226.6906252671545,DIA,index,True
2025-05-13,2025-05-13 00:00:00,1230.6469035794748,46626692.0,1228.043665249978,1239.979443734307,1222.544656980099,DIA,index,True
2025-05-14,2025-05-14 00:00:00,1228.408849831006,12765779.0,1230.3801400592988,1240.3939482075566,1222.9452333518284,DIA,index,True
2025-05-15,2025-05-15 00:00:00,1230.084738037124,28159978.0,1230.0797437011092,1231.816736861546,1227.7194242903165,DIA,index,True
2025-05-16,2025-05-16 00:00:00,1229.914427968794,30321239.0,1230.8517750854355,1238.6174520576146,1220.8608632809282,DIA,index,True
2025-05-19,2025-05-19 00:00:00,1230.8603340946077,29024540.0,1237.0265727842414,1247.6550390479338,1221.3890992193221,DIA,index,True
2025-05-20,2025-05-20 00:00:00,1236.885999142716,34063405.0,1225.1592816379982,1244.6529454201282,1222.456708155531,DIA,index,True
2025-05-21,2025-05-21 00:00:00,1225.5690177348627,5306262.0,1217.6496492047256,1228.8970741052933,1206.1275444798484,DIA,index,True
2025-05-22,2025-05-22 00:00:00,1217.5909867902485,32216590.0,1222.7638641462975,1233.8937937206463,1211.6456186577152,DIA,index,True
2025-05-23,2025-05-23 00:00:00,1222.9066178863281,12967470.0,1233.7459172206259,1241.8003648235506,1213.9092974534126,DIA,index,True
2025-05-26,2025-05-26 00:00:00,1233.396060895723,35477984.0,1235.9239344000239,1238.444205811019,1229.2641890263922,DIA,index,True
2025-05-27,2025-05-27 00:00:00,1235.4811688792322,23160317.0,1226.9730488767786,1238.8805662864359,1223.2909058660157,DIA,index,True
2025-05-28,2025-05-28 00:00:00,1226.6081830863532,28904630.0,1223.2007746510885,1228.7303679085564,1212.591139276592,DIA,index,True
2025-05-29,2025-05-29 00:00:00,1222.8440711564665,49527272.0,1217.3828174468067,1226.0831679126527,1217.3546371214074,DIA,index,True
2025-05-30,2025-05-30 00:00:00,1217.6497957154181,22508870.0,1219.0816598286565,1223.05260919876,1210.2256212672808,DIA,index,True
2025-06-02,2025-06-02 00:00:00,1218.7364606629133,46860416.0,1229.3226662310815,1230.4631301981706,1218.2607694510637,DIA,index,True
2025-06-03,2025-06-03 00:00:00,1229.5403485867714,24415787.0,1235.332255519536,1245.6307928703616,1224.986563366659,DIA,index,True
2025-06-04,2025-06-04 00:00:00,1234.8920393685241,27544590.0,1223.634382326714,1244.965670324588,1214.3447168268756,DIA,index,True
2025-06-05,2025-06-05 00:00:00,1223.9357745905493,33813133.0,1223.3768664110764,1225.4571200414118,1214.006334842713,DIA,index,True
2025-06-06,2025-06-06 00:00:00,1223.6044498940885,32566528.0,1222.0899898526548,1228.461282857706,1214.017936942574,DIA,index,True
2025-06-09,2025-06-09 00:00:00,1221.9523051670153,44521021.0,1213.1702509124027,1222.0179535239606,1202.8786900396676,DIA,index,True
2025-06-10,2025-06-10 00:00:00,1213.080413893169,37510199.0,1201.487489635934,1219.024449167452,1192.3061201707721,DIA,index,True
2025-06-11,2025-06-11 00:00:00,1201.1878635662922,6305549.0,1201.9789314879806,1205.0913339662768,1196.1923331467767,DIA,index,True
2025-06-12,2025-06-12 00:00:00,1201.834198427449,12444057.0,1199.5546758027126,1210.791712900058,1191.628944691797,DIA,index,True
2025-06-13,2025-06-13 00:00:00,1199.4380078550776,38845187.0,1204.099918708323,1215.4511514686842,1189.8487792782557,DIA,index,True
2025-06-16,2025-06-16 00:00:00,1204.5007917231349,5847236.0,1196.02709332649,1208.0827624085687,1193.1340004073465,DIA,index,True
2025-06-17,2025-06-17 00:00:00,1196.0967109316473,38648481.0,1203.561164922324,1206.866511115946,1195.8867974930547,DIA,index,True
2025-06-18,2025-06-18 00:00:00,1203.6809371042962,39500298.0,1209.769186937105,1221.6670630550304,1198.0325639013247,DIA,index,True
2025-06-19,2025-06-19 00:00:00,1209.746455189144,18943555.0,1214.6123754893947,1221.775152564677,1197.9421517251117,DIA,index,True
2025-06-20,2025-06-20 00:00:00,1214.2086032958975,5377604.0,1224.1964934795112,1231.3216821602819,1204.1711169410748,DIA,index,True
2025-06-23,2025-06-23 00:00:00,1223.8952241721925,5859836.0,1214.2006732874886,1233.2698056794916,1210.120657548489,DIA,index,True
2025-06-24,2025-06-24 00:00:00,1214.2175639544214,44221186.0,1209.2914541940563,1216.8452003037353,1202.8478997566863,DIA,index,True
2025-06-25,2025-06-25 00:00:00,1208.9229235338462,31971247.0,1216.9702678770784,1222.7640459608947,1205.9420896097151,DIA,index,True
2025-06-26,2025-06-26 00:00:00,1216.746969888984,34531259.0,1228.8847525171489,1238.6504501282147,1206.1970867502664,DIA,index,True
2025-06-27,2025-06-27 00:00:00,1228.7457648767997,20112047.0,1217.1887158017876,1239.1087856615243,1206.4681891681118,DIA,index,True
2025-06-30,2025-06-30 00:00:00,1217.037427868251,21047655.0,1220.231734503137,1231.759476390712,1213.6707579471758,DIA,index,True
2025-07-01,2025-07-01 00:00:00,1220.0347488659365,28819101.0,1210.5949197532495,1220.5615253776355,1207.301055871657,DIA,index,True
2025-07-02,2025-07-02 00:00:00,1210.925998516271,26300872.0,1207.0848712969182,1215.7668281912368,1196.95656264083,DIA,index,True
2025-07-03,2025-07-03 00:00:00,1207.0740092542278,15427594.0,1198.0529842387452,1216.7179947524605,1197.1180536163808,DIA,index,True
2025-07-04,2025-07-04 00:00:00,1197.5328271540307,41372910.0,1206.5125245082224,1216.4079251490755,1194.0472690081692,DIA,index,True
2025-07-07,2025-07-07 00:00:00,1206.2795841991046,13171837.0,1210.6427229522446,1211.9145444177298,1202.580664565183,DIA,index,True
2025-07-08,2025-07-08 00:00:00,1210.2484186687207,23607650.0,1208.6772718484408,1215.608424215115,1199.1186174002485,DIA,index,True
2025-07-09,2025-07-09 00:00:00,1208.2917517355286,40387312.0,1202.6077444636662,1210.1134414849132,1192.9643833779496,DIA,index,True
2025-07-10,2025-07-10 00:00:00,1202.1897805083206,45465555.0,1202.952473652663,1212.3354318747015,1195.17770171608,DIA,index,True
2025-07-11,2025-07-11 00:00:00,1203.2049837271459,18414662.0,1211.123119529824,1214.1327754909537,1202.233073290815,DIA,index,True
2025-07-14,2025-07-14 00:00:00,1211.0962096062572,20541652.0,1216.1988292486992,1223.847972199236,1210.9944145521376,DIA,index,True
2025-07-15,2025-07-15 00:00:00,1215.859231993726,18325598.0,1206.0,1218.3635226741637,1197.0289100208995,DIA,index,True
