Date,Datetime,Close,Volume,Open,High,Low,Symbol,Type,IsMock
2025-04-16,2025-04-16 05:30:00,83656.49248858042,25084671427.622566,83656.49248858042,83656.49248858042,83656.49248858042,BTC-USD,crypto,
2025-04-17,2025-04-17 05:30:00,84105.77942167096,26948109141.803364,84105.77942167096,84105.77942167096,84105.77942167096,BTC-USD,crypto,
2025-04-18,2025-04-18 05:30:00,84930.90857600998,19323821375.14309,84930.90857600998,84930.90857600998,84930.90857600998,BTC-USD,crypto,
2025-04-19,2025-04-19 05:30:00,84433.75017215389,9550691272.782005,84433.75017215389,84433.75017215389,84433.75017215389,BTC-USD,crypto,
2025-04-20,2025-04-20 05:30:00,85126.66244301842,12635983530.804455,85126.66244301842,85126.66244301842,85126.66244301842,BTC-USD,crypto,
2025-04-21,2025-04-21 05:30:00,85073.16544858096,12625843856.313684,85073.16544858096,85073.16544858096,85073.16544858096,BTC-USD,crypto,
2025-04-22,2025-04-22 05:30:00,87452.04699068287,40070025414.28289,87452.04699068287,87452.04699068287,87452.04699068287,BTC-USD,crypto,
2025-04-23,2025-04-23 05:30:00,93576.16588573981,53841992235.36636,93576.16588573981,93576.16588573981,93576.16588573981,BTC-USD,crypto,
2025-04-24,2025-04-24 05:30:00,93605.45230873208,39901515879.65954,93605.45230873208,93605.45230873208,93605.45230873208,BTC-USD,crypto,
2025-04-25,2025-04-25 05:30:00,93872.81422867288,30031246761.093452,93872.81422867288,93872.81422867288,93872.81422867288,BTC-USD,crypto,
2025-04-26,2025-04-26 05:30:00,94773.11200643536,39336184715.04292,94773.11200643536,94773.11200643536,94773.11200643536,BTC-USD,crypto,
2025-04-27,2025-04-27 05:30:00,94644.06637120107,15445392739.787264,94644.06637120107,94644.06637120107,94644.06637120107,BTC-USD,crypto,
2025-04-28,2025-04-28 05:30:00,93809.33781968223,15926259371.057959,93809.33781968223,93809.33781968223,93809.33781968223,BTC-USD,crypto,
2025-04-29,2025-04-29 05:30:00,95030.60645474444,31913814736.53902,95030.60645474444,95030.60645474444,95030.60645474444,BTC-USD,crypto,
2025-04-30,2025-04-30 05:30:00,94256.35946318062,25882629766.278946,94256.35946318062,94256.35946318062,94256.35946318062,BTC-USD,crypto,
2025-05-01,2025-05-01 05:30:00,94235.75331048167,26541700309.366146,94235.75331048167,94235.75331048167,94235.75331048167,BTC-USD,crypto,
2025-05-02,2025-05-02 05:30:00,96426.94522273027,30207566405.468834,96426.94522273027,96426.94522273027,96426.94522273027,BTC-USD,crypto,
2025-05-03,2025-05-03 05:30:00,96855.5681343944,23276376191.483967,96855.5681343944,96855.5681343944,96855.5681343944,BTC-USD,crypto,
2025-05-04,2025-05-04 05:30:00,95922.86842404422,13797554863.642815,95922.86842404422,95922.86842404422,95922.86842404422,BTC-USD,crypto,
2025-05-05,2025-05-05 05:30:00,94326.62048529249,14903122945.616686,94326.62048529249,94326.62048529249,94326.62048529249,BTC-USD,crypto,
2025-05-06,2025-05-06 05:30:00,94758.8237105546,24086456278.203846,94758.8237105546,94758.8237105546,94758.8237105546,BTC-USD,crypto,
2025-05-07,2025-05-07 05:30:00,96854.53198815876,23348052607.071873,96854.53198815876,96854.53198815876,96854.53198815876,BTC-USD,crypto,
2025-05-08,2025-05-08 05:30:00,97026.49376966801,64376174032.08048,97026.49376966801,97026.49376966801,97026.49376966801,BTC-USD,crypto,
2025-05-09,2025-05-09 05:30:00,103076.27555512934,50020047720.65604,103076.27555512934,103076.27555512934,103076.27555512934,BTC-USD,crypto,
2025-05-10,2025-05-10 05:30:00,102962.54045692299,40800894903.23446,102962.54045692299,102962.54045692299,102962.54045692299,BTC-USD,crypto,
2025-05-11,2025-05-11 05:30:00,104630.8792994166,21558992540.042442,104630.8792994166,104630.8792994166,104630.8792994166,BTC-USD,crypto,
2025-05-12,2025-05-12 05:30:00,103994.061616746,27389436049.454792,103994.061616746,103994.061616746,103994.061616746,BTC-USD,crypto,
2025-05-13,2025-05-13 05:30:00,102876.8304286011,43090605819.36596,102876.8304286011,102876.8304286011,102876.8304286011,BTC-USD,crypto,
2025-05-14,2025-05-14 05:30:00,104184.49039270742,33861432519.50822,104184.49039270742,104184.49039270742,104184.49039270742,BTC-USD,crypto,
2025-05-15,2025-05-15 05:30:00,103594.42575090709,28398245846.798244,103594.42575090709,103594.42575090709,103594.42575090709,BTC-USD,crypto,
2025-05-16,2025-05-16 05:30:00,103708.85136423641,31823340473.339912,103708.85136423641,103708.85136423641,103708.85136423641,BTC-USD,crypto,
2025-05-17,2025-05-17 05:30:00,103556.03493982446,25887953182.14765,103556.03493982446,103556.03493982446,103556.03493982446,BTC-USD,crypto,
2025-05-18,2025-05-18 05:30:00,103212.36483885496,18950056010.479057,103212.36483885496,103212.36483885496,103212.36483885496,BTC-USD,crypto,
2025-05-19,2025-05-19 05:30:00,106030.6376831359,30744060179.802963,106030.6376831359,106030.6376831359,106030.6376831359,BTC-USD,crypto,
2025-05-20,2025-05-20 05:30:00,105629.41580436694,43339734153.75087,105629.41580436694,105629.41580436694,105629.41580436694,BTC-USD,crypto,
2025-05-21,2025-05-21 05:30:00,106786.71995834043,36393687094.25122,106786.71995834043,106786.71995834043,106786.71995834043,BTC-USD,crypto,
2025-05-22,2025-05-22 05:30:00,109665.86371625263,60722883113.84,109665.86371625263,109665.86371625263,109665.86371625263,BTC-USD,crypto,
2025-05-23,2025-05-23 05:30:00,111560.356938144,52218408239.45193,111560.356938144,111560.356938144,111560.356938144,BTC-USD,crypto,
2025-05-24,2025-05-24 05:30:00,107216.66856870624,49251745837.96465,107216.66856870624,107216.66856870624,107216.66856870624,BTC-USD,crypto,
2025-05-25,2025-05-25 05:30:00,107831.36374380375,27128230116.517162,107831.36374380375,107831.36374380375,107831.36374380375,BTC-USD,crypto,
2025-05-26,2025-05-26 05:30:00,108861.81037744327,29652659665.048733,108861.81037744327,108861.81037744327,108861.81037744327,BTC-USD,crypto,
2025-05-27,2025-05-27 05:30:00,109377.71513263129,27950577137.918888,109377.71513263129,109377.71513263129,109377.71513263129,BTC-USD,crypto,
2025-05-28,2025-05-28 05:30:00,109068.45694901445,38978783508.88622,109068.45694901445,109068.45694901445,109068.45694901445,BTC-USD,crypto,
2025-05-29,2025-05-29 05:30:00,107838.18431100152,29794278037.284946,107838.18431100152,107838.18431100152,107838.18431100152,BTC-USD,crypto,
2025-05-30,2025-05-30 05:30:00,105745.41660358038,38279231892.56757,105745.41660358038,105745.41660358038,105745.41660358038,BTC-USD,crypto,
2025-05-31,2025-05-31 05:30:00,104010.91956242644,39680060337.610214,104010.91956242644,104010.91956242644,104010.91956242644,BTC-USD,crypto,
2025-06-01,2025-06-01 05:30:00,104687.50742934884,20432694555.09522,104687.50742934884,104687.50742934884,104687.50742934884,BTC-USD,crypto,
2025-06-02,2025-06-02 05:30:00,105710.00593822816,17721500507.53389,105710.00593822816,105710.00593822816,105710.00593822816,BTC-USD,crypto,
2025-06-03,2025-06-03 05:30:00,105884.74263221149,26313843058.73954,105884.74263221149,105884.74263221149,105884.74263221149,BTC-USD,crypto,
2025-06-04,2025-06-04 05:30:00,105434.47745144971,25925661121.080395,105434.47745144971,105434.47745144971,105434.47745144971,BTC-USD,crypto,
2025-06-05,2025-06-05 05:30:00,104812.9182188067,25812143562.797962,104812.9182188067,104812.9182188067,104812.9182188067,BTC-USD,crypto,
2025-06-06,2025-06-06 05:30:00,101650.7387545425,39711941132.0234,101650.7387545425,101650.7387545425,101650.7387545425,BTC-USD,crypto,
2025-06-07,2025-06-07 05:30:00,104409.74967959142,29897390978.090103,104409.74967959142,104409.74967959142,104409.74967959142,BTC-USD,crypto,
2025-06-08,2025-06-08 05:30:00,105681.4546141758,17749731308.73042,105681.4546141758,105681.4546141758,105681.4546141758,BTC-USD,crypto,
2025-06-09,2025-06-09 05:30:00,105692.24740699006,16044679696.270103,105692.24740699006,105692.24740699006,105692.24740699006,BTC-USD,crypto,
2025-06-10,2025-06-10 05:30:00,110261.57485948496,38222993297.50514,110261.57485948496,110261.57485948496,110261.57485948496,BTC-USD,crypto,
2025-06-11,2025-06-11 05:30:00,110212.73252109604,36303839182.734825,110212.73252109604,110212.73252109604,110212.73252109604,BTC-USD,crypto,
2025-06-12,2025-06-12 05:30:00,108679.9760916168,30338936631.626648,108679.9760916168,108679.9760916168,108679.9760916168,BTC-USD,crypto,
2025-06-13,2025-06-13 05:30:00,105979.22902375912,35865159511.38857,105979.22902375912,105979.22902375912,105979.22902375912,BTC-USD,crypto,
2025-06-14,2025-06-14 05:30:00,106045.56440819203,49471015505.74361,106045.56440819203,106045.56440819203,106045.56440819203,BTC-USD,crypto,
2025-06-15,2025-06-15 05:30:00,105482.90611628917,17916412455.866283,105482.90611628917,105482.90611628917,105482.90611628917,BTC-USD,crypto,
2025-06-16,2025-06-16 05:30:00,105554.49383061715,16568441852.649668,105554.49383061715,105554.49383061715,105554.49383061715,BTC-USD,crypto,
2025-06-17,2025-06-17 05:30:00,106951.2720181497,32095957011.724205,106951.2720181497,106951.2720181497,106951.2720181497,BTC-USD,crypto,
2025-06-18,2025-06-18 05:30:00,104683.42479835715,38603212010.889435,104683.42479835715,104683.42479835715,104683.42479835715,BTC-USD,crypto,
2025-06-19,2025-06-19 05:30:00,104722.695052907,30339326410.154945,104722.695052907,104722.695052907,104722.695052907,BTC-USD,crypto,
2025-06-20,2025-06-20 05:30:00,104690.65002458123,18063282658.152298,104690.65002458123,104690.65002458123,104690.65002458123,BTC-USD,crypto,
2025-06-21,2025-06-21 05:30:00,103290.105144757,30632751225.407444,103290.105144757,103290.105144757,103290.105144757,BTC-USD,crypto,
2025-06-22,2025-06-22 05:30:00,101532.5683847329,21644463198.719532,101532.5683847329,101532.5683847329,101532.5683847329,BTC-USD,crypto,
2025-06-23,2025-06-23 05:30:00,100852.58264648831,51287142390.02526,100852.58264648831,100852.58264648831,100852.58264648831,BTC-USD,crypto,
2025-06-24,2025-06-24 05:30:00,105511.62437933135,50011797128.6837,105511.62437933135,105511.62437933135,105511.62437933135,BTC-USD,crypto,
2025-06-25,2025-06-25 05:30:00,105976.06929808448,31704641076.941063,105976.06929808448,105976.06929808448,105976.06929808448,BTC-USD,crypto,
2025-06-26,2025-06-26 05:30:00,107238.53045016268,30468274982.034847,107238.53045016268,107238.53045016268,107238.53045016268,BTC-USD,crypto,
2025-06-27,2025-06-27 05:30:00,106984.01253775663,24320699663.15122,106984.01253775663,106984.01253775663,106984.01253775663,BTC-USD,crypto,
2025-06-28,2025-06-28 05:30:00,107078.91560644074,25194306261.888832,107078.91560644074,107078.91560644074,107078.91560644074,BTC-USD,crypto,
2025-06-29,2025-06-29 05:30:00,107331.58548463577,8960877693.57604,107331.58548463577,107331.58548463577,107331.58548463577,BTC-USD,crypto,
2025-06-30,2025-06-30 05:30:00,108396.61631317894,14881078675.366829,108396.61631317894,108396.61631317894,108396.61631317894,BTC-USD,crypto,
2025-07-01,2025-07-01 05:30:00,107132.79910701896,22489515582.41552,107132.79910701896,107132.79910701896,107132.79910701896,BTC-USD,crypto,
2025-07-02,2025-07-02 05:30:00,105613.39974163055,25033160828.30909,105613.39974163055,105613.39974163055,105613.39974163055,BTC-USD,crypto,
2025-07-03,2025-07-03 05:30:00,108824.44423167943,36395184773.06136,108824.44423167943,108824.44423167943,108824.44423167943,BTC-USD,crypto,
2025-07-04,2025-07-04 05:30:00,109602.20483914016,29892049537.628605,109602.20483914016,109602.20483914016,109602.20483914016,BTC-USD,crypto,
2025-07-05,2025-07-05 05:30:00,108040.8919400104,24248906784.57383,108040.8919400104,108040.8919400104,108040.8919400104,BTC-USD,crypto,
2025-07-06,2025-07-06 05:30:00,108217.46849992426,10042942280.966904,108217.46849992426,108217.46849992426,108217.46849992426,BTC-USD,crypto,
2025-07-07,2025-07-07 05:30:00,109215.19771840284,14638669497.351297,109215.19771840284,109215.19771840284,109215.19771840284,BTC-USD,crypto,
2025-07-08,2025-07-08 05:30:00,108300.71675785031,25493246475.80407,108300.71675785031,108300.71675785031,108300.71675785031,BTC-USD,crypto,
2025-07-09,2025-07-09 05:30:00,108953.19187727802,20488865138.27645,108953.19187727802,108953.19187727802,108953.19187727802,BTC-USD,crypto,
2025-07-10,2025-07-10 05:30:00,111327.53054245669,37078460440.66385,111327.53054245669,111327.53054245669,111327.53054245669,BTC-USD,crypto,
2025-07-11,2025-07-11 05:30:00,115879.65030112496,56204086624.04028,115879.65030112496,115879.65030112496,115879.65030112496,BTC-USD,crypto,
2025-07-12,2025-07-12 05:30:00,117571.02510036016,64185145923.88688,117571.02510036016,117571.02510036016,117571.02510036016,BTC-USD,crypto,
2025-07-13,2025-07-13 05:30:00,117418.95745007684,24351256098.393543,117418.95745007684,117418.95745007684,117418.95745007684,BTC-USD,crypto,
2025-07-14,2025-07-14 05:30:00,119117.55666327637,27310851454.97692,119117.55666327637,119117.55666327637,119117.55666327637,BTC-USD,crypto,
2025-07-15,2025-07-15 01:45:48,119743.60295707836,69134085939.48528,119743.60295707836,119743.60295707836,119743.60295707836,BTC-USD,crypto,
2025-04-16,2025-04-16 05:30:00,1587.8222244021401,11786525215.180002,1587.8222244021401,1587.8222244021401,1587.8222244021401,ETH-USD,crypto,
2025-04-17,2025-04-17 05:30:00,1577.7073516760117,13120084885.866234,1577.7073516760117,1577.7073516760117,1577.7073516760117,ETH-USD,crypto,
2025-04-18,2025-04-18 05:30:00,1583.4764497002345,9437178720.867388,1583.4764497002345,1583.4764497002345,1583.4764497002345,ETH-USD,crypto,
2025-04-19,2025-04-19 05:30:00,1589.1516208270755,5254078676.877919,1589.1516208270755,1589.1516208270755,1589.1516208270755,ETH-USD,crypto,
2025-04-20,2025-04-20 05:30:00,1615.0502549158562,5148626529.402773,1615.0502549158562,1615.0502549158562,1615.0502549158562,ETH-USD,crypto,
2025-04-21,2025-04-21 05:30:00,1585.4600253443446,6695768150.024456,1585.4600253443446,1585.4600253443446,1585.4600253443446,ETH-USD,crypto,
2025-04-22,2025-04-22 05:30:00,1577.4465595922347,15275062279.387148,1577.4465595922347,1577.4465595922347,1577.4465595922347,ETH-USD,crypto,
2025-04-23,2025-04-23 05:30:00,1759.7064599311093,24271980430.95098,1759.7064599311093,1759.7064599311093,1759.7064599311093,ETH-USD,crypto,
2025-04-24,2025-04-24 05:30:00,1793.969849485534,22099177230.61867,1793.969849485534,1793.969849485534,1793.969849485534,ETH-USD,crypto,
2025-04-25,2025-04-25 05:30:00,1769.3925107354407,12923295609.972548,1769.3925107354407,1769.3925107354407,1769.3925107354407,ETH-USD,crypto,
2025-04-26,2025-04-26 05:30:00,1788.7981804331257,15656748328.784924,1788.7981804331257,1788.7981804331257,1788.7981804331257,ETH-USD,crypto,
2025-04-27,2025-04-27 05:30:00,1821.2695303291391,10293614895.776522,1821.2695303291391,1821.2695303291391,1821.2695303291391,ETH-USD,crypto,
2025-04-28,2025-04-28 05:30:00,1793.6918440730135,9632458065.106846,1793.6918440730135,1793.6918440730135,1793.6918440730135,ETH-USD,crypto,
2025-04-29,2025-04-29 05:30:00,1799.50191449199,16777384305.88931,1799.50191449199,1799.50191449199,1799.50191449199,ETH-USD,crypto,
2025-04-30,2025-04-30 05:30:00,1796.9720456768928,13994558644.11867,1796.9720456768928,1796.9720456768928,1796.9720456768928,ETH-USD,crypto,
2025-05-01,2025-05-01 05:30:00,1794.0495408617828,13644627083.285889,1794.0495408617828,1794.0495408617828,1794.0495408617828,ETH-USD,crypto,
2025-05-02,2025-05-02 05:30:00,1838.8543285925753,14310565589.052694,1838.8543285925753,1838.8543285925753,1838.8543285925753,ETH-USD,crypto,
2025-05-03,2025-05-03 05:30:00,1841.427590836958,11686301446.49476,1841.427590836958,1841.427590836958,1841.427590836958,ETH-USD,crypto,
2025-05-04,2025-05-04 05:30:00,1834.501911876416,6704990478.824657,1834.501911876416,1834.501911876416,1834.501911876416,ETH-USD,crypto,
2025-05-05,2025-05-05 05:30:00,1808.156093844096,7479845748.828526,1808.156093844096,1808.156093844096,1808.156093844096,ETH-USD,crypto,
2025-05-06,2025-05-06 05:30:00,1820.0044598893596,10545233503.347864,1820.0044598893596,1820.0044598893596,1820.0044598893596,ETH-USD,crypto,
2025-05-07,2025-05-07 05:30:00,1816.1686943818438,11950393736.527246,1816.1686943818438,1816.1686943818438,1816.1686943818438,ETH-USD,crypto,
2025-05-08,2025-05-08 05:30:00,1810.3169269284476,47111217119.49919,1810.3169269284476,1810.3169269284476,1810.3169269284476,ETH-USD,crypto,
2025-05-09,2025-05-09 05:30:00,2197.5611893238784,35992825075.05399,2197.5611893238784,2197.5611893238784,2197.5611893238784,ETH-USD,crypto,
2025-05-10,2025-05-10 05:30:00,2341.407963002621,44566779461.54657,2341.407963002621,2341.407963002621,2341.407963002621,ETH-USD,crypto,
2025-05-11,2025-05-11 05:30:00,2583.6829051429513,29947910159.02891,2583.6829051429513,2583.6829051429513,2583.6829051429513,ETH-USD,crypto,
2025-05-12,2025-05-12 05:30:00,2507.4693107597423,26138286410.23315,2507.4693107597423,2507.4693107597423,2507.4693107597423,ETH-USD,crypto,
2025-05-13,2025-05-13 05:30:00,2492.426391077375,31524626114.978752,2492.426391077375,2492.426391077375,2492.426391077375,ETH-USD,crypto,
2025-05-14,2025-05-14 05:30:00,2676.639163127913,32279895881.637806,2676.639163127913,2676.639163127913,2676.639163127913,ETH-USD,crypto,
2025-05-15,2025-05-15 05:30:00,2603.7180887199615,28150234190.931705,2603.7180887199615,2603.7180887199615,2603.7180887199615,ETH-USD,crypto,
2025-05-16,2025-05-16 05:30:00,2542.296692466797,26211434557.7159,2542.296692466797,2542.296692466797,2542.296692466797,ETH-USD,crypto,
2025-05-17,2025-05-17 05:30:00,2544.3870377235667,21130441534.96637,2544.3870377235667,2544.3870377235667,2544.3870377235667,ETH-USD,crypto,
2025-05-18,2025-05-18 05:30:00,2475.0543933696913,17185510890.702347,2475.0543933696913,2475.0543933696913,2475.0543933696913,ETH-USD,crypto,
2025-05-19,2025-05-19 05:30:00,2465.3409856139087,24797434472.364086,2465.3409856139087,2465.3409856139087,2465.3409856139087,ETH-USD,crypto,
2025-05-20,2025-05-20 05:30:00,2526.989643891319,25363871274.82505,2526.989643891319,2526.989643891319,2526.989643891319,ETH-USD,crypto,
2025-05-21,2025-05-21 05:30:00,2524.2743433146065,22871462735.416794,2524.2743433146065,2524.2743433146065,2524.2743433146065,ETH-USD,crypto,
2025-05-22,2025-05-22 05:30:00,2558.9502343769486,32697477527.54695,2558.9502343769486,2558.9502343769486,2558.9502343769486,ETH-USD,crypto,
2025-05-23,2025-05-23 05:30:00,2657.1674447566115,29592612076.505535,2657.1674447566115,2657.1674447566115,2657.1674447566115,ETH-USD,crypto,
2025-05-24,2025-05-24 05:30:00,2519.813809045145,30047329191.503662,2519.813809045145,2519.813809045145,2519.813809045145,ETH-USD,crypto,
2025-05-25,2025-05-25 05:30:00,2529.4429842284353,10744994421.192684,2529.4429842284353,2529.4429842284353,2529.4429842284353,ETH-USD,crypto,
2025-05-26,2025-05-26 05:30:00,2546.6201163370915,13814697849.726278,2546.6201163370915,2546.6201163370915,2546.6201163370915,ETH-USD,crypto,
2025-05-27,2025-05-27 05:30:00,2562.1729286392238,13350148034.293623,2562.1729286392238,2562.1729286392238,2562.1729286392238,ETH-USD,crypto,
2025-05-28,2025-05-28 05:30:00,2662.0940568241435,26434151855.253853,2662.0940568241435,2662.0940568241435,2662.0940568241435,ETH-USD,crypto,
2025-05-29,2025-05-29 05:30:00,2676.2674124507,18008588586.284103,2676.2674124507,2676.2674124507,2676.2674124507,ETH-USD,crypto,
2025-05-30,2025-05-30 05:30:00,2633.1392065286695,27021441335.5195,2633.1392065286695,2633.1392065286695,2633.1392065286695,ETH-USD,crypto,
2025-05-31,2025-05-31 05:30:00,2524.4762348050726,22927149330.30469,2524.4762348050726,2524.4762348050726,2524.4762348050726,ETH-USD,crypto,
2025-06-01,2025-06-01 05:30:00,2532.3627853090866,13006751258.18768,2532.3627853090866,2532.3627853090866,2532.3627853090866,ETH-USD,crypto,
2025-06-02,2025-06-02 05:30:00,2538.3300584367485,11338340571.11249,2538.3300584367485,2538.3300584367485,2538.3300584367485,ETH-USD,crypto,
2025-06-03,2025-06-03 05:30:00,2609.737253959435,15623967732.418657,2609.737253959435,2609.737253959435,2609.737253959435,ETH-USD,crypto,
2025-06-04,2025-06-04 05:30:00,2595.4689570062997,15955008730.338179,2595.4689570062997,2595.4689570062997,2595.4689570062997,ETH-USD,crypto,
2025-06-05,2025-06-05 05:30:00,2610.343189828259,16809606446.176416,2610.343189828259,2610.343189828259,2610.343189828259,ETH-USD,crypto,
2025-06-06,2025-06-06 05:30:00,2421.601103763502,25849573159.64817,2421.601103763502,2421.601103763502,2421.601103763502,ETH-USD,crypto,
2025-06-07,2025-06-07 05:30:00,2481.4039836690267,18395107930.47655,2481.4039836690267,2481.4039836690267,2481.4039836690267,ETH-USD,crypto,
2025-06-08,2025-06-08 05:30:00,2526.291995889778,9535426814.691927,2526.291995889778,2526.291995889778,2526.291995889778,ETH-USD,crypto,
2025-06-09,2025-06-09 05:30:00,2508.784123584585,10206893115.537256,2508.784123584585,2508.784123584585,2508.784123584585,ETH-USD,crypto,
2025-06-10,2025-06-10 05:30:00,2685.0001850413178,19485734665.28548,2685.0001850413178,2685.0001850413178,2685.0001850413178,ETH-USD,crypto,
2025-06-11,2025-06-11 05:30:00,2808.503208314919,38281210143.95115,2808.503208314919,2808.503208314919,2808.503208314919,ETH-USD,crypto,
2025-06-12,2025-06-12 05:30:00,2776.1371915822333,27369030837.548595,2776.1371915822333,2776.1371915822333,2776.1371915822333,ETH-USD,crypto,
2025-06-13,2025-06-13 05:30:00,2653.158968452672,26068993569.969894,2653.158968452672,2653.158968452672,2653.158968452672,ETH-USD,crypto,
2025-06-14,2025-06-14 05:30:00,2577.04861752583,38576471746.00814,2577.04861752583,2577.04861752583,2577.04861752583,ETH-USD,crypto,
2025-06-15,2025-06-15 05:30:00,2534.0702195359518,12077031034.291521,2534.0702195359518,2534.0702195359518,2534.0702195359518,ETH-USD,crypto,
2025-06-16,2025-06-16 05:30:00,2547.8456040920437,11678912429.510712,2547.8456040920437,2547.8456040920437,2547.8456040920437,ETH-USD,crypto,
2025-06-17,2025-06-17 05:30:00,2561.329843569428,24222149649.172424,2561.329843569428,2561.329843569428,2561.329843569428,ETH-USD,crypto,
2025-06-18,2025-06-18 05:30:00,2514.986700576147,25926506708.040215,2514.986700576147,2514.986700576147,2514.986700576147,ETH-USD,crypto,
2025-06-19,2025-06-19 05:30:00,2521.3334233964915,17800721253.243202,2521.3334233964915,2521.3334233964915,2521.3334233964915,ETH-USD,crypto,
2025-06-20,2025-06-20 05:30:00,2522.1791903642184,10392473841.155851,2522.1791903642184,2522.1791903642184,2522.1791903642184,ETH-USD,crypto,
2025-06-21,2025-06-21 05:30:00,2405.695434213183,20482816663.29469,2405.695434213183,2405.695434213183,2405.695434213183,ETH-USD,crypto,
2025-06-22,2025-06-22 05:30:00,2270.581996055585,16155611764.84833,2270.581996055585,2270.581996055585,2270.581996055585,ETH-USD,crypto,
2025-06-23,2025-06-23 05:30:00,2227.4287266371684,28181442532.315876,2227.4287266371684,2227.4287266371684,2227.4287266371684,ETH-USD,crypto,
2025-06-24,2025-06-24 05:30:00,2423.899644268608,25494295400.420887,2423.899644268608,2423.899644268608,2423.899644268608,ETH-USD,crypto,
2025-06-25,2025-06-25 05:30:00,2446.539301545049,19669025068.963604,2446.539301545049,2446.539301545049,2446.539301545049,ETH-USD,crypto,
2025-06-26,2025-06-26 05:30:00,2417.2267855277296,15513055665.262428,2417.2267855277296,2417.2267855277296,2417.2267855277296,ETH-USD,crypto,
2025-06-27,2025-06-27 05:30:00,2415.031864876594,16271811388.723804,2415.031864876594,2415.031864876594,2415.031864876594,ETH-USD,crypto,
2025-06-28,2025-06-28 05:30:00,2423.0302896731746,13100825617.816572,2423.0302896731746,2423.0302896731746,2423.0302896731746,ETH-USD,crypto,
2025-06-29,2025-06-29 05:30:00,2437.133001780241,5787313890.541637,2437.133001780241,2437.133001780241,2437.133001780241,ETH-USD,crypto,
2025-06-30,2025-06-30 05:30:00,2502.6672721177083,10236257918.833096,2502.6672721177083,2502.6672721177083,2502.6672721177083,ETH-USD,crypto,
2025-07-01,2025-07-01 05:30:00,2488.190781689803,16306915984.938057,2488.190781689803,2488.190781689803,2488.190781689803,ETH-USD,crypto,
2025-07-02,2025-07-02 05:30:00,2405.1045592800183,12933967031.524443,2405.1045592800183,2405.1045592800183,2405.1045592800183,ETH-USD,crypto,
2025-07-03,2025-07-03 05:30:00,2574.067718495133,21862573614.17975,2574.067718495133,2574.067718495133,2574.067718495133,ETH-USD,crypto,
2025-07-04,2025-07-04 05:30:00,2590.132231590221,19823369642.62606,2590.132231590221,2590.132231590221,2590.132231590221,ETH-USD,crypto,
2025-07-05,2025-07-05 05:30:00,2509.236345783362,16377116416.187033,2509.236345783362,2509.236345783362,2509.236345783362,ETH-USD,crypto,
2025-07-06,2025-07-06 05:30:00,2517.37917835065,6801276942.284494,2517.37917835065,2517.37917835065,2517.37917835065,ETH-USD,crypto,
2025-07-07,2025-07-07 05:30:00,2571.358192115984,9051659015.949968,2571.358192115984,2571.358192115984,2571.358192115984,ETH-USD,crypto,
2025-07-08,2025-07-08 05:30:00,2543.6317028067488,15947822897.049152,2543.6317028067488,2543.6317028067488,2543.6317028067488,ETH-USD,crypto,
2025-07-09,2025-07-09 05:30:00,2615.7759888945047,14750377128.581295,2615.7759888945047,2615.7759888945047,2615.7759888945047,ETH-USD,crypto,
2025-07-10,2025-07-10 05:30:00,2772.5795626609174,26626246774.244656,2772.5795626609174,2772.5795626609174,2772.5795626609174,ETH-USD,crypto,
2025-07-11,2025-07-11 05:30:00,2948.4462027029053,39308824585.23128,2948.4462027029053,2948.4462027029053,2948.4462027029053,ETH-USD,crypto,
2025-07-12,2025-07-12 05:30:00,2958.8514450990992,42455550664.554665,2958.8514450990992,2958.8514450990992,2958.8514450990992,ETH-USD,crypto,
2025-07-13,2025-07-13 05:30:00,2942.9616055388096,17472135946.60354,2942.9616055388096,2942.9616055388096,2942.9616055388096,ETH-USD,crypto,
2025-07-14,2025-07-14 05:30:00,2974.2654952333387,18605172049.087772,2974.2654952333387,2974.2654952333387,2974.2654952333387,ETH-USD,crypto,
2025-07-15,2025-07-15 01:46:14,2991.9182170956833,40857783881.62128,2991.9182170956833,2991.9182170956833,2991.9182170956833,ETH-USD,crypto,
2025-04-16,2025-04-16 05:30:00,2.087166740701441,2529137788.826132,2.087166740701441,2.087166740701441,2.087166740701441,XRP-USD,crypto,
2025-04-17,2025-04-17 05:30:00,2.0835198434155506,2975625490.375688,2.0835198434155506,2.0835198434155506,2.0835198434155506,XRP-USD,crypto,
2025-04-18,2025-04-18 05:30:00,2.0677436115822867,2069087395.311297,2.0677436115822867,2.0677436115822867,2.0677436115822867,XRP-USD,crypto,
2025-04-19,2025-04-19 05:30:00,2.062691684044618,1528702114.8309712,2.062691684044618,2.062691684044618,2.062691684044618,XRP-USD,crypto,
2025-04-20,2025-04-20 05:30:00,2.0855273823856817,1198082570.278999,2.0855273823856817,2.0855273823856817,2.0855273823856817,XRP-USD,crypto,
2025-04-21,2025-04-21 05:30:00,2.0747196454629124,1454273605.4356875,2.0747196454629124,2.0747196454629124,2.0747196454629124,XRP-USD,crypto,
2025-04-22,2025-04-22 05:30:00,2.0806696781556395,2357222891.83461,2.0806696781556395,2.0806696781556395,2.0806696781556395,XRP-USD,crypto,
2025-04-23,2025-04-23 05:30:00,2.221159426695198,4117163104.17999,2.221159426695198,2.221159426695198,2.221159426695198,XRP-USD,crypto,
2025-04-24,2025-04-24 05:30:00,2.217823599038466,4996062046.359891,2.217823599038466,2.217823599038466,2.217823599038466,XRP-USD,crypto,
2025-04-25,2025-04-25 05:30:00,2.206600349886956,4208930304.223753,2.206600349886956,2.206600349886956,2.206600349886956,XRP-USD,crypto,
2025-04-26,2025-04-26 05:30:00,2.1852873809524738,3234722208.502314,2.1852873809524738,2.1852873809524738,2.1852873809524738,XRP-USD,crypto,
2025-04-27,2025-04-27 05:30:00,2.1932493737799863,2459783783.285445,2.1932493737799863,2.1932493737799863,2.1932493737799863,XRP-USD,crypto,
2025-04-28,2025-04-28 05:30:00,2.2566771719971905,3751692488.2109566,2.2566771719971905,2.2566771719971905,2.2566771719971905,XRP-USD,crypto,
2025-04-29,2025-04-29 05:30:00,2.2959679622378415,4072974943.4389,2.2959679622378415,2.2959679622378415,2.2959679622378415,XRP-USD,crypto,
2025-04-30,2025-04-30 05:30:00,2.2399407863578777,2489793878.0180745,2.2399407863578777,2.2399407863578777,2.2399407863578777,XRP-USD,crypto,
2025-05-01,2025-05-01 05:30:00,2.1934727928877984,3252726421.623423,2.1934727928877984,2.1934727928877984,2.1934727928877984,XRP-USD,crypto,
2025-05-02,2025-05-02 05:30:00,2.2143085222346612,2155611895.0543213,2.2143085222346612,2.2143085222346612,2.2143085222346612,XRP-USD,crypto,
2025-05-03,2025-05-03 05:30:00,2.2089170454344824,1739910937.9821632,2.2089170454344824,2.2089170454344824,2.2089170454344824,XRP-USD,crypto,
2025-05-04,2025-05-04 05:30:00,2.188707355411367,1214767487.7877498,2.188707355411367,2.188707355411367,2.188707355411367,XRP-USD,crypto,
2025-05-05,2025-05-05 05:30:00,2.1580623583353407,1372805879.5778592,2.1580623583353407,2.1580623583353407,2.1580623583353407,XRP-USD,crypto,
2025-05-06,2025-05-06 05:30:00,2.1371617409153263,2194829695.4970164,2.1371617409153263,2.1371617409153263,2.1371617409153263,XRP-USD,crypto,
2025-05-07,2025-05-07 05:30:00,2.1553467775958843,2048616981.3491316,2.1553467775958843,2.1553467775958843,2.1553467775958843,XRP-USD,crypto,
2025-05-08,2025-05-08 05:30:00,2.1289110212370352,3559099566.438218,2.1289110212370352,2.1289110212370352,2.1289110212370352,XRP-USD,crypto,
2025-05-09,2025-05-09 05:30:00,2.318857034757937,4731256282.308641,2.318857034757937,2.318857034757937,2.318857034757937,XRP-USD,crypto,
2025-05-10,2025-05-10 05:30:00,2.34260418658349,6008731144.741504,2.34260418658349,2.34260418658349,2.34260418658349,XRP-USD,crypto,
2025-05-11,2025-05-11 05:30:00,2.465515991652043,4343182682.254746,2.465515991652043,2.465515991652043,2.465515991652043,XRP-USD,crypto,
2025-05-12,2025-05-12 05:30:00,2.3665185406774456,3957902320.317386,2.3665185406774456,2.3665185406774456,2.3665185406774456,XRP-USD,crypto,
2025-05-13,2025-05-13 05:30:00,2.5407166812994824,10787624520.70423,2.5407166812994824,2.5407166812994824,2.5407166812994824,XRP-USD,crypto,
2025-05-14,2025-05-14 05:30:00,2.5882656119238727,6137110174.707251,2.5882656119238727,2.5882656119238727,2.5882656119238727,XRP-USD,crypto,
2025-05-15,2025-05-15 05:30:00,2.552660064054796,4956660171.954109,2.552660064054796,2.552660064054796,2.552660064054796,XRP-USD,crypto,
2025-05-16,2025-05-16 05:30:00,2.3780203600308965,5285627666.563696,2.3780203600308965,2.3780203600308965,2.3780203600308965,XRP-USD,crypto,
2025-05-17,2025-05-17 05:30:00,2.387491166631724,3668091279.885704,2.387491166631724,2.387491166631724,2.387491166631724,XRP-USD,crypto,
2025-05-18,2025-05-18 05:30:00,2.352615765613394,2378581122.524433,2.352615765613394,2.352615765613394,2.352615765613394,XRP-USD,crypto,
2025-05-19,2025-05-19 05:30:00,2.4178990437197814,2871045382.6763167,2.4178990437197814,2.4178990437197814,2.4178990437197814,XRP-USD,crypto,
2025-05-20,2025-05-20 05:30:00,2.3808727609208282,3326769717.093891,2.3808727609208282,2.3808727609208282,2.3808727609208282,XRP-USD,crypto,
2025-05-21,2025-05-21 05:30:00,2.356578233921423,2736702822.998838,2.356578233921423,2.356578233921423,2.356578233921423,XRP-USD,crypto,
2025-05-22,2025-05-22 05:30:00,2.4028996266349396,3857208347.067667,2.4028996266349396,2.4028996266349396,2.4028996266349396,XRP-USD,crypto,
2025-05-23,2025-05-23 05:30:00,2.4284164339274192,3423292472.9337497,2.4284164339274192,2.4284164339274192,2.4284164339274192,XRP-USD,crypto,
2025-05-24,2025-05-24 05:30:00,2.2991928362328755,3803614983.5157166,2.2991928362328755,2.2991928362328755,2.2991928362328755,XRP-USD,crypto,
2025-05-25,2025-05-25 05:30:00,2.3319094660057416,1372961335.2188973,2.3319094660057416,2.3319094660057416,2.3319094660057416,XRP-USD,crypto,
2025-05-26,2025-05-26 05:30:00,2.3405861862412927,1905275005.1451297,2.3405861862412927,2.3405861862412927,2.3405861862412927,XRP-USD,crypto,
2025-05-27,2025-05-27 05:30:00,2.3082922649115565,1661784737.5361876,2.3082922649115565,2.3082922649115565,2.3082922649115565,XRP-USD,crypto,
2025-05-28,2025-05-28 05:30:00,2.3186677687774426,2048276738.5749948,2.3186677687774426,2.3186677687774426,2.3186677687774426,XRP-USD,crypto,
2025-05-29,2025-05-29 05:30:00,2.2746048552552507,2074053702.379202,2.2746048552552507,2.2746048552552507,2.2746048552552507,XRP-USD,crypto,
2025-05-30,2025-05-30 05:30:00,2.2505538163676135,2179459280.652964,2.2505538163676135,2.2505538163676135,2.2505538163676135,XRP-USD,crypto,
2025-05-31,2025-05-31 05:30:00,2.1423194738068942,3372833929.9944954,2.1423194738068942,2.1423194738068942,2.1423194738068942,XRP-USD,crypto,
2025-06-01,2025-06-01 05:30:00,2.177000081626197,2268132685.3159456,2.177000081626197,2.177000081626197,2.177000081626197,XRP-USD,crypto,
2025-06-02,2025-06-02 05:30:00,2.1802830722675224,1521954083.381058,2.1802830722675224,2.1802830722675224,2.1802830722675224,XRP-USD,crypto,
2025-06-03,2025-06-03 05:30:00,2.2004265864927537,1856646284.2520795,2.2004265864927537,2.2004265864927537,2.2004265864927537,XRP-USD,crypto,
2025-06-04,2025-06-04 05:30:00,2.2486280245071963,2193921747.996483,2.2486280245071963,2.2486280245071963,2.2486280245071963,XRP-USD,crypto,
2025-06-05,2025-06-05 05:30:00,2.202322198067478,1714810311.215842,2.202322198067478,2.202322198067478,2.202322198067478,XRP-USD,crypto,
2025-06-06,2025-06-06 05:30:00,2.0970164299223453,2893388349.562232,2.0970164299223453,2.0970164299223453,2.0970164299223453,XRP-USD,crypto,
2025-06-07,2025-06-07 05:30:00,2.163852346114403,1854390911.9791367,2.163852346114403,2.163852346114403,2.163852346114403,XRP-USD,crypto,
2025-06-08,2025-06-08 05:30:00,2.1779065492597427,953843043.4304752,2.1779065492597427,2.1779065492597427,2.1779065492597427,XRP-USD,crypto,
2025-06-09,2025-06-09 05:30:00,2.2629632981656744,2297445951.3852534,2.2629632981656744,2.2629632981656744,2.2629632981656744,XRP-USD,crypto,
2025-06-10,2025-06-10 05:30:00,2.321075765224377,2774696976.06667,2.321075765224377,2.321075765224377,2.321075765224377,XRP-USD,crypto,
2025-06-11,2025-06-11 05:30:00,2.305016386019404,2612062557.9833493,2.305016386019404,2.305016386019404,2.305016386019404,XRP-USD,crypto,
2025-06-12,2025-06-12 05:30:00,2.2701428874939213,2624047756.9494534,2.2701428874939213,2.2701428874939213,2.2701428874939213,XRP-USD,crypto,
2025-06-13,2025-06-13 05:30:00,2.1954298391805,2202653947.4050665,2.1954298391805,2.1954298391805,2.1954298391805,XRP-USD,crypto,
2025-06-14,2025-06-14 05:30:00,2.148866270593598,3949716840.388356,2.148866270593598,2.148866270593598,2.148866270593598,XRP-USD,crypto,
2025-06-15,2025-06-15 05:30:00,2.141891800480294,1687489656.576244,2.141891800480294,2.141891800480294,2.141891800480294,XRP-USD,crypto,
2025-06-16,2025-06-16 05:30:00,2.166318490313782,1231293467.1767986,2.166318490313782,2.166318490313782,2.166318490313782,XRP-USD,crypto,
2025-06-17,2025-06-17 05:30:00,2.255537416572947,4466552529.620607,2.255537416572947,2.255537416572947,2.255537416572947,XRP-USD,crypto,
2025-06-18,2025-06-18 05:30:00,2.1632317759396993,3466660612.110638,2.1632317759396993,2.1632317759396993,2.1632317759396993,XRP-USD,crypto,
2025-06-19,2025-06-19 05:30:00,2.1686830671349613,2350823381.424604,2.1686830671349613,2.1686830671349613,2.1686830671349613,XRP-USD,crypto,
2025-06-20,2025-06-20 05:30:00,2.166239439916603,1450568729.9521883,2.166239439916603,2.166239439916603,2.166239439916603,XRP-USD,crypto,
2025-06-21,2025-06-21 05:30:00,2.1201128146436803,2098115334.487172,2.1201128146436803,2.1201128146436803,2.1201128146436803,XRP-USD,crypto,
2025-06-22,2025-06-22 05:30:00,2.044379922195215,2305504805.382443,2.044379922195215,2.044379922195215,2.044379922195215,XRP-USD,crypto,
2025-06-23,2025-06-23 05:30:00,2.013512764553698,4449887424.63551,2.013512764553698,2.013512764553698,2.013512764553698,XRP-USD,crypto,
2025-06-24,2025-06-24 05:30:00,2.1640075102022664,4004307867.6364536,2.1640075102022664,2.1640075102022664,2.1640075102022664,XRP-USD,crypto,
2025-06-25,2025-06-25 05:30:00,2.1890368617248566,3119419439.9970093,2.1890368617248566,2.1890368617248566,2.1890368617248566,XRP-USD,crypto,
2025-06-26,2025-06-26 05:30:00,2.1839169388853152,2234760744.378113,2.1839169388853152,2.1839169388853152,2.1839169388853152,XRP-USD,crypto,
2025-06-27,2025-06-27 05:30:00,2.105597069865388,2569634191.4677787,2.105597069865388,2.105597069865388,2.105597069865388,XRP-USD,crypto,
2025-06-28,2025-06-28 05:30:00,2.140945561649059,2600100605.537264,2.140945561649059,2.140945561649059,2.140945561649059,XRP-USD,crypto,
2025-06-29,2025-06-29 05:30:00,2.185743305637095,1909072124.1732078,2.185743305637095,2.185743305637095,2.185743305637095,XRP-USD,crypto,
2025-06-30,2025-06-30 05:30:00,2.2080779439640237,1320178860.3618104,2.2080779439640237,2.2080779439640237,2.2080779439640237,XRP-USD,crypto,
2025-07-01,2025-07-01 05:30:00,2.2397868943055363,3688723731.503887,2.2397868943055363,2.2397868943055363,2.2397868943055363,XRP-USD,crypto,
2025-07-02,2025-07-02 05:30:00,2.171453605552325,2782662990.9534025,2.171453605552325,2.171453605552325,2.171453605552325,XRP-USD,crypto,
2025-07-03,2025-07-03 05:30:00,2.234339504341481,3660413082.1301646,2.234339504341481,2.234339504341481,2.234339504341481,XRP-USD,crypto,
2025-07-04,2025-07-04 05:30:00,2.2565985381225446,3456952710.4009995,2.2565985381225446,2.2565985381225446,2.2565985381225446,XRP-USD,crypto,
2025-07-05,2025-07-05 05:30:00,2.220660517934634,1759263909.260319,2.220660517934634,2.220660517934634,2.220660517934634,XRP-USD,crypto,
2025-07-06,2025-07-06 05:30:00,2.2177115630108464,898181111.5827129,2.2177115630108464,2.2177115630108464,2.2177115630108464,XRP-USD,crypto,
2025-07-07,2025-07-07 05:30:00,2.2711234551626793,2334073292.9256063,2.2711234551626793,2.2711234551626793,2.2711234551626793,XRP-USD,crypto,
2025-07-08,2025-07-08 05:30:00,2.275084085302051,3876739211.500435,2.275084085302051,2.275084085302051,2.275084085302051,XRP-USD,crypto,
2025-07-09,2025-07-09 05:30:00,2.3106154308712163,2680689161.887867,2.3106154308712163,2.3106154308712163,2.3106154308712163,XRP-USD,crypto,
2025-07-10,2025-07-10 05:30:00,2.405267395272407,4432186610.184976,2.405267395272407,2.405267395272407,2.405267395272407,XRP-USD,crypto,
2025-07-11,2025-07-11 05:30:00,2.5456780481070833,5263609598.373313,2.5456780481070833,2.5456780481070833,2.5456780481070833,XRP-USD,crypto,
2025-07-12,2025-07-12 05:30:00,2.735777793849028,14004307576.909258,2.735777793849028,2.735777793849028,2.735777793849028,XRP-USD,crypto,
2025-07-13,2025-07-13 05:30:00,2.7403085663356155,7635333692.640345,2.7403085663356155,2.7403085663356155,2.7403085663356155,XRP-USD,crypto,
2025-07-14,2025-07-14 05:30:00,2.836943449825265,6320439963.46504,2.836943449825265,2.836943449825265,2.836943449825265,XRP-USD,crypto,
2025-07-15,2025-07-15 01:46:17,2.895307776980768,12350911244.326088,2.895307776980768,2.895307776980768,2.895307776980768,XRP-USD,crypto,
2025-04-16,2025-04-16 05:30:00,0.6080639244271904,709020814.1750429,0.6080639244271904,0.6080639244271904,0.6080639244271904,ADA-USD,crypto,
2025-04-17,2025-04-17 05:30:00,0.6106653469788688,591359664.0730368,0.6106653469788688,0.6106653469788688,0.6106653469788688,ADA-USD,crypto,
2025-04-18,2025-04-18 05:30:00,0.6168950161106203,448807472.6198462,0.6168950161106203,0.6168950161106203,0.6168950161106203,ADA-USD,crypto,
2025-04-19,2025-04-19 05:30:00,0.6273043794612541,374649872.12397456,0.6273043794612541,0.6273043794612541,0.6273043794612541,ADA-USD,crypto,
2025-04-20,2025-04-20 05:30:00,0.6280852975713835,331430508.4467672,0.6280852975713835,0.6280852975713835,0.6280852975713835,ADA-USD,crypto,
2025-04-21,2025-04-21 05:30:00,0.6202087731824584,354987761.1249453,0.6202087731824584,0.6202087731824584,0.6202087731824584,ADA-USD,crypto,
2025-04-22,2025-04-22 05:30:00,0.6226371412727918,632027422.0139718,0.6226371412727918,0.6226371412727918,0.6226371412727918,ADA-USD,crypto,
2025-04-23,2025-04-23 05:30:00,0.6821362911471233,834269402.8814627,0.6821362911471233,0.6821362911471233,0.6821362911471233,ADA-USD,crypto,
2025-04-24,2025-04-24 05:30:00,0.6972646472481486,967029539.1144488,0.6972646472481486,0.6972646472481486,0.6972646472481486,ADA-USD,crypto,
2025-04-25,2025-04-25 05:30:00,0.7220676397924738,1035019627.1012883,0.7220676397924738,0.7220676397924738,0.7220676397924738,ADA-USD,crypto,
2025-04-26,2025-04-26 05:30:00,0.7138859038055668,949069153.9271946,0.7138859038055668,0.7138859038055668,0.7138859038055668,ADA-USD,crypto,
2025-04-27,2025-04-27 05:30:00,0.7075935331519487,659341778.5746859,0.7075935331519487,0.7075935331519487,0.7075935331519487,ADA-USD,crypto,
2025-04-28,2025-04-28 05:30:00,0.704070171794187,567359217.6728809,0.704070171794187,0.704070171794187,0.704070171794187,ADA-USD,crypto,
2025-04-29,2025-04-29 05:30:00,0.7052906740354157,889987578.2822492,0.7052906740354157,0.7052906740354157,0.7052906740354157,ADA-USD,crypto,
2025-04-30,2025-04-30 05:30:00,0.6957354792970168,817939169.992459,0.6957354792970168,0.6957354792970168,0.6957354792970168,ADA-USD,crypto,
2025-05-01,2025-05-01 05:30:00,0.6820275063998128,592053391.6761067,0.6820275063998128,0.6820275063998128,0.6820275063998128,ADA-USD,crypto,
2025-05-02,2025-05-02 05:30:00,0.7048540559063339,586072580.7401356,0.7048540559063339,0.7048540559063339,0.7048540559063339,ADA-USD,crypto,
2025-05-03,2025-05-03 05:30:00,0.6974986414291682,606872856.4955413,0.6974986414291682,0.6974986414291682,0.6974986414291682,ADA-USD,crypto,
2025-05-04,2025-05-04 05:30:00,0.7013467253059199,752443709.4776694,0.7013467253059199,0.7013467253059199,0.7013467253059199,ADA-USD,crypto,
2025-05-05,2025-05-05 05:30:00,0.6763756494805502,661246645.056914,0.6763756494805502,0.6763756494805502,0.6763756494805502,ADA-USD,crypto,
2025-05-06,2025-05-06 05:30:00,0.6631639151504879,664925434.1708654,0.6631639151504879,0.6631639151504879,0.6631639151504879,ADA-USD,crypto,
2025-05-07,2025-05-07 05:30:00,0.6787761903074216,552471849.9156157,0.6787761903074216,0.6787761903074216,0.6787761903074216,ADA-USD,crypto,
2025-05-08,2025-05-08 05:30:00,0.671376495581957,582536184.2563542,0.671376495581957,0.671376495581957,0.671376495581957,ADA-USD,crypto,
2025-05-09,2025-05-09 05:30:00,0.7651537464755499,1355272025.0992892,0.7651537464755499,0.7651537464755499,0.7651537464755499,ADA-USD,crypto,
2025-05-10,2025-05-10 05:30:00,0.7773024778174161,1491055749.585572,0.7773024778174161,0.7773024778174161,0.7773024778174161,ADA-USD,crypto,
2025-05-11,2025-05-11 05:30:00,0.8400596557571808,1390682398.3795056,0.8400596557571808,0.8400596557571808,0.8400596557571808,ADA-USD,crypto,
2025-05-12,2025-05-12 05:30:00,0.8048629924679394,1096359924.9786,0.8048629924679394,0.8048629924679394,0.8048629924679394,ADA-USD,crypto,
2025-05-13,2025-05-13 05:30:00,0.8191103769126542,1891364013.690922,0.8191103769126542,0.8191103769126542,0.8191103769126542,ADA-USD,crypto,
2025-05-14,2025-05-14 05:30:00,0.8312541090164433,1249623977.9694462,0.8312541090164433,0.8312541090164433,0.8312541090164433,ADA-USD,crypto,
2025-05-15,2025-05-15 05:30:00,0.7985815955519888,1166899569.1134908,0.7985815955519888,0.7985815955519888,0.7985815955519888,ADA-USD,crypto,
2025-05-16,2025-05-16 05:30:00,0.760909266948887,1032947704.5832616,0.760909266948887,0.760909266948887,0.760909266948887,ADA-USD,crypto,
2025-05-17,2025-05-17 05:30:00,0.7605802350885046,777814627.6177915,0.7605802350885046,0.7605802350885046,0.7605802350885046,ADA-USD,crypto,
2025-05-18,2025-05-18 05:30:00,0.7424784161936966,906498912.2572886,0.7424784161936966,0.7424784161936966,0.7424784161936966,ADA-USD,crypto,
2025-05-19,2025-05-19 05:30:00,0.7518394820880364,949005467.3644464,0.7518394820880364,0.7518394820880364,0.7518394820880364,ADA-USD,crypto,
2025-05-20,2025-05-20 05:30:00,0.7426046048097757,855716668.7541951,0.7426046048097757,0.7426046048097757,0.7426046048097757,ADA-USD,crypto,
2025-05-21,2025-05-21 05:30:00,0.7456441858290309,690998975.7792397,0.7456441858290309,0.7456441858290309,0.7456441858290309,ADA-USD,crypto,
2025-05-22,2025-05-22 05:30:00,0.772065003489696,1077168981.202006,0.772065003489696,0.772065003489696,0.772065003489696,ADA-USD,crypto,
2025-05-23,2025-05-23 05:30:00,0.8077548195843751,1069425848.6042526,0.8077548195843751,0.8077548195843751,0.8077548195843751,ADA-USD,crypto,
2025-05-24,2025-05-24 05:30:00,0.748254247966839,1417851508.940276,0.748254247966839,0.748254247966839,0.748254247966839,ADA-USD,crypto,
2025-05-25,2025-05-25 05:30:00,0.7460261925160765,630031485.6921482,0.7460261925160765,0.7460261925160765,0.7460261925160765,ADA-USD,crypto,
2025-05-26,2025-05-26 05:30:00,0.7589761692612583,673782320.823423,0.7589761692612583,0.7589761692612583,0.7589761692612583,ADA-USD,crypto,
2025-05-27,2025-05-27 05:30:00,0.7582470752465925,588809796.8894885,0.7582470752465925,0.7582470752465925,0.7582470752465925,ADA-USD,crypto,
2025-05-28,2025-05-28 05:30:00,0.7578018172885506,652902725.7086877,0.7578018172885506,0.7578018172885506,0.7578018172885506,ADA-USD,crypto,
2025-05-29,2025-05-29 05:30:00,0.7465205662397495,546997351.279757,0.7465205662397495,0.7465205662397495,0.7465205662397495,ADA-USD,crypto,
2025-05-30,2025-05-30 05:30:00,0.724272085506191,649806532.9053063,0.724272085506191,0.724272085506191,0.724272085506191,ADA-USD,crypto,
2025-05-31,2025-05-31 05:30:00,0.6912614352706643,935627012.618067,0.6912614352706643,0.6912614352706643,0.6912614352706643,ADA-USD,crypto,
2025-06-01,2025-06-01 05:30:00,0.6863035406713839,721005660.5061203,0.6863035406713839,0.6863035406713839,0.6863035406713839,ADA-USD,crypto,
2025-06-02,2025-06-02 05:30:00,0.6853559510305921,524853161.2361533,0.6853559510305921,0.6853559510305921,0.6853559510305921,ADA-USD,crypto,
2025-06-03,2025-06-03 05:30:00,0.6900620402912112,570636794.5706515,0.6900620402912112,0.6900620402912112,0.6900620402912112,ADA-USD,crypto,
2025-06-04,2025-06-04 05:30:00,0.684833771475063,494639383.16412145,0.684833771475063,0.684833771475063,0.684833771475063,ADA-USD,crypto,
2025-06-05,2025-06-05 05:30:00,0.6662352525151268,400096118.0279466,0.6662352525151268,0.6662352525151268,0.6662352525151268,ADA-USD,crypto,
2025-06-06,2025-06-06 05:30:00,0.6279989717216173,759754191.8443644,0.6279989717216173,0.6279989717216173,0.6279989717216173,ADA-USD,crypto,
2025-06-07,2025-06-07 05:30:00,0.6564156318236438,579132039.6493936,0.6564156318236438,0.6564156318236438,0.6564156318236438,ADA-USD,crypto,
2025-06-08,2025-06-08 05:30:00,0.665097118031322,345182718.07783103,0.665097118031322,0.665097118031322,0.665097118031322,ADA-USD,crypto,
2025-06-09,2025-06-09 05:30:00,0.6696475032429187,445907844.38359064,0.6696475032429187,0.6696475032429187,0.6696475032429187,ADA-USD,crypto,
2025-06-10,2025-06-10 05:30:00,0.7051927875959849,556699781.999879,0.7051927875959849,0.7051927875959849,0.7051927875959849,ADA-USD,crypto,
2025-06-11,2025-06-11 05:30:00,0.7161084051691045,816441834.7804779,0.7161084051691045,0.7161084051691045,0.7161084051691045,ADA-USD,crypto,
2025-06-12,2025-06-12 05:30:00,0.6978609557770317,650490779.2528718,0.6978609557770317,0.6978609557770317,0.6978609557770317,ADA-USD,crypto,
2025-06-13,2025-06-13 05:30:00,0.6645616396607636,644736788.8081536,0.6645616396607636,0.6645616396607636,0.6645616396607636,ADA-USD,crypto,
2025-06-14,2025-06-14 05:30:00,0.6415287116259395,967144196.2984973,0.6415287116259395,0.6415287116259395,0.6415287116259395,ADA-USD,crypto,
2025-06-15,2025-06-15 05:30:00,0.6249531411165467,377703624.01002413,0.6249531411165467,0.6249531411165467,0.6249531411165467,ADA-USD,crypto,
2025-06-16,2025-06-16 05:30:00,0.6338091675682362,306474152.5964094,0.6338091675682362,0.6338091675682362,0.6338091675682362,ADA-USD,crypto,
2025-06-17,2025-06-17 05:30:00,0.6348092267777333,634345979.704381,0.6348092267777333,0.6348092267777333,0.6348092267777333,ADA-USD,crypto,
2025-06-18,2025-06-18 05:30:00,0.6114224843190872,668780456.8391515,0.6114224843190872,0.6114224843190872,0.6114224843190872,ADA-USD,crypto,
2025-06-19,2025-06-19 05:30:00,0.6031520541269734,649432905.7020996,0.6031520541269734,0.6031520541269734,0.6031520541269734,ADA-USD,crypto,
2025-06-20,2025-06-20 05:30:00,0.6022517506298001,411526119.6336923,0.6022517506298001,0.6022517506298001,0.6022517506298001,ADA-USD,crypto,
2025-06-21,2025-06-21 05:30:00,0.5768480561772417,655089381.7343858,0.5768480561772417,0.5768480561772417,0.5768480561772417,ADA-USD,crypto,
2025-06-22,2025-06-22 05:30:00,0.5507083653541873,616320411.8508501,0.5507083653541873,0.5507083653541873,0.5507083653541873,ADA-USD,crypto,
2025-06-23,2025-06-23 05:30:00,0.5411301510006504,1046673222.5903796,0.5411301510006504,0.5411301510006504,0.5411301510006504,ADA-USD,crypto,
2025-06-24,2025-06-24 05:30:00,0.5832401178415064,923344856.19398,0.5832401178415064,0.5832401178415064,0.5832401178415064,ADA-USD,crypto,
2025-06-25,2025-06-25 05:30:00,0.5872194649270592,716773448.9598132,0.5872194649270592,0.5872194649270592,0.5872194649270592,ADA-USD,crypto,
2025-06-26,2025-06-26 05:30:00,0.5667721482568538,549499472.3311824,0.5667721482568538,0.5667721482568538,0.5667721482568538,ADA-USD,crypto,
2025-06-27,2025-06-27 05:30:00,0.5541621947716998,546164591.2662042,0.5541621947716998,0.5541621947716998,0.5541621947716998,ADA-USD,crypto,
2025-06-28,2025-06-28 05:30:00,0.5586998411211989,461343367.5389696,0.5586998411211989,0.5586998411211989,0.5586998411211989,ADA-USD,crypto,
2025-06-29,2025-06-29 05:30:00,0.5655976009022613,328696976.3556034,0.5655976009022613,0.5655976009022613,0.5655976009022613,ADA-USD,crypto,
2025-06-30,2025-06-30 05:30:00,0.5775074724180472,546299719.7888314,0.5775074724180472,0.5775074724180472,0.5775074724180472,ADA-USD,crypto,
2025-07-01,2025-07-01 05:30:00,0.5720180140652412,685730060.096957,0.5720180140652412,0.5720180140652412,0.5720180140652412,ADA-USD,crypto,
2025-07-02,2025-07-02 05:30:00,0.5421512626893101,631715565.0969181,0.5421512626893101,0.5421512626893101,0.5421512626893101,ADA-USD,crypto,
2025-07-03,2025-07-03 05:30:00,0.5846952591552708,934344132.0381689,0.5846952591552708,0.5846952591552708,0.5846952591552708,ADA-USD,crypto,
2025-07-04,2025-07-04 05:30:00,0.5987839336899987,723259758.2613916,0.5987839336899987,0.5987839336899987,0.5987839336899987,ADA-USD,crypto,
2025-07-05,2025-07-05 05:30:00,0.5728146380802783,539620249.5139698,0.5728146380802783,0.5728146380802783,0.5728146380802783,ADA-USD,crypto,
2025-07-06,2025-07-06 05:30:00,0.5760131698614164,287359327.05554503,0.5760131698614164,0.5760131698614164,0.5760131698614164,ADA-USD,crypto,
2025-07-07,2025-07-07 05:30:00,0.5857056935866781,379742988.53059584,0.5857056935866781,0.5857056935866781,0.5857056935866781,ADA-USD,crypto,
2025-07-08,2025-07-08 05:30:00,0.5798100944867142,559194866.5817564,0.5798100944867142,0.5798100944867142,0.5798100944867142,ADA-USD,crypto,
2025-07-09,2025-07-09 05:30:00,0.5882961516358525,487674618.9568239,0.5882961516358525,0.5882961516358525,0.5882961516358525,ADA-USD,crypto,
2025-07-10,2025-07-10 05:30:00,0.6236218758822067,921412284.2952383,0.6236218758822067,0.6236218758822067,0.6236218758822067,ADA-USD,crypto,
2025-07-11,2025-07-11 05:30:00,0.6771328310749256,1062017291.4508075,0.6771328310749256,0.6771328310749256,0.6771328310749256,ADA-USD,crypto,
2025-07-12,2025-07-12 05:30:00,0.7108207334882014,2545650162.8728247,0.7108207334882014,0.7108207334882014,0.7108207334882014,ADA-USD,crypto,
2025-07-13,2025-07-13 05:30:00,0.7087303921384289,1194202622.657187,0.7087303921384289,0.7087303921384289,0.7087303921384289,ADA-USD,crypto,
2025-07-14,2025-07-14 05:30:00,0.7378983923650405,1350750371.5082395,0.7378983923650405,0.7378983923650405,0.7378983923650405,ADA-USD,crypto,
2025-07-15,2025-07-15 01:46:13,0.7260055475304789,1563272804.0598993,0.7260055475304789,0.7260055475304789,0.7260055475304789,ADA-USD,crypto,
2024-11-06,2024-11-06 00:00:00,312.4968208024301,4004636.0,310.43911372308554,315.25743309604815,310.2748291198164,AAPL,stock,True
2024-11-07,2024-11-07 00:00:00,310.3478113824971,3801514.0,308.35835063937424,312.94938647342656,306.09199827810056,AAPL,stock,True
2024-11-08,2024-11-08 00:00:00,308.2540415608925,3651391.0,311.208911410813,312.68577628803416,307.4227054282279,AAPL,stock,True
2024-11-11,2024-11-11 00:00:00,311.25152781697386,2452193.0,309.7383517462325,314.1529803514083,307.756046967322,AAPL,stock,True
2024-11-12,2024-11-12 00:00:00,309.61241971707665,2370857.0,312.2579436116389,314.35891576932517,309.552747539678,AAPL,stock,True
2024-11-13,2024-11-13 00:00:00,312.2232160720996,4994034.0,312.7514875681759,315.78879907750957,310.5878208283668,AAPL,stock,True
2024-11-14,2024-11-14 00:00:00,312.7867770167507,3250322.0,315.94391681941465,316.2868328912928,311.99626540475026,AAPL,stock,True
2024-11-15,2024-11-15 00:00:00,315.8933546158276,3692160.0,311.61165992852887,318.9063316941707,310.64542213611406,AAPL,stock,True
2024-11-18,2024-11-18 00:00:00,311.6290292368452,1416144.0,313.23846067381874,313.8617745940685,309.0883168617849,AAPL,stock,True
2024-11-19,2024-11-19 00:00:00,313.18772157375196,970908.0,312.0823469192662,314.5792967161411,308.99741396623534,AAPL,stock,True
2024-11-20,2024-11-20 00:00:00,311.91480365598767,1648989.0,312.97340305718694,314.86138696189334,310.86567527198673,AAPL,stock,True
2024-11-21,2024-11-21 00:00:00,312.840042774618,3277457.0,308.48978250760916,313.8764288151601,305.4660949194391,AAPL,stock,True
2024-11-22,2024-11-22 00:00:00,308.6047817897802,3461878.0,312.74173170399035,313.3728586606442,306.09399455401206,AAPL,stock,True
2024-11-25,2024-11-25 00:00:00,312.7017535822517,1604536.0,311.062752666234,312.90108039929805,310.6588073526572,AAPL,stock,True
2024-11-26,2024-11-26 00:00:00,311.04329743731137,1887579.0,310.69956278608936,311.81659038053107,307.6101829272464,AAPL,stock,True
2024-11-27,2024-11-27 00:00:00,310.6466594061393,1092203.0,307.4225894036661,311.9983289461628,305.9072146381974,AAPL,stock,True
2024-11-28,2024-11-28 00:00:00,307.53991549066484,3684378.0,305.91337338017223,307.56131894689383,303.7022770648775,AAPL,stock,True
2024-11-29,2024-11-29 00:00:00,305.80514026401414,2311124.0,306.6143655240777,307.77399884932373,303.3019490504259,AAPL,stock,True
2024-12-02,2024-12-02 00:00:00,306.54760833917345,4328896.0,305.942341236101,309.034141593766,304.69032843403545,AAPL,stock,True
2024-12-03,2024-12-03 00:00:00,305.9048035545633,3164441.0,302.8740769572396,308.76891633563525,301.12445254030274,AAPL,stock,True
2024-12-04,2024-12-04 00:00:00,302.70903811786377,3624031.0,302.4171553390805,304.83457666721034,302.3608458578821,AAPL,stock,True
2024-12-05,2024-12-05 00:00:00,302.53785947754903,3059311.0,299.32745809357345,302.9636559478666,296.70842303179614,AAPL,stock,True
2024-12-06,2024-12-06 00:00:00,299.21468859597877,3525753.0,300.18531543723594,302.9904848292215,297.768019381853,AAPL,stock,True
2024-12-09,2024-12-09 00:00:00,300.28686534061,3949347.0,296.3454268191013,302.13189958009616,296.3120433737229,AAPL,stock,True
2024-12-10,2024-12-10 00:00:00,296.37944214922555,2812916.0,297.27350493573323,297.48788208914846,294.09491799981987,AAPL,stock,True
2024-12-11,2024-12-11 00:00:00,297.3269378636817,2897254.0,297.23138350345516,299.2145862359381,294.31225277386613,AAPL,stock,True
2024-12-12,2024-12-12 00:00:00,297.19168630475855,4663689.0,294.5950993138234,298.49519585528355,292.2414714046795,AAPL,stock,True
2024-12-13,2024-12-13 00:00:00,294.5428278109272,4824381.0,294.81637710758633,295.57342995193,292.25803324186114,AAPL,stock,True
2024-12-16,2024-12-16 00:00:00,294.7872991384844,3159841.0,298.24310382401865,299.02222253070755,294.2701452033848,AAPL,stock,True
2024-12-17,2024-12-17 00:00:00,298.3681204168847,512857.0,294.47734813081735,299.0190922251944,293.3279422802533,AAPL,stock,True
2024-12-18,2024-12-18 00:00:00,294.58116545655304,4321594.0,291.34020143614913,296.62655907510157,288.5774627707106,AAPL,stock,True
2024-12-19,2024-12-19 00:00:00,291.243647514112,2124534.0,289.90004170564873,292.28076423321517,289.6319732324411,AAPL,stock,True
2024-12-20,2024-12-20 00:00:00,289.9010139063775,4189682.0,289.66416882656335,290.3109261643064,288.66727540425046,AAPL,stock,True
2024-12-23,2024-12-23 00:00:00,289.5830510612501,3963115.0,287.6940637045726,292.4751515185562,285.3974637731086,AAPL,stock,True
2024-12-24,2024-12-24 00:00:00,287.7372979672132,1306285.0,284.40948273468666,290.118509383321,282.9240020998006,AAPL,stock,True
2024-12-25,2024-12-25 00:00:00,284.33650419300807,2248688.0,282.2793083378536,285.4565436921689,280.5849241713935,AAPL,stock,True
2024-12-26,2024-12-26 00:00:00,282.217260534383,1949196.0,279.58568741397545,283.7415380203731,278.9531405361952,AAPL,stock,True
2024-12-27,2024-12-27 00:00:00,279.5457253362512,3127874.0,279.37437558193113,281.6625371599548,278.20035690949373,AAPL,stock,True
2024-12-30,2024-12-30 00:00:00,279.4372731868857,3882454.0,279.4641323964725,281.0833886514579,276.71943817852906,AAPL,stock,True
2024-12-31,2024-12-31 00:00:00,279.426160229649,3690242.0,281.30548496190136,282.23626642607184,278.56967247760247,AAPL,stock,True
2025-01-01,2025-01-01 00:00:00,281.25970660094373,4341724.0,277.4492492819529,283.3303735408614,274.74136012666,AAPL,stock,True
2025-01-02,2025-01-02 00:00:00,277.308376833131,4793367.0,281.41105253253517,283.59280717937264,274.6347555680427,AAPL,stock,True
2025-01-03,2025-01-03 00:00:00,281.50665953663173,1681614.0,277.45849254661834,283.1933421444748,276.32501072801654,AAPL,stock,True
2025-01-06,2025-01-06 00:00:00,277.3444793178102,3741370.0,278.03510780171365,280.2489619616484,274.8929108042544,AAPL,stock,True
2025-01-07,2025-01-07 00:00:00,278.13947681153905,3381041.0,281.8780998860693,282.44864710369444,275.8132622877395,AAPL,stock,True
2025-01-08,2025-01-08 00:00:00,281.9803526728266,4116626.0,285.2223180009978,286.91627150373006,279.7696134964597,AAPL,stock,True
2025-01-09,2025-01-09 00:00:00,285.2748085026005,1959035.0,286.91301162737125,289.6608772103117,284.7911925971822,AAPL,stock,True
2025-01-10,2025-01-10 00:00:00,286.95418156356857,2676992.0,284.47755917662187,289.210091880965,282.61539389186805,AAPL,stock,True
2025-01-13,2025-01-13 00:00:00,284.60413752027006,1312031.0,281.20696585674636,286.4430139868715,278.3949899072538,AAPL,stock,True
2025-01-14,2025-01-14 00:00:00,281.181976430216,2270980.0,285.3259138040566,287.6699057616002,280.5121070957283,AAPL,stock,True
2025-01-15,2025-01-15 00:00:00,285.21942911312357,2960953.0,281.19269281711473,285.9347535455863,278.457651127067,AAPL,stock,True
2025-01-16,2025-01-16 00:00:00,281.2595257191349,1557951.0,279.98614097643843,281.908091817023,278.09098593654073,AAPL,stock,True
2025-01-17,2025-01-17 00:00:00,279.8656258870224,813758.0,280.8511045530441,280.94265318308067,278.15661322938377,AAPL,stock,True
2025-01-20,2025-01-20 00:00:00,280.80000793387205,1861031.0,281.1199116295541,283.6958562581058,278.5586225880449,AAPL,stock,True
2025-01-21,2025-01-21 00:00:00,281.0957566099966,866748.0,282.6748908750899,283.7138120035744,278.7951672953496,AAPL,stock,True
2025-01-22,2025-01-22 00:00:00,282.53044150437,783771.0,280.07507201225286,283.2579928135236,277.8332154598777,AAPL,stock,True
2025-01-23,2025-01-23 00:00:00,279.93466034291265,4282892.0,280.0766914171862,281.75514608828917,278.48384817914365,AAPL,stock,True
2025-01-24,2025-01-24 00:00:00,280.1224211206768,1752512.0,281.272652700539,283.25603563824234,279.7095031144539,AAPL,stock,True
2025-01-27,2025-01-27 00:00:00,281.3640289301625,2629154.0,279.58828687202055,282.60690348767696,278.02883889162365,AAPL,stock,True
2025-01-28,2025-01-28 00:00:00,279.62365529396,4970485.0,277.54653240881447,281.9227598549618,277.2049660936759,AAPL,stock,True
2025-01-29,2025-01-29 00:00:00,277.594785400053,1184938.0,279.23315785452644,281.5161241237213,276.2137057551225,AAPL,stock,True
2025-01-30,2025-01-30 00:00:00,279.2702382979615,2169707.0,277.8473047986957,279.50029850345487,275.2776687111521,AAPL,stock,True
2025-01-31,2025-01-31 00:00:00,277.90474751701043,2081208.0,276.3091470148139,278.77947154524634,274.92870556435184,AAPL,stock,True
2025-02-03,2025-02-03 00:00:00,276.33085478117016,3685554.0,275.79469151666825,276.93260911005746,273.97939794002673,AAPL,stock,True
2025-02-04,2025-02-04 00:00:00,275.8228683768515,4686693.0,279.48708126979363,281.43944936229764,275.2798420704722,AAPL,stock,True
2025-02-05,2025-02-05 00:00:00,279.5624220510471,834721.0,281.87316784544595,282.73538699957084,277.62911556090097,AAPL,stock,True
2025-02-06,2025-02-06 00:00:00,281.8532610831259,534083.0,282.24553814443675,282.9385993068001,280.4839774690429,AAPL,stock,True
2025-02-07,2025-02-07 00:00:00,282.09076337975273,2009134.0,285.61857577643985,287.06866431695283,279.9440013064175,AAPL,stock,True
2025-02-10,2025-02-10 00:00:00,285.6367194800241,4356868.0,285.4842477820874,287.78986591302595,282.66701836618006,AAPL,stock,True
2025-02-11,2025-02-11 00:00:00,285.5328421921703,3770801.0,287.8514637286116,289.2908895619784,285.50167145134265,AAPL,stock,True
2025-02-12,2025-02-12 00:00:00,287.903050073758,1191732.0,287.45949847159363,289.0402031621675,284.8824043063793,AAPL,stock,True
2025-02-13,2025-02-13 00:00:00,287.39410206968824,4256138.0,290.29259094636564,291.6299372570357,285.35672483507295,AAPL,stock,True
2025-02-14,2025-02-14 00:00:00,290.2577623862263,2264395.0,294.01795442937555,294.31426149721494,287.7888000315811,AAPL,stock,True
2025-02-17,2025-02-17 00:00:00,293.9748383701654,901777.0,297.3257410286342,298.55694064239583,291.26416038189376,AAPL,stock,True
2025-02-18,2025-02-18 00:00:00,297.3953599345932,1418548.0,298.84944713741595,301.75931497987887,296.26951072868263,AAPL,stock,True
2025-02-19,2025-02-19 00:00:00,298.94738082525106,1229775.0,299.61410630000887,300.38285956597286,297.659359187991,AAPL,stock,True
2025-02-20,2025-02-20 00:00:00,299.45193142764936,1637111.0,299.09758489724754,300.41015894482206,296.42646650612215,AAPL,stock,True
2025-02-21,2025-02-21 00:00:00,299.03188297184454,4148252.0,300.40107420871846,303.04090362146576,297.9091982795961,AAPL,stock,True
2025-02-24,2025-02-24 00:00:00,300.3761777374002,2467601.0,298.1986124589515,301.37041230391344,296.55652168546106,AAPL,stock,True
2025-02-25,2025-02-25 00:00:00,298.23180866946717,2620882.0,299.59423017289436,302.35474319934366,295.77238667986916,AAPL,stock,True
2025-02-26,2025-02-26 00:00:00,299.651044215752,1268634.0,297.7465157821861,301.2927932689106,295.2844776862104,AAPL,stock,True
2025-02-27,2025-02-27 00:00:00,297.7380634640447,3848708.0,298.3876045704804,300.0907322415019,296.62684825626707,AAPL,stock,True
2025-02-28,2025-02-28 00:00:00,298.50829747559106,2566330.0,294.9430355430245,299.4945528898704,294.481290018208,AAPL,stock,True
2025-03-03,2025-03-03 00:00:00,294.86877957295223,2965073.0,292.0419101786051,297.436499025108,290.4276188989894,AAPL,stock,True
2025-03-04,2025-03-04 00:00:00,292.0958321382226,3652734.0,290.7132203766466,294.16732530427396,289.15977835897036,AAPL,stock,True
2025-03-05,2025-03-05 00:00:00,290.8013161428607,1433698.0,289.3652590576385,291.52417233958585,286.5257623410052,AAPL,stock,True
2025-03-06,2025-03-06 00:00:00,289.35421278801965,3466755.0,287.4991933292142,290.35538341124703,285.4298359832701,AAPL,stock,True
2025-03-07,2025-03-07 00:00:00,287.52582209752455,3017277.0,290.3577632809433,292.45738567236265,287.3972793767936,AAPL,stock,True
2025-03-10,2025-03-10 00:00:00,290.3983733436042,2747004.0,290.42711123504506,291.6937620398265,288.9438650327606,AAPL,stock,True
2025-03-11,2025-03-11 00:00:00,290.530402587234,2178503.0,294.463084744682,296.9961105308353,290.31732101881295,AAPL,stock,True
2025-03-12,2025-03-12 00:00:00,294.5118680603867,3703094.0,294.46275162532885,294.5568179253188,293.12133904412195,AAPL,stock,True
2025-03-13,2025-03-13 00:00:00,294.31933059770626,4114515.0,295.6515972355148,296.8397464347034,294.14668150896523,AAPL,stock,True
2025-03-14,2025-03-14 00:00:00,295.7694927105472,1326625.0,294.6015122621146,296.2019913837925,292.2399591896149,AAPL,stock,True
2025-03-17,2025-03-17 00:00:00,294.57532137286273,1847612.0,293.68059608176463,295.15361129158117,292.1727248928507,AAPL,stock,True
2025-03-18,2025-03-18 00:00:00,293.75015041622953,4406126.0,297.056009420041,298.26970635928666,293.5558806298136,AAPL,stock,True
2025-03-19,2025-03-19 00:00:00,297.1445400996997,1615543.0,295.549722556029,298.3588165877242,293.07856295407475,AAPL,stock,True
2025-03-20,2025-03-20 00:00:00,295.6128683865786,3036527.0,295.4553084066559,297.9668860990013,295.40610571818064,AAPL,stock,True
2025-03-21,2025-03-21 00:00:00,295.3704525309089,537311.0,298.3941089489095,298.54451382545534,294.73948302374436,AAPL,stock,True
2025-03-24,2025-03-24 00:00:00,298.3948763162217,4736142.0,295.6026167726671,300.4255714091863,293.88739361373115,AAPL,stock,True
2025-03-25,2025-03-25 00:00:00,295.5116434359257,1241444.0,297.14453292802403,297.3475966207163,293.9479744542474,AAPL,stock,True
2025-03-26,2025-03-26 00:00:00,297.01497322120343,1607178.0,300.26296795932143,300.5677148315209,295.00350861928086,AAPL,stock,True
2025-03-27,2025-03-27 00:00:00,300.351906431789,3163609.0,303.33808082015696,304.3531936621232,298.9680859395058,AAPL,stock,True
2025-03-28,2025-03-28 00:00:00,303.2388224691184,4782670.0,299.5672623585096,305.1498742895721,298.83532906456514,AAPL,stock,True
2025-03-31,2025-03-31 00:00:00,299.60406583574814,743249.0,301.2168610245718,303.28953568164894,298.50068072350797,AAPL,stock,True
2025-04-01,2025-04-01 00:00:00,301.15419554830635,1402762.0,296.97216566621927,303.54120250442566,294.1991498712339,AAPL,stock,True
2025-04-02,2025-04-02 00:00:00,296.8185610911577,869186.0,294.7407551478132,297.18428406558223,293.18335766688404,AAPL,stock,True
2025-04-03,2025-04-03 00:00:00,294.58900168304444,4340465.0,295.8138019408142,296.8235662799803,293.69313855262584,AAPL,stock,True
2025-04-04,2025-04-04 00:00:00,295.65515858037867,1083674.0,296.23693506267733,298.47125499342974,293.84747101333403,AAPL,stock,True
2025-04-07,2025-04-07 00:00:00,296.158070437821,2744927.0,299.03290052723236,301.43620600434025,293.9334348423005,AAPL,stock,True
2025-04-08,2025-04-08 00:00:00,298.9036103711521,1216758.0,295.49289298117515,300.3568062721511,295.0416204570659,AAPL,stock,True
2025-04-09,2025-04-09 00:00:00,295.6145333794362,2499310.0,294.5174226447113,298.28396750198374,292.0153984141529,AAPL,stock,True
2025-04-10,2025-04-10 00:00:00,294.5336520287148,3990822.0,292.12835015124875,297.1087300527869,291.55148283639164,AAPL,stock,True
2025-04-11,2025-04-11 00:00:00,291.9695079663081,879427.0,294.7949477749114,295.9810479697532,289.4960331740353,AAPL,stock,True
2025-04-14,2025-04-14 00:00:00,294.8394153728309,1388908.0,298.64049429809563,300.00414202906774,292.1850060535593,AAPL,stock,True
2025-04-15,2025-04-15 00:00:00,298.51059637060337,2556883.0,298.03132707706857,298.6109395337716,296.66675090363435,AAPL,stock,True
2025-04-16,2025-04-16 00:00:00,297.9493161035544,1597712.0,300.8301721822616,302.3318598312822,295.12117466921666,AAPL,stock,True
2025-04-17,2025-04-17 00:00:00,300.9161500627487,4643788.0,302.0330678905207,303.17354177514227,300.2893359876957,AAPL,stock,True
2025-04-18,2025-04-18 00:00:00,302.15889479568125,4670943.0,298.3528816799299,302.778572690417,298.19676078864603,AAPL,stock,True
2025-04-21,2025-04-21 00:00:00,298.19040740776154,2904527.0,297.07440371666905,299.99312224673025,296.4944237317385,AAPL,stock,True
2025-04-22,2025-04-22 00:00:00,297.1153068508733,2256359.0,297.30243318334857,298.6379346453023,294.171855903111,AAPL,stock,True
2025-04-23,2025-04-23 00:00:00,297.32980177749675,4776107.0,297.4280603111406,299.7216177463225,295.8722909626216,AAPL,stock,True
2025-04-24,2025-04-24 00:00:00,297.4148415121917,4603717.0,294.59773361387334,297.6325328415211,293.57470540593556,AAPL,stock,True
2025-04-25,2025-04-25 00:00:00,294.7016408904321,3652086.0,298.43135879806687,300.32873676457876,294.4935523392192,AAPL,stock,True
2025-04-28,2025-04-28 00:00:00,298.38551378015995,4845310.0,301.56626582635164,303.7454360474848,296.8333815072444,AAPL,stock,True
2025-04-29,2025-04-29 00:00:00,301.4504716644442,2664093.0,301.3781043411086,302.157290622888,298.3685512623208,AAPL,stock,True
2025-04-30,2025-04-30 00:00:00,301.2604665117661,2402753.0,305.21596241625315,306.0574031959959,299.68353118852383,AAPL,stock,True
2025-05-01,2025-05-01 00:00:00,305.0796530507456,3064062.0,309.6768828782571,311.739188545388,304.6906351091752,AAPL,stock,True
2025-05-02,2025-05-02 00:00:00,309.7520363327136,3857149.0,306.34973063365544,312.1998381377607,304.71863169101937,AAPL,stock,True
2025-05-05,2025-05-05 00:00:00,306.3416070641474,4323738.0,310.99316770974076,311.9956353065055,305.957781262638,AAPL,stock,True
2025-05-06,2025-05-06 00:00:00,311.05480919792683,4633731.0,309.4675140987784,311.1239008540839,307.3925812416827,AAPL,stock,True
2025-05-07,2025-05-07 00:00:00,309.5627805498277,4146473.0,314.05726338697104,314.38385031235686,307.78480060727816,AAPL,stock,True
2025-05-08,2025-05-08 00:00:00,313.9130706570567,1515959.0,312.7949738737243,316.3746136144827,310.06900139725144,AAPL,stock,True
2025-05-09,2025-05-09 00:00:00,312.8007390189958,2078922.0,315.7846436293058,316.6123738219174,310.1514333367523,AAPL,stock,True
2025-05-12,2025-05-12 00:00:00,315.727269795388,4460983.0,315.78621897039073,318.19700584173177,312.70334528981493,AAPL,stock,True
2025-05-13,2025-05-13 00:00:00,315.70122218974456,2916248.0,313.23086316406557,316.2399543155115,312.5368757003819,AAPL,stock,True
2025-05-14,2025-05-14 00:00:00,313.36552212111627,2969026.0,318.08152269000703,318.9087740290021,310.2560329571517,AAPL,stock,True
2025-05-15,2025-05-15 00:00:00,317.96288258202617,3851317.0,318.53587221753935,320.6169042511239,314.974886656755,AAPL,stock,True
2025-05-16,2025-05-16 00:00:00,318.5351794976749,3217660.0,316.7929601840795,320.6886429687412,316.24008528229086,AAPL,stock,True
2025-05-19,2025-05-19 00:00:00,316.62734004443223,3187417.0,320.6659235365036,321.36855764491105,314.1137917481692,AAPL,stock,True
2025-05-20,2025-05-20 00:00:00,320.7429617495173,4789605.0,316.01364613029364,321.8067779256847,314.9637416400577,AAPL,stock,True
2025-05-21,2025-05-21 00:00:00,316.0780734810915,562654.0,320.8648753828337,322.2582612235309,313.94110543898734,AAPL,stock,True
2025-05-22,2025-05-22 00:00:00,320.70915513492866,1722059.0,316.9621434220553,321.2690090409619,315.0268794060685,AAPL,stock,True
2025-05-23,2025-05-23 00:00:00,317.06315785959737,1123787.0,313.23167099551546,317.47806142998235,311.346031372176,AAPL,stock,True
2025-05-26,2025-05-26 00:00:00,313.1111383732675,2762578.0,308.6150939572728,314.27289301924395,306.3936305440009,AAPL,stock,True
2025-05-27,2025-05-27 00:00:00,308.5803026031809,2015646.0,312.77940921566494,314.6272900365756,306.5864245562564,AAPL,stock,True
2025-05-28,2025-05-28 00:00:00,312.60892285475796,1145359.0,316.39486154729474,316.75605096730914,311.59086394896707,AAPL,stock,True
2025-05-29,2025-05-29 00:00:00,316.35201092863537,2986135.0,318.5835394407245,319.57186172085477,315.646739173672,AAPL,stock,True
2025-05-30,2025-05-30 00:00:00,318.63552009542286,3370640.0,321.04608857572,321.74658788121167,316.4750710262258,AAPL,stock,True
2025-06-02,2025-06-02 00:00:00,320.9717560321875,2372648.0,321.9587246081451,322.5449780426483,319.49593903515114,AAPL,stock,True
2025-06-03,2025-06-03 00:00:00,322.0216030938319,2879729.0,325.70668616790203,328.0629982557843,321.74821313759355,AAPL,stock,True
2025-06-04,2025-06-04 00:00:00,325.5947174376644,4956864.0,326.7125684748328,328.5605274170799,324.05594048555713,AAPL,stock,True
2025-06-05,2025-06-05 00:00:00,326.80601532815933,2592940.0,329.90738331884864,331.2808036574182,323.8865419967402,AAPL,stock,True
2025-06-06,2025-06-06 00:00:00,329.9551101244753,668605.0,328.23287832759837,331.20834050684107,327.62584855589097,AAPL,stock,True
2025-06-09,2025-06-09 00:00:00,328.25880559233866,2055611.0,330.0102422111485,330.33634483774586,325.6120773840109,AAPL,stock,True
2025-06-10,2025-06-10 00:00:00,330.11008431173707,3960011.0,326.722287317587,331.2076949633218,326.0542500439102,AAPL,stock,True
2025-06-11,2025-06-11 00:00:00,326.64079735520784,1510821.0,325.9004804833032,326.9429687964068,325.19077537329747,AAPL,stock,True
2025-06-12,2025-06-12 00:00:00,325.84091161726485,1470847.0,327.8603499005954,330.7440987076195,323.71884643783886,AAPL,stock,True
2025-06-13,2025-06-13 00:00:00,327.69647165647905,1535389.0,323.8684264585178,328.3518672309789,321.9462079458531,AAPL,stock,True
2025-06-16,2025-06-16 00:00:00,323.7067609761125,1618691.0,325.9579774483173,326.93470131670637,321.7375357185519,AAPL,stock,True
2025-06-17,2025-06-17 00:00:00,326.0667000469322,3419075.0,329.6201622473346,332.606751833571,323.44291464925277,AAPL,stock,True
2025-06-18,2025-06-18 00:00:00,329.4854502054997,3885001.0,327.75748252907823,331.63605666034874,325.37129575094434,AAPL,stock,True
2025-06-19,2025-06-19 00:00:00,327.7908405581267,2966029.0,329.2139609893408,331.6246301502217,325.86935503067923,AAPL,stock,True
2025-06-20,2025-06-20 00:00:00,329.28002725543485,3730492.0,329.2552345831945,331.75500325589655,328.2558740701091,AAPL,stock,True
2025-06-23,2025-06-23 00:00:00,329.1016077984575,2808307.0,332.54412975428085,332.905716517384,327.5445582741683,AAPL,stock,True
2025-06-24,2025-06-24 00:00:00,332.4869483180486,1493178.0,332.3402261075732,333.84891890239743,330.4981354891093,AAPL,stock,True
2025-06-25,2025-06-25 00:00:00,332.34969512069745,966652.0,333.016622630013,333.9688964827167,330.9264088632368,AAPL,stock,True
2025-06-26,2025-06-26 00:00:00,332.9211815775776,4441149.0,332.2812453550828,334.34326117360285,330.1267119595856,AAPL,stock,True
2025-06-27,2025-06-27 00:00:00,332.14979387151624,528327.0,332.4055133435971,335.1528664493345,330.8277488722479,AAPL,stock,True
2025-06-30,2025-06-30 00:00:00,332.29610503008286,1144387.0,334.5482607183811,336.1467544965235,329.76336758224153,AAPL,stock,True
2025-07-01,2025-07-01 00:00:00,334.6114716049796,2167683.0,337.96835763039905,339.3618883668293,333.77955351715815,AAPL,stock,True
2025-07-02,2025-07-02 00:00:00,338.0947747839124,2202202.0,333.41386779172973,340.64551303412935,331.55072047083024,AAPL,stock,True
2025-07-03,2025-07-03 00:00:00,333.293337551576,3700019.0,329.8255560726397,335.46068116721733,328.764791619237,AAPL,stock,True
2025-07-04,2025-07-04 00:00:00,329.887037238822,2919352.0,333.91056291757616,336.56766512721566,327.4484048821386,AAPL,stock,True
2025-07-07,2025-07-07 00:00:00,333.98202865474104,1986474.0,334.04303385950345,336.5243993547356,331.81197923629816,AAPL,stock,True
2025-07-08,2025-07-08 00:00:00,333.88155134985436,1904669.0,334.3933476830057,337.33840471036615,332.0666942121959,AAPL,stock,True
2025-07-09,2025-07-09 00:00:00,334.21990782367845,1662904.0,336.1153166721285,336.37938238775587,332.232086841922,AAPL,stock,True
2025-07-10,2025-07-10 00:00:00,335.9958675209376,3782689.0,332.8666414296,337.0912637685537,332.4734142817348,AAPL,stock,True
2025-07-11,2025-07-11 00:00:00,332.9590575737433,3731460.0,337.60865057541065,339.59055462758,332.87225583918865,AAPL,stock,True
2025-07-14,2025-07-14 00:00:00,337.58002321908594,2359159.0,339.28807293783444,340.6323707126506,335.4144097154184,AAPL,stock,True
2025-07-15,2025-07-15 00:00:00,339.4205720011378,4971273.0,336.0,340.86467666389245,333.08798570963023,AAPL,stock,True
2024-11-06,2024-11-06 00:00:00,361.35256972576013,2308552.0,364.5185631675752,366.33514043403545,358.6848758784845,MSFT,stock,True
2024-11-07,2024-11-07 00:00:00,364.55403775666423,4296872.0,367.87953224816323,368.71227357731345,362.80311681329204,MSFT,stock,True
2024-11-08,2024-11-08 00:00:00,368.01954651558486,2123990.0,366.70619399286795,369.45765782686084,363.09527625616295,MSFT,stock,True
2024-11-11,2024-11-11 00:00:00,366.77921944684556,1157383.0,362.11240660315445,368.962704256609,358.844452915858,MSFT,stock,True
2024-11-12,2024-11-12 00:00:00,362.044180302982,1405935.0,365.68663203934426,367.9261065855368,359.93373810782924,MSFT,stock,True
2024-11-13,2024-11-13 00:00:00,365.80409147884353,1594583.0,366.62144600637686,368.4446710116777,363.03047179645955,MSFT,stock,True
2024-11-14,2024-11-14 00:00:00,366.5451160611579,2281769.0,362.808263310972,367.5254972363212,360.9729733320143,MSFT,stock,True
2024-11-15,2024-11-15 00:00:00,362.61324308287044,2693153.0,366.4994967261944,369.0048172812266,362.1887715179655,MSFT,stock,True
2024-11-18,2024-11-18 00:00:00,366.33709737684643,1946011.0,362.1539448508343,368.9334186994068,359.4343664842338,MSFT,stock,True
2024-11-19,2024-11-19 00:00:00,362.13088201171314,4972118.0,359.4876197077731,365.636029947869,357.6917664361752,MSFT,stock,True
2024-11-20,2024-11-20 00:00:00,359.3739539270949,3313155.0,355.81607992244403,360.9129922581963,353.06646252388305,MSFT,stock,True
2024-11-21,2024-11-21 00:00:00,355.65714271395063,2075450.0,357.073251182582,358.968378918896,353.5658836895098,MSFT,stock,True
2024-11-22,2024-11-22 00:00:00,357.18602137146104,3112964.0,352.6389167235032,359.70546646906035,352.04851748347414,MSFT,stock,True
2024-11-25,2024-11-25 00:00:00,352.76986518086744,3003294.0,349.3050979385601,354.7970641804414,349.04869831602946,MSFT,stock,True
2024-11-26,2024-11-26 00:00:00,349.1450663345235,4107115.0,348.9947981487855,352.3583231654274,345.7619680883995,MSFT,stock,True
2024-11-27,2024-11-27 00:00:00,349.1387370164847,4577445.0,347.1830259243507,349.8924450724392,343.89531517019077,MSFT,stock,True
2024-11-28,2024-11-28 00:00:00,347.02712282462966,4329824.0,350.49064754658866,352.9936191876084,343.5613709099659,MSFT,stock,True
2024-11-29,2024-11-29 00:00:00,350.53740883685754,2902777.0,348.9516275066594,352.459416378818,346.2981006534672,MSFT,stock,True
2024-12-02,2024-12-02 00:00:00,348.9949733930626,4200052.0,346.0741371417247,350.02005438326944,344.3753498380056,MSFT,stock,True
2024-12-03,2024-12-03 00:00:00,346.1587815862115,2316554.0,345.89112954482783,349.31612802377873,345.4312460237465,MSFT,stock,True
2024-12-04,2024-12-04 00:00:00,345.78280933565577,2894286.0,343.3241472394727,349.0028797214521,341.98906789775225,MSFT,stock,True
2024-12-05,2024-12-05 00:00:00,343.15575242718705,3187580.0,342.78197419494524,343.87977114402366,340.0385817165587,MSFT,stock,True
2024-12-06,2024-12-06 00:00:00,342.6710476967853,3726875.0,347.80267357897617,349.49601565490303,340.64440647260983,MSFT,stock,True
2024-12-09,2024-12-09 00:00:00,347.8040630850781,3970224.0,345.6057400975616,350.0482882796516,345.44197879821394,MSFT,stock,True
2024-12-10,2024-12-10 00:00:00,345.657012699054,4639885.0,348.7007885885282,350.7534560297529,344.7586119839405,MSFT,stock,True
2024-12-11,2024-12-11 00:00:00,348.6428105311344,923999.0,352.2271968462002,353.07719122972304,346.62271457557176,MSFT,stock,True
2024-12-12,2024-12-12 00:00:00,352.19851664119346,4066410.0,354.66545721094246,357.21714844843865,350.08448994634614,MSFT,stock,True
2024-12-13,2024-12-13 00:00:00,354.4727050446702,3210895.0,349.9438570490306,354.79381358420517,348.500323802745,MSFT,stock,True
2024-12-16,2024-12-16 00:00:00,350.06284958841655,3024825.0,351.433577551715,352.4210701551977,349.66271782199806,MSFT,stock,True
2024-12-17,2024-12-17 00:00:00,351.29244420533803,1273625.0,348.98065493811595,354.654019007049,346.98970216362636,MSFT,stock,True
2024-12-18,2024-12-18 00:00:00,349.09741975697665,3846045.0,346.7328389281857,349.4152055615181,344.01179151120016,MSFT,stock,True
2024-12-19,2024-12-19 00:00:00,346.5540881587287,2678817.0,344.15124516004914,346.58235219439194,340.8913686704282,MSFT,stock,True
2024-12-20,2024-12-20 00:00:00,344.22069484209203,4332369.0,346.2556667516505,347.68991349941507,342.8074101895607,MSFT,stock,True
2024-12-23,2024-12-23 00:00:00,346.28064404936737,4187104.0,344.3968373328435,349.6810701461077,343.34819146558016,MSFT,stock,True
2024-12-24,2024-12-24 00:00:00,344.2791674718458,1251987.0,345.8249305766877,349.0262899374184,341.8210245348794,MSFT,stock,True
2024-12-25,2024-12-25 00:00:00,345.8428319026112,3917552.0,350.75667645282414,352.8345955866794,344.4648933350101,MSFT,stock,True
2024-12-26,2024-12-26 00:00:00,350.85499911007054,3001766.0,346.411768956518,351.91588789502254,345.51342065847047,MSFT,stock,True
2024-12-27,2024-12-27 00:00:00,346.39349181663914,3961830.0,345.02961495340946,348.68535425023606,343.6141091046034,MSFT,stock,True
2024-12-30,2024-12-30 00:00:00,344.9778925462555,3632577.0,350.05338282915835,350.40652649193754,341.9346317111319,MSFT,stock,True
2024-12-31,2024-12-31 00:00:00,350.05996705233815,2241375.0,352.95223673156687,355.8053836613393,347.26124453517446,MSFT,stock,True
2025-01-01,2025-01-01 00:00:00,352.7965251876866,2535863.0,357.15994267499633,359.5979159519988,350.2616135310935,MSFT,stock,True
2025-01-02,2025-01-02 00:00:00,357.09679967934807,3211522.0,358.00769493231564,358.6081893248381,355.5985840354244,MSFT,stock,True
2025-01-03,2025-01-03 00:00:00,358.11673602675495,2008938.0,355.76203735319365,359.3458659800399,353.2313167365842,MSFT,stock,True
2025-01-06,2025-01-06 00:00:00,355.62820835131856,1938334.0,354.8314602222453,358.774694513889,353.24302258858074,MSFT,stock,True
2025-01-07,2025-01-07 00:00:00,354.6726297631044,1293745.0,354.6960465608715,356.5599288566036,352.1552366142036,MSFT,stock,True
2025-01-08,2025-01-08 00:00:00,354.5711186374309,2842977.0,355.12965403068495,356.3293758925368,353.0847752492006,MSFT,stock,True
2025-01-09,2025-01-09 00:00:00,355.2125070607984,3596086.0,349.97949993145807,355.526642743532,347.36919632732787,MSFT,stock,True
2025-01-10,2025-01-10 00:00:00,349.906131399225,2107369.0,347.82652211249035,351.606920505801,346.1446018277485,MSFT,stock,True
2025-01-13,2025-01-13 00:00:00,347.7698304952486,3020719.0,344.11647274305017,347.83411236583834,342.12225670424976,MSFT,stock,True
2025-01-14,2025-01-14 00:00:00,344.06162805029294,3012972.0,347.2116025777789,350.4047430414869,341.8523138498948,MSFT,stock,True
2025-01-15,2025-01-15 00:00:00,347.09350008233974,1490900.0,342.7452285374968,350.0824929666106,341.4029789781053,MSFT,stock,True
2025-01-16,2025-01-16 00:00:00,342.74155744749464,3022000.0,343.534512960519,343.79294027370196,342.4268933805871,MSFT,stock,True
2025-01-17,2025-01-17 00:00:00,343.54156680050903,3849157.0,344.15013932423693,345.7323693045306,341.1993838122428,MSFT,stock,True
2025-01-20,2025-01-20 00:00:00,344.1190558956106,2930026.0,341.28568828124554,346.09225257058364,337.89239044947124,MSFT,stock,True
2025-01-21,2025-01-21 00:00:00,341.13614093978725,4769291.0,336.1173906201775,341.8666790370759,334.6122778511162,MSFT,stock,True
2025-01-22,2025-01-22 00:00:00,335.999387143091,2863103.0,336.75173180550206,336.82383976794966,334.0825653562001,MSFT,stock,True
2025-01-23,2025-01-23 00:00:00,336.60282034520577,1473591.0,337.09146962016956,340.03099831203644,334.4127447782872,MSFT,stock,True
2025-01-24,2025-01-24 00:00:00,337.14140199822253,1357254.0,337.12450014854767,340.38176173703084,335.11045589098296,MSFT,stock,True
2025-01-27,2025-01-27 00:00:00,336.95351250848523,2459053.0,337.7089764163324,338.6628823278513,334.8966200040545,MSFT,stock,True
2025-01-28,2025-01-28 00:00:00,337.6025467337404,3046600.0,334.7564234015915,339.01969551678417,332.5906838622247,MSFT,stock,True
2025-01-29,2025-01-29 00:00:00,334.8280631170326,2270913.0,331.00010332501233,337.48076409639833,327.7782236743648,MSFT,stock,True
2025-01-30,2025-01-30 00:00:00,330.9194989057941,2779466.0,334.1661192538593,336.3275203118419,329.2631552460316,MSFT,stock,True
2025-01-31,2025-01-31 00:00:00,334.1545756904388,4132719.0,334.5306287404513,335.87794347163214,334.0099168457797,MSFT,stock,True
2025-02-03,2025-02-03 00:00:00,334.4601420936987,4198532.0,334.87462330125,335.2426702334645,333.30992139440605,MSFT,stock,True
2025-02-04,2025-02-04 00:00:00,334.8109461850184,1175284.0,338.81421878228565,340.63116786637414,331.6745590738374,MSFT,stock,True
2025-02-05,2025-02-05 00:00:00,338.95755551515134,993543.0,334.39783139642867,339.40320147185054,333.67991109836254,MSFT,stock,True
2025-02-06,2025-02-06 00:00:00,334.37828911910196,4025971.0,337.5855807279205,340.60945148309077,333.3667145236002,MSFT,stock,True
2025-02-07,2025-02-07 00:00:00,337.6202575499679,1034826.0,334.0872289654664,340.2219343526148,333.21191547164733,MSFT,stock,True
2025-02-10,2025-02-10 00:00:00,334.0633931836174,3373660.0,334.1246817744835,336.9947855687905,331.69279099913626,MSFT,stock,True
2025-02-11,2025-02-11 00:00:00,334.24797484267515,2528682.0,335.2299320927099,338.30174025322407,331.4269843811825,MSFT,stock,True
2025-02-12,2025-02-12 00:00:00,335.16096505041907,1689591.0,336.19354969978394,337.27579790053045,334.96145271346325,MSFT,stock,True
2025-02-13,2025-02-13 00:00:00,336.21679925040183,1227987.0,339.5225962994382,342.12036060662837,334.80785266994326,MSFT,stock,True
2025-02-14,2025-02-14 00:00:00,339.4089387353106,3776074.0,335.9366347237867,341.689891848274,334.2855636023565,MSFT,stock,True
2025-02-17,2025-02-17 00:00:00,335.7999966200406,4089551.0,337.9552149721513,339.9445168932228,332.8486427605734,MSFT,stock,True
2025-02-18,2025-02-18 00:00:00,337.85133024038487,1508715.0,336.4651456226136,338.068401246066,334.14168298342435,MSFT,stock,True
2025-02-19,2025-02-19 00:00:00,336.45037554015863,2349519.0,332.17662348939507,336.890385451641,330.97361237740756,MSFT,stock,True
2025-02-20,2025-02-20 00:00:00,332.09162198731514,2815377.0,332.20490491755754,334.19245322636596,331.42042693592145,MSFT,stock,True
2025-02-21,2025-02-21 00:00:00,332.1480918403689,4681444.0,334.7609953529954,334.8420477780022,329.4612822475396,MSFT,stock,True
2025-02-24,2025-02-24 00:00:00,334.60682027345024,978920.0,335.246738713849,335.8924463842069,332.45439114451955,MSFT,stock,True
2025-02-25,2025-02-25 00:00:00,335.12732863401993,2248668.0,338.8928787795791,342.118471136819,333.03945829242485,MSFT,stock,True
2025-02-26,2025-02-26 00:00:00,339.04537765397373,2691510.0,337.7736652497555,341.8774222725121,337.5920944880062,MSFT,stock,True
2025-02-27,2025-02-27 00:00:00,337.60536953895996,521530.0,332.9533366092151,338.26447488528197,329.8426004995518,MSFT,stock,True
2025-02-28,2025-02-28 00:00:00,333.01752070297,3288953.0,328.5649222681537,333.607421467955,326.7223489972833,MSFT,stock,True
2025-03-03,2025-03-03 00:00:00,328.65848835351784,964520.0,324.3449418789686,331.89708569757454,322.7199245674888,MSFT,stock,True
2025-03-04,2025-03-04 00:00:00,324.24584023677403,3702731.0,322.82983408676625,325.41679352644456,321.8228665379468,MSFT,stock,True
2025-03-05,2025-03-05 00:00:00,322.7331552214253,2500094.0,326.2820472188243,327.530092514593,321.98860383721535,MSFT,stock,True
2025-03-06,2025-03-06 00:00:00,326.32347846276366,3519340.0,330.07473982235183,330.9216298513883,324.62838179485766,MSFT,stock,True
2025-03-07,2025-03-07 00:00:00,330.011960735327,3833640.0,334.32247318604635,336.1185268430033,329.8889503362363,MSFT,stock,True
2025-03-10,2025-03-10 00:00:00,334.20860861264117,2078638.0,337.62071909932513,338.4878565066656,333.1767924115511,MSFT,stock,True
2025-03-11,2025-03-11 00:00:00,337.6333966539225,2852178.0,337.41147768520455,339.09083705135083,334.8299799201057,MSFT,stock,True
2025-03-12,2025-03-12 00:00:00,337.49156685275256,4113654.0,332.7550069526504,338.19213676047906,330.8550794447972,MSFT,stock,True
2025-03-13,2025-03-13 00:00:00,332.65216966593334,2392463.0,330.7379888142862,332.7804364670686,329.7749651333479,MSFT,stock,True
2025-03-14,2025-03-14 00:00:00,330.84687861620927,2495144.0,328.83574940365537,330.948927331852,327.10022670037534,MSFT,stock,True
2025-03-17,2025-03-17 00:00:00,328.79831811835237,3435674.0,329.68419502552825,331.3306371943262,326.53185897998463,MSFT,stock,True
2025-03-18,2025-03-18 00:00:00,329.6247369130223,4685080.0,326.78130930408247,332.36035412421165,324.1906658527689,MSFT,stock,True
2025-03-19,2025-03-19 00:00:00,326.8159998431448,2332080.0,324.9119158057777,327.9534034389573,323.4375013578356,MSFT,stock,True
2025-03-20,2025-03-20 00:00:00,324.87331569898953,4703626.0,323.61221385964495,326.90509670908045,321.21945666460545,MSFT,stock,True
2025-03-21,2025-03-21 00:00:00,323.6868304031588,719301.0,321.3448560729512,324.86638163298653,319.15943076043055,MSFT,stock,True
2025-03-24,2025-03-24 00:00:00,321.19210423823097,1432043.0,321.09892222500474,321.67133958442975,320.65121656360895,MSFT,stock,True
2025-03-25,2025-03-25 00:00:00,321.1125498879882,4894385.0,321.10172686169705,322.9628011480827,320.6908631016706,MSFT,stock,True
2025-03-26,2025-03-26 00:00:00,321.0145730379476,3679094.0,322.2690116469433,322.8563629274467,319.4266711575197,MSFT,stock,True
2025-03-27,2025-03-27 00:00:00,322.1156235712152,2792699.0,326.673859755281,327.1031200942211,321.852107482757,MSFT,stock,True
2025-03-28,2025-03-28 00:00:00,326.6496474520837,3620677.0,329.0128960069878,331.75151686108705,325.25224420352725,MSFT,stock,True
2025-03-31,2025-03-31 00:00:00,328.909045061482,1545068.0,328.67383971185353,329.62082407608335,327.0939509944526,MSFT,stock,True
2025-04-01,2025-04-01 00:00:00,328.74736736638545,4172458.0,328.2918976102819,329.97356431652423,326.5418645681001,MSFT,stock,True
2025-04-02,2025-04-02 00:00:00,328.42429819946756,3223032.0,328.10256345124174,329.40762029228114,327.3182675909708,MSFT,stock,True
2025-04-03,2025-04-03 00:00:00,327.9558264179465,2041123.0,330.8018657181867,331.37488677877235,327.88073026005446,MSFT,stock,True
2025-04-04,2025-04-04 00:00:00,330.84086028136375,3257603.0,330.80711569768295,331.86246492632904,330.21500954574907,MSFT,stock,True
2025-04-07,2025-04-07 00:00:00,330.882700910103,3126140.0,331.6826460588806,333.9352351163256,330.09879458378026,MSFT,stock,True
2025-04-08,2025-04-08 00:00:00,331.56414398620757,2469171.0,333.3060301620453,334.5793585834031,331.1363248654194,MSFT,stock,True
2025-04-09,2025-04-09 00:00:00,333.39978865667683,825324.0,332.4866067214562,335.24811511015656,329.36838257372347,MSFT,stock,True
2025-04-10,2025-04-10 00:00:00,332.5205139918091,3951359.0,332.03723806205386,334.2724243927842,329.765719422433,MSFT,stock,True
2025-04-11,2025-04-11 00:00:00,332.1477001697176,2414225.0,330.9588236004325,335.0556337459458,330.3633740275636,MSFT,stock,True
2025-04-14,2025-04-14 00:00:00,331.06863513491726,4368483.0,334.7819471177967,336.8108432888108,328.1937035271438,MSFT,stock,True
2025-04-15,2025-04-15 00:00:00,334.92339080679676,4039980.0,334.94040867819484,336.8517082980531,332.0260512169117,MSFT,stock,True
2025-04-16,2025-04-16 00:00:00,334.9045237426007,3249468.0,330.1333114022291,336.4445812909156,327.8004037051165,MSFT,stock,True
2025-04-17,2025-04-17 00:00:00,330.0246170244383,3175325.0,333.23589672674984,334.28102992563214,328.9698588309986,MSFT,stock,True
2025-04-18,2025-04-18 00:00:00,333.1762183298356,1936058.0,332.3551151575812,336.34823814173456,329.885241243241,MSFT,stock,True
2025-04-21,2025-04-21 00:00:00,332.2595071702843,2973186.0,333.0836920310237,335.56150769406247,329.04097185893977,MSFT,stock,True
2025-04-22,2025-04-22 00:00:00,333.1221337688854,1453288.0,333.1971902911123,333.82231334298285,331.9833334303063,MSFT,stock,True
2025-04-23,2025-04-23 00:00:00,333.13731146936993,4412683.0,330.0055547603009,336.34360881643624,328.40939725818754,MSFT,stock,True
2025-04-24,2025-04-24 00:00:00,330.0670043776453,3768721.0,329.9490616489894,333.1850223507716,328.7365303964931,MSFT,stock,True
2025-04-25,2025-04-25 00:00:00,330.02589194083566,833151.0,334.5779216963282,337.2886551196487,329.29624503072984,MSFT,stock,True
2025-04-28,2025-04-28 00:00:00,334.71865074554916,2088055.0,337.03359781841874,337.9399500074713,333.2246613611371,MSFT,stock,True
2025-04-29,2025-04-29 00:00:00,336.94777530741106,3839581.0,339.9283524150638,341.07357125780965,334.23150561892294,MSFT,stock,True
2025-04-30,2025-04-30 00:00:00,339.7543365847892,3333078.0,339.9063591302307,342.3900807825507,336.98168235816104,MSFT,stock,True
2025-05-01,2025-05-01 00:00:00,339.9472341046113,2185862.0,343.3704883138125,346.0200035464621,339.3150880589146,MSFT,stock,True
2025-05-02,2025-05-02 00:00:00,343.1953342905367,2876806.0,343.95678565367876,346.59982643531856,340.6319811994561,MSFT,stock,True
2025-05-05,2025-05-05 00:00:00,343.7943982614596,2627095.0,340.6420885024804,344.7732490494448,340.0479992091041,MSFT,stock,True
2025-05-06,2025-05-06 00:00:00,340.71325839227546,1693093.0,340.12715559107954,343.8751148927684,338.5563351563604,MSFT,stock,True
2025-05-07,2025-05-07 00:00:00,340.1517856541613,1773032.0,339.7749180325398,341.0166697828587,337.47888103608267,MSFT,stock,True
2025-05-08,2025-05-08 00:00:00,339.88621245469454,3217815.0,339.0558249774228,342.0191210361124,338.10539876125875,MSFT,stock,True
2025-05-09,2025-05-09 00:00:00,339.10118314183705,687595.0,339.90601129180374,341.1970512359582,335.9281809618088,MSFT,stock,True
2025-05-12,2025-05-12 00:00:00,339.9537724242123,2385450.0,335.0648477095081,342.37325668330175,332.49507405817394,MSFT,stock,True
2025-05-13,2025-05-13 00:00:00,335.08097581531,2682894.0,338.65566167395156,340.6530951871495,332.23366790631957,MSFT,stock,True
2025-05-14,2025-05-14 00:00:00,338.7264270045745,4203863.0,339.4245224796823,339.49754764272586,337.7314825111098,MSFT,stock,True
2025-05-15,2025-05-15 00:00:00,339.47772961028727,2295695.0,340.0530593164697,340.597870897772,338.15870081301347,MSFT,stock,True
2025-05-16,2025-05-16 00:00:00,340.1812775303577,4521042.0,335.9523021570797,341.30051678540605,333.20945688589944,MSFT,stock,True
2025-05-19,2025-05-19 00:00:00,335.81988091726635,2086208.0,332.05374168297504,336.594362184708,330.40121061293513,MSFT,stock,True
2025-05-20,2025-05-20 00:00:00,332.04219720495377,1498220.0,332.21863474869565,334.54625150256703,331.202316570045,MSFT,stock,True
2025-05-21,2025-05-21 00:00:00,332.28625345148373,961724.0,335.2612841616041,337.6789826174892,329.28249957096364,MSFT,stock,True
2025-05-22,2025-05-22 00:00:00,335.19983680730496,4735843.0,338.60024712385797,340.0533853832666,334.1179340529023,MSFT,stock,True
2025-05-23,2025-05-23 00:00:00,338.54551028552544,2127816.0,338.0469223575729,341.6539873715754,335.40959815818513,MSFT,stock,True
2025-05-26,2025-05-26 00:00:00,337.90639300030665,2429775.0,334.66327627047906,340.7876704783636,332.80701654331335,MSFT,stock,True
2025-05-27,2025-05-27 00:00:00,334.6427773430379,3556608.0,334.7558015891224,336.62592495445426,331.69762314758674,MSFT,stock,True
2025-05-28,2025-05-28 00:00:00,334.58970316315094,3099089.0,337.1619271174384,339.9024760356326,333.40138199086556,MSFT,stock,True
2025-05-29,2025-05-29 00:00:00,336.9849234636466,3662197.0,337.1235113576591,338.25170558341983,335.07341765436104,MSFT,stock,True
2025-05-30,2025-05-30 00:00:00,337.03828177462736,3810740.0,338.7017996027998,341.18925132172933,334.2394454234381,MSFT,stock,True
2025-06-02,2025-06-02 00:00:00,338.63692271236204,4911565.0,336.06037115802405,339.3160462511303,335.9521407393259,MSFT,stock,True
2025-06-03,2025-06-03 00:00:00,336.1249770431196,2733908.0,339.79787643964687,341.6420137496869,333.353789665334,MSFT,stock,True
2025-06-04,2025-06-04 00:00:00,339.9148514141091,2321007.0,339.24969995398544,342.50146331234157,337.1485973062273,MSFT,stock,True
2025-06-05,2025-06-05 00:00:00,339.24083273095073,3175225.0,335.35285777564144,341.2512095836925,333.1568779619707,MSFT,stock,True
2025-06-06,2025-06-06 00:00:00,335.31577277700353,2243286.0,334.0271659292544,335.5864389022719,333.24011853683663,MSFT,stock,True
2025-06-09,2025-06-09 00:00:00,334.0746897488575,4213069.0,331.1388227832649,334.45734991987007,328.26532008820885,MSFT,stock,True
2025-06-10,2025-06-10 00:00:00,330.9881440413348,2620705.0,334.4476543465045,335.2752573334006,330.22997978271127,MSFT,stock,True
2025-06-11,2025-06-11 00:00:00,334.5263525338705,4981285.0,338.9717758046876,342.17787975066744,332.2483403853732,MSFT,stock,True
2025-06-12,2025-06-12 00:00:00,338.8443871006211,4643339.0,335.9009320911714,339.7139056789405,333.20305623716007,MSFT,stock,True
2025-06-13,2025-06-13 00:00:00,335.7868419886345,2896599.0,331.8639779510908,337.0248391486815,328.5738037627747,MSFT,stock,True
2025-06-16,2025-06-16 00:00:00,331.69067051829677,2453294.0,327.49225349065205,332.1129100994748,326.61923125255294,MSFT,stock,True
2025-06-17,2025-06-17 00:00:00,327.33063012732396,4348332.0,330.73665867405856,332.0425746213757,326.61920750392363,MSFT,stock,True
2025-06-18,2025-06-18 00:00:00,330.65342359094177,3875276.0,331.8707383260672,335.0320839589051,329.61211688026526,MSFT,stock,True
2025-06-19,2025-06-19 00:00:00,331.80312723256617,958789.0,336.59457992919135,338.5484174334437,329.40195374314317,MSFT,stock,True
2025-06-20,2025-06-20 00:00:00,336.4697826235117,2642030.0,334.77250348537183,338.7933414675153,332.236246128119,MSFT,stock,True
2025-06-23,2025-06-23 00:00:00,334.67453182883844,2344174.0,338.89148239686,340.0233098672263,333.0582924968157,MSFT,stock,True
2025-06-24,2025-06-24 00:00:00,338.7238897217779,4015040.0,340.0208343321636,340.7617436344603,336.4999890532172,MSFT,stock,True
2025-06-25,2025-06-25 00:00:00,340.01646341718356,1645225.0,339.9662550422345,342.9856701219912,337.0291659791461,MSFT,stock,True
2025-06-26,2025-06-26 00:00:00,340.0278831591015,4810426.0,343.5940053601455,345.6862177883466,338.28177227255514,MSFT,stock,True
2025-06-27,2025-06-27 00:00:00,343.66837496282693,2928658.0,345.22916402566517,348.3755112098057,342.81304097006415,MSFT,stock,True
2025-06-30,2025-06-30 00:00:00,345.37933518261514,1523251.0,344.08238303427055,346.9479650563807,341.5969420505905,MSFT,stock,True
2025-07-01,2025-07-01 00:00:00,344.05759953507305,3479516.0,347.3553849343531,349.00097969102865,340.76107862503,MSFT,stock,True
2025-07-02,2025-07-02 00:00:00,347.2151499420678,3736328.0,349.1406315890067,350.1906900295184,346.2812646203257,MSFT,stock,True
2025-07-03,2025-07-03 00:00:00,349.292703484338,2036285.0,352.21521153488385,355.57089860873333,345.93785434379726,MSFT,stock,True
2025-07-04,2025-07-04 00:00:00,352.3223914316965,4328957.0,357.1836573885179,357.6686405191463,351.5344667994355,MSFT,stock,True
2025-07-07,2025-07-07 00:00:00,357.25768035474914,2478105.0,355.9693303261582,357.2955530311215,355.0929977618111,MSFT,stock,True
2025-07-08,2025-07-08 00:00:00,356.0889561839655,616935.0,359.6079615938644,362.0858925700862,355.64362348277655,MSFT,stock,True
2025-07-09,2025-07-09 00:00:00,359.6346227252771,723255.0,363.5053113537314,365.6916667785625,359.3187194328726,MSFT,stock,True
2025-07-10,2025-07-10 00:00:00,363.4538793889056,1686583.0,365.11975937117916,365.90221219042667,360.27067086410574,MSFT,stock,True
2025-07-11,2025-07-11 00:00:00,364.935306370209,3550556.0,368.06135235262326,368.5484386477258,362.6938217797304,MSFT,stock,True
2025-07-14,2025-07-14 00:00:00,368.01951204023976,2562495.0,367.66947064540585,370.5881598749039,365.48603146108235,MSFT,stock,True
2025-07-15,2025-07-15 00:00:00,367.7458181645058,1525353.0,364.0,370.8830105681838,363.15463604156935,MSFT,stock,True
2024-11-06,2024-11-06 00:00:00,392.67724507625536,4197155.0,387.8731259367831,393.1767450524522,387.3379728241476,GOOGL,stock,True
2024-11-07,2024-11-07 00:00:00,387.67277882326715,2370740.0,386.1531583224655,391.35312460054297,384.2182434290093,GOOGL,stock,True
2024-11-08,2024-11-08 00:00:00,386.1084391581221,4851925.0,390.28110757608135,391.58356729076274,384.3275939282179,GOOGL,stock,True
2024-11-11,2024-11-11 00:00:00,390.1773494218535,1138441.0,387.77294517866477,393.80330402909146,384.3028629020628,GOOGL,stock,True
2024-11-12,2024-11-12 00:00:00,387.70493536709705,3963740.0,382.4530209308077,390.4550866533397,382.2532593478538,GOOGL,stock,True
2024-11-13,2024-11-13 00:00:00,382.5646849006493,2892184.0,381.8876119538639,383.5637178318976,378.6905598190832,GOOGL,stock,True
2024-11-14,2024-11-14 00:00:00,381.701800186861,3812852.0,384.27783046224965,385.8568795270712,379.6931658893244,GOOGL,stock,True
2024-11-15,2024-11-15 00:00:00,384.1813941414409,2745777.0,378.5986870582457,385.39681925240217,375.33086890847744,GOOGL,stock,True
2024-11-18,2024-11-18 00:00:00,378.5033140459938,604434.0,382.1551044313883,382.3834938863123,378.1612551413527,GOOGL,stock,True
2024-11-19,2024-11-19 00:00:00,382.1034909067099,2065160.0,377.0501109119166,383.4231185263095,374.5889889773733,GOOGL,stock,True
2024-11-20,2024-11-20 00:00:00,377.1584455230543,2817338.0,379.0664434180841,382.3494087498582,375.0192946509213,GOOGL,stock,True
2024-11-21,2024-11-21 00:00:00,379.1244864616646,1046165.0,376.1450168205865,382.07154694435104,373.4189389751902,GOOGL,stock,True
2024-11-22,2024-11-22 00:00:00,376.25727014418027,876267.0,378.3536780536381,378.7408728210865,374.212871750921,GOOGL,stock,True
2024-11-25,2024-11-25 00:00:00,378.4926046393212,4562407.0,372.92586283947196,381.90508760402554,372.0365512331724,GOOGL,stock,True
2024-11-26,2024-11-26 00:00:00,373.0353726178923,2956106.0,374.4329857058405,375.6487101843789,372.8870955408463,GOOGL,stock,True
2024-11-27,2024-11-27 00:00:00,374.41044036754465,4769742.0,377.2229431460487,379.2723870303485,370.82558185042944,GOOGL,stock,True
2024-11-28,2024-11-28 00:00:00,377.15239111771416,812460.0,381.02492425958195,382.20129806546674,376.3579227209045,GOOGL,stock,True
2024-11-29,2024-11-29 00:00:00,380.883144929623,4293083.0,386.3740378709913,388.51558002960405,380.50874968741607,GOOGL,stock,True
2024-12-02,2024-12-02 00:00:00,386.49580509383736,4185510.0,390.7210260670878,391.0499774516409,385.90170758725776,GOOGL,stock,True
2024-12-03,2024-12-03 00:00:00,390.7879340492962,2942344.0,388.87030852402535,391.57573694122436,387.10828224588744,GOOGL,stock,True
2024-12-04,2024-12-04 00:00:00,388.9703632653808,3317837.0,387.22260149212946,389.5105966412514,386.2454479946257,GOOGL,stock,True
2024-12-05,2024-12-05 00:00:00,387.0135017868384,569583.0,386.90568440816565,389.7766492318051,386.1008347112901,GOOGL,stock,True
2024-12-06,2024-12-06 00:00:00,386.8610416709714,2867698.0,385.3187771028102,389.18617018107796,384.935170843913,GOOGL,stock,True
2024-12-09,2024-12-09 00:00:00,385.4174573938967,4062087.0,386.69276690619637,388.7259372312694,383.6546520294145,GOOGL,stock,True
2024-12-10,2024-12-10 00:00:00,386.7906236127429,3785029.0,384.96696373116094,390.0866105641219,383.5720248514067,GOOGL,stock,True
2024-12-11,2024-12-11 00:00:00,384.943702310802,4984909.0,380.11244800739263,385.2993114539393,379.6471763973046,GOOGL,stock,True
2024-12-12,2024-12-12 00:00:00,380.1986697471729,3797343.0,382.6175270743128,385.2808447849633,376.8571510778,GOOGL,stock,True
2024-12-13,2024-12-13 00:00:00,382.5799217132644,4110965.0,377.69834058003664,382.7632009055826,374.2797547478881,GOOGL,stock,True
2024-12-16,2024-12-16 00:00:00,377.71498543103843,3075897.0,380.727077623308,380.98477916795105,375.47718275684116,GOOGL,stock,True
2024-12-17,2024-12-17 00:00:00,380.72751143734257,2087856.0,377.2282488013038,383.67079775437514,375.73128362691403,GOOGL,stock,True
2024-12-18,2024-12-18 00:00:00,377.0725316979082,3605756.0,374.2439667034973,377.83523459348646,373.35716934336045,GOOGL,stock,True
2024-12-19,2024-12-19 00:00:00,374.2273159449406,1309456.0,378.6089850204674,381.989159724936,373.85414964868767,GOOGL,stock,True
2024-12-20,2024-12-20 00:00:00,378.58042033660905,4152153.0,374.62807523186177,379.82106804622964,373.7589531557842,GOOGL,stock,True
2024-12-23,2024-12-23 00:00:00,374.77368197538385,2219864.0,379.30241374055174,380.0211062291827,372.0923716760126,GOOGL,stock,True
2024-12-24,2024-12-24 00:00:00,379.41956712043736,2088719.0,381.2498894567525,383.5600007051005,378.43849528871783,GOOGL,stock,True
2024-12-25,2024-12-25 00:00:00,381.3219020820267,2547773.0,381.83930883214083,381.9565270435495,381.1320245296701,GOOGL,stock,True
2024-12-26,2024-12-26 00:00:00,381.9436588021548,4613686.0,377.0545523052883,383.0431081325824,373.5230885421307,GOOGL,stock,True
2024-12-27,2024-12-27 00:00:00,376.9102707949547,1435914.0,376.613894723599,377.0357669024986,373.95841400083117,GOOGL,stock,True
2024-12-30,2024-12-30 00:00:00,376.4954064595077,4308023.0,372.7745705569245,378.6756315381224,369.37880264005406,GOOGL,stock,True
2024-12-31,2024-12-31 00:00:00,372.659461603081,1866575.0,371.25793344724633,374.2540241253677,367.9741275644913,GOOGL,stock,True
2025-01-01,2025-01-01 00:00:00,371.3742716656609,3567852.0,368.958618810018,371.97669272898065,367.07549430017,GOOGL,stock,True
2025-01-02,2025-01-02 00:00:00,368.92222937338784,1815306.0,368.5405653803245,371.39819384476266,366.38835162594023,GOOGL,stock,True
2025-01-03,2025-01-03 00:00:00,368.37381734586455,3962019.0,372.20555485608867,373.44373199317454,368.25689922510475,GOOGL,stock,True
2025-01-06,2025-01-06 00:00:00,372.3326454923176,542587.0,369.19252302875805,373.0135048675382,365.96596585260556,GOOGL,stock,True
2025-01-07,2025-01-07 00:00:00,369.0105937676207,1186098.0,368.8154938532865,370.12245811575474,368.78720623723467,GOOGL,stock,True
2025-01-08,2025-01-08 00:00:00,368.7831940682982,1163496.0,365.25714740404976,369.57706336011097,362.41829093564746,GOOGL,stock,True
2025-01-09,2025-01-09 00:00:00,365.14567909723735,1935686.0,370.0917386487933,372.41402334153236,361.654274021725,GOOGL,stock,True
2025-01-10,2025-01-10 00:00:00,370.2034895219129,4525556.0,371.5013733255403,371.5024556207114,366.548283164349,GOOGL,stock,True
2025-01-13,2025-01-13 00:00:00,371.5331174871622,3610080.0,368.7452687441871,373.190422956878,368.0717024133729,GOOGL,stock,True
2025-01-14,2025-01-14 00:00:00,368.80133616924735,2370068.0,364.4174852989971,370.54294608044376,362.27116282463,GOOGL,stock,True
2025-01-15,2025-01-15 00:00:00,364.50322692125286,3807477.0,367.51608779135125,369.16803180040097,363.1328708637724,GOOGL,stock,True
2025-01-16,2025-01-16 00:00:00,367.3296675830119,573081.0,370.18449241495534,373.85608676948954,364.1649560901062,GOOGL,stock,True
2025-01-17,2025-01-17 00:00:00,370.12706959378295,2591631.0,373.47729451559303,376.29270934964666,369.2003546770358,GOOGL,stock,True
2025-01-20,2025-01-20 00:00:00,373.4961074919046,3982115.0,370.60880123369986,374.55017040637625,368.271384969904,GOOGL,stock,True
2025-01-21,2025-01-21 00:00:00,370.54169446432246,791599.0,373.632842021796,375.47194968139337,366.8681413597953,GOOGL,stock,True
2025-01-22,2025-01-22 00:00:00,373.4670074941756,4410882.0,372.6758510542003,376.83048117456366,369.9950534576674,GOOGL,stock,True
2025-01-23,2025-01-23 00:00:00,372.80477771217284,1363721.0,368.8660776300631,373.17213303105075,368.6138752934756,GOOGL,stock,True
2025-01-24,2025-01-24 00:00:00,368.9733602106332,2279093.0,372.74023398260096,375.2972811325273,365.7401274744606,GOOGL,stock,True
2025-01-27,2025-01-27 00:00:00,372.70492331742787,3319739.0,368.4841314067097,375.92946469754787,365.1101998145645,GOOGL,stock,True
2025-01-28,2025-01-28 00:00:00,368.47676263572697,3751903.0,372.5361078305049,372.55799334404384,366.3021353313675,GOOGL,stock,True
2025-01-29,2025-01-29 00:00:00,372.4863534868736,3827493.0,373.7221436262102,376.49822955327966,372.42821261180745,GOOGL,stock,True
2025-01-30,2025-01-30 00:00:00,373.78898178366865,3013675.0,370.30892024477464,375.3276315021358,369.50060000488355,GOOGL,stock,True
2025-01-31,2025-01-31 00:00:00,370.1607955699282,2837535.0,372.0846557223852,374.27848548607534,368.5015797311463,GOOGL,stock,True
2025-02-03,2025-02-03 00:00:00,372.02016383868863,1926942.0,371.3946098474113,372.14837414594575,368.2828922550494,GOOGL,stock,True
2025-02-04,2025-02-04 00:00:00,371.5137335799987,2241979.0,368.1135085407884,374.83316877735496,366.8888588856502,GOOGL,stock,True
2025-02-05,2025-02-05 00:00:00,367.97128510880384,2611822.0,372.6396685986167,375.1298527783603,364.6363992287945,GOOGL,stock,True
2025-02-06,2025-02-06 00:00:00,372.7727932282992,1948701.0,374.76397231102584,376.6168245580965,369.84452743206253,GOOGL,stock,True
2025-02-07,2025-02-07 00:00:00,374.81131256990574,3051325.0,378.8072749568929,380.25184458427714,371.7650247577541,GOOGL,stock,True
2025-02-10,2025-02-10 00:00:00,378.8410999825939,3397941.0,376.76776491504205,381.20146174672334,373.9624880770278,GOOGL,stock,True
2025-02-11,2025-02-11 00:00:00,376.6049529966169,2077057.0,378.99396110155993,381.3468116991842,373.7873191745539,GOOGL,stock,True
2025-02-12,2025-02-12 00:00:00,379.0414742496021,2776113.0,382.03884416464734,383.79857213511315,376.30029612846687,GOOGL,stock,True
2025-02-13,2025-02-13 00:00:00,381.898581091576,1668163.0,382.76163363449245,382.97557205426443,381.18106045451964,GOOGL,stock,True
2025-02-14,2025-02-14 00:00:00,382.71642017191886,2267490.0,382.1213262497453,384.4501355166094,380.1400978201708,GOOGL,stock,True
2025-02-17,2025-02-17 00:00:00,382.00010435123386,1360251.0,377.0928445094239,385.62879692374776,375.86204580391575,GOOGL,stock,True
2025-02-18,2025-02-18 00:00:00,377.1121776959167,4597208.0,380.41859223540575,382.70351673255124,374.9460269649878,GOOGL,stock,True
2025-02-19,2025-02-19 00:00:00,380.3693311100293,1420134.0,374.9188840195249,380.4213322705716,372.1005602888999,GOOGL,stock,True
2025-02-20,2025-02-20 00:00:00,374.8041371502425,3258066.0,380.27906052058063,380.6476316047745,371.7931832768338,GOOGL,stock,True
2025-02-21,2025-02-21 00:00:00,380.2046623184819,2660343.0,376.49475390448526,381.2026762629724,376.13949612802065,GOOGL,stock,True
2025-02-24,2025-02-24 00:00:00,376.4149558452647,1771632.0,379.33405139673533,380.4563438591632,374.8838495289703,GOOGL,stock,True
2025-02-25,2025-02-25 00:00:00,379.32705917991814,3044710.0,376.0976565764459,379.52333195727846,373.4507878286239,GOOGL,stock,True
2025-02-26,2025-02-26 00:00:00,376.26081430080853,1056954.0,376.4872031180435,377.47644339085014,375.45291878731314,GOOGL,stock,True
2025-02-27,2025-02-27 00:00:00,376.60206207575067,1846014.0,371.64840486821146,376.65067531778084,370.8555192786136,GOOGL,stock,True
2025-02-28,2025-02-28 00:00:00,371.45563975649185,3815015.0,371.02780820980394,375.04615026858187,368.160015157097,GOOGL,stock,True
2025-03-03,2025-03-03 00:00:00,371.09784634820124,4913461.0,374.06546047520465,375.5310137928244,369.45180163803064,GOOGL,stock,True
2025-03-04,2025-03-04 00:00:00,374.21410179726615,2847905.0,370.36963642710197,377.57389393044156,369.8739891172696,GOOGL,stock,True
2025-03-05,2025-03-05 00:00:00,370.2761544123335,3081395.0,374.8478901941274,376.89428724768356,366.74556536570674,GOOGL,stock,True
2025-03-06,2025-03-06 00:00:00,374.9620622698511,1303433.0,376.89864469773624,378.60384882708655,374.9163491582441,GOOGL,stock,True
2025-03-07,2025-03-07 00:00:00,376.9530232160138,3068417.0,374.4303431845928,378.0504105212588,373.7180991865977,GOOGL,stock,True
2025-03-10,2025-03-10 00:00:00,374.5742985139716,2150905.0,371.5247480857848,377.71247464983804,369.058327783436,GOOGL,stock,True
2025-03-11,2025-03-11 00:00:00,371.46803931599896,2415746.0,367.98538539652304,372.31724246047617,365.83009216196166,GOOGL,stock,True
2025-03-12,2025-03-12 00:00:00,368.0127621322957,635118.0,368.27557995900804,369.3096867815061,366.4897891130532,GOOGL,stock,True
2025-03-13,2025-03-13 00:00:00,368.38856849273213,3524369.0,364.7375639705499,371.9703154639422,364.4336297534495,GOOGL,stock,True
2025-03-14,2025-03-14 00:00:00,364.7630615047639,2965997.0,367.22196707977514,369.4427404165506,364.68647388450296,GOOGL,stock,True
2025-03-17,2025-03-17 00:00:00,367.0291289856386,3398721.0,370.3979200570252,373.12819175397107,366.95045937069324,GOOGL,stock,True
2025-03-18,2025-03-18 00:00:00,370.2199888243579,4287083.0,373.7303034377798,377.3910939699852,367.93597302326697,GOOGL,stock,True
2025-03-19,2025-03-19 00:00:00,373.6592823243443,3654278.0,375.36073328420025,378.7437531351626,373.64480494689377,GOOGL,stock,True
2025-03-20,2025-03-20 00:00:00,375.3012032615214,4883654.0,373.79812023649674,377.4483307259541,372.405916584011,GOOGL,stock,True
2025-03-21,2025-03-21 00:00:00,373.69379801048626,3038332.0,370.2087211647416,376.3190998884302,366.9164725796878,GOOGL,stock,True
2025-03-24,2025-03-24 00:00:00,370.1531219485487,1277744.0,370.92997714717063,373.78345741771517,367.20549231264306,GOOGL,stock,True
2025-03-25,2025-03-25 00:00:00,371.0255699059567,534496.0,375.39256760210407,375.6358061929177,367.8239703687119,GOOGL,stock,True
2025-03-26,2025-03-26 00:00:00,375.2552004971264,2889564.0,374.58792019552453,375.84453100125614,372.6713490312438,GOOGL,stock,True
2025-03-27,2025-03-27 00:00:00,374.4407459045078,1896981.0,379.3522998266451,379.7421599285309,374.2543099482687,GOOGL,stock,True
2025-03-28,2025-03-28 00:00:00,379.42191343325203,764796.0,384.84097379512747,384.8528815497151,378.66094064237075,GOOGL,stock,True
2025-03-31,2025-03-31 00:00:00,384.63423671599827,830638.0,383.52280026098305,388.2196535133559,380.794753438485,GOOGL,stock,True
2025-04-01,2025-04-01 00:00:00,383.5783621059686,3004295.0,385.0754805145746,385.5630779864806,383.3188338221267,GOOGL,stock,True
2025-04-02,2025-04-02 00:00:00,385.1850733525729,3715381.0,381.22328766280253,385.31585955726223,378.06804703694075,GOOGL,stock,True
2025-04-03,2025-04-03 00:00:00,381.02263487290674,963301.0,380.1523158995713,382.0907601032839,377.9591448210668,GOOGL,stock,True
2025-04-04,2025-04-04 00:00:00,379.94850292405795,2535566.0,380.48882073120717,382.16814390777654,377.20560693794033,GOOGL,stock,True
2025-04-07,2025-04-07 00:00:00,380.52890266077503,2684837.0,384.8776015226305,387.0345584695896,380.3403992119678,GOOGL,stock,True
2025-04-08,2025-04-08 00:00:00,384.7665892649789,1038450.0,387.13183125941765,388.9712464190771,381.8305296527497,GOOGL,stock,True
2025-04-09,2025-04-09 00:00:00,387.11343602831806,546540.0,387.0648612426712,390.0107514979307,386.3017300490294,GOOGL,stock,True
2025-04-10,2025-04-10 00:00:00,386.99290386016077,2696861.0,392.84822967495836,395.95151822404546,386.6367156551275,GOOGL,stock,True
2025-04-11,2025-04-11 00:00:00,392.9915249745033,1613562.0,394.14285664575345,396.3362930396138,391.68198425465954,GOOGL,stock,True
2025-04-14,2025-04-14 00:00:00,394.04270699219165,1115455.0,393.9596236216469,397.69006112975046,390.37642150238514,GOOGL,stock,True
2025-04-15,2025-04-15 00:00:00,394.08102920063754,4645512.0,399.5604188592754,401.6893032645413,393.0713489562178,GOOGL,stock,True
2025-04-16,2025-04-16 00:00:00,399.65862860448294,1435076.0,394.42405926103817,399.815251456752,393.2419591186594,GOOGL,stock,True
2025-04-17,2025-04-17 00:00:00,394.4261305903851,4440420.0,393.7131537017148,397.19004120183115,391.4661724099134,GOOGL,stock,True
2025-04-18,2025-04-18 00:00:00,393.671426429002,4194375.0,399.2917837645398,401.6041836462366,390.19761282464924,GOOGL,stock,True
2025-04-21,2025-04-21 00:00:00,399.22022823293895,3145880.0,400.4392450183555,404.272740574589,398.0393422539928,GOOGL,stock,True
2025-04-22,2025-04-22 00:00:00,400.2737180739102,1525799.0,396.53677455072597,404.21494971909834,394.3562920140272,GOOGL,stock,True
2025-04-23,2025-04-23 00:00:00,396.3674196122512,1997020.0,391.43877419807825,400.0257711023017,390.6179102783278,GOOGL,stock,True
2025-04-24,2025-04-24 00:00:00,391.2825169649826,4555168.0,396.2557085553736,398.66800043595407,390.3377246790046,GOOGL,stock,True
2025-04-25,2025-04-25 00:00:00,396.079807591537,1005646.0,390.6336186048732,398.50745303870815,387.3618248399469,GOOGL,stock,True
2025-04-28,2025-04-28 00:00:00,390.4947514341104,3739610.0,388.5526307223586,393.11424377913545,388.50472354190356,GOOGL,stock,True
2025-04-29,2025-04-29 00:00:00,388.60871403179493,1508960.0,386.29077764158114,391.7613554123184,383.21259925141675,GOOGL,stock,True
2025-04-30,2025-04-30 00:00:00,386.1976172864472,1466942.0,387.5099150511581,387.5555904104961,384.2574488981628,GOOGL,stock,True
2025-05-01,2025-05-01 00:00:00,387.586607032198,3060694.0,390.9049065449911,394.2767107902061,383.8198140360089,GOOGL,stock,True
2025-05-02,2025-05-02 00:00:00,390.78541727233267,1124827.0,394.29419679835155,395.8504688159233,388.3220744754905,GOOGL,stock,True
2025-05-05,2025-05-05 00:00:00,394.28451438620147,2212883.0,398.2757093075858,401.63724160837427,390.3741292551581,GOOGL,stock,True
2025-05-06,2025-05-06 00:00:00,398.16802279038603,2547667.0,394.8292731916271,399.997277467167,394.76897718733204,GOOGL,stock,True
2025-05-07,2025-05-07 00:00:00,394.7312953665596,4331374.0,393.9972135397162,396.0152411298025,393.960792565616,GOOGL,stock,True
2025-05-08,2025-05-08 00:00:00,393.9356591544223,4091509.0,397.0666296269591,398.87387826529476,391.4680384525777,GOOGL,stock,True
2025-05-09,2025-05-09 00:00:00,397.0910320876592,613106.0,397.0240119515648,397.7373423871417,396.7647682077134,GOOGL,stock,True
2025-05-12,2025-05-12 00:00:00,397.18082136707244,585220.0,394.0184348958971,398.95117396913474,391.8123568140763,GOOGL,stock,True
2025-05-13,2025-05-13 00:00:00,393.9468119562888,973207.0,389.77103823628704,394.09633897056386,387.4457910318672,GOOGL,stock,True
2025-05-14,2025-05-14 00:00:00,389.7110320832533,1378740.0,392.3749852613136,392.82660186704896,387.20077278471473,GOOGL,stock,True
2025-05-15,2025-05-15 00:00:00,392.22915941224915,1590047.0,390.36336397106635,393.3263217231892,388.0302947682089,GOOGL,stock,True
2025-05-16,2025-05-16 00:00:00,390.4610715911861,1412114.0,390.99221555606147,393.09587560729375,389.4888418862561,GOOGL,stock,True
2025-05-19,2025-05-19 00:00:00,390.8667645475219,3504377.0,394.6322816257513,394.63229921795926,388.17445197847337,GOOGL,stock,True
2025-05-20,2025-05-20 00:00:00,394.6421351064051,3713184.0,397.69654910055476,399.3710627318819,391.5931011709907,GOOGL,stock,True
2025-05-21,2025-05-21 00:00:00,397.520409992165,3271180.0,396.6798257615279,397.96044310021887,394.56129502032235,GOOGL,stock,True
2025-05-22,2025-05-22 00:00:00,396.7763204562338,1940061.0,393.32506030962514,398.94242772319285,390.0961183534328,GOOGL,stock,True
2025-05-23,2025-05-23 00:00:00,393.29662143938117,2460781.0,394.435796926654,395.5994287374686,392.5306142563758,GOOGL,stock,True
2025-05-26,2025-05-26 00:00:00,394.531015013152,899853.0,393.51775026270656,397.46136198204897,390.9268931891555,GOOGL,stock,True
2025-05-27,2025-05-27 00:00:00,393.5907533826072,4914875.0,397.26356542326,401.08395296506046,393.10786314699783,GOOGL,stock,True
2025-05-28,2025-05-28 00:00:00,397.1716682876137,3400813.0,402.727726932595,402.9149641819906,395.5946499216431,GOOGL,stock,True
2025-05-29,2025-05-29 00:00:00,402.58463339738324,4330795.0,407.089231869762,408.9967193611143,401.7069673725384,GOOGL,stock,True
2025-05-30,2025-05-30 00:00:00,407.2303004106492,2544006.0,401.498195606196,408.4230102800418,401.1927441217652,GOOGL,stock,True
2025-06-02,2025-06-02 00:00:00,401.6624806757208,2435030.0,398.5114709693981,403.0260371781291,396.4733221263873,GOOGL,stock,True
2025-06-03,2025-06-03 00:00:00,398.4213970344626,2523598.0,396.08234095481833,401.66575488445017,395.24413583914287,GOOGL,stock,True
2025-06-04,2025-06-04 00:00:00,395.8724662128966,3331850.0,391.91642063265937,396.36964519472093,390.99419533860396,GOOGL,stock,True
2025-06-05,2025-06-05 00:00:00,391.9889755409435,730802.0,391.37801287863,393.2795544418617,387.9287890079932,GOOGL,stock,True
2025-06-06,2025-06-06 00:00:00,391.3403738641296,1015365.0,395.28408919298886,397.01842726605105,389.4379185233657,GOOGL,stock,True
2025-06-09,2025-06-09 00:00:00,395.2804342745054,4234371.0,399.9827902362056,403.127844776206,394.0946072788715,GOOGL,stock,True
2025-06-10,2025-06-10 00:00:00,399.98486420589353,3349429.0,396.30889884974124,403.2993002388307,393.68448924296575,GOOGL,stock,True
2025-06-11,2025-06-11 00:00:00,396.45463505781845,4516006.0,399.1105081276366,401.15519580853294,394.4131986506531,GOOGL,stock,True
2025-06-12,2025-06-12 00:00:00,398.98390987883334,1843095.0,397.32476338126577,399.4990961354246,396.44757118990543,GOOGL,stock,True
2025-06-13,2025-06-13 00:00:00,397.44276411680073,2473382.0,399.63001752556517,401.6468600111665,395.32386983920503,GOOGL,stock,True
2025-06-16,2025-06-16 00:00:00,399.6577714638662,2951326.0,398.1288982597467,400.6619604323715,396.00664282318957,GOOGL,stock,True
2025-06-17,2025-06-17 00:00:00,398.2413849303943,3464574.0,398.98393168034744,400.88845224924887,395.35511655284097,GOOGL,stock,True
2025-06-18,2025-06-18 00:00:00,398.8789678001464,1583151.0,403.4397274485709,406.1492624900027,398.06944187501733,GOOGL,stock,True
2025-06-19,2025-06-19 00:00:00,403.2712962420348,3472818.0,400.54207102556535,404.48414698392315,398.90304619600454,GOOGL,stock,True
2025-06-20,2025-06-20 00:00:00,400.33211726425776,3763437.0,403.1942491889231,405.73847453031436,399.6092622372912,GOOGL,stock,True
2025-06-23,2025-06-23 00:00:00,403.0031686879506,4191137.0,403.7135038019259,403.7173640684098,401.0295687357243,GOOGL,stock,True
2025-06-24,2025-06-24 00:00:00,403.86483386530665,2228835.0,407.38601871152116,407.68058577017905,399.87287644516283,GOOGL,stock,True
2025-06-25,2025-06-25 00:00:00,407.1860207407393,1543959.0,407.57883943306604,410.65160907118457,403.9020830820841,GOOGL,stock,True
2025-06-26,2025-06-26 00:00:00,407.65494675717673,3683124.0,409.69778198210025,410.59053471654215,406.93558866628433,GOOGL,stock,True
2025-06-27,2025-06-27 00:00:00,409.7192771108299,3993245.0,410.3833014303032,411.0868974309389,408.22112437310847,GOOGL,stock,True
2025-06-30,2025-06-30 00:00:00,410.2896443544308,945343.0,412.5461747133782,414.48614025168484,407.0997955444208,GOOGL,stock,True
2025-07-01,2025-07-01 00:00:00,412.4232964500017,1282879.0,409.52795340973546,413.89015998227364,408.4486388120591,GOOGL,stock,True
2025-07-02,2025-07-02 00:00:00,409.4147273640812,3119502.0,414.7993843174316,418.7829870012639,406.721288304576,GOOGL,stock,True
2025-07-03,2025-07-03 00:00:00,414.9653714643995,4083499.0,413.0299693467347,417.20177339228184,409.9230940895726,GOOGL,stock,True
2025-07-04,2025-07-04 00:00:00,412.8791913051177,4246030.0,410.8990818658722,414.35073590057465,409.55878031909714,GOOGL,stock,True
2025-07-07,2025-07-07 00:00:00,411.07645289353263,4862265.0,412.9326215105078,414.9486749456816,407.199481533924,GOOGL,stock,True
2025-07-08,2025-07-08 00:00:00,412.8984368580458,2224329.0,418.7476642447153,420.8038895861923,411.69729310295486,GOOGL,stock,True
2025-07-09,2025-07-09 00:00:00,418.550843509125,1507101.0,424.24720416684414,426.90305489694936,418.0698826376285,GOOGL,stock,True
2025-07-10,2025-07-10 00:00:00,424.3089787864014,918184.0,423.6155021248086,425.4551281117836,420.74169376829457,GOOGL,stock,True
2025-07-11,2025-07-11 00:00:00,423.70128526230303,3171423.0,428.74676429709075,430.3583744292178,421.61428446464663,GOOGL,stock,True
2025-07-14,2025-07-14 00:00:00,428.80620177918246,4470195.0,427.5427701661109,430.26264394273767,424.4650221820804,GOOGL,stock,True
2025-07-15,2025-07-15 00:00:00,427.7145924292618,1132317.0,426.0,428.2083663060438,424.5947038829769,GOOGL,stock,True
2024-11-06,2024-11-06 00:00:00,398.0841960512474,886660.0,399.0419889575813,402.6565215499638,394.4476341795232,AMZN,stock,True
2024-11-07,2024-11-07 00:00:00,398.95590914561717,2525101.0,400.3108295828791,402.0605155416393,397.7770118896953,AMZN,stock,True
2024-11-08,2024-11-08 00:00:00,400.3292614900152,1356345.0,405.5552633282685,408.5311199385737,398.14571709639836,AMZN,stock,True
2024-11-11,2024-11-11 00:00:00,405.6837365499717,1338229.0,404.42362662782216,406.1114953941829,400.51637984049245,AMZN,stock,True
2024-11-12,2024-11-12 00:00:00,404.46479880426307,1201357.0,401.4507252087939,406.3135669046565,400.9553361375246,AMZN,stock,True
2024-11-13,2024-11-13 00:00:00,401.3002255160361,2354820.0,400.2674225658723,403.03658354420395,396.67655424083637,AMZN,stock,True
2024-11-14,2024-11-14 00:00:00,400.31078540025635,2083808.0,404.4657039526792,407.8654639761536,400.11651446305234,AMZN,stock,True
2024-11-15,2024-11-15 00:00:00,404.54498220285046,1304603.0,408.9112370683157,410.75822233785556,404.1147236123785,AMZN,stock,True
2024-11-18,2024-11-18 00:00:00,408.90643372449,951772.0,404.08638047677607,410.8228863520799,403.0243169893989,AMZN,stock,True
2024-11-19,2024-11-19 00:00:00,404.1486946885001,3443435.0,410.15871847370386,414.23112001009315,401.59946601541617,AMZN,stock,True
2024-11-20,2024-11-20 00:00:00,410.0438164039382,3437500.0,406.86085744124154,412.91693012544573,405.7095572511092,AMZN,stock,True
2024-11-21,2024-11-21 00:00:00,406.91982615759525,1446122.0,410.93166884145273,412.9667841767206,405.6600427407964,AMZN,stock,True
2024-11-22,2024-11-22 00:00:00,410.9170998688956,3741413.0,410.02859956499725,413.8307013187797,406.8786921763805,AMZN,stock,True
2024-11-25,2024-11-25 00:00:00,410.07389873706705,1852687.0,405.142334583241,411.9267782215445,402.957580205052,AMZN,stock,True
2024-11-26,2024-11-26 00:00:00,405.32296400556737,2972470.0,400.96384403387776,405.57371717616786,398.9558375612904,AMZN,stock,True
2024-11-27,2024-11-27 00:00:00,400.8738044428637,2212228.0,399.406726618582,402.8977459548501,396.2548184624105,AMZN,stock,True
2024-11-28,2024-11-28 00:00:00,399.349329526332,4004347.0,399.4546249811674,401.9588046994754,398.0340126281452,AMZN,stock,True
2024-11-29,2024-11-29 00:00:00,399.45757686664723,2149427.0,397.69381242714064,403.3185516503072,395.0818080302101,AMZN,stock,True
2024-12-02,2024-12-02 00:00:00,397.8220559406293,1982798.0,397.43332237510293,400.3090967191128,397.01275067897984,AMZN,stock,True
2024-12-03,2024-12-03 00:00:00,397.3306450997793,4883481.0,393.366358281639,398.8738713781821,392.36786706805793,AMZN,stock,True
2024-12-04,2024-12-04 00:00:00,393.2999269743931,3214401.0,394.5954895011214,396.04526855207155,390.4343167768263,AMZN,stock,True
2024-12-05,2024-12-05 00:00:00,394.3873064088399,2105859.0,390.21209025281604,397.3614036147894,389.457622169132,AMZN,stock,True
2024-12-06,2024-12-06 00:00:00,390.1579116335065,1402394.0,393.01597928406636,393.88778093022796,386.71892704029204,AMZN,stock,True
2024-12-09,2024-12-09 00:00:00,393.06065066146186,4864603.0,396.2452646155804,397.73893408451613,391.2860541132052,AMZN,stock,True
2024-12-10,2024-12-10 00:00:00,396.1977720968885,4636537.0,400.2876341330767,402.3483727130713,393.79905227651665,AMZN,stock,True
2024-12-11,2024-12-11 00:00:00,400.12594726475567,3666414.0,400.77859209274743,401.0226722210434,398.69007482973916,AMZN,stock,True
2024-12-12,2024-12-12 00:00:00,400.85210941655987,4055052.0,401.4173109713224,402.73378858054275,399.9796567947447,AMZN,stock,True
2024-12-13,2024-12-13 00:00:00,401.3208616752761,1121020.0,401.31155991889744,403.0343953488113,398.6774026647004,AMZN,stock,True
2024-12-16,2024-12-16 00:00:00,401.3814751584604,4766894.0,404.85446998271755,406.4522669015038,399.47244004544433,AMZN,stock,True
2024-12-17,2024-12-17 00:00:00,404.67373791084947,1281839.0,408.8706263630895,409.7750544293388,400.99418754302343,AMZN,stock,True
2024-12-18,2024-12-18 00:00:00,408.8531501010946,2855288.0,405.8314374559931,409.62737224095576,403.96389553055855,AMZN,stock,True
2024-12-19,2024-12-19 00:00:00,405.7277621233983,3732199.0,409.19435497173504,411.6810922865101,404.855617277779,AMZN,stock,True
2024-12-20,2024-12-20 00:00:00,409.07313267792637,3296659.0,411.0173799160198,411.0373264333482,405.5679241139931,AMZN,stock,True
2024-12-23,2024-12-23 00:00:00,411.19409838942505,571680.0,413.80104141696086,415.51878377563054,410.92066148128555,AMZN,stock,True
2024-12-24,2024-12-24 00:00:00,413.93431443262097,2543758.0,409.78468667796307,414.1652594031288,408.38867255820395,AMZN,stock,True
2024-12-25,2024-12-25 00:00:00,409.74893366167254,4268286.0,410.4649290619157,412.86193259270027,409.72036544043954,AMZN,stock,True
2024-12-26,2024-12-26 00:00:00,410.2883881142992,4653987.0,410.87740050694066,411.3761819589144,407.56265998342104,AMZN,stock,True
2024-12-27,2024-12-27 00:00:00,410.95047418697266,707264.0,408.22837306107,411.9203146635412,405.30899054258845,AMZN,stock,True
2024-12-30,2024-12-30 00:00:00,408.2260311469936,847028.0,412.1865802390568,414.142499875312,408.0919722658038,AMZN,stock,True
2024-12-31,2024-12-31 00:00:00,412.0266493709801,4787002.0,406.3137671581639,413.6154998529536,402.536111451315,AMZN,stock,True
2025-01-01,2025-01-01 00:00:00,406.29928621370425,2771036.0,409.7310482437248,412.26005747899393,405.9376997471648,AMZN,stock,True
2025-01-02,2025-01-02 00:00:00,409.5803034635366,2732760.0,405.7702286237111,410.57381432786576,402.551433297201,AMZN,stock,True
2025-01-03,2025-01-03 00:00:00,405.7472178813772,1433580.0,401.9718742921811,406.43403624142206,399.2393263313524,AMZN,stock,True
2025-01-06,2025-01-06 00:00:00,402.0727576154843,4645038.0,401.31002564816396,406.04344136621006,399.6213536900129,AMZN,stock,True
2025-01-07,2025-01-07 00:00:00,401.42973827398725,1078525.0,405.77253418567636,408.960103547746,398.70701343579333,AMZN,stock,True
2025-01-08,2025-01-08 00:00:00,405.83548231986794,832701.0,408.91274561388605,409.8091971803066,403.68714431669895,AMZN,stock,True
2025-01-09,2025-01-09 00:00:00,408.8185948531041,4316678.0,409.23679766599685,410.5877176729022,408.65760235612055,AMZN,stock,True
2025-01-10,2025-01-10 00:00:00,409.1627534291812,1572390.0,414.62096510516284,415.35115296286256,407.08436030867784,AMZN,stock,True
2025-01-13,2025-01-13 00:00:00,414.50059613227637,2845631.0,416.6705540175996,420.10061215148005,411.07913207177177,AMZN,stock,True
2025-01-14,2025-01-14 00:00:00,416.47436471508246,3739302.0,422.60582420764774,423.4581068369056,412.6663253316848,AMZN,stock,True
2025-01-15,2025-01-15 00:00:00,422.538620029845,2500414.0,428.287255444919,431.02571463473976,422.4931352483743,AMZN,stock,True
2025-01-16,2025-01-16 00:00:00,428.3620031114926,4163870.0,429.9668483524668,433.8391201544722,426.4312291960299,AMZN,stock,True
2025-01-17,2025-01-17 00:00:00,429.9861182585874,3078536.0,433.9806586377579,436.66743191268546,426.26766763166506,AMZN,stock,True
2025-01-20,2025-01-20 00:00:00,434.02753242402275,2880456.0,429.94721391939345,436.70768825620036,426.12182928037225,AMZN,stock,True
2025-01-21,2025-01-21 00:00:00,429.74939480594514,648203.0,427.24258345221335,432.5537869446269,426.34878641451326,AMZN,stock,True
2025-01-22,2025-01-22 00:00:00,427.2772075491772,1871166.0,425.15585041085575,430.1322885972327,421.6734720237896,AMZN,stock,True
2025-01-23,2025-01-23 00:00:00,425.046533940005,1725389.0,426.4980329339386,429.2598013878783,424.94627111052097,AMZN,stock,True
2025-01-24,2025-01-24 00:00:00,426.4028357516589,4049509.0,425.7252626818274,430.0856431286908,422.26126987711575,AMZN,stock,True
2025-01-27,2025-01-27 00:00:00,425.79259600432,2550280.0,428.63748853091846,429.11543370650475,423.5473375983019,AMZN,stock,True
2025-01-28,2025-01-28 00:00:00,428.531996657743,1874088.0,422.2537052901998,431.29561097266713,419.4911875325246,AMZN,stock,True
2025-01-29,2025-01-29 00:00:00,422.3903525807464,1399228.0,420.9149830980402,424.45830633861874,420.88630677770357,AMZN,stock,True
2025-01-30,2025-01-30 00:00:00,420.7762870548835,4089372.0,420.2506620437311,422.34896960659626,417.3026084463032,AMZN,stock,True
2025-01-31,2025-01-31 00:00:00,420.3162595342641,1559258.0,422.7387254055144,423.1263244085286,416.808209249905,AMZN,stock,True
2025-02-03,2025-02-03 00:00:00,422.84495983175617,4963524.0,422.3645287600914,424.7067816678623,420.6420275938649,AMZN,stock,True
2025-02-04,2025-02-04 00:00:00,422.22020450108704,4219977.0,424.7264476612375,425.04226711002474,420.4271082601589,AMZN,stock,True
2025-02-05,2025-02-05 00:00:00,424.56612233441246,3406450.0,420.93073945186615,426.04235221036146,419.13619692610473,AMZN,stock,True
2025-02-06,2025-02-06 00:00:00,420.7906109791516,4958404.0,420.14146696251606,421.0543089886422,416.83452270069483,AMZN,stock,True
2025-02-07,2025-02-07 00:00:00,419.9443723728182,3077487.0,424.31384866224823,426.4320704577765,419.2633403247144,AMZN,stock,True
2025-02-10,2025-02-10 00:00:00,424.1363699637453,3623084.0,418.53628777734355,426.59825266775846,417.4048007690741,AMZN,stock,True
2025-02-11,2025-02-11 00:00:00,418.6775997302386,4241637.0,420.09327263439764,421.59506058911853,417.0839693787096,AMZN,stock,True
2025-02-12,2025-02-12 00:00:00,419.90719694445363,3979903.0,420.3343504597478,422.8930642846106,417.8236891522401,AMZN,stock,True
2025-02-13,2025-02-13 00:00:00,420.3734272823176,1419222.0,420.3008860745849,422.6518330247957,417.893722035244,AMZN,stock,True
2025-02-14,2025-02-14 00:00:00,420.1914513489663,4558866.0,418.6658098679251,420.5933340869972,417.53176092301806,AMZN,stock,True
2025-02-17,2025-02-17 00:00:00,418.67651053022075,1829653.0,421.89094168828683,425.35744855321826,417.145753587235,AMZN,stock,True
2025-02-18,2025-02-18 00:00:00,421.92024801203496,1404760.0,417.4933239917801,422.5944357432709,416.21251356407197,AMZN,stock,True
2025-02-19,2025-02-19 00:00:00,417.2937230320508,2908811.0,418.97587424142205,419.74193386092674,413.1614858868656,AMZN,stock,True
2025-02-20,2025-02-20 00:00:00,418.81911896529846,1503844.0,423.37675943777026,427.45056627377755,416.2826343835338,AMZN,stock,True
2025-02-21,2025-02-21 00:00:00,423.22507599613186,1028301.0,424.69736981231995,425.0179274959472,421.2196554657228,AMZN,stock,True
2025-02-24,2025-02-24 00:00:00,424.5184874825458,2172126.0,430.7196313935379,434.4871915877724,420.94011809842823,AMZN,stock,True
2025-02-25,2025-02-25 00:00:00,430.5177841596714,4077031.0,424.6145610588921,430.54035363546427,422.50027715889934,AMZN,stock,True
2025-02-26,2025-02-26 00:00:00,424.47258181571823,4755430.0,429.7106353512542,432.71806999007066,422.5293841458691,AMZN,stock,True
2025-02-27,2025-02-27 00:00:00,429.5817109991622,4220345.0,435.1455784423055,438.39954129333734,429.5258184764633,AMZN,stock,True
2025-02-28,2025-02-28 00:00:00,434.92104688303004,3527984.0,434.6050229341272,438.22763408019506,433.05632473087604,AMZN,stock,True
2025-03-03,2025-03-03 00:00:00,434.37379848723333,2176055.0,430.96302012440424,434.8308534158596,428.9527869152769,AMZN,stock,True
2025-03-04,2025-03-04 00:00:00,430.910179772343,2207586.0,432.0874493429137,433.3497271753631,429.71417551758964,AMZN,stock,True
2025-03-05,2025-03-05 00:00:00,432.2800555843022,3110279.0,431.4355656454423,432.4636732775502,429.0151724798554,AMZN,stock,True
2025-03-06,2025-03-06 00:00:00,431.2389291719629,3366646.0,434.6206275204202,434.6721654536979,430.1639942045106,AMZN,stock,True
2025-03-07,2025-03-07 00:00:00,434.46643229264345,3963212.0,429.3185555323147,436.5740172690476,425.2579929513609,AMZN,stock,True
2025-03-10,2025-03-10 00:00:00,429.39651386369997,2564158.0,430.67233542927283,433.4696000843422,429.06481192292284,AMZN,stock,True
2025-03-11,2025-03-11 00:00:00,430.5960769342416,2133318.0,425.4647967547427,433.42786121735196,423.55483869757217,AMZN,stock,True
2025-03-12,2025-03-12 00:00:00,425.3580986010621,4995987.0,420.78664022375,428.2358253810126,417.187754098299,AMZN,stock,True
2025-03-13,2025-03-13 00:00:00,420.5975152801685,2492459.0,426.82934844937273,430.3602099086722,417.1481654420816,AMZN,stock,True
2025-03-14,2025-03-14 00:00:00,426.7708555353641,673958.0,431.5223559546151,433.51112433246726,422.93020835744,AMZN,stock,True
2025-03-17,2025-03-17 00:00:00,431.53594780034916,2249414.0,432.512786031105,435.177150831626,428.9724210603879,AMZN,stock,True
2025-03-18,2025-03-18 00:00:00,432.29339661401434,4723696.0,435.6256955792686,437.321153686949,431.83782066159097,AMZN,stock,True
2025-03-19,2025-03-19 00:00:00,435.4487160178492,1433627.0,431.1514958780322,437.7708870543253,427.55238272314307,AMZN,stock,True
2025-03-20,2025-03-20 00:00:00,431.15419837325726,642697.0,430.56478516529563,433.0250956738186,426.59792025763124,AMZN,stock,True
2025-03-21,2025-03-21 00:00:00,430.4422192275963,2223245.0,426.54004486426464,433.3849523811414,424.83266887007886,AMZN,stock,True
2025-03-24,2025-03-24 00:00:00,426.46489734148287,1376190.0,425.12402363144986,428.3098484359078,422.8415826021626,AMZN,stock,True
2025-03-25,2025-03-25 00:00:00,425.1751771331519,3535719.0,431.3926772977608,431.5112049252799,424.5906777527036,AMZN,stock,True
2025-03-26,2025-03-26 00:00:00,431.4259229078857,2777875.0,425.417977995019,431.5756102481417,422.71228738839307,AMZN,stock,True
2025-03-27,2025-03-27 00:00:00,425.31725248613003,904834.0,423.8198358886137,427.57166118448094,421.98851107573233,AMZN,stock,True
2025-03-28,2025-03-28 00:00:00,423.8538856554935,1513064.0,418.3285252808877,424.78711134624183,415.5990965855471,AMZN,stock,True
2025-03-31,2025-03-31 00:00:00,418.4037512060339,853456.0,419.82957731065306,421.9996005608882,417.7846647748112,AMZN,stock,True
2025-04-01,2025-04-01 00:00:00,419.6954548283262,543369.0,422.9583348360501,423.70678826831073,416.9409902756996,AMZN,stock,True
2025-04-02,2025-04-02 00:00:00,423.1361310529644,676892.0,423.71142450531863,425.1728082544015,421.18446965485356,AMZN,stock,True
2025-04-03,2025-04-03 00:00:00,423.831413518365,1554957.0,427.70748196759683,430.8732050700784,420.20140296824644,AMZN,stock,True
2025-04-04,2025-04-04 00:00:00,427.5110679553251,1698360.0,433.2119986679281,435.330240433904,427.15657576495056,AMZN,stock,True
2025-04-07,2025-04-07 00:00:00,433.02176874181976,1980491.0,427.7501084929906,435.69223696348394,426.47249240740376,AMZN,stock,True
2025-04-08,2025-04-08 00:00:00,427.66012709044986,1728719.0,424.0643473697021,430.7967974774341,421.4722938937421,AMZN,stock,True
2025-04-09,2025-04-09 00:00:00,424.1033431812378,2939594.0,427.3324611193332,428.5066755665959,422.1009497444816,AMZN,stock,True
2025-04-10,2025-04-10 00:00:00,427.1020698416717,4279691.0,433.00623063311855,436.5005668807677,425.2790621158256,AMZN,stock,True
2025-04-11,2025-04-11 00:00:00,433.0225828913765,1569727.0,429.2528021867886,434.5222478703877,425.7441846471298,AMZN,stock,True
2025-04-14,2025-04-14 00:00:00,429.25708939001186,2072621.0,424.6522934207804,432.3154628513964,420.573083691132,AMZN,stock,True
2025-04-15,2025-04-15 00:00:00,424.4305872648416,4492688.0,420.20794407299786,427.9022314048365,419.2111020370588,AMZN,stock,True
2025-04-16,2025-04-16 00:00:00,420.3466074778773,4165878.0,423.1741933850426,425.28669577608173,417.4605861995545,AMZN,stock,True
2025-04-17,2025-04-17 00:00:00,423.2987302311883,2917225.0,425.53349237842195,428.62109797814685,419.94479197597747,AMZN,stock,True
2025-04-18,2025-04-18 00:00:00,425.34369490355175,1370970.0,428.9901680712473,431.67394517138086,424.30447092883367,AMZN,stock,True
2025-04-21,2025-04-21 00:00:00,428.7609403600064,2998942.0,424.5697870267452,432.4364354047684,421.70145958710214,AMZN,stock,True
2025-04-22,2025-04-22 00:00:00,424.7390323420033,601081.0,425.2127481359325,427.6808417468777,421.32932538953963,AMZN,stock,True
2025-04-23,2025-04-23 00:00:00,425.20818220136965,2300524.0,423.55340131512105,426.2792050632222,421.27454338753535,AMZN,stock,True
2025-04-24,2025-04-24 00:00:00,423.4604437185293,3409629.0,418.8479264235494,424.6107316911382,416.0541419874439,AMZN,stock,True
2025-04-25,2025-04-25 00:00:00,418.90035596871206,3032809.0,414.36151235289753,419.6594766145255,410.9931552464956,AMZN,stock,True
2025-04-28,2025-04-28 00:00:00,414.47826870371665,587350.0,415.42034166022194,416.48473680858757,411.1045755138522,AMZN,stock,True
2025-04-29,2025-04-29 00:00:00,415.43197619745246,1086150.0,412.0757541607168,417.3091839829589,408.45652912752905,AMZN,stock,True
2025-04-30,2025-04-30 00:00:00,411.96092129823063,2234957.0,417.4940887043196,420.18893273753736,407.9897014877458,AMZN,stock,True
2025-05-01,2025-05-01 00:00:00,417.2711950572449,1477320.0,420.6419056977095,424.58309604547424,416.88329406055055,AMZN,stock,True
2025-05-02,2025-05-02 00:00:00,420.8039115018759,3860215.0,427.1624410593295,429.89082006546283,418.8632220276534,AMZN,stock,True
2025-05-05,2025-05-05 00:00:00,427.1044637210147,3140880.0,421.82663551181855,429.4105060444423,418.12376982841215,AMZN,stock,True
2025-05-06,2025-05-06 00:00:00,421.62139761223057,3314565.0,422.57196912775,423.3671912443755,417.7432684443235,AMZN,stock,True
2025-05-07,2025-05-07 00:00:00,422.63651485146687,4955660.0,417.23038553325324,423.8390061256556,414.2138247635405,AMZN,stock,True
2025-05-08,2025-05-08 00:00:00,417.04773530703335,879197.0,414.77666109842187,420.76885300613856,412.36425948306675,AMZN,stock,True
2025-05-09,2025-05-09 00:00:00,414.7388810491426,2292347.0,410.5590509767811,418.0132448654448,407.00889317310094,AMZN,stock,True
2025-05-12,2025-05-12 00:00:00,410.64834765858615,2903022.0,409.7063894579448,412.08028849386886,409.4053676317192,AMZN,stock,True
2025-05-13,2025-05-13 00:00:00,409.7769521427028,4082283.0,406.7220175219178,410.55778418209024,403.0401963334146,AMZN,stock,True
2025-05-14,2025-05-14 00:00:00,406.6257766688444,1681980.0,407.59199313075965,407.82249267947833,403.35141188800145,AMZN,stock,True
2025-05-15,2025-05-15 00:00:00,407.68580059037913,4287593.0,409.9014280592451,410.97182198687574,403.6125234406323,AMZN,stock,True
2025-05-16,2025-05-16 00:00:00,409.80026552836284,2024471.0,404.80550522829657,412.09366213245784,404.04752668873294,AMZN,stock,True
2025-05-19,2025-05-19 00:00:00,404.66781820293505,4641990.0,401.1569204076826,406.14333185160046,397.6225005203082,AMZN,stock,True
2025-05-20,2025-05-20 00:00:00,401.23092894768763,4741685.0,395.75902443394426,401.33029348479306,394.03537408615693,AMZN,stock,True
2025-05-21,2025-05-21 00:00:00,395.920044432706,3232022.0,394.71226995000694,399.3877868881308,392.65475754877343,AMZN,stock,True
2025-05-22,2025-05-22 00:00:00,394.5983514431674,2154462.0,389.4478211578858,395.4628016490103,386.5067567652136,AMZN,stock,True
2025-05-23,2025-05-23 00:00:00,389.31969509817156,2293048.0,386.1485716728221,389.40090143452596,382.39208271562103,AMZN,stock,True
2025-05-26,2025-05-26 00:00:00,386.179087845831,4309990.0,384.14817880872835,387.58279672353467,382.9374662196754,AMZN,stock,True
2025-05-27,2025-05-27 00:00:00,384.22195923303286,4775118.0,383.5832268755405,387.5509530529014,382.33705474830856,AMZN,stock,True
2025-05-28,2025-05-28 00:00:00,383.7157984530666,4527770.0,385.0098971126354,385.9241695919627,381.0840127507016,AMZN,stock,True
2025-05-29,2025-05-29 00:00:00,385.08388023535394,4883682.0,384.60137687659625,386.1230478185584,382.3044379299183,AMZN,stock,True
2025-05-30,2025-05-30 00:00:00,384.5645702047454,4322426.0,383.12069682543245,385.9342942662526,379.46987635619723,AMZN,stock,True
2025-06-02,2025-06-02 00:00:00,383.1106376937117,578747.0,386.3589030119411,388.75804743929194,379.9133467231973,AMZN,stock,True
2025-06-03,2025-06-03 00:00:00,386.32911285978344,4675308.0,389.19346191859944,389.65470221422015,384.8011231374321,AMZN,stock,True
2025-06-04,2025-06-04 00:00:00,389.0087202910439,1280424.0,387.64250612174595,390.27415362903366,383.8047301561635,AMZN,stock,True
2025-06-05,2025-06-05 00:00:00,387.6308347871109,632575.0,386.36634977514177,387.92019350046644,385.8648600351407,AMZN,stock,True
2025-06-06,2025-06-06 00:00:00,386.4332602882247,1336708.0,386.03329160206874,389.9493249557471,384.7701607754199,AMZN,stock,True
2025-06-09,2025-06-09 00:00:00,385.93699624150383,3172186.0,384.2275595184763,389.5262783256417,383.25616551994676,AMZN,stock,True
2025-06-10,2025-06-10 00:00:00,384.18410069273153,2725039.0,379.8297872356886,385.4978286541468,376.34646581436004,AMZN,stock,True
2025-06-11,2025-06-11 00:00:00,379.90866382273913,2749099.0,385.14268355518834,385.54302838510785,379.3775379975994,AMZN,stock,True
2025-06-12,2025-06-12 00:00:00,385.25535944320075,4225688.0,387.14622153047316,389.23945936218666,385.16334320131114,AMZN,stock,True
2025-06-13,2025-06-13 00:00:00,387.3111155469361,4473815.0,386.6854072737238,390.5462982524374,385.3953289701295,AMZN,stock,True
2025-06-16,2025-06-16 00:00:00,386.6826838342605,3737939.0,384.8080501791668,388.73705307936046,384.5697272300612,AMZN,stock,True
2025-06-17,2025-06-17 00:00:00,384.8058024523143,2652255.0,384.0133756126927,385.65945807676115,381.1889989008512,AMZN,stock,True
2025-06-18,2025-06-18 00:00:00,383.93821916651274,4267682.0,386.4043728233534,389.63759906148715,383.01704296822726,AMZN,stock,True
2025-06-19,2025-06-19 00:00:00,386.2240480481189,4067930.0,383.1419558011773,386.6616489904961,380.18883766234944,AMZN,stock,True
2025-06-20,2025-06-20 00:00:00,383.12151000702556,4292259.0,377.77967648443047,384.71447905053,375.5883672995406,AMZN,stock,True
2025-06-23,2025-06-23 00:00:00,377.5920307599451,1014554.0,377.5890516157691,381.32179814986745,377.49871360928023,AMZN,stock,True
2025-06-24,2025-06-24 00:00:00,377.5907173255495,2695714.0,374.3997306762034,380.19390481514273,374.3208682401483,AMZN,stock,True
2025-06-25,2025-06-25 00:00:00,374.3068841267236,1962431.0,374.1970064481486,375.37938066584235,373.45305975547575,AMZN,stock,True
2025-06-26,2025-06-26 00:00:00,374.3557073237833,3176597.0,375.96202366576966,377.8439849711525,371.1836691285205,AMZN,stock,True
2025-06-27,2025-06-27 00:00:00,375.8921134898801,2407045.0,370.666189185207,377.1150593125275,367.95244674459536,AMZN,stock,True
2025-06-30,2025-06-30 00:00:00,370.6355525359658,4503965.0,368.151850227247,374.1069965302148,367.0361974343234,AMZN,stock,True
2025-07-01,2025-07-01 00:00:00,368.21677078981315,2940814.0,370.3329543663094,373.3346316092429,368.1274950327811,AMZN,stock,True
2025-07-02,2025-07-02 00:00:00,370.4492819661821,4256168.0,369.6911067546054,372.75237329770306,366.3682288256746,AMZN,stock,True
2025-07-03,2025-07-03 00:00:00,369.6581339518139,2818143.0,371.6242620391297,371.9017785883346,367.66695224908284,AMZN,stock,True
2025-07-04,2025-07-04 00:00:00,371.61958474567814,861244.0,371.0281180255215,374.24276386032494,369.05111233100575,AMZN,stock,True
2025-07-07,2025-07-07 00:00:00,370.9409194198232,3754890.0,369.0858344776628,373.7716591081001,365.72893654712783,AMZN,stock,True
2025-07-08,2025-07-08 00:00:00,368.90547087218835,1012047.0,365.91403012394045,372.06121006830267,363.08729787316804,AMZN,stock,True
2025-07-09,2025-07-09 00:00:00,366.06593185570256,924321.0,361.43154968858266,368.92996270132176,360.0243397168005,AMZN,stock,True
2025-07-10,2025-07-10 00:00:00,361.36898681684,1405600.0,359.30424676516054,362.7653697398591,359.2747133634301,AMZN,stock,True
2025-07-11,2025-07-11 00:00:00,359.1730802987226,1774695.0,361.40163381225284,361.9911611105983,357.35669156762486,AMZN,stock,True
2025-07-14,2025-07-14 00:00:00,361.3134462444203,1210031.0,357.97377138114814,361.3336452638136,356.758214152849,AMZN,stock,True
2025-07-15,2025-07-15 00:00:00,357.93333797561996,3926834.0,360.0,362.048778306171,356.9099514105033,AMZN,stock,True
2024-11-06,2024-11-06 00:00:00,301.9860262297235,1782614.0,306.4421293935436,307.84988740288577,300.50824504446615,TSLA,stock,True
2024-11-07,2024-11-07 00:00:00,306.2946287818697,4243662.0,302.6082534076976,306.95256428194426,302.224712597314,TSLA,stock,True
2024-11-08,2024-11-08 00:00:00,302.61407268643507,2677440.0,306.0197554314145,307.82349136500795,299.6477781914787,TSLA,stock,True
2024-11-11,2024-11-11 00:00:00,305.8705748596019,2598684.0,301.42606043504463,305.9832594943521,299.49130615573927,TSLA,stock,True
2024-11-12,2024-11-12 00:00:00,301.52611090132666,1975334.0,301.8934184312319,304.56814958835184,300.1766660680754,TSLA,stock,True
2024-11-13,2024-11-13 00:00:00,301.7289994729324,800015.0,304.8855707719812,307.0170277200165,299.7724042550277,TSLA,stock,True
2024-11-14,2024-11-14 00:00:00,304.7504601496564,2037809.0,300.71059339137327,307.5056329271469,300.60761950332807,TSLA,stock,True
2024-11-15,2024-11-15 00:00:00,300.6917372184401,3403609.0,298.1219588357637,302.5278776100819,296.40934401057143,TSLA,stock,True
2024-11-18,2024-11-18 00:00:00,298.07682863946224,4589535.0,299.42643025870274,301.42952494397997,295.43082339879066,TSLA,stock,True
2024-11-19,2024-11-19 00:00:00,299.4164310111159,4980379.0,296.04390595330267,301.31658144384437,294.3642054982965,TSLA,stock,True
2024-11-20,2024-11-20 00:00:00,296.0448871370992,2674331.0,295.18309086898876,297.2161041469931,294.34560861899666,TSLA,stock,True
2024-11-21,2024-11-21 00:00:00,295.23286206986853,4971996.0,295.1929182315975,296.1702255955284,294.5738130143133,TSLA,stock,True
2024-11-22,2024-11-22 00:00:00,295.0409020278001,4938630.0,298.59585209964115,300.38470230329045,294.238221398448,TSLA,stock,True
2024-11-25,2024-11-25 00:00:00,298.6979988692034,3717537.0,300.45798141188396,300.909251764876,297.75236477085576,TSLA,stock,True
2024-11-26,2024-11-26 00:00:00,300.37734418584466,1246520.0,300.5649873118615,301.18815946508005,298.84513672177223,TSLA,stock,True
2024-11-27,2024-11-27 00:00:00,300.4353370441964,4478021.0,298.13749029822895,302.1122040280377,296.55763352033966,TSLA,stock,True
2024-11-28,2024-11-28 00:00:00,298.09693760577676,3438690.0,299.36369818822567,299.77398420911123,295.43153356048407,TSLA,stock,True
2024-11-29,2024-11-29 00:00:00,299.2597735361847,1281260.0,303.36032289509166,305.2755710842079,296.4234174760244,TSLA,stock,True
2024-12-02,2024-12-02 00:00:00,303.41679375153296,3349605.0,307.07697611328535,309.04974140452674,301.7497753684836,TSLA,stock,True
2024-12-03,2024-12-03 00:00:00,307.05244718398075,4548157.0,304.58419273092795,307.31673739160607,302.8545316863468,TSLA,stock,True
2024-12-04,2024-12-04 00:00:00,304.6150980969097,3499084.0,302.70625612633864,305.4707805760384,301.93762169395455,TSLA,stock,True
2024-12-05,2024-12-05 00:00:00,302.77048773139495,1834975.0,303.488669186477,304.30591133388674,302.47242401883943,TSLA,stock,True
2024-12-06,2024-12-06 00:00:00,303.3729454868562,4030419.0,307.579378866213,309.7031522863682,301.96776043885774,TSLA,stock,True
2024-12-09,2024-12-09 00:00:00,307.42578279848686,2355077.0,305.0847092423738,309.5494162074029,302.68713937293234,TSLA,stock,True
2024-12-10,2024-12-10 00:00:00,305.20666419462196,4012245.0,302.4250574772152,306.5935872272764,302.1934528811991,TSLA,stock,True
2024-12-11,2024-12-11 00:00:00,302.25960736865227,3813448.0,300.09496879922676,302.41735031209384,299.14802144870566,TSLA,stock,True
2024-12-12,2024-12-12 00:00:00,299.9771245769094,804814.0,303.1460603656202,304.5997777401362,299.14519682253973,TSLA,stock,True
2024-12-13,2024-12-13 00:00:00,303.21847097764083,1154810.0,300.36807186843566,305.2459976239992,298.359607294593,TSLA,stock,True
2024-12-16,2024-12-16 00:00:00,300.3800540895707,2569927.0,303.30948247669517,304.9633381659428,297.48990671896286,TSLA,stock,True
2024-12-17,2024-12-17 00:00:00,303.27610775126107,4146288.0,303.24171069099276,304.9392914740525,302.1259819253383,TSLA,stock,True
2024-12-18,2024-12-18 00:00:00,303.1322088391712,4857433.0,300.78873820378993,305.3320780572577,299.5435603230364,TSLA,stock,True
2024-12-19,2024-12-19 00:00:00,300.88629691620184,1009416.0,304.3311279507263,305.2525449081025,300.68559979214456,TSLA,stock,True
2024-12-20,2024-12-20 00:00:00,304.4276388072888,1309537.0,307.5490600905464,310.19294260560724,304.1362568485832,TSLA,stock,True
2024-12-23,2024-12-23 00:00:00,307.48421894739494,561500.0,310.48252340762554,313.29677530366246,307.033327508752,TSLA,stock,True
2024-12-24,2024-12-24 00:00:00,310.6104785203718,1328974.0,306.6186280335666,311.2360817186005,304.29711674145204,TSLA,stock,True
2024-12-25,2024-12-25 00:00:00,306.5753591578408,4716105.0,308.5002817291816,309.15426497585287,305.0064223051058,TSLA,stock,True
2024-12-26,2024-12-26 00:00:00,308.4590383160033,3305402.0,310.5634412048974,311.9755899686635,308.1558969935923,TSLA,stock,True
2024-12-27,2024-12-27 00:00:00,310.53104870803304,3654364.0,310.82399238231744,311.10285908915097,308.6015636145842,TSLA,stock,True
2024-12-30,2024-12-30 00:00:00,310.7369637544563,3547897.0,311.0406617686429,312.5289433744151,309.85250479399446,TSLA,stock,True
2024-12-31,2024-12-31 00:00:00,311.09024512913356,1730251.0,313.6431421038774,316.22542355767945,308.424512777877,TSLA,stock,True
2025-01-01,2025-01-01 00:00:00,313.64125925667923,1325306.0,316.4616683342994,316.6394417347412,312.88918655103544,TSLA,stock,True
2025-01-02,2025-01-02 00:00:00,316.5818603030776,3016002.0,316.0063935193283,319.37560078043043,313.4393511041125,TSLA,stock,True
2025-01-03,2025-01-03 00:00:00,315.98823772000725,3192679.0,320.56164026136895,322.25186617624615,314.61680408732036,TSLA,stock,True
2025-01-06,2025-01-06 00:00:00,320.55394083552414,4404243.0,318.558666677477,323.6413714434721,317.30323373613845,TSLA,stock,True
2025-01-07,2025-01-07 00:00:00,318.4906079368949,838254.0,321.0885625325071,323.8944053086358,316.3876307570661,TSLA,stock,True
2025-01-08,2025-01-08 00:00:00,320.9575453463614,3213293.0,321.6295968932586,322.493109947277,319.8783485230353,TSLA,stock,True
2025-01-09,2025-01-09 00:00:00,321.68020062661594,4440692.0,324.5278867154656,327.39266868072525,321.5689601754706,TSLA,stock,True
2025-01-10,2025-01-10 00:00:00,324.44933704760973,1070505.0,324.49137196520394,326.0001838096992,322.2454590941561,TSLA,stock,True
2025-01-13,2025-01-13 00:00:00,324.43149106127623,2742924.0,321.206172240579,325.20815174662005,320.8613617096401,TSLA,stock,True
2025-01-14,2025-01-14 00:00:00,321.2459999319298,4825789.0,318.745701837966,322.66984505866617,317.4224472202658,TSLA,stock,True
2025-01-15,2025-01-15 00:00:00,318.7028250196231,544913.0,317.63668488347884,320.1243504834312,316.58171723456167,TSLA,stock,True
2025-01-16,2025-01-16 00:00:00,317.5245257359848,987439.0,316.96073470139135,318.4775141200377,315.00188970288997,TSLA,stock,True
2025-01-17,2025-01-17 00:00:00,317.02739518925574,3612645.0,321.14704113654693,322.2030914025487,316.58319117913993,TSLA,stock,True
2025-01-20,2025-01-20 00:00:00,321.2304108729216,3882884.0,321.7988826768932,323.61249795729236,319.7972281687477,TSLA,stock,True
2025-01-21,2025-01-21 00:00:00,321.7942199511894,3027551.0,322.6498111126896,322.928615558532,319.1997893789285,TSLA,stock,True
2025-01-22,2025-01-22 00:00:00,322.51490597565737,2183224.0,319.5423225243021,323.62439427312273,316.56828610900715,TSLA,stock,True
2025-01-23,2025-01-23 00:00:00,319.4315278430736,2822411.0,315.1273817863807,320.1340565577271,314.8958286790437,TSLA,stock,True
2025-01-24,2025-01-24 00:00:00,315.1860515445499,3549127.0,318.7592775564619,319.48312549897094,313.9976964161379,TSLA,stock,True
2025-01-27,2025-01-27 00:00:00,318.6169992298529,2060610.0,321.65932231293425,324.5972688134987,317.7696826273272,TSLA,stock,True
2025-01-28,2025-01-28 00:00:00,321.6950072238774,3702973.0,324.13919148589844,326.2125618947489,320.17940507113303,TSLA,stock,True
2025-01-29,2025-01-29 00:00:00,323.9717136606399,4250380.0,320.72665514728226,325.8200179369548,320.0623640064149,TSLA,stock,True
2025-01-30,2025-01-30 00:00:00,320.760880157135,854960.0,319.8765663173931,321.18583209726114,316.94233606149703,TSLA,stock,True
2025-01-31,2025-01-31 00:00:00,319.7027039226515,2691377.0,316.3117595886514,320.2522505340337,314.37811726946956,TSLA,stock,True
2025-02-03,2025-02-03 00:00:00,316.29615281362817,4006754.0,315.6310470031449,316.3120854715831,315.0964748758298,TSLA,stock,True
2025-02-04,2025-02-04 00:00:00,315.46084069831176,2863640.0,316.8194039032444,319.19091582550436,313.0190477575651,TSLA,stock,True
2025-02-05,2025-02-05 00:00:00,316.64725648903425,4975493.0,319.04212583677753,321.81868721697316,315.0224819454227,TSLA,stock,True
2025-02-06,2025-02-06 00:00:00,319.1582291561992,4533526.0,316.1113243563275,319.4561560768353,314.53820053082916,TSLA,stock,True
2025-02-07,2025-02-07 00:00:00,315.97603543594875,4535363.0,313.8458709458295,317.4252870583509,313.4112802083812,TSLA,stock,True
2025-02-10,2025-02-10 00:00:00,313.809930971967,3920216.0,314.10871978257705,314.5079838783569,310.9495222956032,TSLA,stock,True
2025-02-11,2025-02-11 00:00:00,314.21445275672306,2379689.0,311.2137555261208,314.28836270446095,309.08579650759043,TSLA,stock,True
2025-02-12,2025-02-12 00:00:00,311.20341075261337,3018493.0,312.3250202346317,313.6785772734698,310.0657397520583,TSLA,stock,True
2025-02-13,2025-02-13 00:00:00,312.27156414244564,2105708.0,313.4152277561579,313.5993852616104,310.624992039498,TSLA,stock,True
2025-02-14,2025-02-14 00:00:00,313.5397194044462,1709519.0,316.83841860055156,319.8069724013072,313.4062222313657,TSLA,stock,True
2025-02-17,2025-02-17 00:00:00,316.7385183630632,4744946.0,318.251505189854,319.13551521894647,315.30247551591344,TSLA,stock,True
2025-02-18,2025-02-18 00:00:00,318.08190450136794,2652924.0,321.5349396256699,323.71694834073764,316.85274311518907,TSLA,stock,True
2025-02-19,2025-02-19 00:00:00,321.66751068147556,4242210.0,321.95439451212366,324.2170905716818,320.3813047334411,TSLA,stock,True
2025-02-20,2025-02-20 00:00:00,321.99258551862715,3153092.0,322.18135067874357,322.33152575078043,319.30043427780515,TSLA,stock,True
2025-02-21,2025-02-21 00:00:00,322.311077167714,3820981.0,319.76893213439286,324.94233143469154,319.49343743664247,TSLA,stock,True
2025-02-24,2025-02-24 00:00:00,319.83756015793045,2459735.0,315.587804679842,321.1469835703273,312.64938419147603,TSLA,stock,True
2025-02-25,2025-02-25 00:00:00,315.4183387350373,1936583.0,312.81068249673945,316.42589065975517,310.77152265882376,TSLA,stock,True
2025-02-26,2025-02-26 00:00:00,312.70386595147687,3507262.0,317.37407552719264,320.2517090396673,310.7437351298325,TSLA,stock,True
2025-02-27,2025-02-27 00:00:00,317.4771116973839,1929140.0,313.2072655981547,319.0205033023749,311.94142828644306,TSLA,stock,True
2025-02-28,2025-02-28 00:00:00,313.3112143831061,1809567.0,309.7309085307126,313.5333353696806,308.8930772616422,TSLA,stock,True
2025-03-03,2025-03-03 00:00:00,309.58352957393663,4464712.0,308.42101256346075,309.9628498472654,306.56818509370817,TSLA,stock,True
2025-03-04,2025-03-04 00:00:00,308.3404143185163,1641389.0,311.7967124409371,313.4131496250478,307.5781150176117,TSLA,stock,True
2025-03-05,2025-03-05 00:00:00,311.71859112378047,1838370.0,314.3717388037675,315.48251994797045,311.27999855454516,TSLA,stock,True
2025-03-06,2025-03-06 00:00:00,314.5117569835986,3350135.0,316.54426548538993,318.531534784036,312.65123405853586,TSLA,stock,True
2025-03-07,2025-03-07 00:00:00,316.5410573735405,3390837.0,312.4074427483566,319.2501545101377,311.43833567131634,TSLA,stock,True
2025-03-10,2025-03-10 00:00:00,312.5334645222435,2495062.0,312.0344177419817,313.9554482662851,309.9417930461898,TSLA,stock,True
2025-03-11,2025-03-11 00:00:00,312.1276676239162,2720351.0,312.47906504859213,315.3943877243046,310.44920550662056,TSLA,stock,True
2025-03-12,2025-03-12 00:00:00,312.3964977146363,890441.0,311.99553756357454,314.8241592758725,310.6588276352427,TSLA,stock,True
2025-03-13,2025-03-13 00:00:00,312.02544828031427,3923442.0,313.49782781454775,316.2879646373249,310.6573247067095,TSLA,stock,True
2025-03-14,2025-03-14 00:00:00,313.5195868355451,2684609.0,317.60242915590135,320.3142716040438,312.32559903310545,TSLA,stock,True
2025-03-17,2025-03-17 00:00:00,317.6020443350665,924434.0,320.73795411209517,322.03743254747815,316.4328046568019,TSLA,stock,True
2025-03-18,2025-03-18 00:00:00,320.7099849696389,1492721.0,316.9657266615777,321.2054090906905,316.2788535111175,TSLA,stock,True
2025-03-19,2025-03-19 00:00:00,316.99803667774097,2638303.0,316.5470183853568,318.0731273770843,316.36959713068154,TSLA,stock,True
2025-03-20,2025-03-20 00:00:00,316.3848798318095,1263467.0,314.16547984433527,319.3495986890092,312.9223534183166,TSLA,stock,True
2025-03-21,2025-03-21 00:00:00,314.2730025916944,1068528.0,311.6763361544605,316.99805436668487,310.93755020772903,TSLA,stock,True
2025-03-24,2025-03-24 00:00:00,311.7983169440943,3155038.0,308.20567283466744,314.06131927595254,308.11488328794377,TSLA,stock,True
2025-03-25,2025-03-25 00:00:00,308.27809623432614,4763832.0,304.3903151236103,309.4275536208879,301.5447310945324,TSLA,stock,True
2025-03-26,2025-03-26 00:00:00,304.48480505635445,1390208.0,304.7676900318875,307.81495702463985,304.05624625376583,TSLA,stock,True
2025-03-27,2025-03-27 00:00:00,304.90238593525066,3549535.0,308.4332145293025,309.4010864607873,302.3546677522309,TSLA,stock,True
2025-03-28,2025-03-28 00:00:00,308.4250935824239,3505042.0,310.4832923337646,311.6344184092756,306.55313805135364,TSLA,stock,True
2025-03-31,2025-03-31 00:00:00,310.40888671187366,1094689.0,309.9710492180215,313.410472683126,309.9131664179389,TSLA,stock,True
2025-04-01,2025-04-01 00:00:00,309.88759411975775,2383627.0,314.1304726260465,314.14913783766775,309.2133586619244,TSLA,stock,True
2025-04-02,2025-04-02 00:00:00,314.23149743196365,1524572.0,310.6820238662441,315.49652129665003,309.4839692800957,TSLA,stock,True
2025-04-03,2025-04-03 00:00:00,310.8150677360834,4320391.0,312.70504544994424,315.54890722455326,310.80465674177015,TSLA,stock,True
2025-04-04,2025-04-04 00:00:00,312.55974474592136,2637913.0,315.83073313977496,318.4022887622928,311.7223595268453,TSLA,stock,True
2025-04-07,2025-04-07 00:00:00,315.87525753989127,1588174.0,317.61568895173923,319.77721597527017,314.37532828886225,TSLA,stock,True
2025-04-08,2025-04-08 00:00:00,317.46577653617277,4692250.0,317.25626319181674,319.38491808445997,314.47403388221295,TSLA,stock,True
2025-04-09,2025-04-09 00:00:00,317.1222953130766,2863252.0,315.6211446968723,319.39819820448855,313.3647800134619,TSLA,stock,True
2025-04-10,2025-04-10 00:00:00,315.50129118287265,1369393.0,311.79428283323216,316.3200733700014,310.89057770608827,TSLA,stock,True
2025-04-11,2025-04-11 00:00:00,311.89999934961935,2842515.0,311.6996644206757,314.1472904861044,309.1670433479763,TSLA,stock,True
2025-04-14,2025-04-14 00:00:00,311.5433488174203,858161.0,315.50521359510236,316.37157507998216,311.06849028101254,TSLA,stock,True
2025-04-15,2025-04-15 00:00:00,315.484689123911,1535745.0,311.2051947000589,316.5429353693622,309.4524877720332,TSLA,stock,True
2025-04-16,2025-04-16 00:00:00,311.30469063528784,2037748.0,309.8643433904535,312.94590108470146,307.559459461651,TSLA,stock,True
2025-04-17,2025-04-17 00:00:00,309.836437602417,3871872.0,306.2714288260503,309.89538114299893,304.2328510056155,TSLA,stock,True
2025-04-18,2025-04-18 00:00:00,306.13327724300325,623772.0,309.3554332177872,309.74517592181655,304.86404362745947,TSLA,stock,True
2025-04-21,2025-04-21 00:00:00,309.3168367811402,4155118.0,309.7249199088919,312.10980169514545,307.70407753901804,TSLA,stock,True
2025-04-22,2025-04-22 00:00:00,309.77191871213415,3928100.0,312.4125491202256,313.6606319634679,308.54569276540286,TSLA,stock,True
2025-04-23,2025-04-23 00:00:00,312.3172439975894,1094699.0,310.4907587030305,314.2040071355724,310.31615371255685,TSLA,stock,True
2025-04-24,2025-04-24 00:00:00,310.3847235175461,1001047.0,314.19493316945915,316.82334494402147,309.54724070274045,TSLA,stock,True
2025-04-25,2025-04-25 00:00:00,314.02676925823675,3181684.0,317.540589604849,318.80048440165706,311.7045299236676,TSLA,stock,True
2025-04-28,2025-04-28 00:00:00,317.43595236622286,1142699.0,314.924991504745,318.9097279387716,312.936976283806,TSLA,stock,True
2025-04-29,2025-04-29 00:00:00,314.75418080609467,1830286.0,317.7682811889975,319.38198065137254,313.37082430290224,TSLA,stock,True
2025-04-30,2025-04-30 00:00:00,317.7383634012385,3195341.0,321.46914428415505,323.11996847909296,315.08229315306033,TSLA,stock,True
2025-05-01,2025-05-01 00:00:00,321.5939181311754,1854460.0,322.7993062286228,322.94475806776603,318.5133838094225,TSLA,stock,True
2025-05-02,2025-05-02 00:00:00,322.87020688446773,2384140.0,319.45000464846134,322.93023353166296,316.3366499883431,TSLA,stock,True
2025-05-05,2025-05-05 00:00:00,319.4340887431502,3503786.0,321.6974118395589,322.2849567798642,317.05176204370554,TSLA,stock,True
2025-05-06,2025-05-06 00:00:00,321.71962959330233,3194327.0,320.7059146137285,323.88034019177013,317.65677273177715,TSLA,stock,True
2025-05-07,2025-05-07 00:00:00,320.54048168277,556336.0,322.4808362399581,325.18311036883904,319.3835410394236,TSLA,stock,True
2025-05-08,2025-05-08 00:00:00,322.36318334102907,3009170.0,320.3760526000294,325.2219867117034,317.5920075024797,TSLA,stock,True
2025-05-09,2025-05-09 00:00:00,320.2250232799575,4194590.0,316.1515073836508,320.56885724367,313.90117037996885,TSLA,stock,True
2025-05-12,2025-05-12 00:00:00,316.12487227804786,2348466.0,316.2116535962143,317.8172635328821,314.623815703307,TSLA,stock,True
2025-05-13,2025-05-13 00:00:00,316.1746101986739,2307625.0,318.401160097221,320.3065303446492,313.1068653827916,TSLA,stock,True
2025-05-14,2025-05-14 00:00:00,318.52401965955937,3873746.0,316.87477778556456,321.3238634194409,316.872967124825,TSLA,stock,True
2025-05-15,2025-05-15 00:00:00,316.83859139329553,1771688.0,319.04090120735333,320.20393303415403,314.57804220460673,TSLA,stock,True
2025-05-16,2025-05-16 00:00:00,319.1520020460876,4954589.0,321.29682583445134,322.29567226359296,316.57598638713586,TSLA,stock,True
2025-05-19,2025-05-19 00:00:00,321.43093068816955,876873.0,324.4465865078377,325.7453543053493,321.06672863210275,TSLA,stock,True
2025-05-20,2025-05-20 00:00:00,324.3389896584724,925358.0,321.85981418829857,326.5959192304427,321.1540385032873,TSLA,stock,True
2025-05-21,2025-05-21 00:00:00,321.7350414689175,2796280.0,325.74656925780084,327.51156531316917,318.5912385409221,TSLA,stock,True
2025-05-22,2025-05-22 00:00:00,325.5741891163805,802098.0,326.70398201646856,328.1742554973655,324.2421188086141,TSLA,stock,True
2025-05-23,2025-05-23 00:00:00,326.63431882356906,1470114.0,327.60089768751493,330.4905395944612,325.39501777972725,TSLA,stock,True
2025-05-26,2025-05-26 00:00:00,327.6802293916428,2043399.0,327.56861014083097,329.9771436482691,327.03256471564754,TSLA,stock,True
2025-05-27,2025-05-27 00:00:00,327.5633148365167,2219930.0,328.7692042402338,330.07932760358204,324.94503244919304,TSLA,stock,True
2025-05-28,2025-05-28 00:00:00,328.8944472105288,899447.0,329.69133353036506,332.74863420115514,325.92457748872107,TSLA,stock,True
2025-05-29,2025-05-29 00:00:00,329.6579897843836,4012547.0,330.2516631559799,333.0861509025807,329.51564044908,TSLA,stock,True
2025-05-30,2025-05-30 00:00:00,330.1105698373118,1610536.0,328.4258514994113,330.52652871534997,326.5942855658207,TSLA,stock,True
2025-06-02,2025-06-02 00:00:00,328.4841156579973,4921258.0,327.59245329885033,328.81572191917763,326.5700622193349,TSLA,stock,True
2025-06-03,2025-06-03 00:00:00,327.5531057554697,1492553.0,326.7865026067899,328.5261284739296,325.80793911497335,TSLA,stock,True
2025-06-04,2025-06-04 00:00:00,326.6865550213291,3867954.0,331.03454295481964,332.2347205780847,325.69337257929266,TSLA,stock,True
2025-06-05,2025-06-05 00:00:00,331.0962644338904,3229653.0,333.5657154878367,335.8633909074157,328.24247570109657,TSLA,stock,True
2025-06-06,2025-06-06 00:00:00,333.40482991753424,2195423.0,330.75913498391174,335.1487404045781,329.7576216917211,TSLA,stock,True
2025-06-09,2025-06-09 00:00:00,330.75697887414003,1824782.0,335.0443864369561,335.95884140056705,328.11499379464806,TSLA,stock,True
2025-06-10,2025-06-10 00:00:00,334.9896665257354,2966406.0,334.6198802299722,336.9431146328826,331.8204381964762,TSLA,stock,True
2025-06-11,2025-06-11 00:00:00,334.622976605201,647026.0,336.86627116727146,337.4897703995145,331.61820311689473,TSLA,stock,True
2025-06-12,2025-06-12 00:00:00,336.92522029062485,1876569.0,334.10625197078053,339.0680360343526,332.1868617383512,TSLA,stock,True
2025-06-13,2025-06-13 00:00:00,333.99669737697246,3450774.0,336.67424432195276,338.95064605947607,333.94587208421257,TSLA,stock,True
2025-06-16,2025-06-16 00:00:00,336.6680863723337,4995228.0,339.7415903816408,339.76548899441156,334.6255017169525,TSLA,stock,True
2025-06-17,2025-06-17 00:00:00,339.78640519470645,3234063.0,343.014962669939,343.53606877410846,338.8695797376917,TSLA,stock,True
2025-06-18,2025-06-18 00:00:00,343.08350982404806,970678.0,339.7869785956055,343.1963317720343,339.3132763698123,TSLA,stock,True
2025-06-19,2025-06-19 00:00:00,339.8742488334621,2697547.0,340.32762795744077,341.7586327879224,337.0536043150908,TSLA,stock,True
2025-06-20,2025-06-20 00:00:00,340.43723064774707,2212700.0,340.1518518069959,340.44623414318903,337.9446348439819,TSLA,stock,True
2025-06-23,2025-06-23 00:00:00,340.29330177544733,2764452.0,336.0833190960212,341.08684340001753,334.57537420666745,TSLA,stock,True
2025-06-24,2025-06-24 00:00:00,335.96554573878547,1848136.0,340.8651030471304,343.3801491758599,333.8760959385835,TSLA,stock,True
2025-06-25,2025-06-25 00:00:00,340.9895568935438,1017000.0,344.40958804408183,346.33242001885884,338.4397899334657,TSLA,stock,True
2025-06-26,2025-06-26 00:00:00,344.42232419836967,1818960.0,349.02394477610744,349.22295510164264,343.8823615061825,TSLA,stock,True
2025-06-27,2025-06-27 00:00:00,349.11215862117496,3696883.0,353.70383989581717,354.4785193973404,345.80013608256286,TSLA,stock,True
2025-06-30,2025-06-30 00:00:00,353.77640197765606,2000148.0,353.42968065716167,354.7983062950078,352.1197148416612,TSLA,stock,True
2025-07-01,2025-07-01 00:00:00,353.2364799565652,3144161.0,355.7100797134692,358.3396684407687,353.1437258561523,TSLA,stock,True
2025-07-02,2025-07-02 00:00:00,355.72530378465024,4527494.0,350.78127879693005,357.93599666290453,348.73608483332015,TSLA,stock,True
2025-07-03,2025-07-03 00:00:00,350.7688858892148,2408213.0,345.73959163300094,351.7613215955251,342.8134224739148,TSLA,stock,True
2025-07-04,2025-07-04 00:00:00,345.5823949549191,3145689.0,350.08825419763707,353.4806017924459,345.1185787842637,TSLA,stock,True
2025-07-07,2025-07-07 00:00:00,349.9022783049079,1521611.0,349.34236143412693,353.396079418939,346.73793803254966,TSLA,stock,True
2025-07-08,2025-07-08 00:00:00,349.3561512258246,3413362.0,353.42940340581794,355.25954910589957,347.28702839850916,TSLA,stock,True
2025-07-09,2025-07-09 00:00:00,353.2659809465622,1511463.0,349.7128330976365,354.0284842943741,347.46737589640566,TSLA,stock,True
2025-07-10,2025-07-10 00:00:00,349.71673035201474,3846172.0,353.0296131648331,356.01156518690533,347.8104481952434,TSLA,stock,True
2025-07-11,2025-07-11 00:00:00,353.1658421431817,4972363.0,355.33994677681676,358.1648375731237,351.0772934810694,TSLA,stock,True
2025-07-14,2025-07-14 00:00:00,355.42456648345234,4526419.0,354.0821759795656,358.43737887962277,353.4387457190163,TSLA,stock,True
2025-07-15,2025-07-15 00:00:00,354.00028921320575,3492893.0,358.0,358.1981245677016,352.17766481572136,TSLA,stock,True
2024-11-06,2024-11-06 00:00:00,1131.8842840907557,11360514.0,1127.3757612209054,1132.3718336777208,1123.1442222382477,SPY,index,True
2024-11-07,2024-11-07 00:00:00,1127.779398728197,48315823.0,1132.8902651750468,1135.092857459466,1122.8904845110387,SPY,index,True
2024-11-08,2024-11-08 00:00:00,1133.1538461302,34284298.0,1124.0730398207843,1141.3461855279388,1123.6907587694993,SPY,index,True
2024-11-11,2024-11-11 00:00:00,1123.9297744182563,37235146.0,1113.0695861292475,1131.5881869862424,1103.8201627782514,SPY,index,True
2024-11-12,2024-11-12 00:00:00,1112.8361013484619,31862398.0,1116.377859819562,1121.3084382490285,1110.31713549394,SPY,index,True
2024-11-13,2024-11-13 00:00:00,1116.247990866438,43537966.0,1115.6346212725407,1124.8322021510937,1111.83143487995,SPY,index,True
2024-11-14,2024-11-14 00:00:00,1115.432895969834,20042707.0,1115.681057328402,1125.676544658336,1110.5914184655746,SPY,index,True
2024-11-15,2024-11-15 00:00:00,1115.5774134956916,24779951.0,1122.5332726696504,1127.3830498271723,1106.2090907294316,SPY,index,True
2024-11-18,2024-11-18 00:00:00,1122.364988875998,34974476.0,1117.706654863121,1128.1155071878447,1108.0890077039494,SPY,index,True
2024-11-19,2024-11-19 00:00:00,1118.1069843701828,15867558.0,1112.585578983837,1128.0543154542167,1103.271319080842,SPY,index,True
2024-11-20,2024-11-20 00:00:00,1112.733389079638,37282211.0,1105.5832311138101,1123.4127212997535,1098.859792933591,SPY,index,True
2024-11-21,2024-11-21 00:00:00,1105.45048376826,32613620.0,1116.1913648552832,1120.8546986598292,1100.3144811443376,SPY,index,True
2024-11-22,2024-11-22 00:00:00,1115.9958434511354,32511230.0,1111.8695717648377,1118.3260048147285,1107.1389698938383,SPY,index,True
2024-11-25,2024-11-25 00:00:00,1112.2517682999667,25213014.0,1111.413929124004,1118.693202629899,1103.5270137507027,SPY,index,True
2024-11-26,2024-11-26 00:00:00,1111.6203478007321,46117889.0,1113.1059488945161,1120.246456627979,1102.3859837376817,SPY,index,True
2024-11-27,2024-11-27 00:00:00,1113.29174970442,20033032.0,1115.2738703536793,1123.6619405399072,1111.0505134567386,SPY,index,True
2024-11-28,2024-11-28 00:00:00,1114.8069212357943,49353016.0,1107.9805188565967,1124.834669150607,1107.8529555937328,SPY,index,True
2024-11-29,2024-11-29 00:00:00,1107.8271232355512,16071746.0,1117.8451859564955,1118.9898600067245,1101.9863859983773,SPY,index,True
2024-12-02,2024-12-02 00:00:00,1117.7517652717138,48866823.0,1114.9707841740233,1119.07934827791,1109.5858834483136,SPY,index,True
2024-12-03,2024-12-03 00:00:00,1114.6294223341204,27839191.0,1122.783214976887,1130.9180934973579,1105.2727902732047,SPY,index,True
2024-12-04,2024-12-04 00:00:00,1122.3581885707197,25481844.0,1129.1900380675388,1135.4068106147563,1113.8217903524853,SPY,index,True
2024-12-05,2024-12-05 00:00:00,1128.977823593483,45806555.0,1139.9857532595602,1142.6123835813687,1120.7222469390085,SPY,index,True
2024-12-06,2024-12-06 00:00:00,1139.9850642419754,11891832.0,1140.5579277627005,1143.8053135324556,1129.5764796124402,SPY,index,True
2024-12-09,2024-12-09 00:00:00,1140.1192578295427,45095459.0,1136.366032928114,1150.0655986526442,1131.1338923503768,SPY,index,True
2024-12-10,2024-12-10 00:00:00,1136.37349069895,20259521.0,1147.777614736454,1149.6883453495864,1126.837225867614,SPY,index,True
2024-12-11,2024-12-11 00:00:00,1147.3668006058813,14561806.0,1146.0084796453446,1152.013707416624,1135.0367921522716,SPY,index,True
2024-12-12,2024-12-12 00:00:00,1146.1720760612152,47916314.0,1148.1087139905678,1150.980231437021,1139.0401562661445,SPY,index,True
2024-12-13,2024-12-13 00:00:00,1148.2400843007406,28636063.0,1158.961507921824,1162.10332329931,1138.3869754439038,SPY,index,True
2024-12-16,2024-12-16 00:00:00,1159.302656191123,46894757.0,1170.0715616688697,1178.6821603843484,1158.6293486215175,SPY,index,True
2024-12-17,2024-12-17 00:00:00,1170.230706220235,9644401.0,1172.2980770200234,1182.2935332191896,1160.7130822982099,SPY,index,True
2024-12-18,2024-12-18 00:00:00,1172.1509417921325,38150158.0,1169.1784024055526,1174.1210514423383,1159.2965041663444,SPY,index,True
2024-12-19,2024-12-19 00:00:00,1169.0277690615253,22517596.0,1177.2810702998224,1185.6412985672655,1161.3282349251465,SPY,index,True
2024-12-20,2024-12-20 00:00:00,1177.0775210814704,19497246.0,1181.3619555132573,1182.3358658342015,1175.326402362048,SPY,index,True
2024-12-23,2024-12-23 00:00:00,1181.4397417907085,7354517.0,1187.8234681953797,1197.7060459546224,1171.8080208961985,SPY,index,True
2024-12-24,2024-12-24 00:00:00,1187.8820159192455,19279460.0,1179.865918113223,1187.9544170363304,1169.4047902347977,SPY,index,True
2024-12-25,2024-12-25 00:00:00,1180.1658034113393,14426265.0,1187.0301795858454,1192.1507765482147,1170.8081894416125,SPY,index,True
2024-12-26,2024-12-26 00:00:00,1187.0399905509437,36134164.0,1197.0319868164097,1202.847449278607,1179.7891762775544,SPY,index,True
2024-12-27,2024-12-27 00:00:00,1197.3401774465272,45405923.0,1193.1822624609479,1203.9768380761143,1186.6789212894505,SPY,index,True
2024-12-30,2024-12-30 00:00:00,1193.2893199952543,12838337.0,1201.488161642355,1209.6322953834956,1190.2023931978335,SPY,index,True
2024-12-31,2024-12-31 00:00:00,1200.9722890152218,22445175.0,1211.858626594152,1217.3811548721376,1192.2388813110538,SPY,index,True
2025-01-01,2025-01-01 00:00:00,1211.5069268628522,46703708.0,1223.272183509668,1228.10424728254,1202.7693840452766,SPY,index,True
2025-01-02,2025-01-02 00:00:00,1223.464749970415,36394517.0,1227.7550592841333,1231.1543773144258,1219.4950113306484,SPY,index,True
2025-01-03,2025-01-03 00:00:00,1227.8645483120338,49350440.0,1235.10783411209,1236.5076395619787,1216.3838174952505,SPY,index,True
2025-01-06,2025-01-06 00:00:00,1234.6285970633614,29170667.0,1228.7832148725884,1244.2170963731273,1218.8038023281224,SPY,index,True
2025-01-07,2025-01-07 00:00:00,1228.66959967048,10239629.0,1240.9739508561665,1241.5797832546432,1222.8417004389346,SPY,index,True
2025-01-08,2025-01-08 00:00:00,1240.5597535941272,17701834.0,1233.733393283547,1244.930928093851,1222.9955633039265,SPY,index,True
2025-01-09,2025-01-09 00:00:00,1233.4806623151417,22802513.0,1226.0088581423313,1239.9670046627464,1215.7966889081958,SPY,index,True
2025-01-10,2025-01-10 00:00:00,1225.4761769638985,10926833.0,1234.3990002949968,1243.6806462941574,1223.3305028281343,SPY,index,True
2025-01-13,2025-01-13 00:00:00,1234.7066302401706,41080199.0,1240.7388921085021,1251.3175774084368,1230.940710433999,SPY,index,True
2025-01-14,2025-01-14 00:00:00,1240.868547394159,34529312.0,1235.1710975795795,1251.699869625126,1232.9808822032578,SPY,index,True
2025-01-15,2025-01-15 00:00:00,1235.3249610848318,8860296.0,1233.9077680668886,1247.035561941217,1229.3200023142786,SPY,index,True
2025-01-16,2025-01-16 00:00:00,1233.377981205241,25282675.0,1243.6694714363298,1247.2243562772574,1225.220456799061,SPY,index,True
2025-01-17,2025-01-17 00:00:00,1244.0819730894823,48125454.0,1252.834155222743,1264.065566756268,1242.836163991733,SPY,index,True
2025-01-20,2025-01-20 00:00:00,1252.6630799756178,5043494.0,1250.2289373080225,1258.515612532142,1238.7321111141534,SPY,index,True
2025-01-21,2025-01-21 00:00:00,1250.506809057478,23494893.0,1258.4149584877039,1262.9080618678076,1245.5484266908675,SPY,index,True
2025-01-22,2025-01-22 00:00:00,1258.3289153603682,17122051.0,1264.6279360691597,1271.027270780879,1255.891212852497,SPY,index,True
2025-01-23,2025-01-23 00:00:00,1265.0789131294239,48640966.0,1274.7151413993404,1286.5509253465852,1258.5419606025218,SPY,index,True
2025-01-24,2025-01-24 00:00:00,1274.9628868175682,7176581.0,1280.0501910113683,1282.48410590219,1268.653587438962,SPY,index,True
2025-01-27,2025-01-27 00:00:00,1279.5055240766887,47836631.0,1266.9665760601276,1287.274657100758,1254.4759438099402,SPY,index,True
2025-01-28,2025-01-28 00:00:00,1267.3676983485932,30239820.0,1261.495285749728,1274.0490936253568,1250.5306728563367,SPY,index,True
2025-01-29,2025-01-29 00:00:00,1261.5047949729376,16136012.0,1249.5813605528333,1267.6755859542116,1238.2558671732008,SPY,index,True
2025-01-30,2025-01-30 00:00:00,1249.8476601378757,29900332.0,1253.5267887602504,1258.6158429908612,1242.8543943114835,SPY,index,True
2025-01-31,2025-01-31 00:00:00,1253.9150624577487,19687221.0,1243.745669545414,1259.7050755371088,1242.3650380209401,SPY,index,True
2025-02-03,2025-02-03 00:00:00,1243.822179645644,26747756.0,1252.699342295958,1263.0035468423368,1235.5580623684034,SPY,index,True
2025-02-04,2025-02-04 00:00:00,1252.358982565709,25603747.0,1256.4684609295884,1268.0802252887822,1242.541586637709,SPY,index,True
2025-02-05,2025-02-05 00:00:00,1256.582806727553,32763223.0,1246.955554906393,1258.8465131588794,1237.2207792338954,SPY,index,True
2025-02-06,2025-02-06 00:00:00,1247.3651494583473,10656271.0,1237.118354151005,1255.3892116782338,1234.146253481902,SPY,index,True
2025-02-07,2025-02-07 00:00:00,1236.743511108355,26776140.0,1243.7652784239708,1254.04923594271,1226.8824838894811,SPY,index,True
2025-02-10,2025-02-10 00:00:00,1243.4044539382232,46343640.0,1249.1628466275663,1258.7627751267166,1232.1990633694147,SPY,index,True
2025-02-11,2025-02-11 00:00:00,1249.0431117153155,11857049.0,1259.889414997538,1271.8656561778703,1237.0468450157546,SPY,index,True
2025-02-12,2025-02-12 00:00:00,1260.2886949072206,23114891.0,1251.6396994977056,1271.8605762254292,1246.0960129500406,SPY,index,True
2025-02-13,2025-02-13 00:00:00,1252.0693159991206,34243731.0,1251.7558879137841,1263.9824426597645,1243.4262502582737,SPY,index,True
2025-02-14,2025-02-14 00:00:00,1251.6908732639772,25254455.0,1246.6033473328725,1259.5509102947312,1244.484656727744,SPY,index,True
2025-02-17,2025-02-17 00:00:00,1246.766985492568,42609661.0,1238.6879566892374,1249.3822427769353,1232.4227367095334,SPY,index,True
2025-02-18,2025-02-18 00:00:00,1238.3288983951522,24722075.0,1247.679556582252,1253.0460415286582,1232.7943741426254,SPY,index,True
2025-02-19,2025-02-19 00:00:00,1247.631039559265,28298907.0,1254.7311782948639,1256.691093447614,1240.2911038316615,SPY,index,True
2025-02-20,2025-02-20 00:00:00,1255.1784984584604,31319230.0,1245.1271305897453,1256.7038034146346,1240.6655660908818,SPY,index,True
2025-02-21,2025-02-21 00:00:00,1244.7952835849296,23372221.0,1242.4179342883244,1254.2465066670466,1233.489641727865,SPY,index,True
2025-02-24,2025-02-24 00:00:00,1242.692629996874,48940007.0,1255.2310666753344,1262.771952013495,1231.5569848077719,SPY,index,True
2025-02-25,2025-02-25 00:00:00,1255.6568567195673,8483467.0,1259.6528324926335,1269.1000172994604,1245.6824155066718,SPY,index,True
2025-02-26,2025-02-26 00:00:00,1259.9558754275486,34346754.0,1266.9427867499849,1279.4357177415786,1249.2720744240282,SPY,index,True
2025-02-27,2025-02-27 00:00:00,1266.7071985785897,25834496.0,1257.7207393037627,1275.1146786228296,1250.044025784567,SPY,index,True
2025-02-28,2025-02-28 00:00:00,1257.7267526226403,7361289.0,1261.6253256602834,1273.8399925812962,1255.8531482749395,SPY,index,True
2025-03-03,2025-03-03 00:00:00,1261.9611266878262,48841884.0,1258.7454453866112,1267.4841511779173,1254.2438404441016,SPY,index,True
2025-03-04,2025-03-04 00:00:00,1258.9918206110706,30172694.0,1255.8862685219508,1268.419956579111,1248.1102678504844,SPY,index,True
2025-03-05,2025-03-05 00:00:00,1255.7591024636104,17558314.0,1264.545188176233,1265.0569820159806,1255.7446392555792,SPY,index,True
2025-03-06,2025-03-06 00:00:00,1264.8996305267858,18659769.0,1276.8770593791423,1277.387106091947,1255.2340477627429,SPY,index,True
2025-03-07,2025-03-07 00:00:00,1276.3516424285406,15499772.0,1279.1219387380102,1286.3701536164185,1271.2262813122254,SPY,index,True
2025-03-10,2025-03-10 00:00:00,1278.9948149348943,21608063.0,1278.5270593622058,1290.2200061849244,1266.7980180995014,SPY,index,True
2025-03-11,2025-03-11 00:00:00,1278.6556174002865,46453361.0,1274.956574731566,1278.8806826701527,1272.6706534956193,SPY,index,True
2025-03-12,2025-03-12 00:00:00,1274.9323698351122,34550590.0,1280.9800805962977,1289.3724429838567,1269.823239244467,SPY,index,True
2025-03-13,2025-03-13 00:00:00,1280.5767846263154,32191032.0,1282.2804936114258,1286.2086638448795,1279.2114969275767,SPY,index,True
2025-03-14,2025-03-14 00:00:00,1281.788207513435,45602592.0,1278.2000639497355,1286.5127582133223,1272.1067066788087,SPY,index,True
2025-03-17,2025-03-17 00:00:00,1277.8261002842512,19935230.0,1266.419315413958,1289.6147564118276,1258.0749712065206,SPY,index,True
2025-03-18,2025-03-18 00:00:00,1266.08633837579,38991489.0,1257.2386727406358,1272.0041394575235,1257.0318527058546,SPY,index,True
2025-03-19,2025-03-19 00:00:00,1256.9975092494158,37781217.0,1263.5993680365011,1272.58909347189,1256.7235781425359,SPY,index,True
2025-03-20,2025-03-20 00:00:00,1263.1811196983097,26913941.0,1274.635294681868,1281.1537115031908,1260.055786072042,SPY,index,True
2025-03-21,2025-03-21 00:00:00,1274.6381230735367,33096745.0,1283.0320304444242,1292.8005926350702,1266.0350486998811,SPY,index,True
2025-03-24,2025-03-24 00:00:00,1282.4779363361965,19279499.0,1274.9330569919025,1290.8260781676613,1274.5538145572518,SPY,index,True
2025-03-25,2025-03-25 00:00:00,1274.5430999640084,24085659.0,1280.0704022559294,1281.1495334263195,1264.7365893472067,SPY,index,True
2025-03-26,2025-03-26 00:00:00,1280.4738165582135,44596082.0,1277.0839836306475,1281.9989078007218,1276.0840586821707,SPY,index,True
2025-03-27,2025-03-27 00:00:00,1276.880489620125,20265532.0,1273.6654520541226,1289.6344509490586,1263.990902075953,SPY,index,True
2025-03-28,2025-03-28 00:00:00,1273.6967658990936,40031735.0,1280.397891250051,1280.9525918897739,1263.58715904782,SPY,index,True
2025-03-31,2025-03-31 00:00:00,1279.924137781177,36962227.0,1275.7817292278557,1291.1093573004127,1268.5790544730705,SPY,index,True
2025-04-01,2025-04-01 00:00:00,1275.9631747169522,14831864.0,1287.1331253813712,1288.2183026369398,1274.872228731823,SPY,index,True
2025-04-02,2025-04-02 00:00:00,1287.1182632304372,14414800.0,1296.203522032288,1301.145989942937,1274.9615024732107,SPY,index,True
2025-04-03,2025-04-03 00:00:00,1296.198451221872,25357812.0,1284.4983645085158,1297.1125106897482,1278.3452883290538,SPY,index,True
2025-04-04,2025-04-04 00:00:00,1284.1026879433934,20818345.0,1290.5607968728655,1296.7293649600226,1280.193865181071,SPY,index,True
2025-04-07,2025-04-07 00:00:00,1290.3134471700953,33631532.0,1282.8074089286933,1293.6367854695975,1276.317342933269,SPY,index,True
2025-04-08,2025-04-08 00:00:00,1282.6466095524254,10690517.0,1280.7951555526372,1286.3518357691983,1278.077415229937,SPY,index,True
2025-04-09,2025-04-09 00:00:00,1281.1329866526787,47449706.0,1277.2666579647507,1289.832949105196,1274.9759635140917,SPY,index,True
2025-04-10,2025-04-10 00:00:00,1277.3178291256984,17091620.0,1288.6905694088093,1296.2355021444173,1275.7858905321539,SPY,index,True
2025-04-11,2025-04-11 00:00:00,1289.1124013529452,45194901.0,1277.5166222038335,1289.70318497112,1271.2488393567967,SPY,index,True
2025-04-14,2025-04-14 00:00:00,1277.3997914570523,20063607.0,1275.7744243178054,1282.8506790577292,1267.3716096891426,SPY,index,True
2025-04-15,2025-04-15 00:00:00,1275.683677462891,49977390.0,1268.8092058266207,1279.713923495277,1257.5436205284234,SPY,index,True
2025-04-16,2025-04-16 00:00:00,1268.7556977563388,7282863.0,1265.0740896377765,1281.3625035543619,1256.4118905443613,SPY,index,True
2025-04-17,2025-04-17 00:00:00,1264.969249742036,38558170.0,1273.985169287137,1279.5773532636738,1255.5675263371513,SPY,index,True
2025-04-18,2025-04-18 00:00:00,1273.8638410949688,15646008.0,1285.4284992883074,1296.3656158049519,1264.0785324811638,SPY,index,True
2025-04-21,2025-04-21 00:00:00,1285.823371888931,16818889.0,1289.7256017556092,1301.9560340142154,1284.082001440013,SPY,index,True
2025-04-22,2025-04-22 00:00:00,1289.411727064257,19790786.0,1280.0299744515742,1293.5276161442944,1270.5051676455885,SPY,index,True
2025-04-23,2025-04-23 00:00:00,1280.4552351689197,9780080.0,1287.204738683788,1289.1874408770198,1275.0049058495026,SPY,index,True
2025-04-24,2025-04-24 00:00:00,1287.656978692064,49915627.0,1287.7202520347896,1298.2877267263173,1279.7618593862926,SPY,index,True
2025-04-25,2025-04-25 00:00:00,1287.5480226089526,36128005.0,1297.5350963890503,1310.384859193684,1282.351753413662,SPY,index,True
2025-04-28,2025-04-28 00:00:00,1297.0356664816386,49359934.0,1300.1137518661894,1308.7227263067784,1285.6336492120981,SPY,index,True
2025-04-29,2025-04-29 00:00:00,1300.0236590049553,45724127.0,1291.9283162817176,1312.1733925851056,1283.3104403947825,SPY,index,True
2025-04-30,2025-04-30 00:00:00,1291.4202051214802,31409868.0,1297.672381068507,1302.2924320064196,1284.2002981255607,SPY,index,True
2025-05-01,2025-05-01 00:00:00,1298.1120619545354,15681142.0,1288.1927757046317,1302.295641046238,1286.4609441144717,SPY,index,True
2025-05-02,2025-05-02 00:00:00,1288.4807464904868,33626630.0,1281.2727801343779,1288.7996370813426,1276.6194916008808,SPY,index,True
2025-05-05,2025-05-05 00:00:00,1281.6320678581842,36703189.0,1274.9764494820192,1285.870623721237,1266.752917039791,SPY,index,True
2025-05-06,2025-05-06 00:00:00,1274.5629474283157,10011712.0,1278.5198889984956,1286.8660811695672,1271.1013985042057,SPY,index,True
2025-05-07,2025-05-07 00:00:00,1278.720962476859,34319701.0,1280.0696982155039,1280.9863899032332,1267.4346078495475,SPY,index,True
2025-05-08,2025-05-08 00:00:00,1279.5737444563945,29222135.0,1282.0740460681063,1292.1295962861473,1271.5376652493374,SPY,index,True
2025-05-09,2025-05-09 00:00:00,1282.450975161022,12800620.0,1287.063397112144,1299.6422637038515,1276.1837783808169,SPY,index,True
2025-05-12,2025-05-12 00:00:00,1286.5972282877067,44862745.0,1288.8739577117306,1295.0838594140507,1278.6167773056302,SPY,index,True
2025-05-13,2025-05-13 00:00:00,1288.9570608918466,21934724.0,1279.1173818405332,1298.9307798225009,1267.5544820609882,SPY,index,True
2025-05-14,2025-05-14 00:00:00,1279.4874975920193,28199629.0,1269.5693239285683,1279.8187699916957,1258.386261922983,SPY,index,True
2025-05-15,2025-05-15 00:00:00,1269.6418813729172,18752809.0,1276.6321101054614,1287.170058382518,1262.6074053312223,SPY,index,True
2025-05-16,2025-05-16 00:00:00,1276.6116266470847,27733298.0,1265.0591032695256,1280.6606022571295,1257.930397021401,SPY,index,True
2025-05-19,2025-05-19 00:00:00,1265.4694467101585,12947376.0,1254.9740322541513,1272.7208741321342,1242.7298914897656,SPY,index,True
2025-05-20,2025-05-20 00:00:00,1255.1463697477059,14430702.0,1265.7651674411966,1270.1163297804783,1253.8331270749732,SPY,index,True
2025-05-21,2025-05-21 00:00:00,1265.8597236512303,27049928.0,1257.3106993517858,1268.5680975275973,1250.1398640419452,SPY,index,True
2025-05-22,2025-05-22 00:00:00,1256.7647836150816,11712058.0,1255.7695602603224,1268.1243381130334,1245.7659867274192,SPY,index,True
2025-05-23,2025-05-23 00:00:00,1256.1801891197424,45299543.0,1249.7358456110471,1265.4145244350957,1238.775584678335,SPY,index,True
2025-05-26,2025-05-26 00:00:00,1249.9089857457425,12690736.0,1237.7146357890308,1250.3359540329932,1231.6694444632692,SPY,index,True
2025-05-27,2025-05-27 00:00:00,1237.3762851383538,6558469.0,1230.0974737205147,1240.339534062978,1227.3062363552358,SPY,index,True
2025-05-28,2025-05-28 00:00:00,1230.4033584289054,27007030.0,1240.212248825598,1248.8474697193665,1218.3244729111852,SPY,index,True
2025-05-29,2025-05-29 00:00:00,1239.7766938505624,49143005.0,1235.2445900428504,1240.9383833359338,1233.6243536903555,SPY,index,True
2025-05-30,2025-05-30 00:00:00,1235.398701337617,28841851.0,1242.010906016583,1246.7428553223451,1232.0454903007376,SPY,index,True
2025-06-02,2025-06-02 00:00:00,1242.236621864942,23594990.0,1232.2390300696716,1243.7277152053398,1222.9713093229936,SPY,index,True
2025-06-03,2025-06-03 00:00:00,1231.7235260122673,40096145.0,1234.3698963886375,1236.9516450314868,1223.1686375395211,SPY,index,True
2025-06-04,2025-06-04 00:00:00,1234.382544608207,39354287.0,1229.4776058259165,1236.0817499799857,1224.677896908204,SPY,index,True
2025-06-05,2025-06-05 00:00:00,1229.7223641986075,49600586.0,1239.1396031112681,1245.9110025540776,1224.273717923958,SPY,index,True
2025-06-06,2025-06-06 00:00:00,1239.1044062083708,23834985.0,1249.221811033833,1257.7117524300625,1233.3578773785418,SPY,index,True
2025-06-09,2025-06-09 00:00:00,1249.2791046605716,32267811.0,1238.6668087096584,1249.4619463282106,1230.2995077684038,SPY,index,True
2025-06-10,2025-06-10 00:00:00,1238.2193326678407,28271034.0,1234.879763786813,1244.9400848673563,1227.8701984541312,SPY,index,True
2025-06-11,2025-06-11 00:00:00,1234.772423281982,16285976.0,1233.6840478652905,1245.414581912431,1224.4996077281,SPY,index,True
2025-06-12,2025-06-12 00:00:00,1233.3595544249954,13138625.0,1225.0791995449893,1238.6651838327741,1224.0511214553835,SPY,index,True
2025-06-13,2025-06-13 00:00:00,1225.4468151876536,38129869.0,1227.9400628575268,1233.6619966416588,1223.6536004986356,SPY,index,True
2025-06-16,2025-06-16 00:00:00,1227.7302377402737,49351218.0,1231.1468738005688,1237.4856813099955,1221.251250016191,SPY,index,True
2025-06-17,2025-06-17 00:00:00,1230.7446735177944,31020916.0,1226.8932031186396,1238.8040181091221,1217.691697321583,SPY,index,True
2025-06-18,2025-06-18 00:00:00,1226.5872638981111,21094194.0,1218.313723014859,1227.0681987693654,1218.1695879656054,SPY,index,True
2025-06-19,2025-06-19 00:00:00,1218.457716693988,19348980.0,1213.6167365493634,1225.1028617592801,1201.5697987189071,SPY,index,True
2025-06-20,2025-06-20 00:00:00,1214.0325273057526,33749582.0,1225.453982731902,1237.6743457470402,1206.9756251621732,SPY,index,True
2025-06-23,2025-06-23 00:00:00,1225.174625616555,30864064.0,1224.5052270874212,1232.8028168336107,1221.4481462920787,SPY,index,True
2025-06-24,2025-06-24 00:00:00,1224.6929443563108,23447560.0,1229.0339690602914,1231.5223897855078,1224.0762681501233,SPY,index,True
2025-06-25,2025-06-25 00:00:00,1229.2545747103734,20719648.0,1233.869908720436,1243.0266511151067,1221.3171779026088,SPY,index,True
2025-06-26,2025-06-26 00:00:00,1233.4589490329013,40576154.0,1237.076497795971,1241.2732388345678,1221.762330647973,SPY,index,True
2025-06-27,2025-06-27 00:00:00,1237.3775738857967,36567648.0,1231.6140146021987,1238.855520702782,1221.775064857524,SPY,index,True
2025-06-30,2025-06-30 00:00:00,1231.8718801103084,47313751.0,1238.5374240956983,1241.8738874792568,1229.6997130869481,SPY,index,True
2025-07-01,2025-07-01 00:00:00,1238.1209296916525,40012886.0,1243.4704508317634,1250.7358691243169,1238.0926618737476,SPY,index,True
2025-07-02,2025-07-02 00:00:00,1243.776228015518,15345972.0,1242.4863950304032,1250.4666985752615,1235.073418953259,SPY,index,True
2025-07-03,2025-07-03 00:00:00,1242.5014969314457,14111474.0,1235.8285564128219,1249.7974593432368,1227.7058248549054,SPY,index,True
2025-07-04,2025-07-04 00:00:00,1236.0188459373005,35930963.0,1242.2396906577078,1249.1369680340385,1226.031897206832,SPY,index,True
2025-07-07,2025-07-07 00:00:00,1242.30686762793,46212793.0,1239.2749336472746,1254.2010770645104,1231.7045740841359,SPY,index,True
2025-07-08,2025-07-08 00:00:00,1239.0004531566412,40993220.0,1231.1752601448668,1242.488816112294,1224.026033182605,SPY,index,True
2025-07-09,2025-07-09 00:00:00,1230.8180840620332,21328897.0,1237.6961716351736,1247.9511130850603,1219.2164597573276,SPY,index,True
2025-07-10,2025-07-10 00:00:00,1237.4904820487466,37807549.0,1230.1245907872794,1247.7696855194056,1227.4669506996786,SPY,index,True
2025-07-11,2025-07-11 00:00:00,1230.1203424883845,39577250.0,1232.1590887315547,1236.5040541433038,1221.98273557249,SPY,index,True
2025-07-14,2025-07-14 00:00:00,1232.171099826417,24652188.0,1240.201233800403,1250.0513629402792,1229.203601184791,SPY,index,True
2025-07-15,2025-07-15 00:00:00,1240.1782184856454,11286814.0,1252.0,1254.4779282388834,1236.5220107214043,SPY,index,True
2024-11-06,2024-11-06 00:00:00,1185.650176824298,33525521.0,1184.6144017004774,1191.8464727247756,1174.521587238244,QQQ,index,True
2024-11-07,2024-11-07 00:00:00,1185.0172921493356,18982061.0,1192.1065489993998,1196.625522214044,1174.0158388107434,QQQ,index,True
2024-11-08,2024-11-08 00:00:00,1191.8605989383336,48125639.0,1193.033245281937,1196.9126921652357,1189.7839544353046,QQQ,index,True
2024-11-11,2024-11-11 00:00:00,1193.1362598190608,30834582.0,1190.1666993894712,1196.2338170349003,1185.7981612495987,QQQ,index,True
2024-11-12,2024-11-12 00:00:00,1190.2317583611496,7047297.0,1200.6502459103144,1207.0729670760377,1178.83350569079,QQQ,index,True
2024-11-13,2024-11-13 00:00:00,1200.2453978488857,49156805.0,1195.99379346676,1210.7649765821043,1195.7614385587951,QQQ,index,True
2024-11-14,2024-11-14 00:00:00,1195.6881421041874,36325763.0,1187.4086269316451,1204.072400916734,1177.9726045468497,QQQ,index,True
2024-11-15,2024-11-15 00:00:00,1187.4783249357763,23744316.0,1195.5504622835692,1196.317922308064,1176.4977586901603,QQQ,index,True
2024-11-18,2024-11-18 00:00:00,1195.804696552468,15697580.0,1189.4528837459795,1205.7952677765581,1187.899405242149,QQQ,index,True
2024-11-19,2024-11-19 00:00:00,1189.3238905665994,36236075.0,1185.5232945088292,1198.8020708812076,1182.1275410737094,QQQ,index,True
2024-11-20,2024-11-20 00:00:00,1185.7063187588005,6491095.0,1174.2797465618808,1186.6887858370103,1168.965004831707,QQQ,index,True
2024-11-21,2024-11-21 00:00:00,1174.3682592994285,34965271.0,1183.9914638580892,1193.9447315213429,1167.4656713787374,QQQ,index,True
2024-11-22,2024-11-22 00:00:00,1183.9568516725963,8609763.0,1188.8207114648353,1190.2723898491984,1180.5274821970186,QQQ,index,True
2024-11-25,2024-11-25 00:00:00,1188.3881623487023,49150389.0,1193.2280334008658,1204.6607869575016,1188.2403887229245,QQQ,index,True
2024-11-26,2024-11-26 00:00:00,1192.8653465885332,40359778.0,1200.434569945953,1201.4591320308086,1188.04309609609,QQQ,index,True
2024-11-27,2024-11-27 00:00:00,1200.7830944890545,35042967.0,1189.1080899601761,1202.333289269436,1179.7222102231065,QQQ,index,True
2024-11-28,2024-11-28 00:00:00,1189.0085672327973,7789018.0,1197.8107772297628,1206.9262646468667,1178.8747993135105,QQQ,index,True
2024-11-29,2024-11-29 00:00:00,1197.7556826891164,35453723.0,1208.1802718177569,1219.9285074317663,1186.4082840191486,QQQ,index,True
2024-12-02,2024-12-02 00:00:00,1208.1115377547633,25082925.0,1196.558612539308,1209.7643498288576,1187.9884874430827,QQQ,index,True
2024-12-03,2024-12-03 00:00:00,1196.196382933192,27387602.0,1187.7011615785716,1204.768584710946,1186.9684694937928,QQQ,index,True
2024-12-04,2024-12-04 00:00:00,1187.226089113317,31570914.0,1187.5767563855618,1197.8875421592975,1186.026830684196,QQQ,index,True
2024-12-05,2024-12-05 00:00:00,1187.7953167021774,37120662.0,1188.2057335683785,1197.0659777800417,1177.332973046701,QQQ,index,True
2024-12-06,2024-12-06 00:00:00,1188.6059428416122,43692483.0,1189.1113721474942,1199.5565301956658,1185.6401464316523,QQQ,index,True
2024-12-09,2024-12-09 00:00:00,1188.8601742015244,27601689.0,1182.2259130116408,1190.2378587713226,1180.1770207520926,QQQ,index,True
2024-12-10,2024-12-10 00:00:00,1182.620211843341,33826080.0,1179.3257656185972,1187.1529442386031,1172.7679938373471,QQQ,index,True
2024-12-11,2024-12-11 00:00:00,1179.0414400540838,12929007.0,1173.4876026081847,1183.5131595626365,1166.3604426761087,QQQ,index,True
2024-12-12,2024-12-12 00:00:00,1173.5665800349766,15682876.0,1179.7755224761368,1181.6221496270641,1169.5726691601833,QQQ,index,True
2024-12-13,2024-12-13 00:00:00,1179.4747250017854,32461961.0,1174.984334213608,1191.1114976375347,1167.3556572747148,QQQ,index,True
2024-12-16,2024-12-16 00:00:00,1175.0828309897524,7484123.0,1163.8572606839887,1180.0963243442254,1153.6443485265854,QQQ,index,True
2024-12-17,2024-12-17 00:00:00,1163.8696413945931,22389342.0,1154.6125112705151,1174.0659813026339,1144.4053851080225,QQQ,index,True
2024-12-18,2024-12-18 00:00:00,1154.5487323932896,32698998.0,1148.228343415854,1158.2011859287986,1138.1257141170408,QQQ,index,True
2024-12-19,2024-12-19 00:00:00,1148.2344227962265,40041586.0,1141.8539063051858,1156.5171139381405,1141.2150889075035,QQQ,index,True
2024-12-20,2024-12-20 00:00:00,1141.497214029115,13663522.0,1146.7175553369048,1154.8116062876409,1135.6733371006187,QQQ,index,True
2024-12-23,2024-12-23 00:00:00,1146.6843360188607,34729260.0,1155.4918589495924,1157.2789387987855,1145.3565934841245,QQQ,index,True
2024-12-24,2024-12-24 00:00:00,1155.191791298176,6811248.0,1145.6451917367203,1165.576053285844,1135.7189058564145,QQQ,index,True
2024-12-25,2024-12-25 00:00:00,1146.032392784297,19374475.0,1155.043770133843,1157.8064712488158,1136.674347860227,QQQ,index,True
2024-12-26,2024-12-26 00:00:00,1155.2982048027875,10775642.0,1156.0845540660075,1156.839365640561,1144.897585515884,QQQ,index,True
2024-12-27,2024-12-27 00:00:00,1156.230629575006,34776311.0,1152.0475039459047,1158.1525555571905,1149.0073919493718,QQQ,index,True
2024-12-30,2024-12-30 00:00:00,1152.2737815916412,20239732.0,1148.5075901534044,1156.617959635589,1140.5333491619808,QQQ,index,True
2024-12-31,2024-12-31 00:00:00,1148.485972100985,43877618.0,1142.1091285335829,1159.9071368360549,1139.9663252217322,QQQ,index,True
2025-01-01,2025-01-01 00:00:00,1141.8239212322862,17077863.0,1146.8822543691542,1155.8953482736974,1141.5453161944629,QQQ,index,True
2025-01-02,2025-01-02 00:00:00,1146.5641396015287,30991105.0,1137.05785314156,1154.3414087674414,1131.7704254372552,QQQ,index,True
2025-01-03,2025-01-03 00:00:00,1137.3772339589477,16920105.0,1142.6464700030494,1152.7727472155443,1131.095828068493,QQQ,index,True
2025-01-06,2025-01-06 00:00:00,1142.5444525314247,10432594.0,1134.7826893517222,1142.617258209316,1129.1076150846188,QQQ,index,True
2025-01-07,2025-01-07 00:00:00,1134.774386325174,9113436.0,1129.1022001511878,1141.5705347002024,1120.9151776144663,QQQ,index,True
2025-01-08,2025-01-08 00:00:00,1128.9263994895518,32741492.0,1119.8640579915436,1131.1832950944815,1114.8342376086393,QQQ,index,True
2025-01-09,2025-01-09 00:00:00,1119.644019440139,11139416.0,1110.6460711170976,1123.3965185278757,1100.3823688889825,QQQ,index,True
2025-01-10,2025-01-10 00:00:00,1111.0172941128387,38916682.0,1116.5555623132918,1125.390350719736,1100.6748744462095,QQQ,index,True
2025-01-13,2025-01-13 00:00:00,1116.764455460722,31733287.0,1118.3103573572218,1118.6129405078289,1107.4930748307954,QQQ,index,True
2025-01-14,2025-01-14 00:00:00,1118.0260697661636,22214773.0,1114.837308131871,1126.866206818085,1105.5329791783013,QQQ,index,True
2025-01-15,2025-01-15 00:00:00,1114.6261700693096,41766039.0,1120.636697204596,1122.166930767926,1106.5301030961725,QQQ,index,True
2025-01-16,2025-01-16 00:00:00,1120.6463154148441,24448536.0,1125.6634733895603,1130.3093855842067,1120.3677577988456,QQQ,index,True
2025-01-17,2025-01-17 00:00:00,1125.5851185610525,18666514.0,1134.8317146031404,1139.6129479475678,1123.6358834499124,QQQ,index,True
2025-01-20,2025-01-20 00:00:00,1134.6924721802313,23165079.0,1144.943602632247,1155.7482005113925,1123.8952956096005,QQQ,index,True
2025-01-21,2025-01-21 00:00:00,1145.1889319720117,38291862.0,1155.795108567099,1166.1232504518266,1144.0462803908829,QQQ,index,True
2025-01-22,2025-01-22 00:00:00,1156.097360008185,18853225.0,1158.262753492989,1159.5808898228315,1149.3887813291483,QQQ,index,True
2025-01-23,2025-01-23 00:00:00,1157.8238168439138,36507413.0,1160.8765646634643,1166.2817045187296,1150.8691791786625,QQQ,index,True
2025-01-24,2025-01-24 00:00:00,1160.544624918679,6863405.0,1171.0025929695857,1181.8772565045117,1157.4953667334541,QQQ,index,True
2025-01-27,2025-01-27 00:00:00,1170.839893646319,44721271.0,1177.5032152338986,1189.0325968633308,1166.7986331022798,QQQ,index,True
2025-01-28,2025-01-28 00:00:00,1177.1715757210654,7521242.0,1175.3046727261901,1181.8006914738485,1164.2518224100675,QQQ,index,True
2025-01-29,2025-01-29 00:00:00,1175.2647032714212,22664594.0,1185.3047844232574,1191.663596678755,1170.0476505547795,QQQ,index,True
2025-01-30,2025-01-30 00:00:00,1185.581364063547,13222347.0,1180.9624232281296,1195.2133201769566,1180.3183501781923,QQQ,index,True
2025-01-31,2025-01-31 00:00:00,1180.6922252787347,31004075.0,1188.537812190196,1189.0515486915324,1178.8060422957988,QQQ,index,True
2025-02-03,2025-02-03 00:00:00,1188.0258576315612,6496017.0,1176.738210656237,1193.5904181005928,1166.8147737477386,QQQ,index,True
2025-02-04,2025-02-04 00:00:00,1177.106140822636,36258252.0,1188.9320059836607,1198.3389294647775,1167.6751506073797,QQQ,index,True
2025-02-05,2025-02-05 00:00:00,1188.9611477525107,31703648.0,1177.7190502500487,1189.6562430543793,1176.081596557373,QQQ,index,True
2025-02-06,2025-02-06 00:00:00,1178.0747017891924,36249194.0,1167.9098026980434,1184.4693464119894,1167.5544265675264,QQQ,index,True
2025-02-07,2025-02-07 00:00:00,1168.0363782039822,11608532.0,1172.4334960539768,1175.489407712417,1157.7784979081687,QQQ,index,True
2025-02-10,2025-02-10 00:00:00,1172.78013877144,40172292.0,1175.3807347716797,1186.059006670767,1161.8988846838129,QQQ,index,True
2025-02-11,2025-02-11 00:00:00,1175.3736856971543,42485689.0,1182.9054920291996,1193.9769516641454,1172.4049483474041,QQQ,index,True
2025-02-12,2025-02-12 00:00:00,1182.5965059510593,30941856.0,1182.8696611979065,1189.4498760068473,1182.5896688379082,QQQ,index,True
2025-02-13,2025-02-13 00:00:00,1182.412505327467,34348593.0,1193.2269000135216,1194.373327766983,1174.9040931616646,QQQ,index,True
2025-02-14,2025-02-14 00:00:00,1193.1380271233813,35235013.0,1182.6147541654257,1204.3475366492085,1175.9668794103923,QQQ,index,True
2025-02-17,2025-02-17 00:00:00,1182.979609953284,41835125.0,1192.433032846684,1194.0416004306985,1174.8834684070105,QQQ,index,True
2025-02-18,2025-02-18 00:00:00,1192.224928272323,39092715.0,1201.934447384696,1211.1045145094868,1180.6165612439386,QQQ,index,True
2025-02-19,2025-02-19 00:00:00,1201.495597863505,43132010.0,1200.817966708172,1209.2443624610414,1194.7819265666635,QQQ,index,True
2025-02-20,2025-02-20 00:00:00,1200.9976271389562,16520274.0,1191.755329110874,1208.7296236666884,1191.4000000277194,QQQ,index,True
2025-02-21,2025-02-21 00:00:00,1191.959913627251,15411084.0,1183.4536280823609,1203.4430655988235,1173.096358908197,QQQ,index,True
2025-02-24,2025-02-24 00:00:00,1183.6017786265022,25573450.0,1185.8946305190836,1190.265533732342,1178.8067213637858,QQQ,index,True
2025-02-25,2025-02-25 00:00:00,1186.2376801460632,47593995.0,1187.8335093708338,1198.8930732431793,1180.5197776670732,QQQ,index,True
2025-02-26,2025-02-26 00:00:00,1187.4049820064229,34066124.0,1186.039570505341,1190.0451073818651,1185.5824665325251,QQQ,index,True
2025-02-27,2025-02-27 00:00:00,1185.5885736030664,15485908.0,1175.212579229928,1196.3714439003008,1172.9453846568044,QQQ,index,True
2025-02-28,2025-02-28 00:00:00,1174.9532817687673,35415296.0,1168.652171133404,1175.0970079711665,1158.792355246151,QQQ,index,True
2025-03-03,2025-03-03 00:00:00,1168.8555344386123,32861363.0,1174.6194851219564,1185.223253317586,1164.6708885156997,QQQ,index,True
2025-03-04,2025-03-04 00:00:00,1174.6774505161561,10728553.0,1170.6501883519754,1176.1771755489222,1167.4979905777711,QQQ,index,True
2025-03-05,2025-03-05 00:00:00,1170.3659209518562,33520430.0,1162.5417773224501,1179.8224166628995,1161.3683345437853,QQQ,index,True
2025-03-06,2025-03-06 00:00:00,1162.7651600553102,22076054.0,1160.8944712026416,1169.9509829107208,1152.8583622021915,QQQ,index,True
2025-03-07,2025-03-07 00:00:00,1161.257702988995,47240063.0,1171.3228817931567,1174.0688152604368,1151.2921825576389,QQQ,index,True
2025-03-10,2025-03-10 00:00:00,1170.9342953474622,33836373.0,1177.7842867794338,1186.2414424326819,1164.1943688147496,QQQ,index,True
2025-03-11,2025-03-11 00:00:00,1177.7813845677667,8957366.0,1186.8803349512605,1187.6421887410725,1176.4721175572909,QQQ,index,True
2025-03-12,2025-03-12 00:00:00,1187.295204891544,29725182.0,1185.1266484728915,1196.1434310549264,1178.288571254404,QQQ,index,True
2025-03-13,2025-03-13 00:00:00,1185.3747493648675,28103104.0,1177.1190300438261,1192.7255254341062,1166.0488833772802,QQQ,index,True
2025-03-14,2025-03-14 00:00:00,1177.0145165640351,42001277.0,1179.3257754656852,1186.3418920661368,1167.7786566065934,QQQ,index,True
2025-03-17,2025-03-17 00:00:00,1179.4102229523496,27802768.0,1190.2556687728702,1197.493221234769,1174.1953955096358,QQQ,index,True
2025-03-18,2025-03-18 00:00:00,1190.506161179607,42682784.0,1178.730584110051,1192.6141138068704,1169.3527133076182,QQQ,index,True
2025-03-19,2025-03-19 00:00:00,1178.6616293403836,38125428.0,1172.3182925717163,1183.5006340005723,1161.6627113256347,QQQ,index,True
2025-03-20,2025-03-20 00:00:00,1172.695010269217,15462282.0,1164.1290488471795,1173.4958839656442,1158.8608916609228,QQQ,index,True
2025-03-21,2025-03-21 00:00:00,1164.4709275957994,14965322.0,1158.1442698881865,1174.964948065001,1147.3898167556442,QQQ,index,True
2025-03-24,2025-03-24 00:00:00,1158.539137117512,21483621.0,1156.2991731066854,1167.7398920002256,1153.418698573306,QQQ,index,True
2025-03-25,2025-03-25 00:00:00,1156.489578139319,14706495.0,1159.3819778139773,1170.5163111373008,1152.6879312797648,QQQ,index,True
2025-03-26,2025-03-26 00:00:00,1159.4152660813252,9138560.0,1164.8032341744438,1166.7483188863973,1154.1458002310058,QQQ,index,True
2025-03-27,2025-03-27 00:00:00,1164.8193874723174,9538162.0,1175.8992724409804,1180.3858307526154,1155.9875957512438,QQQ,index,True
2025-03-28,2025-03-28 00:00:00,1175.5661108357476,20710927.0,1170.140236365627,1185.2549799681767,1162.4829990162175,QQQ,index,True
2025-03-31,2025-03-31 00:00:00,1170.4606826624647,21988402.0,1177.5332736137045,1186.6972448913318,1167.539413707168,QQQ,index,True
2025-04-01,2025-04-01 00:00:00,1177.0248892073705,43730669.0,1184.7059420381572,1193.8395600970093,1171.447687104507,QQQ,index,True
2025-04-02,2025-04-02 00:00:00,1185.1252244207803,30674327.0,1196.258953489041,1206.4596507490585,1182.1064631591141,QQQ,index,True
2025-04-03,2025-04-03 00:00:00,1195.8881873171995,39055018.0,1199.4497722639665,1202.1315141815828,1188.6498939392036,QQQ,index,True
2025-04-04,2025-04-04 00:00:00,1199.820179569728,17569403.0,1207.6651590145261,1218.2209340325242,1199.3107141984015,QQQ,index,True
2025-04-07,2025-04-07 00:00:00,1207.2647143918575,19103736.0,1199.0215452023792,1210.1774802150676,1198.5182658827164,QQQ,index,True
2025-04-08,2025-04-08 00:00:00,1198.8520087274303,13191616.0,1195.3112721560537,1201.7100952281248,1194.073422892908,QQQ,index,True
2025-04-09,2025-04-09 00:00:00,1194.921024766775,31283282.0,1186.395481071175,1198.5749056089053,1182.775441397025,QQQ,index,True
2025-04-10,2025-04-10 00:00:00,1186.815997280642,33439202.0,1187.8962931014698,1197.1383054440407,1186.1671646184304,QQQ,index,True
2025-04-11,2025-04-11 00:00:00,1187.8718896963614,23649934.0,1181.5804342949898,1188.1770055130883,1180.448918211517,QQQ,index,True
2025-04-14,2025-04-14 00:00:00,1181.1544485442707,13317562.0,1175.1749915489386,1191.8033233883302,1168.8025570453449,QQQ,index,True
2025-04-15,2025-04-15 00:00:00,1175.4010682562453,23972532.0,1179.6792930252568,1191.2297234168618,1172.0867860100866,QQQ,index,True
2025-04-16,2025-04-16 00:00:00,1179.8258789101126,31452631.0,1188.2716698575443,1191.791766492848,1178.357004405672,QQQ,index,True
2025-04-17,2025-04-17 00:00:00,1188.449576789984,19333363.0,1194.4528116089778,1203.375399442492,1182.0039730426308,QQQ,index,True
2025-04-18,2025-04-18 00:00:00,1194.0346678191067,12924807.0,1190.6757704962188,1198.1380503005582,1179.2466621830395,QQQ,index,True
2025-04-21,2025-04-21 00:00:00,1190.8045747125211,49899544.0,1200.8770879674598,1207.3191089652623,1190.6445627652777,QQQ,index,True
2025-04-22,2025-04-22 00:00:00,1201.0471948497643,23482236.0,1196.4594719892298,1202.7758895234826,1195.8575961379318,QQQ,index,True
2025-04-23,2025-04-23 00:00:00,1196.575260781114,36537859.0,1196.6430550126918,1204.1793385786425,1195.5792869252866,QQQ,index,True
2025-04-24,2025-04-24 00:00:00,1196.1592876941095,27442750.0,1188.5361898592255,1203.892903220439,1181.9263117089924,QQQ,index,True
2025-04-25,2025-04-25 00:00:00,1188.0719994059757,9051414.0,1179.024198696944,1196.8743216708253,1169.5191409774234,QQQ,index,True
2025-04-28,2025-04-28 00:00:00,1179.0336762998918,16230411.0,1184.3058930986851,1188.3386145010404,1170.7367191644582,QQQ,index,True
2025-04-29,2025-04-29 00:00:00,1184.4342390836518,28524716.0,1193.8317281414072,1194.7899957471195,1179.2758488814536,QQQ,index,True
2025-04-30,2025-04-30 00:00:00,1194.0539110674026,45200679.0,1205.5964528955362,1208.620516079921,1183.9242732428258,QQQ,index,True
2025-05-01,2025-05-01 00:00:00,1205.1912916802612,47707593.0,1206.9789435922232,1211.9306695931136,1200.1515791953755,QQQ,index,True
2025-05-02,2025-05-02 00:00:00,1206.8031380419288,34837359.0,1209.0870353504656,1212.3476992651729,1201.6066679244434,QQQ,index,True
2025-05-05,2025-05-05 00:00:00,1209.4818058996102,42289798.0,1205.9054302543263,1217.915710968839,1200.3797096191681,QQQ,index,True
2025-05-06,2025-05-06 00:00:00,1205.9097832119105,24053107.0,1201.004454936156,1212.4452832830796,1192.175449975253,QQQ,index,True
2025-05-07,2025-05-07 00:00:00,1200.7029672561803,24089235.0,1193.7208097522423,1201.6886296997097,1192.8272856148317,QQQ,index,True
2025-05-08,2025-05-08 00:00:00,1193.7721796151463,14432193.0,1204.57559765253,1213.350630651142,1186.747901517299,QQQ,index,True
2025-05-09,2025-05-09 00:00:00,1204.855963751519,24900402.0,1216.7024742287053,1225.5346016944964,1200.2841544014307,QQQ,index,True
2025-05-12,2025-05-12 00:00:00,1216.9031228296608,38241552.0,1206.5413187746233,1226.7260309717162,1196.1759509875174,QQQ,index,True
2025-05-13,2025-05-13 00:00:00,1206.29102306771,8308173.0,1198.8672791142803,1217.7598819213417,1190.6991921141907,QQQ,index,True
2025-05-14,2025-05-14 00:00:00,1198.6298399910747,37746714.0,1192.1963110252677,1199.188326783689,1189.797165698102,QQQ,index,True
2025-05-15,2025-05-15 00:00:00,1192.087761208888,33839712.0,1188.3457833604955,1194.080655445402,1185.2450509645375,QQQ,index,True
2025-05-16,2025-05-16 00:00:00,1188.4909297030815,29195137.0,1197.0232521787775,1204.8787740864038,1187.012460522451,QQQ,index,True
2025-05-19,2025-05-19 00:00:00,1197.0463498061602,46547647.0,1193.313618112308,1204.701591384228,1192.6382615382327,QQQ,index,True
2025-05-20,2025-05-20 00:00:00,1192.818842625996,10215141.0,1192.7118703006968,1204.6174477956579,1182.6799013864288,QQQ,index,True
2025-05-21,2025-05-21 00:00:00,1192.6585156803371,13111882.0,1202.0969843367511,1204.20749547472,1191.3464630868534,QQQ,index,True
2025-05-22,2025-05-22 00:00:00,1201.9621645750926,6464466.0,1210.688719081835,1215.046276709004,1197.650183178404,QQQ,index,True
2025-05-23,2025-05-23 00:00:00,1210.940586719727,43117135.0,1212.4645373162705,1215.95878147888,1208.882512105882,QQQ,index,True
2025-05-26,2025-05-26 00:00:00,1212.272273033017,22438894.0,1218.3506554319351,1222.300178376931,1210.6908772883505,QQQ,index,True
2025-05-27,2025-05-27 00:00:00,1218.7337051984591,12858691.0,1228.7773327807329,1235.8378548565966,1209.7616679319542,QQQ,index,True
2025-05-28,2025-05-28 00:00:00,1228.9894268023668,42714706.0,1234.1247742310509,1234.9997527618166,1223.8141991717573,QQQ,index,True
2025-05-29,2025-05-29 00:00:00,1233.6128884597103,6280648.0,1234.2816216079393,1245.3817969809922,1225.3094601853063,QQQ,index,True
2025-05-30,2025-05-30 00:00:00,1234.1013392809336,38374121.0,1241.3232952805895,1251.3844160233782,1224.8957365385118,QQQ,index,True
2025-06-02,2025-06-02 00:00:00,1241.615734252925,23592594.0,1250.9065806546655,1253.2689170875917,1233.8460641867787,QQQ,index,True
2025-06-03,2025-06-03 00:00:00,1250.6082434134337,47745444.0,1262.3262495477466,1266.3616747720134,1249.6336306633361,QQQ,index,True
2025-06-04,2025-06-04 00:00:00,1261.820844147322,29968219.0,1253.5956319283446,1265.5702278484896,1249.9897191567902,QQQ,index,True
2025-06-05,2025-06-05 00:00:00,1254.032737868636,28367630.0,1251.7992107150133,1254.6626914631595,1244.9796064035027,QQQ,index,True
2025-06-06,2025-06-06 00:00:00,1251.8356461571423,29693958.0,1244.1424635249987,1261.930535622823,1236.4399263256705,QQQ,index,True
2025-06-09,2025-06-09 00:00:00,1244.205886768564,26260399.0,1231.9794443682497,1256.5455998378573,1228.0221859803053,QQQ,index,True
2025-06-10,2025-06-10 00:00:00,1232.0391105667065,16777456.0,1234.4585236743048,1246.3586389357272,1222.6005550687673,QQQ,index,True
2025-06-11,2025-06-11 00:00:00,1234.4688855658883,43598750.0,1229.9449680306993,1246.3853086700265,1229.5460388862903,QQQ,index,True
2025-06-12,2025-06-12 00:00:00,1230.3426792269784,37689787.0,1228.774528630057,1230.4234735920973,1227.7734237249201,QQQ,index,True
2025-06-13,2025-06-13 00:00:00,1228.766159126509,29258048.0,1233.973601242951,1243.9077846375812,1226.202813241442,QQQ,index,True
2025-06-16,2025-06-16 00:00:00,1234.2215076327925,25240446.0,1228.9194742668215,1240.6215239843177,1217.4227009807835,QQQ,index,True
2025-06-17,2025-06-17 00:00:00,1228.9223423964006,16310885.0,1221.7689237465593,1231.925307480014,1217.5579395167458,QQQ,index,True
2025-06-18,2025-06-18 00:00:00,1221.8319167066932,41930428.0,1227.8366218941235,1239.4219496437502,1220.642120613801,QQQ,index,True
2025-06-19,2025-06-19 00:00:00,1227.8333748727046,13420562.0,1239.6255605386639,1245.1599432577486,1217.0173730829729,QQQ,index,True
2025-06-20,2025-06-20 00:00:00,1239.229856726401,27337813.0,1242.6456525175163,1250.991254911294,1239.1322938898038,QQQ,index,True
2025-06-23,2025-06-23 00:00:00,1242.155291184081,36063876.0,1247.5318537470173,1258.1583249774183,1238.196455793959,QQQ,index,True
2025-06-24,2025-06-24 00:00:00,1247.8185587494822,37574647.0,1254.2079628205236,1259.8725915837867,1241.853682834463,QQQ,index,True
2025-06-25,2025-06-25 00:00:00,1254.2631780099373,48613967.0,1243.8383268644689,1263.6286544816367,1234.2842563252862,QQQ,index,True
2025-06-26,2025-06-26 00:00:00,1244.1586492063639,37815495.0,1252.9326772192978,1254.5095142843634,1237.360762492791,QQQ,index,True
2025-06-27,2025-06-27 00:00:00,1252.7783533241284,23483975.0,1262.21639716664,1272.584777185112,1243.2846019735914,QQQ,index,True
2025-06-30,2025-06-30 00:00:00,1262.5614436824558,28389825.0,1256.7583373079747,1263.7910756488104,1253.9534241076285,QQQ,index,True
2025-07-01,2025-07-01 00:00:00,1257.0312412403837,16282026.0,1252.7936984952128,1268.5409306475754,1243.7324146984315,QQQ,index,True
2025-07-02,2025-07-02 00:00:00,1252.7626098974436,27521223.0,1247.7829936088247,1254.385461466044,1237.7018469886946,QQQ,index,True
2025-07-03,2025-07-03 00:00:00,1248.1671240417913,49835405.0,1244.3118566670933,1257.7502906733102,1234.7981302018375,QQQ,index,True
2025-07-04,2025-07-04 00:00:00,1243.7820996332114,13214039.0,1252.6486116698873,1255.325603514607,1243.6581328731436,QQQ,index,True
2025-07-07,2025-07-07 00:00:00,1252.7414037178803,38759124.0,1244.7171559374287,1256.540362364008,1237.0291336016878,QQQ,index,True
2025-07-08,2025-07-08 00:00:00,1244.3126479296548,22615131.0,1243.426054827652,1244.5262523210472,1238.3830434004506,QQQ,index,True
2025-07-09,2025-07-09 00:00:00,1243.007921138141,49321140.0,1253.3427989260867,1264.5261010532174,1240.0175511601778,QQQ,index,True
2025-07-10,2025-07-10 00:00:00,1252.832271467856,9027902.0,1259.1015478069396,1270.5338229940483,1247.0626534850676,QQQ,index,True
2025-07-11,2025-07-11 00:00:00,1259.4530630228264,10207104.0,1248.7271400923012,1260.6349099256065,1237.7533807282543,QQQ,index,True
2025-07-14,2025-07-14 00:00:00,1249.1354795519394,30765396.0,1240.2656170986447,1254.3499190817047,1227.994415944596,QQQ,index,True
2025-07-15,2025-07-15 00:00:00,1240.4825054972246,13654006.0,1243.0,1244.3844307153345,1235.7304575227422,QQQ,index,True
2024-11-06,2024-11-06 00:00:00,1312.166023260271,26682176.0,1305.650633287716,1324.318235385128,1305.0494705275173,DIA,index,True
2024-11-07,2024-11-07 00:00:00,1305.5045183010516,38244102.0,1310.105306767373,1317.4294695426263,1293.1779691768738,DIA,index,True
2024-11-08,2024-11-08 00:00:00,1310.1579056642659,23516412.0,1315.0514457366567,1315.678827537228,1297.8690857610545,DIA,index,True
2024-11-11,2024-11-11 00:00:00,1314.9348869908233,47711384.0,1302.3946570104727,1322.995726625909,1295.4661081507602,DIA,index,True
2024-11-12,2024-11-12 00:00:00,1302.0852819878874,10530898.0,1291.1127902370924,1312.8334105090637,1282.849716319674,DIA,index,True
2024-11-13,2024-11-13 00:00:00,1290.64259153951,29363054.0,1282.9184759595025,1302.5375803735135,1281.6815840664235,DIA,index,True
2024-11-14,2024-11-14 00:00:00,1282.8945787539196,21687146.0,1275.341649952832,1290.2411265504636,1271.1478366734775,DIA,index,True
2024-11-15,2024-11-15 00:00:00,1275.0940804370555,33436625.0,1280.0236523288906,1288.0867518037387,1267.312311297735,DIA,index,True
2024-11-18,2024-11-18 00:00:00,1280.2431489414528,35818217.0,1293.0105839729176,1294.5221100933545,1273.898593855219,DIA,index,True
2024-11-19,2024-11-19 00:00:00,1292.9709321036999,7800960.0,1301.6811574471787,1304.687623931779,1289.8263592373262,DIA,index,True
2024-11-20,2024-11-20 00:00:00,1301.5188346035125,24215061.0,1303.3869896355131,1314.152338502125,1300.662663464727,DIA,index,True
2024-11-21,2024-11-21 00:00:00,1303.2918216573626,36693668.0,1300.5521856454423,1316.2274975445198,1287.8828331657455,DIA,index,True
2024-11-22,2024-11-22 00:00:00,1300.1517709864875,33001685.0,1288.697556014689,1311.3758972131236,1282.1378404514626,DIA,index,True
2024-11-25,2024-11-25 00:00:00,1288.8900105267799,19944787.0,1281.4881333303713,1299.258393139936,1272.2708871994,DIA,index,True
2024-11-26,2024-11-26 00:00:00,1281.4045518098928,36918577.0,1271.3762649296327,1289.6778966085212,1263.1713075787036,DIA,index,True
2024-11-27,2024-11-27 00:00:00,1271.7632180940798,47643562.0,1265.7478355700314,1272.396717340196,1261.1361624173155,DIA,index,True
2024-11-28,2024-11-28 00:00:00,1265.8962801429955,46587523.0,1274.3853408259918,1286.8914397082617,1263.6954691796382,DIA,index,True
2024-11-29,2024-11-29 00:00:00,1273.9316841242546,27571915.0,1262.2885194694893,1282.9873900500543,1261.973374757197,DIA,index,True
2024-12-02,2024-12-02 00:00:00,1262.0602318088968,19414448.0,1251.2156447051411,1263.03952282591,1241.8425466154977,DIA,index,True
2024-12-03,2024-12-03 00:00:00,1251.0431068234009,26705263.0,1248.1139539715157,1251.2334548056663,1238.383698448561,DIA,index,True
2024-12-04,2024-12-04 00:00:00,1247.760688277723,12845045.0,1258.5368126970932,1266.6545923199053,1245.6579290802374,DIA,index,True
2024-12-05,2024-12-05 00:00:00,1258.289384813369,18556354.0,1251.5384481515532,1270.5652138008124,1241.7243236798986,DIA,index,True
2024-12-06,2024-12-06 00:00:00,1251.901471476277,48002300.0,1249.6089104644475,1262.8885004496358,1243.4549790260558,DIA,index,True
2024-12-09,2024-12-09 00:00:00,1249.6344921826603,27057235.0,1255.0026843726819,1260.0037100545403,1246.1994859436904,DIA,index,True
2024-12-10,2024-12-10 00:00:00,1255.0936513926752,39994657.0,1253.2262423844975,1256.8736025446626,1242.641998058492,DIA,index,True
2024-12-11,2024-12-11 00:00:00,1252.8852824498485,36638894.0,1245.416747159521,1264.1167562441274,1241.7247544847453,DIA,index,True
2024-12-12,2024-12-12 00:00:00,1245.7888724199172,27037927.0,1240.1095166893988,1256.7815697630326,1235.400404612312,DIA,index,True
2024-12-13,2024-12-13 00:00:00,1240.5517930381507,13857143.0,1230.0312323133326,1243.6364642426436,1229.2184878600146,DIA,index,True
2024-12-16,2024-12-16 00:00:00,1230.314096240498,26054603.0,1225.8116613797563,1231.1039700534814,1225.556428599108,DIA,index,True
2024-12-17,2024-12-17 00:00:00,1226.0272076340173,37588718.0,1214.8845707831545,1231.0353472802308,1207.1799133520049,DIA,index,True
2024-12-18,2024-12-18 00:00:00,1214.4539628800499,37872214.0,1220.6540917047962,1223.0463326406232,1204.5050530937892,DIA,index,True
2024-12-19,2024-12-19 00:00:00,1220.3113754876747,35591493.0,1229.0089747444003,1235.0290315727386,1214.6330021936315,DIA,index,True
2024-12-20,2024-12-20 00:00:00,1228.7777332973458,17139297.0,1239.7125725847793,1240.6659283254007,1224.7344652831953,DIA,index,True
2024-12-23,2024-12-23 00:00:00,1239.5216693308696,45298096.0,1246.532361260116,1254.1429583389202,1228.7789988880813,DIA,index,True
2024-12-24,2024-12-24 00:00:00,1246.4582461630273,49323652.0,1247.423229298446,1248.0812652814495,1240.2607100604762,DIA,index,True
2024-12-25,2024-12-25 00:00:00,1247.0905047249385,13417962.0,1258.6698036679277,1262.1148597740157,1244.2657570922156,DIA,index,True
2024-12-26,2024-12-26 00:00:00,1258.710078131729,34613099.0,1264.5561251163706,1264.8983889000463,1249.0230610262342,DIA,index,True
2024-12-27,2024-12-27 00:00:00,1264.286443085746,38161150.0,1271.0122694333904,1272.6653746845661,1256.6982067590382,DIA,index,True
2024-12-30,2024-12-30 00:00:00,1270.7027992864785,42661074.0,1270.9756958412497,1275.0594303124412,1258.791129301239,DIA,index,True
2024-12-31,2024-12-31 00:00:00,1271.1350215879759,25179077.0,1267.3803823572453,1272.8936959223984,1264.1703383504914,DIA,index,True
2025-01-01,2025-01-01 00:00:00,1267.5477291812776,25683234.0,1261.833544369639,1279.378754485153,1255.2396799713736,DIA,index,True
2025-01-02,2025-01-02 00:00:00,1261.4498982051914,6126116.0,1250.2981585588645,1263.2701503017795,1246.4198422679096,DIA,index,True
2025-01-03,2025-01-03 00:00:00,1249.956113335903,49270445.0,1244.3883908146638,1261.5732624574878,1236.5615076639456,DIA,index,True
2025-01-06,2025-01-06 00:00:00,1244.2711782779165,43140543.0,1256.8291087758078,1263.1180106729125,1239.98159396706,DIA,index,True
2025-01-07,2025-01-07 00:00:00,1256.8657628599124,46919256.0,1256.0821898028105,1265.4284854707644,1244.3336630450108,DIA,index,True
2025-01-08,2025-01-08 00:00:00,1256.307435189866,30649395.0,1267.047587147631,1271.9723901565787,1248.077032817261,DIA,index,True
2025-01-09,2025-01-09 00:00:00,1266.6559611655607,36505429.0,1279.023429530975,1288.9715096386317,1260.7005649612208,DIA,index,True
2025-01-10,2025-01-10 00:00:00,1278.930151280839,8705615.0,1277.1612791481177,1288.4072072807967,1275.5208098476025,DIA,index,True
2025-01-13,2025-01-13 00:00:00,1276.614027563883,19877635.0,1279.6049018725669,1279.691848869152,1273.027672514978,DIA,index,True
2025-01-14,2025-01-14 00:00:00,1279.3081758042226,49575219.0,1277.1821307462264,1279.615469646206,1272.7659039099306,DIA,index,True
2025-01-15,2025-01-15 00:00:00,1276.776399826117,30103371.0,1289.0730113877798,1295.4880439558199,1264.1563953291773,DIA,index,True
2025-01-16,2025-01-16 00:00:00,1288.6334748630911,19915784.0,1285.613067642218,1289.6994649340777,1278.7557171026167,DIA,index,True
2025-01-17,2025-01-17 00:00:00,1285.5893438839112,39619093.0,1296.853013346381,1307.2396222138398,1285.3451334144363,DIA,index,True
2025-01-20,2025-01-20 00:00:00,1296.786477368446,24400471.0,1305.553038673506,1312.2127125565053,1284.4254891686453,DIA,index,True
2025-01-21,2025-01-21 00:00:00,1305.4686249241852,22393387.0,1295.010929393777,1310.3181080582024,1285.9379440631385,DIA,index,True
2025-01-22,2025-01-22 00:00:00,1294.4561921318805,24295418.0,1299.6138401416104,1300.4513112843338,1282.389480742066,DIA,index,True
2025-01-23,2025-01-23 00:00:00,1299.4162719575395,20385740.0,1298.421072635527,1306.14038239662,1295.5077941762333,DIA,index,True
2025-01-24,2025-01-24 00:00:00,1298.5560832240021,32542189.0,1300.0935498824642,1306.7278648137956,1293.6517644593687,DIA,index,True
2025-01-27,2025-01-27 00:00:00,1300.5546957019856,41717491.0,1306.507711434262,1315.448740498537,1298.8248290672243,DIA,index,True
2025-01-28,2025-01-28 00:00:00,1306.0000939336514,20425650.0,1314.5596025892394,1319.9514922021078,1293.7548767482892,DIA,index,True
2025-01-29,2025-01-29 00:00:00,1314.3728739425767,34036734.0,1317.5533867912168,1321.5081364737835,1305.0370722598493,DIA,index,True
2025-01-30,2025-01-30 00:00:00,1317.9750177700207,49215850.0,1314.0215213136746,1327.6907496445426,1304.9135284638035,DIA,index,True
2025-01-31,2025-01-31 00:00:00,1314.4637870844717,37369530.0,1304.4537858227995,1324.8195913423906,1292.8020828608708,DIA,index,True
2025-02-03,2025-02-03 00:00:00,1304.9206111057522,26893103.0,1312.6403917712912,1315.6481313612423,1298.9584422972273,DIA,index,True
2025-02-04,2025-02-04 00:00:00,1312.3237341903086,21097294.0,1317.062904656578,1329.6942610540739,1300.650466664552,DIA,index,True
2025-02-05,2025-02-05 00:00:00,1316.5889797827886,37309588.0,1318.3506483351653,1327.1313652087363,1310.051147718324,DIA,index,True
2025-02-06,2025-02-06 00:00:00,1318.6834521814958,7373561.0,1318.7232755067187,1324.000359384647,1315.5262392462944,DIA,index,True
2025-02-07,2025-02-07 00:00:00,1319.1802962701656,26794702.0,1316.783306412557,1327.9942869446222,1312.8560543622282,DIA,index,True
2025-02-10,2025-02-10 00:00:00,1316.5642019028312,19964078.0,1309.3766435252724,1321.0040937686904,1300.703369288729,DIA,index,True
2025-02-11,2025-02-11 00:00:00,1308.951886615917,23467198.0,1309.2203394643147,1318.0631120770615,1300.8665124012316,DIA,index,True
2025-02-12,2025-02-12 00:00:00,1309.2931132333351,32450300.0,1312.5318103250918,1316.795684650408,1306.2273725667644,DIA,index,True
2025-02-13,2025-02-13 00:00:00,1312.6967993824496,11650321.0,1321.07991884303,1332.08295788423,1304.5687556377022,DIA,index,True
2025-02-14,2025-02-14 00:00:00,1321.1075417207708,13119970.0,1311.0017752703545,1334.1750889482703,1304.2453043371816,DIA,index,True
2025-02-17,2025-02-17 00:00:00,1311.2686217381242,26610722.0,1309.436748810138,1314.296191132876,1306.802604848496,DIA,index,True
2025-02-18,2025-02-18 00:00:00,1309.8820751342184,7523527.0,1321.3460753071847,1326.6233533433967,1296.8441940939756,DIA,index,True
2025-02-19,2025-02-19 00:00:00,1321.3276784725372,12152123.0,1317.0123712092723,1329.9486006447844,1309.664883528092,DIA,index,True
2025-02-20,2025-02-20 00:00:00,1317.3297675699496,26755936.0,1308.7569592014434,1328.8695280956538,1302.2317061289125,DIA,index,True
2025-02-21,2025-02-21 00:00:00,1308.655185097397,43634860.0,1321.082661113254,1329.0597448934698,1307.6586431856347,DIA,index,True
2025-02-24,2025-02-24 00:00:00,1321.5448963392193,25989905.0,1316.492631056604,1328.9526241554368,1312.2231399857346,DIA,index,True
2025-02-25,2025-02-25 00:00:00,1316.7232826661523,26407807.0,1307.115348105563,1328.9859227886125,1303.2567073071305,DIA,index,True
2025-02-26,2025-02-26 00:00:00,1306.6277123207367,29575573.0,1310.4927783630144,1318.5544661160834,1305.6146653100498,DIA,index,True
2025-02-27,2025-02-27 00:00:00,1310.5313364959097,7073925.0,1300.9275838820693,1322.2005639440908,1293.9560074866724,DIA,index,True
2025-02-28,2025-02-28 00:00:00,1300.9911441016227,14576213.0,1290.0568639409073,1313.463301597905,1282.5330206107942,DIA,index,True
2025-03-03,2025-03-03 00:00:00,1290.3688393941068,49523287.0,1298.493189242125,1301.3022316132217,1286.8465902564596,DIA,index,True
2025-03-04,2025-03-04 00:00:00,1298.2522668651418,16543355.0,1285.7055203402815,1306.6865268468343,1276.9109847534617,DIA,index,True
2025-03-05,2025-03-05 00:00:00,1285.228475130097,19069043.0,1278.679474278028,1286.0632808781675,1275.6043464815643,DIA,index,True
2025-03-06,2025-03-06 00:00:00,1278.1843981523407,41188182.0,1280.7000360851507,1292.399136581856,1272.6674137809644,DIA,index,True
2025-03-07,2025-03-07 00:00:00,1280.574638983118,16599879.0,1290.65030309725,1301.0773581370793,1271.8618654267564,DIA,index,True
2025-03-10,2025-03-10 00:00:00,1290.7918592869426,41202329.0,1281.4606351182122,1298.498724811112,1270.844493866343,DIA,index,True
2025-03-11,2025-03-11 00:00:00,1281.8281249637014,6786256.0,1275.4795869413783,1294.5276751027745,1269.3047978076997,DIA,index,True
2025-03-12,2025-03-12 00:00:00,1275.2658572471846,41535335.0,1269.6485439898931,1276.5357362563448,1265.3551091213603,DIA,index,True
2025-03-13,2025-03-13 00:00:00,1270.1012682195599,20939227.0,1260.3707352689014,1278.6692245803065,1252.397902459059,DIA,index,True
2025-03-14,2025-03-14 00:00:00,1260.6496772390665,5289192.0,1258.4467502488494,1262.1692603290423,1253.8955476522694,DIA,index,True
2025-03-17,2025-03-17 00:00:00,1258.4295534060475,42294426.0,1247.8402685982671,1261.3842686448656,1241.0397345992405,DIA,index,True
2025-03-18,2025-03-18 00:00:00,1247.4092592579307,38886583.0,1259.1264079121045,1268.2893951323808,1244.2577450729068,DIA,index,True
2025-03-19,2025-03-19 00:00:00,1258.8233464191437,28334559.0,1247.1397153275088,1268.6245344609968,1238.3286206889925,DIA,index,True
2025-03-20,2025-03-20 00:00:00,1246.9690693662828,14470659.0,1242.8100745682937,1253.4869802668718,1239.1405767772126,DIA,index,True
2025-03-21,2025-03-21 00:00:00,1242.468005970557,9108384.0,1242.140338595851,1245.669446759038,1236.2849274355694,DIA,index,True
2025-03-24,2025-03-24 00:00:00,1242.2131218708928,35670302.0,1244.9877755153514,1254.1454485633035,1236.1552697730979,DIA,index,True
2025-03-25,2025-03-25 00:00:00,1245.0315367131057,24345679.0,1243.9931983012807,1250.1502048224734,1239.4529065322681,DIA,index,True
2025-03-26,2025-03-26 00:00:00,1244.0598858479668,14171934.0,1236.7936636829816,1256.0342955991,1230.8294199364798,DIA,index,True
2025-03-27,2025-03-27 00:00:00,1236.8191418554768,38444592.0,1242.3813179358706,1248.110902526391,1229.6555543174695,DIA,index,True
2025-03-28,2025-03-28 00:00:00,1242.436419325959,42835027.0,1236.3018925882307,1252.3734258150794,1231.787686522818,DIA,index,True
2025-03-31,2025-03-31 00:00:00,1236.0249169367162,8554177.0,1234.004678361113,1238.2267375283814,1227.5610397645141,DIA,index,True
2025-04-01,2025-04-01 00:00:00,1233.959354207311,34560543.0,1240.0028924674602,1251.0676819007824,1228.7320774471161,DIA,index,True
2025-04-02,2025-04-02 00:00:00,1240.0923309880618,20744190.0,1252.2809190954654,1253.0547328336613,1229.7667232744293,DIA,index,True
2025-04-03,2025-04-03 00:00:00,1252.1649101276887,36947231.0,1243.045447420647,1259.3187605343096,1241.955299916485,DIA,index,True
2025-04-04,2025-04-04 00:00:00,1243.0696321263297,33933509.0,1248.863472662847,1251.8269824262588,1240.1328649473971,DIA,index,True
2025-04-07,2025-04-07 00:00:00,1249.001846952215,48663560.0,1247.4449451352568,1259.8596483594313,1240.8880815341695,DIA,index,True
2025-04-08,2025-04-08 00:00:00,1247.5984231002856,12507917.0,1252.2194635096369,1253.3568165396762,1239.5192055585549,DIA,index,True
2025-04-09,2025-04-09 00:00:00,1251.8160018179476,22635132.0,1262.9464015787396,1272.8357641965395,1245.5162404577623,DIA,index,True
2025-04-10,2025-04-10 00:00:00,1262.6907708122285,42115606.0,1250.750074676914,1265.0097825571552,1250.3186097168043,DIA,index,True
2025-04-11,2025-04-11 00:00:00,1250.3584280148336,33763235.0,1252.8104574517974,1260.0623762920864,1242.8563447156412,DIA,index,True
2025-04-14,2025-04-14 00:00:00,1252.5687912788542,30548677.0,1241.9759196664195,1263.1465824070965,1236.6404959616254,DIA,index,True
2025-04-15,2025-04-15 00:00:00,1241.7282948490847,8138284.0,1239.5280100636974,1244.6748022838387,1229.4018082051766,DIA,index,True
2025-04-16,2025-04-16 00:00:00,1239.165230577772,33317148.0,1245.384105567174,1257.518259950973,1235.9678531789311,DIA,index,True
2025-04-17,2025-04-17 00:00:00,1245.2717573353286,44204764.0,1254.225065433344,1257.1624159811545,1237.4901462080923,DIA,index,True
2025-04-18,2025-04-18 00:00:00,1254.6568945404142,8035320.0,1248.9948100492168,1261.017736335459,1244.2091646492604,DIA,index,True
2025-04-21,2025-04-21 00:00:00,1248.512202706741,22828958.0,1253.5195169514552,1262.9382969239662,1246.8123001120855,DIA,index,True
2025-04-22,2025-04-22 00:00:00,1253.5961349036088,10443896.0,1254.2867400092202,1263.512860525508,1241.119566269196,DIA,index,True
2025-04-23,2025-04-23 00:00:00,1253.945361536371,38446591.0,1245.7792952184745,1263.5883267880881,1235.7640965806995,DIA,index,True
2025-04-24,2025-04-24 00:00:00,1246.1836306954458,30313756.0,1234.5683755286059,1256.4836684321767,1231.2044033780733,DIA,index,True
2025-04-25,2025-04-25 00:00:00,1234.1662724400019,34616981.0,1228.653205485464,1237.2942821503555,1222.49120362089,DIA,index,True
2025-04-28,2025-04-28 00:00:00,1228.4115466136416,8805511.0,1224.3428591270872,1229.6369369507038,1217.08440602293,DIA,index,True
2025-04-29,2025-04-29 00:00:00,1224.7497565774163,17310486.0,1213.0448875306963,1226.7317131736427,1205.0630454544003,DIA,index,True
2025-04-30,2025-04-30 00:00:00,1213.2969582388662,28147581.0,1207.3403770256386,1214.621462591856,1204.411351547022,DIA,index,True
2025-05-01,2025-05-01 00:00:00,1207.4442154895808,14707161.0,1205.827320206733,1214.5429627706087,1203.966506469145,DIA,index,True
2025-05-02,2025-05-02 00:00:00,1205.764738208868,27032517.0,1206.247587610686,1211.2530033086211,1194.6047778730945,DIA,index,True
2025-05-05,2025-05-05 00:00:00,1206.6587643865287,28639346.0,1197.7996743051933,1209.5560659128143,1188.381883847783,DIA,index,True
2025-05-06,2025-05-06 00:00:00,1197.8379761314873,15879595.0,1196.140838335018,1204.6215865689742,1184.315083379043,DIA,index,True
2025-05-07,2025-05-07 00:00:00,1196.3875258351768,41373475.0,1198.079007217139,1200.1813719284485,1191.4344193743545,DIA,index,True
2025-05-08,2025-05-08 00:00:00,1198.14012925518,34613729.0,1197.1585741767358,1201.549814698707,1189.895589830271,DIA,index,True
2025-05-09,2025-05-09 00:00:00,1196.6851672882044,37726964.0,1191.653523983377,1200.5361801989804,1189.3926018179777,DIA,index,True
2025-05-12,2025-05-12 00:00:00,1191.8755184609647,31785023.0,1188.7291785898592,1191.9391320886243,1177.2099476460226,DIA,index,True
2025-05-13,2025-05-13 00:00:00,1188.8932602703746,31800895.0,1197.2767802930057,1202.7202739433098,1184.9745592871586,DIA,index,True
2025-05-14,2025-05-14 00:00:00,1197.2466391962976,27420431.0,1200.888874089566,1202.6802662312996,1191.0601999582907,DIA,index,True
2025-05-15,2025-05-15 00:00:00,1201.1735369453982,24329107.0,1212.3195643233694,1218.5671254318115,1193.0032955364093,DIA,index,True
2025-05-16,2025-05-16 00:00:00,1212.6810297555419,28591875.0,1224.4278786501059,1230.658567902932,1209.3290767901506,DIA,index,True
2025-05-19,2025-05-19 00:00:00,1224.7467760198915,48045749.0,1212.8769147084406,1236.41117841647,1203.2835055268629,DIA,index,True
2025-05-20,2025-05-20 00:00:00,1212.367612620714,14468314.0,1201.3929207203817,1212.8532420306922,1197.186247083841,DIA,index,True
2025-05-21,2025-05-21 00:00:00,1201.5225750282573,21143528.0,1198.012869053944,1209.163562299266,1190.765616209349,DIA,index,True
2025-05-22,2025-05-22 00:00:00,1197.5237804342985,20895774.0,1201.5477893691768,1202.0983510919857,1191.144497849986,DIA,index,True
2025-05-23,2025-05-23 00:00:00,1201.605352036859,28319049.0,1205.3913007138297,1212.2481902509255,1189.9635024534366,DIA,index,True
2025-05-26,2025-05-26 00:00:00,1205.0542553201492,32580376.0,1207.0535083581958,1215.9718136228382,1204.3012050677203,DIA,index,True
2025-05-27,2025-05-27 00:00:00,1207.4104008267266,34951557.0,1203.1579915290233,1212.4884664542792,1193.2192326782508,DIA,index,True
2025-05-28,2025-05-28 00:00:00,1202.9272885278228,9988415.0,1191.9957825968645,1213.5313233895547,1188.8914228046362,DIA,index,True
2025-05-29,2025-05-29 00:00:00,1192.0404446804964,46715103.0,1180.3704300351194,1198.2877370237877,1169.0759388528995,DIA,index,True
2025-05-30,2025-05-30 00:00:00,1180.5840774283863,7552389.0,1175.3150142767274,1191.450623026909,1174.0931791931887,DIA,index,True
2025-06-02,2025-06-02 00:00:00,1175.450390169567,31916415.0,1175.5012897331371,1177.760880696841,1169.5141864956572,DIA,index,True
2025-06-03,2025-06-03 00:00:00,1175.4650680327743,26324254.0,1164.487470376159,1180.3165442203858,1160.5547295529022,DIA,index,True
2025-06-04,2025-06-04 00:00:00,1164.5572458434615,26821470.0,1172.201027158113,1172.4022537263743,1161.1166817576452,DIA,index,True
2025-06-05,2025-06-05 00:00:00,1171.8223441609714,37444244.0,1179.9287860413253,1180.6745290166577,1167.3087473315009,DIA,index,True
2025-06-06,2025-06-06 00:00:00,1179.8418885828066,46286589.0,1191.0878946016803,1202.8802080745525,1174.2112504520446,DIA,index,True
2025-06-09,2025-06-09 00:00:00,1191.2508461886732,9585851.0,1193.5841732624383,1194.0832657867024,1186.4201748705148,DIA,index,True
2025-06-10,2025-06-10 00:00:00,1193.8419375374087,11802125.0,1195.9840218372642,1202.307165045016,1193.2748616177446,DIA,index,True
2025-06-11,2025-06-11 00:00:00,1195.559575424478,20107843.0,1186.9371955889042,1201.3723459831465,1176.3756163337084,DIA,index,True
2025-06-12,2025-06-12 00:00:00,1187.2515589335887,27554325.0,1196.032283933406,1206.9852216225108,1185.533136635351,DIA,index,True
2025-06-13,2025-06-13 00:00:00,1196.1626342920335,23822563.0,1206.8657736290143,1207.101131798509,1194.531646686236,DIA,index,True
2025-06-16,2025-06-16 00:00:00,1207.2998788078282,10198324.0,1212.4312569946321,1214.162690405362,1197.6429839611583,DIA,index,True
2025-06-17,2025-06-17 00:00:00,1211.9053074270269,38260435.0,1210.9321491126484,1221.143411066944,1200.635337944063,DIA,index,True
2025-06-18,2025-06-18 00:00:00,1210.6944070442546,46875437.0,1216.8007623562648,1217.8713659703699,1205.9917448305832,DIA,index,True
2025-06-19,2025-06-19 00:00:00,1216.3462854016934,28575632.0,1208.6137326933724,1227.4706890918942,1202.99312347724,DIA,index,True
2025-06-20,2025-06-20 00:00:00,1208.8949960728721,40944632.0,1197.16311147923,1214.190097886323,1190.008606709654,DIA,index,True
2025-06-23,2025-06-23 00:00:00,1196.682697210815,47092805.0,1186.6507478807453,1198.9399766376062,1183.1757136584097,DIA,index,True
2025-06-24,2025-06-24 00:00:00,1186.5155882361432,46208132.0,1180.4056280017935,1189.5847375331145,1174.4108545855497,DIA,index,True
2025-06-25,2025-06-25 00:00:00,1180.750068371706,28711168.0,1185.6306987906457,1186.3314032073856,1180.3706796703427,DIA,index,True
2025-06-26,2025-06-26 00:00:00,1185.5318498951349,31393446.0,1188.5780943053694,1196.729630090982,1176.7033575951132,DIA,index,True
2025-06-27,2025-06-27 00:00:00,1188.6906395413844,47950952.0,1198.1778940453837,1204.5588611126693,1184.2184215319326,DIA,index,True
2025-06-30,2025-06-30 00:00:00,1198.1557432515983,23459757.0,1198.7120420213496,1203.1769489275036,1188.028943970834,DIA,index,True
2025-07-01,2025-07-01 00:00:00,1199.0534548220592,36647782.0,1188.364905243535,1202.574061892735,1177.9734598841098,DIA,index,True
2025-07-02,2025-07-02 00:00:00,1187.8753862628623,45605300.0,1192.5671704155075,1204.349574647372,1182.2877926022613,DIA,index,True
2025-07-03,2025-07-03 00:00:00,1192.3922285177362,19843997.0,1187.2824557282229,1203.2472702303592,1180.9689604888088,DIA,index,True
2025-07-04,2025-07-04 00:00:00,1186.9484383169886,39666823.0,1183.3026414123788,1188.1395457924477,1171.8472193862042,DIA,index,True
2025-07-07,2025-07-07 00:00:00,1183.1245266381648,25644767.0,1184.0757092473898,1194.904499287147,1175.5356913459868,DIA,index,True
2025-07-08,2025-07-08 00:00:00,1184.4936843047672,44622597.0,1193.7368732133234,1201.4623930168952,1184.4759301150714,DIA,index,True
2025-07-09,2025-07-09 00:00:00,1193.9680629290924,10810009.0,1190.782010545175,1194.6863393569088,1188.1115780268785,DIA,index,True
2025-07-10,2025-07-10 00:00:00,1190.6820144429214,41974719.0,1201.0384057309764,1203.208769252034,1186.6494097514556,DIA,index,True
2025-07-11,2025-07-11 00:00:00,1201.2888017539124,14143724.0,1207.463670626852,1212.0333508556887,1201.0929923511826,DIA,index,True
2025-07-14,2025-07-14 00:00:00,1207.5015401175162,29618242.0,1216.8046471307616,1227.2174670303175,1206.4886022823705,DIA,index,True
2025-07-15,2025-07-15 00:00:00,1217.0902509602133,49882878.0,1206.0,1229.158941243997,1202.5816387249538,DIA,index,True
